{"type":"FeatureCollection","name":"Localidades_Urbanas","crs":{"type":"name","properties":{"name":"urn:ogc:def:crs:OGC:1.3:CRS84"}},"features":[{"type":"Feature","properties":{"POLY_ID":7.0,"CVEGEO":"270020022","NOM_ENT":"Tabasco","NOM_MUN":"Cárdenas","NOMGEO":"Coronel Andrés Sánchez Magallanes","CABECERA":"No","POB1":5518.0,"POB2":288.0,"POB2_R":5.2,"POB4":291.0,"POB4_R":5.3,"POB5":611.0,"POB5_R":11.1,"POB6":770.0,"POB6_R":14.0,"POB7":339.0,"POB7_R":6.1,"POB8":1529.0,"POB8_R":27.7,"POB9":298.0,"POB9_R":5.4,"POB10":860.0,"POB10_R":15.6,"POB11":1188.0,"POB11_R":21.5,"POB12":3469.0,"POB12_R":62.9,"POB13":562.0,"POB13_R":10.2,"POB14":1377.0,"POB14_R":25.0,"POB15":667.0,"POB15_R":12.1,"POB17":5230.0,"POB17_R":94.8,"POB18":5035.0,"POB18_R":91.2,"POB19":4328.0,"POB19_R":78.4,"POB20":3989.0,"POB20_R":72.3,"POB21":3691.0,"POB21_R":66.9,"POB22":3129.0,"POB22_R":56.7,"POB23":757.0,"POB23_R":13.7,"POB24":520.0,"POB24_R":9.4,"POB25":343.0,"POB25_R":6.2,"POB42":2847.0,"POB42_R":51.6,"POB43":145.0,"POB43_R":2.6,"POB45":146.0,"POB45_R":2.6,"POB46":316.0,"POB46_R":5.7,"POB47":365.0,"POB47_R":6.6,"POB48":145.0,"POB48_R":2.6,"POB49":752.0,"POB49_R":13.6,"POB50":150.0,"POB50_R":2.7,"POB51":447.0,"POB51_R":8.1,"POB52":614.0,"POB52_R":11.1,"POB53":1353.0,"POB53_R":24.5,"POB54":1837.0,"POB54_R":33.3,"POB55":297.0,"POB55_R":5.4,"POB56":739.0,"POB56_R":13.4,"POB57":363.0,"POB57_R":6.6,"POB59":2702.0,"POB59_R":49.0,"POB60":2609.0,"POB60_R":47.3,"POB61":2240.0,"POB61_R":40.6,"POB62":2095.0,"POB62_R":38.0,"POB63":1945.0,"POB63_R":35.2,"POB64":1648.0,"POB64_R":29.9,"POB65":379.0,"POB65_R":6.9,"POB66":258.0,"POB66_R":4.7,"POB67":171.0,"POB67_R":3.1,"POB84":2671.0,"POB84_R":48.4,"POB85":143.0,"POB85_R":2.6,"POB87":145.0,"POB87_R":2.6,"POB88":295.0,"POB88_R":5.3,"POB89":405.0,"POB89_R":7.3,"POB90":194.0,"POB90_R":3.5,"POB91":777.0,"POB91_R":14.1,"POB92":148.0,"POB92_R":2.7,"POB93":413.0,"POB93_R":7.5,"POB94":574.0,"POB94_R":10.4,"POB95":1632.0,"POB95_R":29.6,"POB96":265.0,"POB96_R":4.8,"POB97":638.0,"POB97_R":11.6,"POB98":304.0,"POB98_R":5.5,"POB100":2528.0,"POB100_R":45.8,"POB101":2426.0,"POB101_R":44.0,"POB102":2088.0,"POB102_R":37.8,"POB103":1894.0,"POB103_R":34.3,"POB104":1746.0,"POB104_R":31.6,"POB105":1481.0,"POB105_R":26.8,"POB106":378.0,"POB106_R":6.9,"POB107":262.0,"POB107_R":4.7,"POB108":172.0,"POB108_R":3.1,"POB125_R":93.8,"POB126_R":59.1,"POB127_R":44.1,"POB128_R":15.0,"POB129_R":30.0,"POB130_R":31.0,"POB131_R":29.0,"POB132_R":49.5,"POB133_R":50.4,"POB134_R":48.6,"POB3":483.0,"POB3_R":8.8,"POB16":237.0,"POB16_R":4.3,"POB26":472.0,"POB26_R":8.6,"POB27":574.0,"POB27_R":10.4,"POB28":470.0,"POB28_R":8.5,"POB29":390.0,"POB29_R":7.1,"POB30":328.0,"POB30_R":5.9,"POB31":352.0,"POB31_R":6.4,"POB32":365.0,"POB32_R":6.6,"POB33":330.0,"POB33_R":6.0,"POB34":330.0,"POB34_R":6.0,"POB35":342.0,"POB35_R":6.2,"POB36":325.0,"POB36_R":5.9,"POB37":177.0,"POB37_R":3.2,"POB38":138.0,"POB38_R":2.5,"POB39":98.0,"POB39_R":1.8,"POB40":66.0,"POB40_R":1.2,"POB41":41.0,"POB41_R":0.7,"POB44":238.0,"POB44_R":4.3,"POB58":121.0,"POB58_R":2.2,"POB68":243.0,"POB68_R":4.4,"POB69":271.0,"POB69_R":4.9,"POB70":242.0,"POB70_R":4.4,"POB71":205.0,"POB71_R":3.7,"POB72":167.0,"POB72_R":3.0,"POB73":197.0,"POB73_R":3.6,"POB74":195.0,"POB74_R":3.5,"POB75":185.0,"POB75_R":3.4,"POB76":162.0,"POB76_R":2.9,"POB77":189.0,"POB77_R":3.4,"POB78":174.0,"POB78_R":3.2,"POB79":87.0,"POB79_R":1.6,"POB80":54.0,"POB80_R":1.0,"POB81":58.0,"POB81_R":1.1,"POB82":35.0,"POB82_R":0.6,"POB83":24.0,"POB83_R":0.4,"POB86":245.0,"POB86_R":4.4,"POB99":116.0,"POB99_R":2.1,"POB109":229.0,"POB109_R":4.2,"POB110":303.0,"POB110_R":5.5,"POB111":228.0,"POB111_R":4.1,"POB112":185.0,"POB112_R":3.4,"POB113":161.0,"POB113_R":2.9,"POB114":155.0,"POB114_R":2.8,"POB115":170.0,"POB115_R":3.1,"POB116":145.0,"POB116_R":2.6,"POB117":168.0,"POB117_R":3.0,"POB118":153.0,"POB118_R":2.8,"POB119":151.0,"POB119_R":2.7,"POB120":90.0,"POB120_R":1.6,"POB121":84.0,"POB121_R":1.5,"POB122":40.0,"POB122_R":0.7,"POB123":31.0,"POB123_R":0.6,"POB124":17.0,"POB124_R":0.3,"OID_1":7,"COORD_X":408694.576165,"COORD_Y":2022961.75308,"Field":105},"geometry":{"type":"MultiPolygon","coordinates":[[[[-93.85049182985698,18.299749290250773],[-93.85050988881058,18.298598451724597],[-93.85051057891006,18.29855462160476],[-93.85058824505288,18.298616965694357],[-93.85061537104357,18.29858841340634],[-93.85067952948577,18.29852677264602],[-93.85123712438232,18.297987361432817],[-93.85130152054172,18.297974069188736],[-93.85133349430383,18.297961663168454],[-93.85146198433489,18.297862439782563],[-93.85152051811497,18.29778748632818],[-93.85157510238898,18.29718065232085],[-93.8516274673666,18.297177654407214],[-93.85163260311501,18.297176032327656],[-93.85163455026702,18.29717541772637],[-93.85165459431549,18.29716908805984],[-93.8516967089616,18.297108054492647],[-93.85169781439112,18.297043174591376],[-93.85169814274101,18.297023878806296],[-93.85170104961338,18.29701339131308],[-93.8517598844624,18.29680110409296],[-93.85175971891191,18.29670089880997],[-93.85175967774911,18.29666349626969],[-93.85175965620745,18.296644500450416],[-93.8519966196674,18.296278999850138],[-93.8524227465463,18.295621876670086],[-93.85266366669494,18.295787250936446],[-93.85303902756291,18.29605434438021],[-93.85302538065314,18.296072572336666],[-93.85295246844454,18.29616995689723],[-93.85294422381128,18.296180969072935],[-93.85293609149286,18.29619183149227],[-93.85292005193402,18.29621350422038],[-93.85274992348891,18.29644338647118],[-93.85274159512743,18.29645647369913],[-93.8527511131291,18.296475508733362],[-93.8527868151164,18.296497908889556],[-93.85310113785934,18.296695119345344],[-93.85335611274313,18.29685509244066],[-93.8533755013782,18.296860694430343],[-93.85344651116934,18.296881208238958],[-93.8534562848147,18.296873003857392],[-93.85377344663222,18.296431845772045],[-93.85383531300025,18.296474675898473],[-93.85382741677205,18.29648608309857],[-93.85357442126755,18.296851521225935],[-93.85352693524575,18.2969201116305],[-93.85352802724744,18.296920890423934],[-93.85370967812271,18.297050505937637],[-93.8537213976343,18.297035333845866],[-93.85406183767205,18.29659460214409],[-93.85411323618794,18.296641238493976],[-93.85410259094324,18.296655608110612],[-93.85393127482705,18.296886886160888],[-93.85377059324036,18.297103806623227],[-93.85377664518309,18.2971101711732],[-93.8538040230138,18.297138964907678],[-93.85382579713628,18.297161864259365],[-93.85388766294133,18.297180900759464],[-93.85392858859882,18.297165672996833],[-93.85399997306426,18.297198032103836],[-93.85438163932113,18.296629816673757],[-93.85498697836019,18.296993099604997],[-93.85591739958423,18.296309550604473],[-93.85594074953094,18.296330458293276],[-93.85598597993952,18.29629788092924],[-93.85632368922445,18.296093949885428],[-93.85641442898276,18.296075400418527],[-93.85643231026982,18.295947780385454],[-93.8565632498781,18.295810769544833],[-93.85664585972539,18.295785970152945],[-93.85673004961859,18.29576382270602],[-93.85683159943255,18.295720980859347],[-93.85688052033022,18.295686860229324],[-93.85742652880272,18.295499519115335],[-93.857585378645,18.295504830192122],[-93.85768382017551,18.29546941979172],[-93.85772543278307,18.295455384615003],[-93.85777823046263,18.2954196202187],[-93.85816808037299,18.29515746027322],[-93.85835537986291,18.295063290952772],[-93.85850908928178,18.295060059824767],[-93.8592283103231,18.294719506112],[-93.85934517006007,18.294710520759992],[-93.85941348905348,18.294681919571165],[-93.85945864917048,18.294669540826845],[-93.86019987938954,18.29442725778286],[-93.8609815351266,18.29395742414819],[-93.86102323308566,18.293953423731974],[-93.86123646867648,18.293862458241154],[-93.86129262515617,18.29388720400869],[-93.86139922533422,18.29386673958356],[-93.86143249676857,18.29383909912042],[-93.86149202331714,18.293789646313662],[-93.86152105398288,18.293730158698626],[-93.86163155330156,18.293666616709366],[-93.86163791010208,18.293662961042617],[-93.86167238858785,18.2936130913885],[-93.8616795009861,18.293614754981963],[-93.86168824498134,18.29361680160494],[-93.86173948711145,18.29362879484029],[-93.8618322864064,18.293630698685554],[-93.86187654517202,18.2935978622895],[-93.86187878852779,18.293595551033278],[-93.86188379261247,18.293590395694004],[-93.86212876740197,18.293338024521955],[-93.86227008489718,18.293283344522152],[-93.86224725515828,18.293226945531128],[-93.86225663192356,18.293221796375168],[-93.86234102766883,18.293175451493703],[-93.86234922276408,18.293170951348237],[-93.862526731773,18.293073475215078],[-93.8626593235719,18.29327953755665],[-93.8630649670927,18.293069191900624],[-93.86333897235419,18.292892242520963],[-93.86333278250525,18.29288348687983],[-93.86330410188195,18.292842907179715],[-93.86339590789909,18.2928016131762],[-93.86342091005838,18.292790367921143],[-93.86346757128713,18.2927693805437],[-93.86344901136161,18.292707276428892],[-93.86361715782162,18.292609039312936],[-93.86365698418851,18.2925857718652],[-93.86371651916764,18.29257427144252],[-93.86372842836683,18.29259171910187],[-93.86373811599272,18.292605911007705],[-93.86382449039633,18.292601627774786],[-93.8639729676918,18.292564509638044],[-93.86414214871277,18.29255308708675],[-93.86424779712762,18.292523107247685],[-93.86428091811081,18.292532799087162],[-93.86430996081644,18.29254129831305],[-93.86433639749566,18.292542572897244],[-93.86436201122308,18.292543808272555],[-93.86445909272264,18.292540237780013],[-93.86450457377788,18.292531407149802],[-93.86453261749381,18.292525961972384],[-93.86454404475741,18.29251548709265],[-93.86457544910463,18.292486700892454],[-93.86470934297087,18.29241771957075],[-93.86472361225074,18.292420935612505],[-93.86473035186847,18.292422454698624],[-93.8648224365145,18.29236963082203],[-93.86480102138329,18.292336080281604],[-93.86505367643008,18.29219875526523],[-93.86510038628427,18.292173367145242],[-93.86513431389277,18.29216615326937],[-93.86542126585084,18.29207593676085],[-93.8655061602564,18.292004206556644],[-93.86544228706738,18.29191372601213],[-93.86555887977318,18.291820927555488],[-93.86552794599177,18.291738835710287],[-93.86557257886757,18.291712510240576],[-93.86569691859687,18.291618480916494],[-93.8657389102301,18.291597490647042],[-93.86576470872453,18.291571850784273],[-93.86598304895637,18.29142118084525],[-93.8664918804617,18.29118548978489],[-93.86699970993604,18.290628460499217],[-93.86701524812392,18.290598733789185],[-93.86703465972957,18.290548569973932],[-93.86746288877443,18.289940001121096],[-93.86775273907621,18.289762940216885],[-93.86781640035329,18.289846490563544],[-93.86783328948192,18.289841659648566],[-93.86785184887312,18.28982279994914],[-93.8679589394564,18.289726800904955],[-93.868385168801,18.289380880148194],[-93.86841280708289,18.28936725352698],[-93.86854191596218,18.28927441971992],[-93.86860828915245,18.289234230461023],[-93.8689269405973,18.2890198452889],[-93.86895814018759,18.288992942936265],[-93.86898285953689,18.288974080019056],[-93.86907161088244,18.288874982076784],[-93.86918477984521,18.288797030383595],[-93.8692938262754,18.288706751040824],[-93.8695339688901,18.28853168983668],[-93.86988825913988,18.288269171410214],[-93.8698472493065,18.288193890716556],[-93.86985765880111,18.288186259980375],[-93.86989151863249,18.28815797033941],[-93.86992457990817,18.288209579732243],[-93.87015249025251,18.288030170334682],[-93.87019297916166,18.287963419619047],[-93.87040327929661,18.287575689708504],[-93.87043531969937,18.287469981459235],[-93.87045341987813,18.28743658047947],[-93.87081431961604,18.28701013974405],[-93.87100169000153,18.286844800724936],[-93.87117939944142,18.286404720482096],[-93.8711794160649,18.28640474403631],[-93.8711955080705,18.286428351858433],[-93.87130833934881,18.286593890378274],[-93.87120502949597,18.286852710441188],[-93.87115441894949,18.28708046062569],[-93.87093910994086,18.287249049971308],[-93.87091482025082,18.28735928495126],[-93.87100533873189,18.287512450082797],[-93.87108103036665,18.287637460978655],[-93.87100992039488,18.2876949497363],[-93.87093135011565,18.287640344756532],[-93.87087860042745,18.287680140645097],[-93.87092736882059,18.28776566031724],[-93.87105607987922,18.287707910199998],[-93.87112562542924,18.287802091323258],[-93.87103847965847,18.2878772303992],[-93.87112717905438,18.288019890970702],[-93.87112045009108,18.288347175116503],[-93.87130108943327,18.288229259712818],[-93.87131614864185,18.288455339533762],[-93.87112208889017,18.28867705505161],[-93.87133458982996,18.28899266064679],[-93.87153530991786,18.28898911567475],[-93.87271836891645,18.2880631909526],[-93.87277701622614,18.288136583113243],[-93.8728504105801,18.288228431204644],[-93.87287521929227,18.288259741233386],[-93.87289301875965,18.288283085328064],[-93.87318612845296,18.288667543389778],[-93.8723566584684,18.289236119950473],[-93.87282288989577,18.29009508039784],[-93.87242156904921,18.290334650757252],[-93.87258817948594,18.290738580639523],[-93.87289646990985,18.291381349543073],[-93.87292090881365,18.291807021131817],[-93.87300645986294,18.29241907968949],[-93.87327310902653,18.29238789012357],[-93.87337225503117,18.29274685745583],[-93.87337914945624,18.292772001103884],[-93.87376570995046,18.29358615085686],[-93.87315288890893,18.293827510235317],[-93.87320465025545,18.29396355130223],[-93.87250730967223,18.294116140381803],[-93.87179834851605,18.29429665164528],[-93.87176717905248,18.294421579602233],[-93.8707876798387,18.29451789094883],[-93.87070110573386,18.294536063042738],[-93.87040966272964,18.294597235986313],[-93.87020034976982,18.29464117370147],[-93.86969303929169,18.294940935573667],[-93.86933591958667,18.29515195007664],[-93.86857801576636,18.29526224103154],[-93.86798137983106,18.29534906082302],[-93.86770176386015,18.295438855213018],[-93.86667680048043,18.29576799895878],[-93.86594628960465,18.296002582634035],[-93.86588836011423,18.29601858767123],[-93.86510185825696,18.296235890851744],[-93.86495781079343,18.29625667563539],[-93.86461054399045,18.29630678513913],[-93.86428685910612,18.29635349100805],[-93.86352728426861,18.29660510727249],[-93.86275981807604,18.29685933190808],[-93.86260787885419,18.296909660660006],[-93.86149738651699,18.297329972553428],[-93.86056130583562,18.297684263805447],[-93.86023241893284,18.297808739757883],[-93.85998025040715,18.297837468074622],[-93.85914135635251,18.297933032715576],[-93.85856672013038,18.297998490947553],[-93.85777310909712,18.298259982221417],[-93.85764542960955,18.29833108635769],[-93.85730860160335,18.298518667811773],[-93.85694770868224,18.298719650655674],[-93.85664002093112,18.298734283392765],[-93.85579254896498,18.2987745811379],[-93.85539900477076,18.29890551738281],[-93.85508502965662,18.299009979117297],[-93.85468033007533,18.299144623792102],[-93.85461201966822,18.299167350901953],[-93.85392570991596,18.29930142188312],[-93.85365395251958,18.29935324475868],[-93.85314876993728,18.299449580770375],[-93.85201701920002,18.299692710284543],[-93.85131025876056,18.299835150638774],[-93.85109634290549,18.299840224297498],[-93.85066641826151,18.29985042099875],[-93.85052002551745,18.29976562334597],[-93.85049182985698,18.299749290250773]]]]}},{"type":"Feature","properties":{"POLY_ID":10.0,"CVEGEO":"270020029","NOM_ENT":"Tabasco","NOM_MUN":"Cárdenas","NOMGEO":"Benito Ju","CABECERA":"No","POB1":4003.0,"POB2":177.0,"POB2_R":4.4,"POB4":180.0,"POB4_R":4.5,"POB5":386.0,"POB5_R":9.6,"POB6":427.0,"POB6_R":10.7,"POB7":173.0,"POB7_R":4.3,"POB8":916.0,"POB8_R":22.9,"POB9":206.0,"POB9_R":5.1,"POB10":593.0,"POB10_R":14.8,"POB11":898.0,"POB11_R":22.4,"POB12":2704.0,"POB12_R":67.5,"POB13":387.0,"POB13_R":9.7,"POB14":1144.0,"POB14_R":28.6,"POB15":497.0,"POB15_R":12.4,"POB17":3826.0,"POB17_R":95.6,"POB18":3698.0,"POB18_R":92.4,"POB19":3260.0,"POB19_R":81.4,"POB20":3087.0,"POB20_R":77.1,"POB21":2881.0,"POB21_R":72.0,"POB22":2494.0,"POB22_R":62.3,"POB23":548.0,"POB23_R":13.7,"POB24":383.0,"POB24_R":9.6,"POB25":243.0,"POB25_R":6.1,"POB42":2162.0,"POB42_R":54.0,"POB43":78.0,"POB43_R":1.9,"POB45":90.0,"POB45_R":2.2,"POB46":192.0,"POB46_R":4.8,"POB47":224.0,"POB47_R":5.6,"POB48":98.0,"POB48_R":2.4,"POB49":458.0,"POB49_R":11.4,"POB50":105.0,"POB50_R":2.6,"POB51":295.0,"POB51_R":7.4,"POB52":483.0,"POB52_R":12.1,"POB53":1138.0,"POB53_R":28.4,"POB54":1498.0,"POB54_R":37.4,"POB55":190.0,"POB55_R":4.7,"POB56":655.0,"POB56_R":16.4,"POB57":261.0,"POB57_R":6.5,"POB59":2084.0,"POB59_R":52.1,"POB60":2016.0,"POB60_R":50.4,"POB61":1802.0,"POB61_R":45.0,"POB62":1704.0,"POB62_R":42.6,"POB63":1599.0,"POB63_R":39.9,"POB64":1409.0,"POB64_R":35.2,"POB65":305.0,"POB65_R":7.6,"POB66":206.0,"POB66_R":5.1,"POB67":129.0,"POB67_R":3.2,"POB84":1841.0,"POB84_R":46.0,"POB85":99.0,"POB85_R":2.5,"POB87":90.0,"POB87_R":2.2,"POB88":194.0,"POB88_R":4.8,"POB89":203.0,"POB89_R":5.1,"POB90":75.0,"POB90_R":1.9,"POB91":458.0,"POB91_R":11.4,"POB92":101.0,"POB92_R":2.5,"POB93":298.0,"POB93_R":7.4,"POB94":415.0,"POB94_R":10.4,"POB95":1206.0,"POB95_R":30.1,"POB96":197.0,"POB96_R":4.9,"POB97":489.0,"POB97_R":12.2,"POB98":236.0,"POB98_R":5.9,"POB100":1742.0,"POB100_R":43.5,"POB101":1682.0,"POB101_R":42.0,"POB102":1458.0,"POB102_R":36.4,"POB103":1383.0,"POB103_R":34.5,"POB104":1282.0,"POB104_R":32.0,"POB105":1085.0,"POB105_R":27.1,"POB106":243.0,"POB106_R":6.1,"POB107":177.0,"POB107_R":4.4,"POB108":114.0,"POB108_R":2.8,"POB125_R":85.2,"POB126_R":48.0,"POB127_R":33.9,"POB128_R":14.2,"POB129_R":33.0,"POB130_R":34.0,"POB131_R":31.0,"POB132_R":59.8,"POB133_R":66.6,"POB134_R":53.1,"POB3":305.0,"POB3_R":7.6,"POB16":165.0,"POB16_R":4.1,"POB26":315.0,"POB26_R":7.9,"POB27":296.0,"POB27_R":7.4,"POB28":325.0,"POB28_R":8.1,"POB29":268.0,"POB29_R":6.7,"POB30":305.0,"POB30_R":7.6,"POB31":274.0,"POB31_R":6.8,"POB32":305.0,"POB32_R":7.6,"POB33":298.0,"POB33_R":7.4,"POB34":267.0,"POB34_R":6.7,"POB35":283.0,"POB35_R":7.1,"POB36":214.0,"POB36_R":5.3,"POB37":140.0,"POB37_R":3.5,"POB38":88.0,"POB38_R":2.2,"POB39":73.0,"POB39_R":1.8,"POB40":33.0,"POB40_R":0.8,"POB41":49.0,"POB41_R":1.2,"POB44":146.0,"POB44_R":3.6,"POB58":99.0,"POB58_R":2.5,"POB68":158.0,"POB68_R":3.9,"POB69":154.0,"POB69_R":3.8,"POB70":168.0,"POB70_R":4.2,"POB71":127.0,"POB71_R":3.2,"POB72":188.0,"POB72_R":4.7,"POB73":154.0,"POB73_R":3.8,"POB74":182.0,"POB74_R":4.5,"POB75":162.0,"POB75_R":4.0,"POB76":157.0,"POB76_R":3.9,"POB77":162.0,"POB77_R":4.0,"POB78":99.0,"POB78_R":2.5,"POB79":77.0,"POB79_R":1.9,"POB80":50.0,"POB80_R":1.2,"POB81":42.0,"POB81_R":1.0,"POB82":17.0,"POB82_R":0.4,"POB83":20.0,"POB83_R":0.5,"POB86":159.0,"POB86_R":4.0,"POB99":66.0,"POB99_R":1.6,"POB109":157.0,"POB109_R":3.9,"POB110":142.0,"POB110_R":3.5,"POB111":157.0,"POB111_R":3.9,"POB112":141.0,"POB112_R":3.5,"POB113":117.0,"POB113_R":2.9,"POB114":120.0,"POB114_R":3.0,"POB115":123.0,"POB115_R":3.1,"POB116":136.0,"POB116_R":3.4,"POB117":110.0,"POB117_R":2.7,"POB118":121.0,"POB118_R":3.0,"POB119":115.0,"POB119_R":2.9,"POB120":63.0,"POB120_R":1.6,"POB121":38.0,"POB121_R":0.9,"POB122":31.0,"POB122_R":0.8,"POB123":16.0,"POB123_R":0.4,"POB124":29.0,"POB124_R":0.7,"OID_1":10,"COORD_X":404054.258436,"COORD_Y":2009505.5593,"Field":294},"geometry":{"type":"MultiPolygon","coordinates":[[[[-93.9112861803236,18.180553280997014],[-93.91125511002309,18.180515751370756],[-93.91061784923939,18.180836139857234],[-93.91030608990134,18.181004571055567],[-93.91014861965203,18.181089650504056],[-93.90982227932747,18.181267459736336],[-93.90879609936293,18.179601799710532],[-93.90850588013161,18.179191952228383],[-93.90779974891397,18.179591579749307],[-93.90698873856886,18.18005969063835],[-93.90622313793371,18.180523756821906],[-93.9053722825378,18.181014170736518],[-93.90512488457378,18.181013425227647],[-93.90498377431912,18.181020122123453],[-93.90452679954906,18.181042141054206],[-93.903978119263,18.181094050680386],[-93.90338490979462,18.181175750303932],[-93.9026030493646,18.181295030725078],[-93.90152851458211,18.181465209781678],[-93.9011520188219,18.181522030357694],[-93.90095573880917,18.1815217407598],[-93.90079060005696,18.18147914766948],[-93.90067891897009,18.181434461152477],[-93.90070721962195,18.181231340646267],[-93.90104561943173,18.181285370749677],[-93.90129764851866,18.181069831673067],[-93.90158921857834,18.18079488049153],[-93.90178094896608,18.180464757695045],[-93.90180205807415,18.180374466481116],[-93.90180711517715,18.180352835999713],[-93.90191903940246,18.179874061771958],[-93.90165501861594,18.178921861881967],[-93.90282731013433,18.178575259767747],[-93.90253914897015,18.178066977271236],[-93.90224654874594,18.177545516510072],[-93.90200550964772,18.177231600240617],[-93.90189153866369,18.17708317082596],[-93.90256807949665,18.17720954088288],[-93.90292046044566,18.17733731980192],[-93.90283664957309,18.176342220900622],[-93.90253596990938,18.176140820353556],[-93.90211894933044,18.175896140984868],[-93.90212763020968,18.17564297095851],[-93.90187693878437,18.175156051262608],[-93.90171722927143,18.174419171233765],[-93.90139157071914,18.173269104439793],[-93.8995785096239,18.172068250640773],[-93.89965163935112,18.171726712444567],[-93.89956875023447,18.17133345061679],[-93.89892930990031,18.170869800908466],[-93.89830613887064,18.170558251974644],[-93.89825371861735,18.17043048081958],[-93.89768339869664,18.169049321468062],[-93.89752662998863,18.16889663113553],[-93.89731714446039,18.168614550760417],[-93.89719881935714,18.168593260553152],[-93.89707391968506,18.168507019918287],[-93.89699011019417,18.16825409200765],[-93.89684078845715,18.168245721540732],[-93.89553594924492,18.16802942086864],[-93.89477329911396,18.167948713481742],[-93.89391225936969,18.16820440128941],[-93.89390631896696,18.167549771776077],[-93.89421316948248,18.167011370737296],[-93.89435797961129,18.166801920534454],[-93.8945852793071,18.16664527162802],[-93.89488673031502,18.16649271324366],[-93.89531030827031,18.166459316617953],[-93.89613836924647,18.165245880131817],[-93.89848651990235,18.166828051084913],[-93.89891542984229,18.166334340096654],[-93.8990589392788,18.166193461715164],[-93.89925781976726,18.16599525042674],[-93.89948650986716,18.165789621439455],[-93.90002256898539,18.16531768990958],[-93.90020964837841,18.165063960931064],[-93.90024547990437,18.164979661597553],[-93.90035191768709,18.16473369955838],[-93.90036011404858,18.164606870686587],[-93.9003704500827,18.164285250925335],[-93.90125251406234,18.164396510676706],[-93.9024484240814,18.1646599714704],[-93.9026804898326,18.164934261215713],[-93.90279453931512,18.164970921128383],[-93.90332291965754,18.1650513406703],[-93.90339711920258,18.16475532067133],[-93.90343773980545,18.16461335019858],[-93.90361360271281,18.16443419021016],[-93.90383597417454,18.16414416101786],[-93.90400937891377,18.163913741559785],[-93.90417762906273,18.163687850534536],[-93.90436405164647,18.163481839178054],[-93.90443311879096,18.1633259508229],[-93.90458415024848,18.163213181231477],[-93.90499185862073,18.1629106857095],[-93.90545077902898,18.16255417053311],[-93.9060332898375,18.16210446023606],[-93.90667447957378,18.161603260418364],[-93.90694385051957,18.161813179854096],[-93.90722947876077,18.16203192096032],[-93.90739939999662,18.16188533082836],[-93.90774939973488,18.161599091856022],[-93.90819507874437,18.161289570754434],[-93.90871521927956,18.160936111691562],[-93.9089880784824,18.160726750528134],[-93.90915257646621,18.160569491225054],[-93.90924805036565,18.16044597074221],[-93.90932264944223,18.16047208135201],[-93.90937039917996,18.160528511174356],[-93.90939257039479,18.160609629555598],[-93.90943484994116,18.161000581071328],[-93.90946991932068,18.161280751461195],[-93.90951314901407,18.161536911025543],[-93.9095599089199,18.16185469158956],[-93.9096345200968,18.162518827797772],[-93.90975917901933,18.163625890641697],[-93.90980971884781,18.164271640998244],[-93.90983100930245,18.164566685532733],[-93.90989619489673,18.16554358566691],[-93.90991908870761,18.16586828841938],[-93.90993874038725,18.166221310288247],[-93.90996187894858,18.166489090220352],[-93.91000333975138,18.166861491131378],[-93.91002883019826,18.167201830965542],[-93.91004834059973,18.167528181864395],[-93.91008679920319,18.168084580778732],[-93.91011730927538,18.168347460378563],[-93.9101717501953,18.168430860403532],[-93.91027717005699,18.168547171339043],[-93.9104867089896,18.168638713718202],[-93.91072408990816,18.168695031160475],[-93.91108414935488,18.168774570142276],[-93.9116847099789,18.168912171622253],[-93.91241988928824,18.169082249619677],[-93.91353128936532,18.169344510033856],[-93.91384058066915,18.169417840533033],[-93.91386377862871,18.169423340150576],[-93.91427388021177,18.169519949668036],[-93.9143386606779,18.16955930676299],[-93.91463355007562,18.169353220686617],[-93.91510579871836,18.16900304490273],[-93.91562130959132,18.169610107031954],[-93.91462641288983,18.170326683282877],[-93.91431604212264,18.170577392680663],[-93.91426316619382,18.170665000623206],[-93.91371752907415,18.170921769538776],[-93.91377960475614,18.171058132137038],[-93.91331903684264,18.171361440834165],[-93.91337598247551,18.171484717574913],[-93.91338447355275,18.171498196131402],[-93.91351228931525,18.171701109877617],[-93.91350524951642,18.17171471984323],[-93.91297210947666,18.17206666150926],[-93.91336071902496,18.172876919693163],[-93.91346121882926,18.17300080082542],[-93.9139743914169,18.17365823209163],[-93.9144919488004,18.17388440050298],[-93.91484459106468,18.173947310686],[-93.91497879937691,18.17395756007766],[-93.91520184900718,18.173973781257004],[-93.91523216958768,18.17416194039861],[-93.9153015886822,18.174598599997946],[-93.91533922494784,18.17470093903635],[-93.91551839916931,18.17518814045499],[-93.91596371014764,18.175174021612722],[-93.91644459707568,18.174933974660956],[-93.91745946091355,18.17437593803213],[-93.91888202347687,18.17381789701057],[-93.91920586788119,18.17462841047448],[-93.91934040966778,18.174963938742636],[-93.91919600392869,18.175024238707692],[-93.91901447702516,18.17505310246064],[-93.91871579690337,18.174998697051866],[-93.91813989558001,18.175073373287475],[-93.91740651817682,18.1753756268174],[-93.91645474582363,18.17552142358343],[-93.91568845869426,18.17579262991445],[-93.91606737884797,18.176671080655456],[-93.91609998882748,18.176713971137204],[-93.91667153897744,18.177590261307504],[-93.91704357922737,18.17836145723094],[-93.9174693702157,18.179235512132042],[-93.91778491015873,18.179884710058797],[-93.9177812579757,18.179885598469124],[-93.9176468288097,18.17991830448934],[-93.9175247694329,18.17995189215103],[-93.91725857351682,18.179975401269232],[-93.91710277441868,18.179996650836006],[-93.91695373919374,18.180032281235267],[-93.91673867895743,18.180126119630717],[-93.91655814025249,18.180210950651613],[-93.91633757906816,18.18031017227255],[-93.91618877931934,18.180368200225576],[-93.91589828990213,18.180479021301974],[-93.91578694451204,18.180518661168914],[-93.91557361932824,18.180582310530745],[-93.91531337825553,18.180677027749034],[-93.91497064941461,18.180744382157286],[-93.91490937377861,18.180815400721045],[-93.91493196945989,18.1808498215447],[-93.91494025979077,18.180862458559712],[-93.9151010285993,18.181107260738166],[-93.91506570993559,18.181125231679378],[-93.91506889062805,18.181130724915235],[-93.9158605391029,18.18249371115852],[-93.91381165006321,18.183515880645654],[-93.91379085085339,18.18349121049378],[-93.91278374953657,18.182296651197667],[-93.91205733866458,18.18148451181123],[-93.9112861803236,18.180553280997014]]]]}},{"type":"Feature","properties":{"POLY_ID":23.0,"CVEGEO":"270030001","NOM_ENT":"Tabasco","NOM_MUN":"Centla","NOMGEO":"Frontera","CABECERA":"Si","POB1":23024.0,"POB2":1067.0,"POB2_R":4.6,"POB4":1223.0,"POB4_R":5.3,"POB5":2639.0,"POB5_R":11.5,"POB6":3099.0,"POB6_R":13.5,"POB7":1333.0,"POB7_R":5.8,"POB8":6262.0,"POB8_R":27.2,"POB9":1282.0,"POB9_R":5.6,"POB10":3794.0,"POB10_R":16.5,"POB11":5483.0,"POB11_R":23.8,"POB12":15067.0,"POB12_R":65.4,"POB13":2512.0,"POB13_R":10.9,"POB14":6482.0,"POB14_R":28.2,"POB15":2261.0,"POB15_R":9.8,"POB17":21957.0,"POB17_R":95.4,"POB18":21160.0,"POB18_R":91.9,"POB19":18095.0,"POB19_R":78.6,"POB20":16762.0,"POB20_R":72.8,"POB21":15480.0,"POB21_R":67.2,"POB22":12968.0,"POB22_R":56.3,"POB23":2536.0,"POB23_R":11.0,"POB24":1695.0,"POB24_R":7.4,"POB25":1044.0,"POB25_R":4.5,"POB42":12070.0,"POB42_R":52.4,"POB43":551.0,"POB43_R":2.4,"POB45":649.0,"POB45_R":2.8,"POB46":1294.0,"POB46_R":5.6,"POB47":1535.0,"POB47_R":6.7,"POB48":688.0,"POB48_R":3.0,"POB49":3182.0,"POB49_R":13.8,"POB50":635.0,"POB50_R":2.8,"POB51":1890.0,"POB51_R":8.2,"POB52":2797.0,"POB52_R":12.1,"POB53":6344.0,"POB53_R":27.6,"POB54":7968.0,"POB54_R":34.6,"POB55":1255.0,"POB55_R":5.5,"POB56":3547.0,"POB56_R":15.4,"POB57":1194.0,"POB57_R":5.2,"POB59":11519.0,"POB59_R":50.0,"POB60":11075.0,"POB60_R":48.1,"POB61":9576.0,"POB61_R":41.6,"POB62":8888.0,"POB62_R":38.6,"POB63":8253.0,"POB63_R":35.8,"POB64":6998.0,"POB64_R":30.4,"POB65":1350.0,"POB65_R":5.9,"POB66":920.0,"POB66_R":4.0,"POB67":565.0,"POB67_R":2.5,"POB84":10954.0,"POB84_R":47.6,"POB85":516.0,"POB85_R":2.2,"POB87":574.0,"POB87_R":2.5,"POB88":1345.0,"POB88_R":5.8,"POB89":1564.0,"POB89_R":6.8,"POB90":645.0,"POB90_R":2.8,"POB91":3080.0,"POB91_R":13.4,"POB92":647.0,"POB92_R":2.8,"POB93":1904.0,"POB93_R":8.3,"POB94":2686.0,"POB94_R":11.7,"POB95":7099.0,"POB95_R":30.8,"POB96":1257.0,"POB96_R":5.5,"POB97":2935.0,"POB97_R":12.7,"POB98":1067.0,"POB98_R":4.6,"POB100":10438.0,"POB100_R":45.3,"POB101":10085.0,"POB101_R":43.8,"POB102":8519.0,"POB102_R":37.0,"POB103":7874.0,"POB103_R":34.2,"POB104":7227.0,"POB104_R":31.4,"POB105":5970.0,"POB105_R":25.9,"POB106":1186.0,"POB106_R":5.2,"POB107":775.0,"POB107_R":3.4,"POB108":479.0,"POB108_R":2.1,"POB125_R":90.8,"POB126_R":52.8,"POB127_R":41.6,"POB128_R":11.2,"POB129_R":29.0,"POB130_R":30.0,"POB131_R":28.0,"POB132_R":40.5,"POB133_R":42.4,"POB134_R":38.5,"POB3":1864.0,"POB3_R":8.1,"POB16":841.0,"POB16_R":3.7,"POB26":2149.0,"POB26_R":9.3,"POB27":2249.0,"POB27_R":9.8,"POB28":2020.0,"POB28_R":8.8,"POB29":1774.0,"POB29_R":7.7,"POB30":1689.0,"POB30_R":7.3,"POB31":1754.0,"POB31_R":7.6,"POB32":1763.0,"POB32_R":7.7,"POB33":1554.0,"POB33_R":6.7,"POB34":1411.0,"POB34_R":6.1,"POB35":1231.0,"POB35_R":5.3,"POB36":1030.0,"POB36_R":4.5,"POB37":651.0,"POB37_R":2.8,"POB38":397.0,"POB38_R":1.7,"POB39":287.0,"POB39_R":1.2,"POB40":188.0,"POB40_R":0.8,"POB41":172.0,"POB41_R":0.7,"POB44":995.0,"POB44_R":4.3,"POB58":430.0,"POB58_R":1.9,"POB68":1056.0,"POB68_R":4.6,"POB69":1131.0,"POB69_R":4.9,"POB70":992.0,"POB70_R":4.3,"POB71":898.0,"POB71_R":3.9,"POB72":907.0,"POB72_R":3.9,"POB73":993.0,"POB73_R":4.3,"POB74":943.0,"POB74_R":4.1,"POB75":848.0,"POB75_R":3.7,"POB76":763.0,"POB76_R":3.3,"POB77":648.0,"POB77_R":2.8,"POB78":546.0,"POB78_R":2.4,"POB79":355.0,"POB79_R":1.5,"POB80":215.0,"POB80_R":0.9,"POB81":149.0,"POB81_R":0.6,"POB82":100.0,"POB82_R":0.4,"POB83":101.0,"POB83_R":0.4,"POB86":869.0,"POB86_R":3.8,"POB99":411.0,"POB99_R":1.8,"POB109":1093.0,"POB109_R":4.7,"POB110":1118.0,"POB110_R":4.9,"POB111":1028.0,"POB111_R":4.5,"POB112":876.0,"POB112_R":3.8,"POB113":782.0,"POB113_R":3.4,"POB114":761.0,"POB114_R":3.3,"POB115":820.0,"POB115_R":3.6,"POB116":706.0,"POB116_R":3.1,"POB117":648.0,"POB117_R":2.8,"POB118":583.0,"POB118_R":2.5,"POB119":484.0,"POB119_R":2.1,"POB120":296.0,"POB120_R":1.3,"POB121":182.0,"POB121_R":0.8,"POB122":138.0,"POB122_R":0.6,"POB123":88.0,"POB123_R":0.4,"POB124":71.0,"POB124_R":0.3,"OID_1":23,"COORD_X":537377.267738,"COORD_Y":2049285.1864700003,"Field":495},"geometry":{"type":"MultiPolygon","coordinates":[[[[-92.63592850299487,18.53829886241579],[-92.63725083185608,18.53750034834119],[-92.6379535710558,18.538624371402147],[-92.6366687938976,18.53938727650363],[-92.63592850299487,18.53829886241579]]],[[[-92.65454548438736,18.541324849704083],[-92.65440420419439,18.540912177393373],[-92.65436193953431,18.540925423322967],[-92.65396056971167,18.541064359541913],[-92.65369768468976,18.541283115092046],[-92.65340543022667,18.541526283045194],[-92.6532740498991,18.541625825595233],[-92.65322599992099,18.54166068318115],[-92.65316797958248,18.541703809774475],[-92.65257882981774,18.541926670293496],[-92.65206109019043,18.542297930103825],[-92.6520147798445,18.542332576436923],[-92.65192524958542,18.54240110013436],[-92.65187064586945,18.542424008690503],[-92.65184631017104,18.542455622697403],[-92.65165382992652,18.54256505281661],[-92.65146941982259,18.54274086983142],[-92.65139945818564,18.54274010258861],[-92.65139942953466,18.542740104432447],[-92.6513442598882,18.542743255541446],[-92.65132358153926,18.542777013542768],[-92.65132989138256,18.54283567015644],[-92.65135191074397,18.542988498965382],[-92.65143960022884,18.543243543445083],[-92.65149352120189,18.543381129640334],[-92.65162474957278,18.543680972730666],[-92.65177734061382,18.543967898876847],[-92.65198605963266,18.544405284509708],[-92.65183859966247,18.544476509548424],[-92.65146946030015,18.544645679954897],[-92.65106887993882,18.54484074011936],[-92.65071773983563,18.544985487700103],[-92.65059348777955,18.545034815949634],[-92.65046097010747,18.545087420395458],[-92.65028277006164,18.545164459727488],[-92.65013817929668,18.545220105828346],[-92.64984221989852,18.54534942709621],[-92.64970702003951,18.545405215024903],[-92.64953871956045,18.545485140082317],[-92.64942299991138,18.545540087591686],[-92.6491611999114,18.545653577660108],[-92.6489219195503,18.545741090413763],[-92.6488678798232,18.545768400102563],[-92.64878560008603,18.545793970073916],[-92.6486333495398,18.545859287296267],[-92.64827258339933,18.54601494823538],[-92.64801547994968,18.54612262716405],[-92.64783670969605,18.546212716316443],[-92.64780393944781,18.546228147294222],[-92.64723162928965,18.546493280777565],[-92.64692011947038,18.546647514870102],[-92.64674967894604,18.546226180156093],[-92.6464861100707,18.545407626332818],[-92.64646837000787,18.54536326053682],[-92.64583071933386,18.545643539504916],[-92.64511263028136,18.545967626575404],[-92.64425145004714,18.54635628556145],[-92.64293648918918,18.546950624714633],[-92.64256508900252,18.547101979626856],[-92.64190803037138,18.547357230668233],[-92.64162270126641,18.547439489993035],[-92.63768728512629,18.54857399593091],[-92.63734932725369,18.547653471036327],[-92.64122058205058,18.546366121417684],[-92.64122740587406,18.54636385223172],[-92.64085915351643,18.545395890157586],[-92.64072505913607,18.545043415257588],[-92.64049158668321,18.54486346986248],[-92.64010266661346,18.543566567620942],[-92.63953507904114,18.543723371044212],[-92.63901076879422,18.543866349844887],[-92.63860514971283,18.543980680020077],[-92.63846622854577,18.543662944522133],[-92.6384503696131,18.54362668871165],[-92.63829410906247,18.54321453411221],[-92.63817705097749,18.54287784644619],[-92.63805304845637,18.54249465544941],[-92.63792628946086,18.542114735352108],[-92.6378043695586,18.54179166060876],[-92.63990833961651,18.541143720426483],[-92.63985514163922,18.54099565077813],[-92.63973289037635,18.540674614580674],[-92.63946774080961,18.539817644256022],[-92.63918366004835,18.53884062572054],[-92.63918010404696,18.53882940026848],[-92.63908652114965,18.538534005629042],[-92.63898104953476,18.53845640112578],[-92.6386995686326,18.53827821467371],[-92.63870885832712,18.538170568463183],[-92.63870905974781,18.53807217038828],[-92.63877357894813,18.537556442589715],[-92.63865478385468,18.5370571011248],[-92.63830717883367,18.535695776429034],[-92.63824374978077,18.535456315110604],[-92.63787621631215,18.53412366687452],[-92.63783512006346,18.53397465268682],[-92.63766583045778,18.533434595542257],[-92.63755805250408,18.53312068782725],[-92.63755122988478,18.533122656651837],[-92.63754137869837,18.533125504972592],[-92.63751051633554,18.533134862540308],[-92.63749320028414,18.533140116671667],[-92.63744929587949,18.533153044998752],[-92.63737361981188,18.533175335822442],[-92.63684026593336,18.533325741303393],[-92.63667694974204,18.53337179454053],[-92.63663696998984,18.533382627543173],[-92.63659347972315,18.53339422742784],[-92.63582884966083,18.53360094035113],[-92.63578333959758,18.533612709696268],[-92.63573840037415,18.533625250145793],[-92.63537411983076,18.53372374599124],[-92.63536320918197,18.533726819217968],[-92.63534548948432,18.533731814860406],[-92.6331845501486,18.53434125793139],[-92.632320488385,18.53164137952975],[-92.63218603223685,18.531221239883234],[-92.63325093761259,18.53088458820812],[-92.63288497982641,18.529927799806707],[-92.63375662989684,18.529664629850515],[-92.63404546040361,18.52957669028477],[-92.63603990994864,18.529023112906586],[-92.63614468955886,18.52900182558395],[-92.63623660038188,18.528981849604893],[-92.6362013798852,18.52887344034886],[-92.63614898032324,18.528685083346335],[-92.63610311939314,18.528502339875384],[-92.6360906004116,18.52845559113552],[-92.63607874042782,18.528233223015086],[-92.63607054877093,18.527956393140716],[-92.63609836935589,18.527681470273336],[-92.6361782001896,18.527316943302434],[-92.6362419362291,18.52718800839357],[-92.63628311568982,18.527104702843584],[-92.63640687916553,18.526854299624826],[-92.63654271996666,18.526643543535013],[-92.63670330921111,18.526368343900444],[-92.63684344418108,18.526123133498846],[-92.63739635007586,18.525310600898436],[-92.63745045942248,18.525172420947502],[-92.63761244901636,18.524878760318536],[-92.63781328998573,18.52451431121674],[-92.63813708477939,18.52395207257739],[-92.63826879600269,18.52372474876277],[-92.63834437493982,18.523594303187902],[-92.63882439900597,18.52275634405177],[-92.6389524795646,18.522535521210816],[-92.63899916677532,18.522455009532912],[-92.63940261518205,18.521800226449333],[-92.6401959488493,18.52339670116572],[-92.64059943013567,18.524166316206482],[-92.64065267959509,18.524185069604552],[-92.6407175102842,18.524164775212604],[-92.64078434873055,18.524117670779383],[-92.64094077910741,18.52404175964894],[-92.6410999399172,18.5239868847248],[-92.64123148874907,18.523922790080526],[-92.6413560594256,18.523893500966214],[-92.64145843947618,18.52388102287165],[-92.64148421930989,18.523863914923137],[-92.64150399952564,18.52382011452127],[-92.64152567953705,18.52370647187993],[-92.64158373872834,18.523629388935134],[-92.64165933301653,18.52354119567692],[-92.641773185183,18.52344678423641],[-92.64191070404684,18.523371189820054],[-92.64213094135505,18.523247176662398],[-92.64239656404882,18.523101821220244],[-92.64228615083259,18.522924208601076],[-92.642233580642,18.522796330214604],[-92.6422191214343,18.52276866978823],[-92.64219179995358,18.522724650575213],[-92.64216588351582,18.522642102881704],[-92.64216261944144,18.52261397398056],[-92.64216011194506,18.522582072351497],[-92.64216782521395,18.522571588638677],[-92.6421671704421,18.522558912813803],[-92.64217234020397,18.522551974364223],[-92.6421984901922,18.522521240486387],[-92.64224757933218,18.522512700938595],[-92.64229239900922,18.52253665269202],[-92.64231481866501,18.52256382256767],[-92.64232973752343,18.522592211758607],[-92.6423576502155,18.522599173525748],[-92.64241331936974,18.522579040250033],[-92.64246632038518,18.522605023678878],[-92.64247359606686,18.522628411000504],[-92.64246388676027,18.52266206872717],[-92.64244307912048,18.522692172507025],[-92.64243671908615,18.52272251294391],[-92.64243850976513,18.52275877382688],[-92.6424507394203,18.522787811609234],[-92.64246626393559,18.52280066877995],[-92.64248062985203,18.522820808742367],[-92.64249268309368,18.52283893088891],[-92.64251128006178,18.522883743036715],[-92.64254525964971,18.52288957381905],[-92.64256745295289,18.522876854708727],[-92.6425783389015,18.522852390151183],[-92.64261133919115,18.522802423252656],[-92.64265994939272,18.522790300453376],[-92.64273217926205,18.522833189893475],[-92.64276847868294,18.522829191063252],[-92.6428265792329,18.522785023803028],[-92.64288665897026,18.522784110506507],[-92.64294368877874,18.522788223617958],[-92.64300957109114,18.522807360848596],[-92.64304985485963,18.522754209309273],[-92.64308050916458,18.52272761036175],[-92.64311922022391,18.522703973074915],[-92.64315695013204,18.522689053475748],[-92.64321445922478,18.522689610452588],[-92.64325151979182,18.522642653488504],[-92.64328617977739,18.52262538953633],[-92.64331965027995,18.522625743355135],[-92.64335362982298,18.52263410059028],[-92.64338559966193,18.52262318960692],[-92.64342785926212,18.52261558983526],[-92.64345717896778,18.522613112950005],[-92.64348917974183,18.52260050070546],[-92.64349722694381,18.52257767118133],[-92.64352390884169,18.522559960750954],[-92.64356474951833,18.52254734257568],[-92.64360590930188,18.522524900728417],[-92.64363888960801,18.52251033980009],[-92.64368027985464,18.52248828050136],[-92.64377807858291,18.52245550002199],[-92.64383141867192,18.522432750683805],[-92.64391134947275,18.522425300122453],[-92.64396358905591,18.522359870325552],[-92.64397776882467,18.52234647024966],[-92.64400122865831,18.522346210944576],[-92.64401996863539,18.52235451251721],[-92.64403750918505,18.52237405388486],[-92.64406137998235,18.522385729654964],[-92.6440832193141,18.522382590592596],[-92.6440944290679,18.52237330051949],[-92.64411501975968,18.522355770868234],[-92.64413413871601,18.52234157397107],[-92.64415617673444,18.52231409870305],[-92.64416465994354,18.52227454398877],[-92.64416272009944,18.522237622725683],[-92.64414285856262,18.52220688338359],[-92.64411580031448,18.522161484357458],[-92.64408047999882,18.522114483975034],[-92.64403590938016,18.522068929512574],[-92.64399134949642,18.52202191377702],[-92.64397605107531,18.52197643501094],[-92.64395150996495,18.52188717351108],[-92.64394753987268,18.52187293074995],[-92.64391734167869,18.521824268870382],[-92.64391141985992,18.521789299615428],[-92.64390879988257,18.521759284682606],[-92.64406831868978,18.521720390850223],[-92.64412065062854,18.52171133091803],[-92.64413624891041,18.521761482569755],[-92.64418275174982,18.52180950083965],[-92.64420158026375,18.521845773198574],[-92.6442231097636,18.521888083359613],[-92.64422308085643,18.521934901392147],[-92.64422733969779,18.52196552994682],[-92.64424038215581,18.522006358967065],[-92.6442531418636,18.52202829950288],[-92.64426639991582,18.522042712953088],[-92.64427614959928,18.52205088411118],[-92.64430393862719,18.52205904036114],[-92.64433626001762,18.52206401104742],[-92.64436870889537,18.52207358948987],[-92.64441190881507,18.522069080747094],[-92.64446104990051,18.52206260966558],[-92.64448385041099,18.522039630248006],[-92.64448038029417,18.522008853146293],[-92.64450035037783,18.52199789974259],[-92.64454231480208,18.521983069584355],[-92.64455967976974,18.52197397985767],[-92.6445892497739,18.521972940386835],[-92.64462934016176,18.521971649585854],[-92.6446748298249,18.52196586959299],[-92.64470304978178,18.521970009642903],[-92.64475285001619,18.521945373446997],[-92.64478627964046,18.521931729966738],[-92.6448135100707,18.52192819034135],[-92.64483970976413,18.52191085323619],[-92.64484942720497,18.521888840583422],[-92.64486045017262,18.52187763976942],[-92.64487610978323,18.521863743259992],[-92.64488965972127,18.521856790045163],[-92.64490658035835,18.521850190159558],[-92.64492680024104,18.521841682773115],[-92.64494577122984,18.521838210685146],[-92.64495189009216,18.521826683417064],[-92.64496265994534,18.52181885955179],[-92.64496987720825,18.521804869559794],[-92.6449837402494,18.52180402026499],[-92.64500209026674,18.521803049713306],[-92.64501308872259,18.521781960299336],[-92.645022906032,18.521765930359667],[-92.64504527984927,18.521748499930286],[-92.6450645484576,18.52172726925009],[-92.64507276708598,18.52171146980434],[-92.64509088004735,18.521693912622982],[-92.64512407999653,18.521684080085723],[-92.64514668958931,18.521671619657088],[-92.6451936596705,18.521623960274525],[-92.64524563048847,18.521609342625673],[-92.64527195042531,18.52157385039994],[-92.64531731000697,18.52155506982418],[-92.64535983000162,18.521525513322302],[-92.64537324996391,18.52151211295929],[-92.6453809503059,18.521510282887824],[-92.64538951964666,18.52150791022116],[-92.64539781974646,18.52149654334326],[-92.6454202295607,18.52149035980525],[-92.64544151612174,18.521487224207117],[-92.6454634299628,18.521488589655068],[-92.64548229030133,18.521479943076525],[-92.64550713995929,18.521477252582798],[-92.6455609705598,18.521450411392916],[-92.6455723471072,18.521426158656986],[-92.64556954993856,18.52140997299597],[-92.64558561987825,18.521400439713595],[-92.64560102023093,18.521396423116602],[-92.64561874021881,18.521386269842242],[-92.64564074984578,18.52138222339524],[-92.64567110971242,18.521374199904333],[-92.64570838009683,18.52135629006265],[-92.64574759992729,18.521345619958865],[-92.64577638023167,18.521326772996435],[-92.64578418039035,18.521323512591042],[-92.64579354009031,18.52131782998081],[-92.64580608011264,18.521315600402122],[-92.6458218597841,18.521311819633695],[-92.64583477019588,18.521308540264805],[-92.64584930992987,18.521296390424887],[-92.64586593961593,18.521291899909055],[-92.64589789025405,18.521279372960763],[-92.6459237102256,18.521275839583947],[-92.64597697026548,18.52128167015569],[-92.64601478044226,18.521272343247798],[-92.64602497768337,18.521221241620456],[-92.6460757798874,18.5212214531181],[-92.64611105490512,18.521220299946474],[-92.64613166008326,18.521211452754024],[-92.64614632123738,18.521203041451145],[-92.64616484593657,18.521177759430817],[-92.64618574967564,18.521162010261786],[-92.6462002298462,18.5211635599773],[-92.64621702980494,18.52116003953674],[-92.64623602978075,18.521160779850938],[-92.64626997981601,18.52117597988218],[-92.64627911990176,18.521178253419947],[-92.64629625038947,18.52115442262678],[-92.6463182795539,18.521130052714984],[-92.64635522955592,18.52111420954944],[-92.64638375039004,18.521105010269206],[-92.64641363420343,18.521112270022304],[-92.64643044965037,18.52114034971901],[-92.64645190975733,18.521141690383423],[-92.646468480356,18.5211400202166],[-92.6464785703099,18.52110874312509],[-92.64649531303415,18.521088159351606],[-92.64650202025246,18.521065453040027],[-92.64650917133729,18.52102010001694],[-92.64652459980765,18.520986830237103],[-92.64652594039171,18.520928090281704],[-92.64664980011584,18.520848719981473],[-92.64667397131547,18.520983191315878],[-92.64695816852671,18.520940257976978],[-92.6470534603281,18.521839020019055],[-92.64774330981408,18.521754980032963],[-92.64850262938926,18.52166645274951],[-92.64855305919583,18.521661370195417],[-92.64859291201977,18.521653922007967],[-92.64857958683436,18.521322700408234],[-92.64912400927551,18.520921048089942],[-92.64935433912368,18.520793507696258],[-92.64934101488033,18.520686907809054],[-92.64933665601896,18.520631083226096],[-92.64923874992542,18.519376919835132],[-92.64872523028309,18.515451890112956],[-92.64989318415628,18.515392649226296],[-92.65021379187746,18.515382862839626],[-92.65024516928642,18.515379032864033],[-92.65027731852157,18.51538003844149],[-92.65048592319503,18.515374861464608],[-92.65057683329286,18.515370864765217],[-92.65058232005683,18.5153977503287],[-92.65056691222256,18.51542331013622],[-92.65055950188098,18.515462570565195],[-92.6505511914814,18.51549442366404],[-92.65054088689465,18.515527940057062],[-92.65053026019798,18.51556557998749],[-92.65051789027726,18.51560166032493],[-92.65049838168461,18.51563987075062],[-92.65050039970764,18.515659030313703],[-92.65051517040783,18.515666939636052],[-92.65052501020605,18.515688489894778],[-92.65053641967488,18.515726430255096],[-92.6505454803825,18.515800999790986],[-92.65056912038905,18.515819219647817],[-92.65058389028852,18.51585711989414],[-92.65061613999202,18.516002969870886],[-92.6506293693092,18.516092640359236],[-92.65066701997279,18.51624935032488],[-92.65067639977804,18.516297572724657],[-92.6506763103363,18.516339750441997],[-92.65069455740753,18.51674293681255],[-92.65069467377306,18.516745515106585],[-92.65069793327625,18.516817536019634],[-92.65070365998199,18.516944079860895],[-92.65070360043406,18.516968177799892],[-92.65071309012541,18.51697423010684],[-92.65071937970684,18.516986287192516],[-92.65070353997082,18.516998318325985],[-92.6506845402619,18.517013350378807],[-92.6506686603918,18.517037428928315],[-92.65063700243499,18.51705543899952],[-92.65066544999902,18.5171050566086],[-92.65068904793269,18.517198301308206],[-92.65069343008305,18.517291870190153],[-92.65071518024546,18.517391918542128],[-92.65070582979507,18.517445859714183],[-92.6506994187443,18.51748425564934],[-92.65068405987203,18.517514889967757],[-92.65066365970594,18.517548149582247],[-92.65064062983025,18.517597179590304],[-92.6506295730311,18.517599996163217],[-92.65065791700245,18.51766329876385],[-92.65068953971728,18.51767540993129],[-92.65071482482536,18.517681500026953],[-92.65070931946593,18.517697116732982],[-92.65070528014444,18.517708577743683],[-92.65074412018397,18.517743320140216],[-92.65075817967993,18.517758319708374],[-92.6507775997412,18.517776169745158],[-92.650793569649,18.517797829724966],[-92.65080515034812,18.517813947296357],[-92.65080884994352,18.51788042737231],[-92.65080877783124,18.517888024486687],[-92.65080841952445,18.517925518662533],[-92.65082420044648,18.517964347119165],[-92.65083131041004,18.51801834666537],[-92.65083897786131,18.51804019335994],[-92.65083945915028,18.518101107833868],[-92.65083654000523,18.518141377261596],[-92.65084033982106,18.518163159946727],[-92.65084662002906,18.51818426003325],[-92.65082762960056,18.518193250063256],[-92.65083422997486,18.51824045697535],[-92.65084164888158,18.518283190355664],[-92.65085885009823,18.518398177788562],[-92.65082790970901,18.518449458625255],[-92.6508450280773,18.51850309930948],[-92.65085288990214,18.518512686895686],[-92.65086565013954,18.518532087438793],[-92.65086579041773,18.518538845303194],[-92.65086613887438,18.518555675435298],[-92.65085661995013,18.518575457905584],[-92.65086501665276,18.518594733628998],[-92.65085593936179,18.518621260084245],[-92.65085287969622,18.51863568691435],[-92.65087735026358,18.518630176917174],[-92.65088947980037,18.518628869995002],[-92.65091175093882,18.51862359031737],[-92.65091477889625,18.518634730572806],[-92.65091904947775,18.518655288347052],[-92.6509089197687,18.518663380063668],[-92.65090255015555,18.518684457820935],[-92.65090880028033,18.518720626864933],[-92.65092137035137,18.51876582677169],[-92.65092688003942,18.51878251670978],[-92.65093201911056,18.518802900033883],[-92.65094246020672,18.51883051865492],[-92.65093615038649,18.518869533134083],[-92.65093905760816,18.518903707420215],[-92.65094005951482,18.518915489650784],[-92.65094193118499,18.5189244947108],[-92.65094944979573,18.51896068743697],[-92.65096831780599,18.519011934057897],[-92.65097080152324,18.51904835194145],[-92.65097139964145,18.519057129869175],[-92.65097969640681,18.519132242513187],[-92.65098071870996,18.519141503934023],[-92.65097758985517,18.519193423976425],[-92.65097745108685,18.51919572973832],[-92.65098611564662,18.519240183126172],[-92.65098684956028,18.51924394801834],[-92.65099628918138,18.519269989764595],[-92.65101477589675,18.51929530076187],[-92.65104150955274,18.51931577825072],[-92.65101830940978,18.51933136776607],[-92.65100873998257,18.519364488502763],[-92.65102747930793,18.519482009598065],[-92.6510366488377,18.519539214600854],[-92.65103762861948,18.51954930591082],[-92.65104050996933,18.519579010325412],[-92.65104411962331,18.519609519168988],[-92.65103975029506,18.519638917166766],[-92.6510591201667,18.519693779132268],[-92.65104471335118,18.519731990162036],[-92.65106074043001,18.51980145725004],[-92.65106693976465,18.519842009844186],[-92.65108225034786,18.519902039570052],[-92.6511142284328,18.519951672140238],[-92.65112420047844,18.519992176722923],[-92.65115304728893,18.52009261285303],[-92.65116807014628,18.52022347888355],[-92.65118900888096,18.520309139824903],[-92.65120614130608,18.52037957179308],[-92.6511947202158,18.520465231865504],[-92.6511813947695,18.520558507399844],[-92.65117758820443,18.52067652916541],[-92.65119852740598,18.520724117623267],[-92.65124421245979,18.52079645279472],[-92.6512727661685,18.520884018160206],[-92.65127276553487,18.52097729187965],[-92.65127086175146,18.52104772380929],[-92.651278476578,18.521184780796712],[-92.65126174010717,18.5212270267664],[-92.65127430989132,18.521269179576453],[-92.65132172061229,18.52128435871494],[-92.65135012038968,18.52132357673358],[-92.65135954021439,18.521359747365096],[-92.65138799971496,18.52136279011524],[-92.65139427737618,18.52138993277816],[-92.65138151781501,18.521438108147567],[-92.65137829038312,18.521474256658617],[-92.65139087711609,18.521501394063563],[-92.65139393871276,18.52154959784701],[-92.65138123023321,18.521582716414336],[-92.65136848956192,18.521627878434792],[-92.65136210883438,18.521653910917014],[-92.65137787964021,18.521684059808763],[-92.65137777927688,18.52172021804784],[-92.65137538105245,18.521744470694628],[-92.6513796300201,18.521761456719165],[-92.65138717998613,18.521778717221945],[-92.65139977026071,18.52179857878922],[-92.65139315057738,18.521820017455703],[-92.65136488317503,18.521843703072133],[-92.65137748033172,18.521867826599905],[-92.65139959965884,18.521888947209547],[-92.65142169018252,18.521913086910356],[-92.65144697063656,18.52192518933309],[-92.6514627399444,18.521949317213753],[-92.65146585967486,18.521973428277057],[-92.65143731922485,18.52199747780934],[-92.65140884936903,18.52200947810816],[-92.65138979992085,18.522033536406088],[-92.65139226704291,18.522062405251752],[-92.65139288959726,18.522069687439544],[-92.65141814973187,18.522099856799723],[-92.65145070947753,18.522117949135573],[-92.65144114952876,18.522257117342495],[-92.65151420002506,18.52225368722617],[-92.65149085009233,18.521992075876472],[-92.6514869796617,18.52194079809389],[-92.65148411003518,18.521842258720962],[-92.6515212799409,18.521837546595336],[-92.65155473967873,18.52183746986347],[-92.65157991956335,18.52184228902648],[-92.65158647449573,18.52187138247411],[-92.6515925494615,18.521898348373302],[-92.65159707842953,18.521936904334034],[-92.65159875483829,18.52196460300332],[-92.6515996890021,18.521980044030347],[-92.6515984329453,18.522005736322313],[-92.6515981110389,18.522012330308414],[-92.6516083787439,18.52206576038642],[-92.65161457978505,18.522093190313146],[-92.65161824759154,18.522105304550685],[-92.65162170389836,18.52212924884354],[-92.65162261879016,18.52213559335967],[-92.65162502937015,18.52218344829069],[-92.65162642715279,18.52221269039645],[-92.65162702912207,18.522225469846052],[-92.65162380134595,18.52226161021555],[-92.65163633965071,18.52231887006361],[-92.6516393503366,18.52238815981194],[-92.65163927973019,18.522430330880024],[-92.65164036983727,18.5224671400705],[-92.65164292346755,18.522493356183094],[-92.65162149012639,18.522496372882784],[-92.65159644977098,18.52249811297023],[-92.65157024953713,18.52250084009095],[-92.65152901977665,18.522499790012752],[-92.65147671998027,18.52249370019245],[-92.65146194631464,18.522508329987105],[-92.65143342012566,18.522550453174222],[-92.65138663059938,18.522688240931473],[-92.65142540041957,18.522704512578922],[-92.6514390496959,18.522758943201435],[-92.65143797977625,18.522796252741472],[-92.65142466033684,18.522806329754843],[-92.65138338102503,18.52280507159635],[-92.65138749241513,18.522847159389375],[-92.65140130917266,18.52288133118592],[-92.6514074901346,18.522950623427427],[-92.65140420048827,18.52301088268194],[-92.65145481996238,18.52308310079857],[-92.65146272031195,18.52310619004007],[-92.65146722975143,18.523125469543036],[-92.65147618123693,18.52317723974034],[-92.65148921929317,18.523215901193634],[-92.65145752007243,18.523236912767555],[-92.6514310165743,18.523254531381834],[-92.65142333983265,18.523275022765333],[-92.65143714030108,18.523295373267512],[-92.65148098034314,18.523323343160538],[-92.6515048197753,18.52331834325777],[-92.651529250215,18.52330133013365],[-92.65154521959451,18.523298639776996],[-92.65156414007069,18.523298989922647],[-92.65159279960561,18.52329748969951],[-92.6516201395896,18.523289890004904],[-92.65165461963605,18.523273740239226],[-92.65168827966636,18.523262349618513],[-92.65172376993844,18.523261779848887],[-92.65176150980497,18.523294259834266],[-92.65181023420095,18.523327070089042],[-92.65183985966215,18.523370280417332],[-92.65184505005325,18.52340317320741],[-92.65185525014701,18.52342608277269],[-92.65185767952326,18.523463883209704],[-92.65186233945163,18.523478810780187],[-92.65188736992107,18.52349452971567],[-92.65191328983975,18.523495360081906],[-92.6519381484123,18.523491041166917],[-92.65181926371007,18.523286390922507],[-92.65191872281311,18.523236530032925],[-92.65222488636648,18.52382369904561],[-92.65221777141919,18.523834410952542],[-92.65218652005937,18.523846222844426],[-92.6521337745465,18.523849209925743],[-92.652100140292,18.523849343061915],[-92.65198134213409,18.52387172971397],[-92.65198934064556,18.52389579000206],[-92.6520015494688,18.52394498971616],[-92.65211392034769,18.523923543254554],[-92.65211515004822,18.52397420961735],[-92.65207766008854,18.523984299900395],[-92.65200280417665,18.523993789419727],[-92.65204448300607,18.524054211446774],[-92.65207961899041,18.524181009561595],[-92.65213379968617,18.524180822585862],[-92.65216221957276,18.524200223240946],[-92.65216963057543,18.524235899753585],[-92.6521757498123,18.52426563995889],[-92.65218074023355,18.524311280458065],[-92.6521909403568,18.524342569815907],[-92.65222979961044,18.524373660195813],[-92.65227121767376,18.52445864122774],[-92.65223877238654,18.524482731752105],[-92.65223944645443,18.52451600903693],[-92.65220942007595,18.524566883222853],[-92.65227782093258,18.524642374881445],[-92.65227250953693,18.524730422911777],[-92.65221594992775,18.524754773218877],[-92.65222614043743,18.5247939429925],[-92.65227230888638,18.52482826994342],[-92.65226704953193,18.524891852950773],[-92.65224130883165,18.524916272067955],[-92.6522360926461,18.52495540852701],[-92.65225657014295,18.524994573092748],[-92.65229758024118,18.525028912606896],[-92.65233346393907,18.525073009546563],[-92.65237447803999,18.525135330932038],[-92.65236919978776,18.525198912791204],[-92.6523639526622,18.525252730134063],[-92.65238950785618,18.525321269893887],[-92.65237391963493,18.52540930028839],[-92.6523686526927,18.525477788327372],[-92.65239937804688,18.52552187063443],[-92.65243016984937,18.525541499650107],[-92.65249182014634,18.525541599828145],[-92.65254315041926,18.525561279621],[-92.6525794908009,18.525613558940826],[-92.65261329037396,18.525673961015425],[-92.65263588568193,18.52575452795992],[-92.65261101996703,18.525792683230076],[-92.6526058211834,18.5258278703477],[-92.65260702038385,18.525841913171124],[-92.65260974037112,18.52587505307452],[-92.65262328969601,18.52589131315045],[-92.65265890973478,18.52590714260881],[-92.65269148957967,18.525948022870164],[-92.65267445038499,18.52600354295718],[-92.65268767854768,18.52605018977316],[-92.65278838203407,18.526031591256036],[-92.65281068010722,18.52610599994562],[-92.65274943023216,18.52612625042012],[-92.652767480241,18.526228940419475],[-92.6527520803875,18.52626081979871],[-92.6527400311636,18.52629473701604],[-92.6527453995578,18.526360299570978],[-92.65274865088071,18.52638989845591],[-92.65274907862268,18.52639379032146],[-92.65279665514008,18.526434809809988],[-92.65284089145672,18.526473792097597],[-92.65285405989893,18.52656265260638],[-92.65286217995654,18.52659448723318],[-92.65285501991227,18.526635579592373],[-92.65283188128844,18.52668864863544],[-92.65283216897852,18.52671579212439],[-92.65283232065003,18.526730055419442],[-92.65284367997565,18.526801823310894],[-92.65293591738357,18.526801476874102],[-92.65292206007666,18.52685208019866],[-92.6529211199215,18.526877799585755],[-92.6528880038425,18.52693899278355],[-92.65289545042711,18.5269732232601],[-92.65295195276958,18.526973330100862],[-92.65298167977579,18.527035082945556],[-92.6530018930017,18.527114358047633],[-92.6530365803429,18.527161000471995],[-92.65307715005045,18.527197370179245],[-92.65310599942885,18.527250427361658],[-92.65309825980799,18.527329339809537],[-92.65314680014902,18.527383250143657],[-92.653161449441,18.52744613476403],[-92.65315995065552,18.527488024016172],[-92.65319742984221,18.52754434643278],[-92.65319713841845,18.527547925085294],[-92.65318880344842,18.52765029757531],[-92.65321367015214,18.527690420991437],[-92.65321859958819,18.52769837038839],[-92.65323340667929,18.527762868261952],[-92.6532366289001,18.52777690011428],[-92.65329356983625,18.52783031313297],[-92.65333850966461,18.527883742621572],[-92.65339100316022,18.527924329846055],[-92.65343125641297,18.52799936212289],[-92.65341394963119,18.52807313545496],[-92.65335766190248,18.528113283506492],[-92.65340957980602,18.528170942815485],[-92.65343221993719,18.528297142843567],[-92.65347012078867,18.528404129627766],[-92.65348980168258,18.52848589829266],[-92.65354762988527,18.52856819075741],[-92.65358506014505,18.52872064967762],[-92.65352402033224,18.528778170410654],[-92.65355125999872,18.528802859935855],[-92.6535820920511,18.52883756136164],[-92.65360974808034,18.528925732318516],[-92.6536058304371,18.528986623181844],[-92.65369748103777,18.529214209448078],[-92.6537844003282,18.529392653212792],[-92.65395991970479,18.52953615963107],[-92.65413495252542,18.52971330005744],[-92.65418651982003,18.529816943072735],[-92.65419969426692,18.529843903028397],[-92.65420474339345,18.529853801553323],[-92.65420879997797,18.529861740131427],[-92.65422811511985,18.52990055655959],[-92.65423767983275,18.529919772623007],[-92.65432504979742,18.530253110066564],[-92.65439141785708,18.530506318852392],[-92.65446486023298,18.53078650969266],[-92.65448048585061,18.530822475493434],[-92.65455272181403,18.53098873310482],[-92.65479126027476,18.53194362311695],[-92.65482989880799,18.532057285418038],[-92.65483758021199,18.53207988041092],[-92.65483926323445,18.53208567332348],[-92.6548449524961,18.532105243105715],[-92.65492287923826,18.532330287371447],[-92.65492292323884,18.532435858403954],[-92.65492308203257,18.532818810592286],[-92.65495642184645,18.532939193518338],[-92.654970030845,18.532988300166977],[-92.65498193900082,18.53303130443985],[-92.65497373552965,18.533077634121742],[-92.65496655091579,18.533118214811424],[-92.65496454038222,18.533129579363397],[-92.6549652228591,18.533135780694252],[-92.65498662020939,18.533330259791587],[-92.65498943346869,18.533355945481148],[-92.65498989084149,18.53336010040819],[-92.65503237970951,18.533612972611216],[-92.6551176820754,18.533989929198036],[-92.65516083113688,18.5340913297877],[-92.65516860000344,18.534116109577365],[-92.6552137106086,18.534175839789942],[-92.6552476754938,18.53424253246308],[-92.65521135026461,18.534300509801238],[-92.65509541542123,18.534342363539],[-92.65508695569598,18.534345418408325],[-92.65517064872316,18.534789359707776],[-92.65521827964966,18.534814653425617],[-92.65525278029062,18.534945222749904],[-92.65542340149736,18.53490407162718],[-92.6554603493964,18.53511231550119],[-92.65533390965099,18.535053539983593],[-92.65525538121335,18.535066749956652],[-92.65526798172056,18.53513812402759],[-92.65529528956966,18.53529279957442],[-92.65524214989384,18.535366090373262],[-92.6551788300172,18.5354477097024],[-92.6551678598431,18.535547340983975],[-92.65516518207612,18.5355716701442],[-92.65523131938504,18.535789271126298],[-92.65541970987172,18.535776376213292],[-92.65541239974394,18.535863339888063],[-92.6553386298752,18.535899770257238],[-92.65533951987116,18.535946374082627],[-92.65540248022272,18.536149712868845],[-92.6554538620786,18.536290129201998],[-92.65552093782074,18.536416101050715],[-92.65558322997761,18.536426319995705],[-92.65559087995389,18.536448879552108],[-92.65564699975408,18.53647207957052],[-92.65566651992691,18.536530283332766],[-92.65571796958729,18.536563712920593],[-92.65572775019234,18.536617145963415],[-92.6556929996816,18.536675350421337],[-92.65563434996928,18.536703479611692],[-92.65558546077443,18.53673448897968],[-92.65559355004281,18.53683102327498],[-92.65565691952015,18.536958517541738],[-92.65564887969644,18.537027030040946],[-92.65561511039704,18.537132088961325],[-92.65562225029701,18.537199482964482],[-92.65563465889639,18.537263410327853],[-92.65566345989475,18.537266499678214],[-92.65567089011209,18.537215253224513],[-92.65573077979104,18.537204652992436],[-92.65578839931797,18.537230827578387],[-92.65578709909096,18.53729990465322],[-92.65578630989583,18.53734185585404],[-92.65569123004872,18.537342969874317],[-92.65553106158976,18.53734872032646],[-92.65555017014266,18.5374248827561],[-92.65559054945444,18.537654239878734],[-92.65575511210504,18.537732442439253],[-92.65579595078768,18.537881099629733],[-92.65586953957364,18.53814154318283],[-92.65591453975753,18.538372023248833],[-92.6559614195632,18.5385327131106],[-92.65603605986972,18.53878702341382],[-92.65607746046912,18.538952189891113],[-92.6561322197226,18.539211452757122],[-92.65619618069104,18.539424389605443],[-92.65626387988762,18.539652653005284],[-92.65629157012192,18.53979437314618],[-92.65615366232565,18.539826209767647],[-92.6563100598605,18.54033874286512],[-92.65651217724867,18.540704772764336],[-92.65657483233696,18.54080746915557],[-92.65661960181248,18.540867209839483],[-92.65668886032813,18.540951279894326],[-92.65666817962325,18.541011022553743],[-92.65658511016575,18.541047900077224],[-92.65646361976287,18.541117882734667],[-92.65633132169127,18.54119469935384],[-92.65636789015116,18.541302972591907],[-92.65645034019948,18.54142142260253],[-92.65659368329985,18.54155621004286],[-92.6566686005762,18.541700638919743],[-92.65672046161627,18.541795188802134],[-92.65684057454526,18.54192716012705],[-92.65686408063533,18.542029853700985],[-92.6568765130977,18.542084174854967],[-92.65689220020083,18.54222082326373],[-92.65689271014489,18.542342112625203],[-92.65697474667964,18.542493761003055],[-92.65694302015264,18.542650372610776],[-92.6570313652983,18.542750407753775],[-92.65687022988972,18.542919052605374],[-92.65705999784889,18.54338901072113],[-92.6570424703886,18.543550315165064],[-92.65707661968588,18.54368142311808],[-92.65715374831991,18.543837211074276],[-92.65714731642875,18.543958376195036],[-92.65723069175016,18.54406433178016],[-92.65723837979614,18.544099482866546],[-92.65723043797493,18.544116839743047],[-92.65719934044066,18.544144359931096],[-92.65718302998992,18.544163223066327],[-92.65718528040841,18.54417928328796],[-92.6571962799854,18.54420145281249],[-92.65720164963909,18.54423284010487],[-92.65720615009623,18.54428882268201],[-92.6572361241958,18.544326498673954],[-92.65730744987847,18.544427240595866],[-92.65731535005419,18.544451852795525],[-92.65733111864515,18.544501611213267],[-92.65733526005165,18.544535943061856],[-92.65733930964268,18.544581682878665],[-92.65735403033821,18.544598159886323],[-92.65737031016798,18.544612110164056],[-92.65737577957958,18.54462951341061],[-92.65738451983384,18.544661890393407],[-92.65738605964621,18.544681223039472],[-92.657393689877,18.544713452960487],[-92.65738960087927,18.54473072581647],[-92.65738926035812,18.544783682797593],[-92.65739980023201,18.544831010002316],[-92.65740160046131,18.544853972962606],[-92.65742170971386,18.544868529722116],[-92.65745242028949,18.544873543169356],[-92.65749314963638,18.5448807426226],[-92.65749862963636,18.544883143224958],[-92.65750278021905,18.544886282786358],[-92.65751125042215,18.544908052773575],[-92.65751454029864,18.54491455971191],[-92.65751544607737,18.54491895843952],[-92.65751294032958,18.544923369817873],[-92.65751025059714,18.544927440533822],[-92.65749937045707,18.544933622657798],[-92.65747051991691,18.54494822299196],[-92.65745770955158,18.54495817301193],[-92.657453449977,18.544963773078436],[-92.65745352042842,18.544967622835475],[-92.65745391305109,18.544970988386634],[-92.65745627818175,18.544974931039967],[-92.6574679200933,18.544982482762848],[-92.65748542040971,18.54499342269666],[-92.65750530987462,18.545019882801366],[-92.65752135765862,18.545057427772942],[-92.65753735074733,18.545084608597527],[-92.65755292199593,18.545114328872874],[-92.65757019997595,18.54514331280454],[-92.65757588035163,18.54519111035866],[-92.65757792042999,18.545216419961395],[-92.65758023970339,18.54524508533847],[-92.65760864946297,18.545291930944092],[-92.65761417028634,18.545339253324013],[-92.65761125980622,18.54537391278593],[-92.65763674993963,18.545427023179524],[-92.657641679549,18.54544962310084],[-92.65764665121091,18.54548939016377],[-92.65765536970538,18.545549559534166],[-92.65765854041572,18.54557417313994],[-92.65763840013214,18.545608742787522],[-92.65764382016344,18.545665283284286],[-92.65766634982822,18.545730622622738],[-92.65761036974158,18.545764560351593],[-92.65761261990457,18.54582108320576],[-92.65761177952218,18.545857423247323],[-92.6576182297242,18.545889683170945],[-92.65762557889794,18.54591504107104],[-92.6576435995867,18.545930942528013],[-92.65767094001231,18.545948699898695],[-92.65767079958911,18.545991822885775],[-92.65765735064078,18.546063759896544],[-92.65766514025134,18.54613274309757],[-92.65773978109083,18.546148811756282],[-92.657754310042,18.54624342327405],[-92.65781705471339,18.54632356089266],[-92.65778565314436,18.546426608702774],[-92.65784528192204,18.54656815836721],[-92.65790666195333,18.546655559011025],[-92.65796625043531,18.546737512703125],[-92.65798930914714,18.546795190592917],[-92.65805537967191,18.54683062300023],[-92.6581482603519,18.546877082908352],[-92.658165969646,18.54694837291252],[-92.6581642201496,18.54697537310921],[-92.658155037077,18.546994097621],[-92.65813042380476,18.54700784080468],[-92.65811341836586,18.547029271941295],[-92.65810471956014,18.547061742991552],[-92.65811715004257,18.54717425287948],[-92.65821584824647,18.54742396136411],[-92.65821325039579,18.54744191295471],[-92.6582096298293,18.547457689583197],[-92.65820925957334,18.547474240703323],[-92.65820986041658,18.547495960073952],[-92.65819317978773,18.547512682708952],[-92.65819667990775,18.5475375426813],[-92.65820096971399,18.5475527603238],[-92.65820428917898,18.54757210036083],[-92.65822751999933,18.547590099871346],[-92.65826516962977,18.547596670344884],[-92.6583081699017,18.547635913030398],[-92.65834531001256,18.547657943067495],[-92.65838937821724,18.54769623912926],[-92.65837074925919,18.5477765597219],[-92.65835512440417,18.54786749783292],[-92.65838714002304,18.547911682798127],[-92.65842782999985,18.547956512623543],[-92.6584570512162,18.547995759618093],[-92.65847757968643,18.548047172818478],[-92.65850372000344,18.54809294305337],[-92.65853997014011,18.548135789794255],[-92.65858259838537,18.54818026765789],[-92.6586210204493,18.54821022324748],[-92.65864317179111,18.54828566859504],[-92.65866955004654,18.548336943268502],[-92.65870241959092,18.548386622895187],[-92.6587216328536,18.548432409280263],[-92.6587544195118,18.54847077339922],[-92.65874634378699,18.548497498900282],[-92.65876230978284,18.548531912592033],[-92.65876425928539,18.548553100081197],[-92.6587947803462,18.548568823181718],[-92.65881888001506,18.548592349994916],[-92.65881538011062,18.548619280358125],[-92.65883578028702,18.548628772613565],[-92.6588490006274,18.548664529160767],[-92.65886138105448,18.54869616042612],[-92.65888210887283,18.548746330812868],[-92.6588813400846,18.548783519796295],[-92.65886249079479,18.548848960425474],[-92.65886285031323,18.548921542797224],[-92.65888520196795,18.54896655854425],[-92.65893333961112,18.549040283005297],[-92.65897428003866,18.549107682799992],[-92.65896159972836,18.549231222603662],[-92.65900313967045,18.549307682771012],[-92.65907470975957,18.549366542852653],[-92.65910097782991,18.549426331281683],[-92.65909823015858,18.54945031287692],[-92.65909557979697,18.54946771256744],[-92.65909320063389,18.54949113030298],[-92.65909428075305,18.549508040143174],[-92.65909617021225,18.54952193036411],[-92.6590985400082,18.549536082640987],[-92.65910497505905,18.549587330142497],[-92.65658991031711,18.550679150221058],[-92.65613684962965,18.54944696959059],[-92.65790562006606,18.548674979939484],[-92.6579337701793,18.54866285981464],[-92.65762283337871,18.547882633707378],[-92.65757260131004,18.547733330049663],[-92.65756419183343,18.54770996031632],[-92.65750062174016,18.547533302676555],[-92.65743983105291,18.54737276000659],[-92.65737964992331,18.54720354329103],[-92.65731931066026,18.54704678975595],[-92.6571949102707,18.54672371335561],[-92.65706155013602,18.546312740320584],[-92.65683935091484,18.54565349984157],[-92.65680725574705,18.545561711328727],[-92.65656063001882,18.544856373696824],[-92.65649948014831,18.544707010213074],[-92.65647164362274,18.544636527448144],[-92.656426821377,18.544523034131963],[-92.65639859970707,18.544448883365302],[-92.65637040062339,18.544378990214955],[-92.65632448144821,18.544282439873545],[-92.65627857979248,18.544204372887265],[-92.65621824974656,18.544099623174287],[-92.65616230996925,18.5440187802649],[-92.6559628900635,18.543816230263605],[-92.65577121954773,18.54368379974822],[-92.65557109045601,18.543551110121328],[-92.65539452022357,18.54340997280894],[-92.65524483183883,18.54321978937027],[-92.65514542130052,18.543027499280033],[-92.65508319999357,18.542854372604285],[-92.65472048102913,18.541806159857487],[-92.65465988381183,18.541659024295],[-92.65454548438736,18.541324849704083]]]]}},{"type":"Feature","properties":{"POLY_ID":49.0,"CVEGEO":"270050001","NOM_ENT":"Tabasco","NOM_MUN":"Comalcalco","NOMGEO":"Comalcalco","CABECERA":"Si","POB1":43035.0,"POB2":1565.0,"POB2_R":3.6,"POB4":2039.0,"POB4_R":4.7,"POB5":4222.0,"POB5_R":9.8,"POB6":5002.0,"POB6_R":11.6,"POB7":2167.0,"POB7_R":5.0,"POB8":9993.0,"POB8_R":23.3,"POB9":2003.0,"POB9_R":4.7,"POB10":6606.0,"POB10_R":15.4,"POB11":9771.0,"POB11_R":22.7,"POB12":29116.0,"POB12_R":67.8,"POB13":4603.0,"POB13_R":10.7,"POB14":12428.0,"POB14_R":28.9,"POB15":5028.0,"POB15_R":11.7,"POB17":41395.0,"POB17_R":96.4,"POB18":40042.0,"POB18_R":93.2,"POB19":35134.0,"POB19_R":81.8,"POB20":32967.0,"POB20_R":76.7,"POB21":30964.0,"POB21_R":72.1,"POB22":26361.0,"POB22_R":61.4,"POB23":5740.0,"POB23_R":13.4,"POB24":3851.0,"POB24_R":9.0,"POB25":2424.0,"POB25_R":5.6,"POB42":22773.0,"POB42_R":53.0,"POB43":786.0,"POB43_R":1.8,"POB45":1013.0,"POB45_R":2.4,"POB46":2108.0,"POB46_R":4.9,"POB47":2543.0,"POB47_R":5.9,"POB48":1127.0,"POB48_R":2.6,"POB49":5034.0,"POB49_R":11.7,"POB50":1020.0,"POB50_R":2.4,"POB51":3290.0,"POB51_R":7.7,"POB52":5024.0,"POB52_R":11.7,"POB53":11781.0,"POB53_R":27.4,"POB54":15530.0,"POB54_R":36.1,"POB55":2270.0,"POB55_R":5.3,"POB56":6757.0,"POB56_R":15.7,"POB57":2738.0,"POB57_R":6.4,"POB59":21949.0,"POB59_R":51.1,"POB60":21286.0,"POB60_R":49.5,"POB61":18828.0,"POB61_R":43.8,"POB62":17701.0,"POB62_R":41.2,"POB63":16681.0,"POB63_R":38.8,"POB64":14411.0,"POB64_R":33.5,"POB65":3182.0,"POB65_R":7.4,"POB66":2171.0,"POB66_R":5.1,"POB67":1384.0,"POB67_R":3.2,"POB84":20262.0,"POB84_R":47.2,"POB85":779.0,"POB85_R":1.8,"POB87":1026.0,"POB87_R":2.4,"POB88":2114.0,"POB88_R":4.9,"POB89":2459.0,"POB89_R":5.7,"POB90":1040.0,"POB90_R":2.4,"POB91":4959.0,"POB91_R":11.5,"POB92":983.0,"POB92_R":2.3,"POB93":3316.0,"POB93_R":7.7,"POB94":4747.0,"POB94_R":11.0,"POB95":13586.0,"POB95_R":31.6,"POB96":2333.0,"POB96_R":5.4,"POB97":5671.0,"POB97_R":13.2,"POB98":2290.0,"POB98_R":5.3,"POB100":19446.0,"POB100_R":45.3,"POB101":18756.0,"POB101_R":43.7,"POB102":16306.0,"POB102_R":38.0,"POB103":15266.0,"POB103_R":35.5,"POB104":14283.0,"POB104_R":33.2,"POB105":11950.0,"POB105_R":27.8,"POB106":2558.0,"POB106_R":6.0,"POB107":1680.0,"POB107_R":3.9,"POB108":1040.0,"POB108_R":2.4,"POB125_R":89.0,"POB126_R":47.5,"POB127_R":34.3,"POB128_R":13.2,"POB129_R":32.0,"POB130_R":33.0,"POB131_R":31.0,"POB132_R":57.4,"POB133_R":63.2,"POB134_R":51.6,"POB3":2918.0,"POB3_R":6.8,"POB16":1889.0,"POB16_R":4.4,"POB26":3480.0,"POB26_R":8.1,"POB27":3595.0,"POB27_R":8.4,"POB28":3376.0,"POB28_R":7.9,"POB29":3230.0,"POB29_R":7.5,"POB30":3165.0,"POB30_R":7.4,"POB31":3274.0,"POB31_R":7.6,"POB32":3180.0,"POB32_R":7.4,"POB33":3108.0,"POB33_R":7.2,"POB34":2866.0,"POB34_R":6.7,"POB35":2770.0,"POB35_R":6.4,"POB36":2258.0,"POB36_R":5.3,"POB37":1427.0,"POB37_R":3.3,"POB38":963.0,"POB38_R":2.2,"POB39":639.0,"POB39_R":1.5,"POB40":423.0,"POB40_R":1.0,"POB41":399.0,"POB41_R":0.9,"POB44":1449.0,"POB44_R":3.4,"POB58":1011.0,"POB58_R":2.4,"POB68":1743.0,"POB68_R":4.1,"POB69":1842.0,"POB69_R":4.3,"POB70":1641.0,"POB70_R":3.8,"POB71":1649.0,"POB71_R":3.8,"POB72":1734.0,"POB72_R":4.0,"POB73":1755.0,"POB73_R":4.1,"POB74":1732.0,"POB74_R":4.0,"POB75":1724.0,"POB75_R":4.0,"POB76":1546.0,"POB76_R":3.6,"POB77":1520.0,"POB77_R":3.5,"POB78":1218.0,"POB78_R":2.8,"POB79":787.0,"POB79_R":1.8,"POB80":507.0,"POB80_R":1.2,"POB81":360.0,"POB81_R":0.8,"POB82":257.0,"POB82_R":0.6,"POB83":260.0,"POB83_R":0.6,"POB86":1469.0,"POB86_R":3.4,"POB99":878.0,"POB99_R":2.0,"POB109":1737.0,"POB109_R":4.0,"POB110":1753.0,"POB110_R":4.1,"POB111":1735.0,"POB111_R":4.0,"POB112":1581.0,"POB112_R":3.7,"POB113":1431.0,"POB113_R":3.3,"POB114":1519.0,"POB114_R":3.5,"POB115":1448.0,"POB115_R":3.4,"POB116":1384.0,"POB116_R":3.2,"POB117":1320.0,"POB117_R":3.1,"POB118":1250.0,"POB118_R":2.9,"POB119":1040.0,"POB119_R":2.4,"POB120":640.0,"POB120_R":1.5,"POB121":456.0,"POB121_R":1.1,"POB122":279.0,"POB122_R":0.6,"POB123":166.0,"POB123_R":0.4,"POB124":139.0,"POB124_R":0.3,"OID_1":49,"COORD_X":476598.877538,"COORD_Y":2019436.27896,"Field":1330},"geometry":{"type":"MultiPolygon","coordinates":[[[[-93.23280475007375,18.288376481448235],[-93.23289632019566,18.28783378093799],[-93.23302433898259,18.287105380392568],[-93.23315511011356,18.28633557022286],[-93.23234971949486,18.286200461367653],[-93.23235604953156,18.286175620071116],[-93.23086379889338,18.285886509694453],[-93.23066317195338,18.28584945100028],[-93.22998708015851,18.286123260006143],[-93.22890505949314,18.285924919797893],[-93.2288842196442,18.286024629972015],[-93.2287363430288,18.286908369554638],[-93.22328213916943,18.286177511122755],[-93.22119010885744,18.285923680544617],[-93.22091613994148,18.286786540765622],[-93.21719659952473,18.28646346045695],[-93.21598253976344,18.28635800080091],[-93.21528599882477,18.286281051095166],[-93.2148161395362,18.286229140299646],[-93.21415907964273,18.28588740000974],[-93.21332797858953,18.285455289872978],[-93.21227257978381,18.285154220924902],[-93.21159628936842,18.284971030209817],[-93.21115794946552,18.284866890081638],[-93.21109319880819,18.284832450423917],[-93.21107213981082,18.284808480676755],[-93.21031121873794,18.28394278108033],[-93.21018811925966,18.284030349528376],[-93.20995754969309,18.284069819699628],[-93.20955002019116,18.284070259659487],[-93.20851778022042,18.283884430461313],[-93.20789528922359,18.28376751120946],[-93.20673819938659,18.283558260805073],[-93.20577451868823,18.283377000363394],[-93.20520568014764,18.283276320787014],[-93.20530685888154,18.282705481107204],[-93.20554291974678,18.281343540245906],[-93.2057452189769,18.2801755202153],[-93.20588431011281,18.279293030482098],[-93.20595174900622,18.278904279658793],[-93.20606768030603,18.27820391018812],[-93.20621831968282,18.278227750827],[-93.20815781923953,18.278534879891065],[-93.20994064889742,18.278831852809038],[-93.21199643012584,18.279172801463854],[-93.21254321958351,18.279253171283557],[-93.21259456959656,18.279260719761027],[-93.21305501923867,18.27933546027329],[-93.2136185676378,18.27942254007277],[-93.21265705879436,18.276900019919335],[-93.21245625930587,18.276416629568647],[-93.21226017901095,18.275914910075382],[-93.2109348795418,18.27244885988617],[-93.21088834891204,18.272329830756483],[-93.21042791028826,18.271170171402595],[-93.21366087872548,18.2711820304237],[-93.21524002001767,18.271185689671768],[-93.21611493636127,18.27118230257262],[-93.21698984915282,18.271178891135424],[-93.21700160180697,18.2708411920747],[-93.21789858718499,18.27086961243362],[-93.21807078533638,18.268195516094117],[-93.21740778586391,18.268344571781764],[-93.21706303368394,18.267008966905433],[-93.21492545961405,18.267312780012187],[-93.21475151915112,18.26585156985206],[-93.21384444883402,18.266017021294175],[-93.21370559976397,18.265370720328644],[-93.21056265884668,18.26570954023788],[-93.21051322870332,18.264874220994106],[-93.21033150881804,18.263364880144355],[-93.21153276942536,18.26324188019157],[-93.21244221068206,18.263139679112005],[-93.21333359904602,18.263044839947458],[-93.21396891008716,18.262975430023612],[-93.21396421999303,18.262462340766344],[-93.21402647995421,18.26005005112155],[-93.2123397390411,18.25992752044672],[-93.20756930952605,18.259422479838072],[-93.20752257972507,18.259417110928933],[-93.20580409015531,18.25921943015438],[-93.20550992021734,18.258436110329626],[-93.2044467836227,18.255691143770893],[-93.204147509911,18.254918430013234],[-93.20720407887974,18.25555971603364],[-93.20841172039857,18.25581749025357],[-93.21123947907304,18.256274769949844],[-93.21262770886635,18.256499720892815],[-93.21286031507758,18.256523249861267],[-93.21308825963871,18.2565462804749],[-93.21329674002826,18.255351380416663],[-93.2132322795886,18.25428731990448],[-93.21321723011633,18.253667830508757],[-93.213211138663,18.25319388091186],[-93.21317214939782,18.25215074092245],[-93.21284965158287,18.251537380359533],[-93.21254817980883,18.251585150981263],[-93.21245910975834,18.25135674014878],[-93.21197556952123,18.251497030665988],[-93.21102252015301,18.25168226138277],[-93.21024908380495,18.251660310256018],[-93.20874096923599,18.251617450719987],[-93.20736802943085,18.251598080207394],[-93.20525069006305,18.251537721076602],[-93.20283527854271,18.251480539999747],[-93.20269431918622,18.25114017034189],[-93.20247056941548,18.250596510759777],[-93.20240507987623,18.25043738096102],[-93.20185407172343,18.248990769903568],[-93.201853061577,18.248988127590042],[-93.20129727906642,18.247528970495477],[-93.2011819100972,18.247468430585908],[-93.2011551201109,18.247387770507935],[-93.2010037802317,18.246932089905638],[-93.20078164973361,18.246323620893424],[-93.20050666014608,18.245575720248357],[-93.2004384888414,18.24540246031099],[-93.20033170905857,18.24508662096665],[-93.20016917982737,18.244694910090377],[-93.19996416872031,18.24414847980778],[-93.19944937921657,18.24286991084606],[-93.2021012292928,18.242662050044693],[-93.20311976893989,18.242574800229356],[-93.20318128909898,18.24250031024474],[-93.20309030959038,18.241959861110555],[-93.20297856922915,18.241235340280305],[-93.20304422877479,18.241196110752437],[-93.20409964854946,18.241217031038875],[-93.20419208003835,18.241212399818302],[-93.20429185972831,18.241215751108484],[-93.20458685916198,18.24123586020189],[-93.20532593832716,18.24126542046594],[-93.20657150966696,18.24124379969833],[-93.20772865908988,18.240975031310768],[-93.20723979951507,18.24013497065481],[-93.20728391025254,18.239793260829845],[-93.20733328951957,18.239391800752788],[-93.2077001487996,18.239367400908858],[-93.20817114894969,18.239336315385742],[-93.20824657903941,18.23932224961219],[-93.20865045951615,18.23925192078836],[-93.2093400790549,18.23911803003908],[-93.20938813892303,18.23910910978989],[-93.20944404865566,18.239087220141652],[-93.20999191975523,18.238933290226182],[-93.21037651897427,18.23881431032869],[-93.21078494017591,18.238703090333754],[-93.21176190936146,18.23886418073658],[-93.21197426017122,18.238896911054628],[-93.21217077945636,18.238927181325575],[-93.21270562983766,18.239011170245607],[-93.21320544047268,18.23911974975197],[-93.21443520026445,18.239392580270806],[-93.21442011940557,18.239478770036346],[-93.21737402956137,18.239838799637443],[-93.21958280039674,18.24014413960679],[-93.22017857828905,18.240239081034176],[-93.22103851010661,18.240385151209026],[-93.22174398033715,18.240410741054898],[-93.22198191991778,18.240482451169246],[-93.22261509029144,18.240732861516232],[-93.22300873956978,18.240808220142164],[-93.22374537206511,18.240884008170724],[-93.22447122990725,18.240957419881692],[-93.22448204971563,18.241369840259576],[-93.22455290030744,18.2416620603635],[-93.22457939465923,18.24172991950227],[-93.22461765885465,18.241827929885662],[-93.2247143089592,18.24201454103818],[-93.22495634875678,18.242446689591446],[-93.22540714950588,18.24322037030808],[-93.22614337986923,18.24424737001388],[-93.227253879698,18.24546534011288],[-93.22729308886996,18.245496489754842],[-93.2282687395331,18.2445923799285],[-93.22881814909233,18.244214250809243],[-93.22929359929593,18.243876600917996],[-93.23062781976806,18.242926340090392],[-93.23063933987855,18.242950980373966],[-93.23076757036054,18.243512820820175],[-93.23141265922156,18.246455579752787],[-93.23138962983298,18.247006170342893],[-93.23156864982396,18.24893406080204],[-93.23171234870256,18.250475819507876],[-93.23190692012682,18.25058231011746],[-93.2320924503313,18.250787883184433],[-93.23233193944714,18.251041630353864],[-93.232635449547,18.251314601130048],[-93.23280737020954,18.251426940356506],[-93.23303648962235,18.251497400858156],[-93.23321171305024,18.25154865118386],[-93.23341724838659,18.251599850310864],[-93.23345773995285,18.251648019756214],[-93.23346121961558,18.25174128031113],[-93.23336767832821,18.252015380502307],[-93.23336733972506,18.252051024324036],[-93.23338047913175,18.25212806116183],[-93.23342096947029,18.252233680286864],[-93.23348758026235,18.252411320278398],[-93.23353762958442,18.252619490056556],[-93.23357777936283,18.252783920271415],[-93.23358214876698,18.2529122803669],[-93.23354264981815,18.25321317444324],[-93.2335119099732,18.253477399962073],[-93.23345548022908,18.253764229682783],[-93.23329214003654,18.253816750367825],[-93.23223579932227,18.254156400189476],[-93.23232631997031,18.25589077636203],[-93.23232424950025,18.257371290838748],[-93.23233910898472,18.257500710375435],[-93.23244447997908,18.258827170399158],[-93.2324963392446,18.2595036211872],[-93.23253874035134,18.260056740877538],[-93.23093224991517,18.26011351989743],[-93.23090742887175,18.260847140166028],[-93.2302957391075,18.260791249949623],[-93.22987788012884,18.260761249629716],[-93.2295822595178,18.260730111452087],[-93.22937374971922,18.260708119984397],[-93.2296591391613,18.261929950174597],[-93.2297792199019,18.26253292126584],[-93.2312280010139,18.262715913969313],[-93.2315054645154,18.2627509580459],[-93.23160803530925,18.262033940812],[-93.23290331260839,18.262173884300154],[-93.23282530035766,18.26270098966434],[-93.23725861061025,18.26333914000608],[-93.23727099769512,18.263340922579854],[-93.23791868462968,18.263288046774328],[-93.23808932526087,18.26329903069885],[-93.24086630270537,18.263477754171564],[-93.24088463184832,18.26380416330775],[-93.24122482688722,18.263824922323955],[-93.24132585670436,18.264508305254104],[-93.24109876594667,18.265100755079164],[-93.23792111604703,18.264715163930273],[-93.23787657400477,18.26470978472695],[-93.23696985430942,18.264600288209888],[-93.23679283487635,18.265418695500863],[-93.23432462763947,18.265103980726153],[-93.23263510320626,18.26488852911074],[-93.23198419761982,18.264804032425214],[-93.23093953329273,18.26466841405461],[-93.23116483955702,18.266899638503887],[-93.23096388016316,18.268135502575838],[-93.23261534865009,18.26833696679623],[-93.23263366003512,18.268335249661895],[-93.23263116984377,18.268358600010966],[-93.2323832114018,18.268876057036337],[-93.22998066488691,18.268646039169873],[-93.22974301529354,18.269421602099793],[-93.231628549419,18.269703464912443],[-93.23145544643536,18.27048934625977],[-93.230878518459,18.270430566231084],[-93.23073472310482,18.271094340792978],[-93.23256904668811,18.271341720330817],[-93.2324376381733,18.272043124054495],[-93.22969470514322,18.271693261757388],[-93.229652595572,18.27197801421125],[-93.23143398552627,18.272222267545338],[-93.23127861933268,18.272848693223395],[-93.22843567872766,18.27246142765948],[-93.22837262973539,18.272713891080237],[-93.22823977963425,18.27337852054461],[-93.22812824932853,18.27399106104566],[-93.22800288854766,18.274586920923426],[-93.22783853839613,18.275296640053348],[-93.2278379500321,18.275366971126065],[-93.22748831844699,18.27599682118577],[-93.22681377009899,18.277156600609633],[-93.22655786013186,18.277596620364008],[-93.22649474925245,18.27770509078717],[-93.22621119947576,18.278192619423297],[-93.23212246020559,18.279498780621047],[-93.23190385886441,18.280480380803816],[-93.23178271906812,18.28097225011121],[-93.23172045920941,18.281237431354583],[-93.23362814922729,18.281782020372912],[-93.2350481402613,18.28217929001223],[-93.23520621990015,18.281946580101977],[-93.23582467987636,18.281071220009032],[-93.23667344957262,18.279890223850895],[-93.23702964915124,18.280069110386002],[-93.23801565941325,18.28054923039054],[-93.23832693850517,18.28070485027311],[-93.23983900005716,18.281224551131828],[-93.23988831933599,18.281239630218945],[-93.23991857966452,18.281250709988818],[-93.24095847916719,18.281677371372115],[-93.24223244914788,18.282203849541347],[-93.24304948889863,18.282533230257453],[-93.2439951997525,18.282916579970003],[-93.24442719895653,18.283079620667262],[-93.24431231958103,18.28341825039265],[-93.24416790967999,18.283853319680095],[-93.24402338009052,18.2842184512932],[-93.24383621886344,18.28471225072425],[-93.24363874933786,18.285216150672337],[-93.24455244968127,18.2854214010212],[-93.2448141487901,18.28547542095778],[-93.2446456885945,18.286107110929887],[-93.24452784951085,18.28668411083663],[-93.24443948036361,18.287127820462867],[-93.24446939922493,18.28731265047698],[-93.24456211015732,18.287608249802343],[-93.24470426019847,18.287913250765612],[-93.24486284924363,18.28818045004612],[-93.24497188859426,18.28837222006268],[-93.24498370559115,18.28854657262496],[-93.24499953326566,18.288780078398517],[-93.24501564974814,18.289017850138315],[-93.24375242959756,18.288804420300036],[-93.24302667898877,18.288681785000595],[-93.24300125991078,18.288677489916],[-93.24299211941499,18.288746689893873],[-93.24259217109115,18.2899501709858],[-93.24211892522773,18.29132636618878],[-93.24179961902566,18.292232368031186],[-93.24176837962126,18.292449619982598],[-93.23884594932679,18.291972971053955],[-93.2383201700313,18.29188595731624],[-93.23829773903354,18.291882436955838],[-93.2372391513921,18.291728719815605],[-93.23618436319659,18.2915688354126],[-93.23224145458268,18.29094906754427],[-93.23236637687471,18.28943986902471],[-93.23268270888566,18.289137720642643],[-93.23271014992216,18.2889580497163],[-93.23280475007375,18.288376481448235]]]]}},{"type":"Feature","properties":{"POLY_ID":52.0,"CVEGEO":"270050016","NOM_ENT":"Tabasco","NOM_MUN":"Comalcalco","NOMGEO":"Cocohital","CABECERA":"No","POB1":2939.0,"POB2":159.0,"POB2_R":5.4,"POB4":205.0,"POB4_R":7.0,"POB5":350.0,"POB5_R":11.9,"POB6":401.0,"POB6_R":13.6,"POB7":158.0,"POB7_R":5.4,"POB8":872.0,"POB8_R":29.7,"POB9":171.0,"POB9_R":5.8,"POB10":461.0,"POB10_R":15.7,"POB11":654.0,"POB11_R":22.3,"POB12":1832.0,"POB12_R":62.3,"POB13":290.0,"POB13_R":9.9,"POB14":791.0,"POB14_R":26.9,"POB15":296.0,"POB15_R":10.1,"POB17":2780.0,"POB17_R":94.6,"POB18":2644.0,"POB18_R":90.0,"POB19":2225.0,"POB19_R":75.7,"POB20":2067.0,"POB20_R":70.3,"POB21":1896.0,"POB21_R":64.5,"POB22":1606.0,"POB22_R":54.6,"POB23":326.0,"POB23_R":11.1,"POB24":235.0,"POB24_R":8.0,"POB25":169.0,"POB25_R":5.8,"POB42":1453.0,"POB42_R":49.4,"POB43":78.0,"POB43_R":2.7,"POB45":101.0,"POB45_R":3.4,"POB46":167.0,"POB46_R":5.7,"POB47":190.0,"POB47_R":6.5,"POB48":76.0,"POB48_R":2.6,"POB49":422.0,"POB49_R":14.4,"POB50":76.0,"POB50_R":2.6,"POB51":225.0,"POB51_R":7.7,"POB52":326.0,"POB52_R":11.1,"POB53":723.0,"POB53_R":24.6,"POB54":912.0,"POB54_R":31.0,"POB55":149.0,"POB55_R":5.1,"POB56":397.0,"POB56_R":13.5,"POB57":141.0,"POB57_R":4.8,"POB59":1375.0,"POB59_R":46.8,"POB60":1305.0,"POB60_R":44.4,"POB61":1107.0,"POB61_R":37.7,"POB62":1031.0,"POB62_R":35.1,"POB63":955.0,"POB63_R":32.5,"POB64":806.0,"POB64_R":27.4,"POB65":167.0,"POB65_R":5.7,"POB66":119.0,"POB66_R":4.0,"POB67":81.0,"POB67_R":2.8,"POB84":1486.0,"POB84_R":50.6,"POB85":81.0,"POB85_R":2.8,"POB87":104.0,"POB87_R":3.5,"POB88":183.0,"POB88_R":6.2,"POB89":211.0,"POB89_R":7.2,"POB90":82.0,"POB90_R":2.8,"POB91":450.0,"POB91_R":15.3,"POB92":95.0,"POB92_R":3.2,"POB93":236.0,"POB93_R":8.0,"POB94":328.0,"POB94_R":11.2,"POB95":920.0,"POB95_R":31.3,"POB96":141.0,"POB96_R":4.8,"POB97":394.0,"POB97_R":13.4,"POB98":155.0,"POB98_R":5.3,"POB100":1405.0,"POB100_R":47.8,"POB101":1339.0,"POB101_R":45.6,"POB102":1118.0,"POB102_R":38.0,"POB103":1036.0,"POB103_R":35.3,"POB104":941.0,"POB104_R":32.0,"POB105":800.0,"POB105_R":27.2,"POB106":159.0,"POB106_R":5.4,"POB107":116.0,"POB107_R":3.9,"POB108":88.0,"POB108_R":3.0,"POB125_R":102.3,"POB126_R":60.4,"POB127_R":47.6,"POB128_R":12.8,"POB129_R":28.0,"POB130_R":28.0,"POB131_R":28.0,"POB132_R":37.4,"POB133_R":39.6,"POB134_R":35.3,"POB3":295.0,"POB3_R":10.0,"POB16":91.0,"POB16_R":3.1,"POB26":298.0,"POB26_R":10.1,"POB27":279.0,"POB27_R":9.5,"POB28":258.0,"POB28_R":8.8,"POB29":203.0,"POB29_R":6.9,"POB30":193.0,"POB30_R":6.6,"POB31":225.0,"POB31_R":7.7,"POB32":221.0,"POB32_R":7.5,"POB33":192.0,"POB33_R":6.5,"POB34":153.0,"POB34_R":5.2,"POB35":154.0,"POB35_R":5.2,"POB36":142.0,"POB36_R":4.8,"POB37":66.0,"POB37_R":2.2,"POB38":75.0,"POB38_R":2.6,"POB39":48.0,"POB39_R":1.6,"POB40":25.0,"POB40_R":0.9,"POB41":21.0,"POB41_R":0.7,"POB44":148.0,"POB44_R":5.0,"POB58":48.0,"POB58_R":1.6,"POB68":143.0,"POB68_R":4.9,"POB69":131.0,"POB69_R":4.5,"POB70":117.0,"POB70_R":4.0,"POB71":108.0,"POB71_R":3.7,"POB72":101.0,"POB72_R":3.4,"POB73":117.0,"POB73_R":4.0,"POB74":115.0,"POB74_R":3.9,"POB75":93.0,"POB75_R":3.2,"POB76":72.0,"POB76_R":2.4,"POB77":65.0,"POB77_R":2.2,"POB78":76.0,"POB78_R":2.6,"POB79":38.0,"POB79_R":1.3,"POB80":33.0,"POB80_R":1.1,"POB81":26.0,"POB81_R":0.9,"POB82":9.0,"POB82_R":0.3,"POB83":13.0,"POB83_R":0.4,"POB86":147.0,"POB86_R":5.0,"POB99":43.0,"POB99_R":1.5,"POB109":155.0,"POB109_R":5.3,"POB110":148.0,"POB110_R":5.0,"POB111":141.0,"POB111_R":4.8,"POB112":95.0,"POB112_R":3.2,"POB113":92.0,"POB113_R":3.1,"POB114":108.0,"POB114_R":3.7,"POB115":106.0,"POB115_R":3.6,"POB116":99.0,"POB116_R":3.4,"POB117":81.0,"POB117_R":2.8,"POB118":89.0,"POB118_R":3.0,"POB119":66.0,"POB119_R":2.2,"POB120":28.0,"POB120_R":1.0,"POB121":42.0,"POB121_R":1.4,"POB122":22.0,"POB122_R":0.7,"POB123":16.0,"POB123_R":0.5,"POB124":8.0,"POB124_R":0.3,"OID_1":52,"COORD_X":462942.497787,"COORD_Y":2034462.74767,"Field":624},"geometry":{"type":"MultiPolygon","coordinates":[[[[-93.33954990659599,18.409838922497332],[-93.33950217888614,18.4095730300616],[-93.33947845944778,18.40932423085687],[-93.33944891211698,18.408898650176127],[-93.33944491877911,18.408808349705865],[-93.33944435036547,18.40851874993461],[-93.33940598112336,18.408159384928002],[-93.3394049697466,18.408149910017123],[-93.33935043004985,18.407733539647204],[-93.33930226016727,18.407383849867024],[-93.33923949963666,18.407232744894674],[-93.33912159011913,18.40696671045926],[-93.33882351043663,18.406191739853984],[-93.33869179996168,18.405900150115855],[-93.33866915028442,18.40581891029668],[-93.33857739952177,18.405527000071622],[-93.33850648186875,18.405047370414465],[-93.33850566014294,18.404626309938113],[-93.33851792604233,18.404533120400984],[-93.33857151795442,18.404176943979447],[-93.33857955047164,18.404111775021775],[-93.33861758039559,18.40373560017861],[-93.3386174201053,18.40364985995736],[-93.33858202996622,18.403424813020006],[-93.33860865998938,18.403021970111762],[-93.33867174029844,18.402677889748052],[-93.33875108992795,18.40238528008394],[-93.33881449020316,18.402245920459734],[-93.33890414950375,18.402047208540075],[-93.33914201966927,18.40168225029981],[-93.33933632024006,18.401428219708677],[-93.3395661703467,18.401202769618624],[-93.33982062019179,18.40094998028164],[-93.34017504995722,18.40060215008908],[-93.34045808527007,18.400298519571272],[-93.34062626984418,18.400094120408955],[-93.3407994899879,18.39989337021479],[-93.34108897992115,18.39960654033883],[-93.34177816922809,18.398929298503557],[-93.34199252020629,18.398719309797773],[-93.34226202209219,18.39842656977596],[-93.34252994026598,18.398131949622435],[-93.34274766021885,18.39788608986314],[-93.34283109026087,18.397777539606032],[-93.34298931952239,18.3975733703944],[-93.34322837997787,18.39721633955248],[-93.34332046037785,18.397064920149607],[-93.34333553987815,18.39703665990368],[-93.34338124962677,18.39692394458249],[-93.34352766027071,18.39642836976036],[-93.34362075952725,18.39613640007183],[-93.34365920963322,18.39598340966591],[-93.34372968024554,18.39561734012797],[-93.34377774205953,18.395298850033328],[-93.34381822997044,18.394959920213065],[-93.34383782020566,18.394755030224992],[-93.34384380631695,18.394632334942468],[-93.34383740041636,18.394546600122922],[-93.34381088985789,18.39439494958019],[-93.34375025020739,18.394042760443632],[-93.34367235031712,18.393799930207273],[-93.34362088013742,18.393661080352263],[-93.3434877422345,18.393305949848795],[-93.34335837012217,18.39292931962885],[-93.3432162203759,18.392663250252777],[-93.34312219988941,18.39249545961192],[-93.342986340352,18.392260110406323],[-93.34278854016877,18.392004948104837],[-93.34266175025657,18.391809059899842],[-93.34256153962156,18.391647820010476],[-93.34245265532918,18.391524140043458],[-93.34242559547044,18.391502218704492],[-93.34235883566566,18.391448140633422],[-93.34219618565213,18.391300709944108],[-93.34198728987049,18.391075000083916],[-93.34182197945863,18.390846688063604],[-93.34170034997038,18.390577579566212],[-93.3416764199688,18.390497050328122],[-93.34158591993487,18.39018334018807],[-93.3411929000539,18.38951245013807],[-93.34109768002374,18.389337510061527],[-93.34101491029435,18.38916619003185],[-93.34063613983541,18.3885620000546],[-93.34023442998485,18.38791236012165],[-93.33984317965113,18.387344460020735],[-93.33954521968688,18.386995379663585],[-93.33866701987712,18.386176720254138],[-93.33825471989336,18.385863889682025],[-93.33702446027597,18.385071050236377],[-93.33662354970387,18.384770904231207],[-93.336323489967,18.384493819566064],[-93.33547272047706,18.383722949919147],[-93.33524691006765,18.383525020376275],[-93.33507678579471,18.383353087441584],[-93.33485781999842,18.383090230097512],[-93.33473102010988,18.38287477023548],[-93.33421932021085,18.381797620292872],[-93.33400021977349,18.381419049556712],[-93.33324554968145,18.38016836959425],[-93.33409500609086,18.37929640900783],[-93.33447805764105,18.37890320497657],[-93.3345951887901,18.37878296880706],[-93.33470370067118,18.378671579319107],[-93.33561800036811,18.377733029829265],[-93.33599728965937,18.378340709609084],[-93.3363466548138,18.378989369817184],[-93.3367327699867,18.379758430237008],[-93.33709574042723,18.380576539702414],[-93.337285499548,18.380958509722426],[-93.33773439969993,18.38151299018119],[-93.33852311953646,18.382394580351086],[-93.33919382972734,18.38280485007348],[-93.34004691991944,18.38328836996063],[-93.3405225497175,18.383625238562782],[-93.34098570985626,18.384005850157358],[-93.34162654981073,18.384625399758367],[-93.34190718032721,18.38489972046278],[-93.3423363399179,18.385419109965632],[-93.34284617999378,18.386100850082805],[-93.34350250972076,18.387065549965058],[-93.34366781990228,18.387293774688736],[-93.34380022481683,18.38751397962285],[-93.34397868029434,18.387857800264868],[-93.34404599962163,18.388020460333827],[-93.34430580020043,18.388702029656137],[-93.34596966015768,18.388157089561506],[-93.34648008046673,18.387985950054503],[-93.34767728026762,18.387419539975834],[-93.34848658588228,18.387041728531155],[-93.34899657944628,18.386669528365967],[-93.34928163802559,18.3864558568167],[-93.35114528454771,18.385648020422405],[-93.35278554974798,18.38494681965078],[-93.35305731978397,18.38638554965752],[-93.35536991188809,18.386309350078324],[-93.3563739503155,18.38632801960099],[-93.35831390977083,18.386657750054695],[-93.35941592000046,18.387047079861286],[-93.36114084007507,18.387732089797908],[-93.36116637044057,18.387812179574514],[-93.36124936155015,18.388040687316767],[-93.36131803018046,18.388213779610204],[-93.36145621995666,18.38856751958561],[-93.36162467174896,18.389000940142434],[-93.36170172014964,18.389180830118875],[-93.36190525037404,18.389635479658946],[-93.36225327979797,18.39042957955421],[-93.3623479700005,18.390655170385617],[-93.36240068991641,18.390892289980208],[-93.36259313219072,18.391769020550694],[-93.36268284218164,18.392181980502308],[-93.36276182979279,18.39253336984404],[-93.36282954040472,18.39278386000582],[-93.36288818013676,18.39301168974539],[-93.3629290801603,18.39336157040434],[-93.36297817993056,18.393827080139065],[-93.3630068596576,18.394115740059615],[-93.363090360158,18.394756820321113],[-93.36382326019117,18.394858680341418],[-93.36367162028168,18.395224770362276],[-93.36346299977534,18.395722829637773],[-93.36330875037591,18.396087660154446],[-93.36322174979122,18.39630830974311],[-93.36303720014247,18.396751599763455],[-93.36280065987155,18.39727784953894],[-93.36264654019425,18.397615149601435],[-93.36247197972672,18.39800366013781],[-93.3622795802312,18.398441510451505],[-93.3617882550652,18.39956234494233],[-93.36157588960951,18.40009561990569],[-93.36141579957787,18.400470769671596],[-93.36118269018785,18.401000890027817],[-93.36099360043914,18.40141422043736],[-93.36059259965027,18.40196698035653],[-93.35967439985724,18.40242385492475],[-93.35931625944629,18.402566215320455],[-93.35885144961414,18.402750977266194],[-93.35847624988004,18.40297082006891],[-93.35748305976614,18.403484199976777],[-93.35636546046996,18.40370543988672],[-93.3554212601165,18.403968480104904],[-93.3545157402558,18.404139289836344],[-93.35425571318041,18.404511740623793],[-93.35269615011418,18.404674770226148],[-93.35229074977073,18.40490665975118],[-93.35121807015557,18.405518380052627],[-93.35056854351052,18.40552999166513],[-93.35016640937461,18.40553717966641],[-93.34921262989637,18.40561482036995],[-93.34858545968947,18.4057983200991],[-93.34701811968944,18.40626171993099],[-93.3456009703667,18.406964950140548],[-93.34417491981961,18.4076434502527],[-93.34290754471763,18.408089420089777],[-93.3427973200382,18.408237120277544],[-93.34278465016656,18.408505545432142],[-93.34279065007583,18.409327769946277],[-93.34284429005147,18.409618449812086],[-93.34303054004387,18.409938399662074],[-93.34315628981122,18.410176480104447],[-93.34338676984602,18.410538490344095],[-93.34360375036078,18.4107572304455],[-93.34385609004595,18.410940880311053],[-93.3442895998619,18.411184520175148],[-93.34487794000408,18.411466314026097],[-93.34510539757945,18.411599448695444],[-93.3453721302026,18.41175557038874],[-93.34600494017187,18.412196879664357],[-93.34665095048804,18.412600249642875],[-93.3471686003491,18.412897220050343],[-93.34789723042218,18.41328706022344],[-93.34856076989435,18.41362295034963],[-93.35000482483686,18.41438470980809],[-93.3504781097983,18.414573490402887],[-93.35086288999318,18.414711854128345],[-93.35157031999309,18.414904379576633],[-93.35221178018145,18.41501696968008],[-93.35310471616359,18.415116430353446],[-93.35464569036716,18.415092509776034],[-93.35555914040805,18.41503603006091],[-93.35667042038118,18.41491173975583],[-93.35724036982822,18.414876950306464],[-93.35771337493615,18.41492239985029],[-93.35822188017602,18.415060509810782],[-93.35949147999776,18.41567337018007],[-93.35984439009582,18.415889945197616],[-93.36002588467578,18.416011859652127],[-93.36017753701853,18.41611804878592],[-93.36044493229316,18.416305280156998],[-93.36080382998391,18.41667890990275],[-93.36098113979241,18.416887454446954],[-93.36117869035743,18.417170280225033],[-93.36137597028824,18.41748506018347],[-93.36188175022798,18.418252570013625],[-93.36359591000208,18.41739822008116],[-93.36416725586264,18.41861851992545],[-93.36438008976994,18.419088807889608],[-93.36482603032384,18.42000973986289],[-93.36519519023705,18.42089281957181],[-93.36544168983173,18.421825200203937],[-93.3697625196954,18.421414050303593],[-93.37018475041471,18.42143410037565],[-93.36987608977863,18.422075649737053],[-93.36959194613983,18.42241482816986],[-93.36936029043312,18.42270551992267],[-93.36912748961602,18.422973700033285],[-93.36887274977734,18.42320952010499],[-93.36870312041019,18.423346030133345],[-93.36843551986605,18.423478970200755],[-93.36825379995614,18.423568620448073],[-93.36766944932837,18.423791644604957],[-93.36740376271885,18.42386475676582],[-93.36731247032748,18.423889880155475],[-93.36689149028484,18.42395758020728],[-93.36623764979137,18.423979059700386],[-93.36522235043928,18.424054249819132],[-93.36504474519151,18.424111315390125],[-93.36473031024528,18.424026000381915],[-93.3645372659627,18.423936220696184],[-93.36435857990028,18.423797220384586],[-93.36384242989688,18.42367647989253],[-93.36334528988563,18.423570489740065],[-93.36280407984846,18.423386799678266],[-93.36212521988904,18.423120859726346],[-93.36177857960728,18.422816690283526],[-93.36155945025051,18.422623120242907],[-93.36134466021032,18.422476290061045],[-93.36103077044758,18.422294819685767],[-93.36084475686505,18.42225382486079],[-93.36078849035647,18.422200089630095],[-93.36069733963085,18.422217689588653],[-93.36028370965772,18.42240487994294],[-93.36015307974702,18.4224550197211],[-93.3600368304736,18.42248039973195],[-93.35998789029057,18.422495630433904],[-93.35987348978117,18.422529249817522],[-93.35978521968168,18.422554114751154],[-93.35974933988048,18.422563030287304],[-93.35969421971976,18.422575679654408],[-93.35964823023103,18.42258725745239],[-93.35956544986257,18.422612849878288],[-93.35941735015511,18.422655859874062],[-93.35925599969582,18.42269768980935],[-93.35895812788462,18.422788449841782],[-93.35908438031814,18.42176728006418],[-93.3591655200147,18.42109291685111],[-93.3591605195453,18.420343420349397],[-93.35912555028177,18.420061579607328],[-93.35884211990273,18.41933038010181],[-93.35841096954087,18.418623220100805],[-93.35788809610962,18.418424250306145],[-93.35763745233542,18.418349430429252],[-93.35737617973518,18.418307279736002],[-93.35617802487586,18.41822667998821],[-93.35544231013847,18.418159224710276],[-93.35482741977262,18.41813415008173],[-93.35380653995797,18.418159000293045],[-93.35285603034656,18.418144379629847],[-93.35180726021008,18.418031590297907],[-93.35078063020423,18.417961420095345],[-93.35048495041163,18.417909510119852],[-93.35014885003905,18.417813300125186],[-93.34910302995814,18.41740874990868],[-93.3485594895449,18.41718357993667],[-93.34795320602692,18.416907600489385],[-93.34743699998862,18.416643029877676],[-93.34633585960567,18.416078019769653],[-93.34538511955965,18.415472279941298],[-93.34470101988076,18.41504179987482],[-93.34396144971326,18.414564950078923],[-93.34357956999645,18.41430628769471],[-93.3433632724125,18.41416964152517],[-93.34318302981247,18.414055774626004],[-93.34287802514346,18.413886769587748],[-93.34220265987513,18.413497539613992],[-93.34198590965708,18.4133458103958],[-93.34183009318104,18.413214843383603],[-93.34167113987951,18.413081244086566],[-93.34152987987319,18.412951029627173],[-93.34121886046964,18.412653779652423],[-93.34094638037254,18.41234068026829],[-93.34079085963236,18.41214147989076],[-93.34061276193003,18.41190483494926],[-93.34022184986308,18.411282140131547],[-93.33993148959013,18.410902599912912],[-93.33975504966685,18.41055075034629],[-93.33964268974859,18.410222970337554],[-93.33955651004175,18.409875704396626],[-93.33954990659599,18.409838922497332]]]]}},{"type":"Feature","properties":{"POLY_ID":53.0,"CVEGEO":"270050020","NOM_ENT":"Tabasco","NOM_MUN":"Comalcalco","NOMGEO":"Chichicapa","CABECERA":"No","POB1":7700.0,"POB2":357.0,"POB2_R":4.6,"POB4":430.0,"POB4_R":5.6,"POB5":856.0,"POB5_R":11.1,"POB6":990.0,"POB6_R":12.9,"POB7":436.0,"POB7_R":5.7,"POB8":2079.0,"POB8_R":27.0,"POB9":429.0,"POB9_R":5.6,"POB10":1307.0,"POB10_R":17.0,"POB11":1852.0,"POB11_R":24.1,"POB12":5084.0,"POB12_R":66.0,"POB13":878.0,"POB13_R":11.4,"POB14":2221.0,"POB14_R":28.8,"POB15":756.0,"POB15_R":9.8,"POB17":7343.0,"POB17_R":95.4,"POB18":7046.0,"POB18_R":91.5,"POB19":6057.0,"POB19_R":78.7,"POB20":5621.0,"POB20_R":73.0,"POB21":5192.0,"POB21_R":67.4,"POB22":4314.0,"POB22_R":56.0,"POB23":792.0,"POB23_R":10.3,"POB24":537.0,"POB24_R":7.0,"POB25":349.0,"POB25_R":4.5,"POB42":3961.0,"POB42_R":51.4,"POB43":175.0,"POB43_R":2.3,"POB45":214.0,"POB45_R":2.8,"POB46":421.0,"POB46_R":5.5,"POB47":499.0,"POB47_R":6.5,"POB48":223.0,"POB48_R":2.9,"POB49":1033.0,"POB49_R":13.4,"POB50":219.0,"POB50_R":2.8,"POB51":655.0,"POB51_R":8.5,"POB52":958.0,"POB52_R":12.4,"POB53":2153.0,"POB53_R":28.0,"POB54":2659.0,"POB54_R":34.5,"POB55":436.0,"POB55_R":5.7,"POB56":1195.0,"POB56_R":15.5,"POB57":387.0,"POB57_R":5.0,"POB59":3786.0,"POB59_R":49.2,"POB60":3641.0,"POB60_R":47.3,"POB61":3151.0,"POB61_R":40.9,"POB62":2928.0,"POB62_R":38.0,"POB63":2709.0,"POB63_R":35.2,"POB64":2273.0,"POB64_R":29.5,"POB65":388.0,"POB65_R":5.0,"POB66":269.0,"POB66_R":3.5,"POB67":176.0,"POB67_R":2.3,"POB84":3739.0,"POB84_R":48.6,"POB85":182.0,"POB85_R":2.4,"POB87":216.0,"POB87_R":2.8,"POB88":435.0,"POB88_R":5.6,"POB89":491.0,"POB89_R":6.4,"POB90":213.0,"POB90_R":2.8,"POB91":1046.0,"POB91_R":13.6,"POB92":210.0,"POB92_R":2.7,"POB93":652.0,"POB93_R":8.5,"POB94":894.0,"POB94_R":11.6,"POB95":2425.0,"POB95_R":31.5,"POB96":442.0,"POB96_R":5.7,"POB97":1026.0,"POB97_R":13.3,"POB98":369.0,"POB98_R":4.8,"POB100":3557.0,"POB100_R":46.2,"POB101":3405.0,"POB101_R":44.2,"POB102":2906.0,"POB102_R":37.7,"POB103":2693.0,"POB103_R":35.0,"POB104":2483.0,"POB104_R":32.2,"POB105":2041.0,"POB105_R":26.5,"POB106":404.0,"POB106_R":5.2,"POB107":268.0,"POB107_R":3.5,"POB108":173.0,"POB108_R":2.2,"POB125_R":94.4,"POB126_R":51.5,"POB127_R":40.9,"POB128_R":10.6,"POB129_R":29.0,"POB130_R":29.0,"POB131_R":28.0,"POB132_R":38.1,"POB133_R":37.6,"POB134_R":38.6,"POB3":654.0,"POB3_R":8.5,"POB16":255.0,"POB16_R":3.3,"POB26":709.0,"POB26_R":9.2,"POB27":716.0,"POB27_R":9.3,"POB28":690.0,"POB28_R":9.0,"POB29":617.0,"POB29_R":8.0,"POB30":545.0,"POB30_R":7.1,"POB31":616.0,"POB31_R":8.0,"POB32":551.0,"POB32_R":7.2,"POB33":571.0,"POB33_R":7.4,"POB34":483.0,"POB34_R":6.3,"POB35":423.0,"POB35_R":5.5,"POB36":333.0,"POB36_R":4.3,"POB37":188.0,"POB37_R":2.4,"POB38":145.0,"POB38_R":1.9,"POB39":93.0,"POB39_R":1.2,"POB40":52.0,"POB40_R":0.7,"POB41":59.0,"POB41_R":0.8,"POB44":320.0,"POB44_R":4.2,"POB58":119.0,"POB58_R":1.5,"POB68":346.0,"POB68_R":4.5,"POB69":367.0,"POB69_R":4.8,"POB70":358.0,"POB70_R":4.6,"POB71":297.0,"POB71_R":3.9,"POB72":303.0,"POB72_R":3.9,"POB73":336.0,"POB73_R":4.4,"POB74":294.0,"POB74_R":3.8,"POB75":313.0,"POB75_R":4.1,"POB76":252.0,"POB76_R":3.3,"POB77":218.0,"POB77_R":2.8,"POB78":169.0,"POB78_R":2.2,"POB79":93.0,"POB79_R":1.2,"POB80":73.0,"POB80_R":0.9,"POB81":49.0,"POB81_R":0.6,"POB82":23.0,"POB82_R":0.3,"POB83":31.0,"POB83_R":0.4,"POB86":334.0,"POB86_R":4.3,"POB99":136.0,"POB99_R":1.8,"POB109":363.0,"POB109_R":4.7,"POB110":349.0,"POB110_R":4.5,"POB111":332.0,"POB111_R":4.3,"POB112":320.0,"POB112_R":4.2,"POB113":242.0,"POB113_R":3.1,"POB114":280.0,"POB114_R":3.6,"POB115":257.0,"POB115_R":3.3,"POB116":258.0,"POB116_R":3.4,"POB117":231.0,"POB117_R":3.0,"POB118":205.0,"POB118_R":2.7,"POB119":164.0,"POB119_R":2.1,"POB120":95.0,"POB120_R":1.2,"POB121":72.0,"POB121_R":0.9,"POB122":44.0,"POB122_R":0.6,"POB123":29.0,"POB123_R":0.4,"POB124":28.0,"POB124_R":0.4,"OID_1":53,"COORD_X":480795.1561620001,"COORD_Y":2019359.74007,"Field":239},"geometry":{"type":"MultiPolygon","coordinates":[[[[-93.1774057649008,18.276337897528773],[-93.17917773974632,18.272543510033213],[-93.17922025902479,18.272491981178696],[-93.17925770875118,18.272458401039756],[-93.1792777702728,18.27244044969528],[-93.17932865103286,18.272411919622904],[-93.18018594088039,18.27107240114817],[-93.18040928898031,18.27075220058987],[-93.18083419923725,18.270133620822367],[-93.18007905378279,18.269759149256046],[-93.17665333988658,18.268060290127295],[-93.17674678747227,18.26770702629428],[-93.17638962618894,18.267649217946325],[-93.17647996423007,18.267217768262594],[-93.17711137021037,18.267382510739633],[-93.17753577860753,18.26651157044307],[-93.17715891907322,18.266423430836504],[-93.17702553977347,18.266367151398256],[-93.17690997911647,18.266239179689954],[-93.17687602306215,18.266439950280283],[-93.1761339646096,18.26636054493959],[-93.17621050441363,18.26499123113588],[-93.17440891910886,18.264809150104572],[-93.174455579589,18.264339120648156],[-93.1745182699484,18.263689780719883],[-93.17453705129458,18.263480136669067],[-93.1745549484391,18.26328026009603],[-93.17195360885496,18.263088681287794],[-93.17195146084018,18.263088523083688],[-93.1720276616883,18.26255748569103],[-93.17210920504114,18.26197256142946],[-93.17273193987396,18.26205798106588],[-93.1737148996482,18.26222423098682],[-93.17443761352501,18.262297739403067],[-93.17504131550042,18.262359139846332],[-93.1766186491982,18.262091090947095],[-93.177462599095,18.26191666100096],[-93.17769204936764,18.260204980422092],[-93.17770681929555,18.260023310558477],[-93.17750822471058,18.25999737617879],[-93.1758744301172,18.25981986029605],[-93.17594296967634,18.258818200923038],[-93.17517188216472,18.258695907008693],[-93.17522522185573,18.25818566328429],[-93.17687715960824,18.258388626473717],[-93.17696851269741,18.257536207781477],[-93.17623297967074,18.25743026120291],[-93.1766049587737,18.25483394060375],[-93.1759916247624,18.254744829655984],[-93.17609734918909,18.2536391703872],[-93.17735161967082,18.25303256990632],[-93.17751873889965,18.25324485975109],[-93.17774045951883,18.2535356197992],[-93.17875615857312,18.25330728001737],[-93.18057784989828,18.255074771579967],[-93.18180268884578,18.255942460049727],[-93.18266813960827,18.256607510483292],[-93.18321491979415,18.256606450088107],[-93.18330459839864,18.256004620844998],[-93.18396518045641,18.256090249699017],[-93.18439456907525,18.2561456805313],[-93.18444752562446,18.25581452088355],[-93.18468136091606,18.25587360047363],[-93.18521375003243,18.25600811119728],[-93.18549274970734,18.254768909897937],[-93.18566564839884,18.254852800790136],[-93.18657311985986,18.254255090122758],[-93.1882071693575,18.253178808570663],[-93.18823585962724,18.253160111392276],[-93.18850395026442,18.253520971315012],[-93.18865008694796,18.253701371325082],[-93.18882116854249,18.25392594033759],[-93.18896725014643,18.254100431159586],[-93.1890142894024,18.25416022074671],[-93.18967928925187,18.255341710072432],[-93.18955808039499,18.25623548002984],[-93.1892566500827,18.257091369806155],[-93.18909510955027,18.257678979971033],[-93.18876311865485,18.258152689586435],[-93.18812988522195,18.258806031712254],[-93.18806465023376,18.259365661352057],[-93.18781437432385,18.26132625965345],[-93.18751694970115,18.261176940041942],[-93.18742639703237,18.261674200324542],[-93.18741359908093,18.26174448043881],[-93.18706483820515,18.26166525747643],[-93.18692802897661,18.26163417966347],[-93.18700402933672,18.26167351082416],[-93.18705263016136,18.261741400070765],[-93.18705232779156,18.261750161194385],[-93.18704737011322,18.261894320084277],[-93.18693133898732,18.262674430476988],[-93.18682233865226,18.263465049989076],[-93.18665713866639,18.26447251985363],[-93.18657773950252,18.265117800226196],[-93.18647619737774,18.265738540605927],[-93.18637947983422,18.266382149719295],[-93.18627751972853,18.26701626078889],[-93.18626672929456,18.2670963773891],[-93.1861857397097,18.267697689980775],[-93.18487024397906,18.267530260943712],[-93.18470456892554,18.26751749091878],[-93.18472816219148,18.268046244364122],[-93.1847429391814,18.268377373959733],[-93.18474695359802,18.26846150438288],[-93.18474742981175,18.268471460638317],[-93.18482927059398,18.26974872007214],[-93.18536625035631,18.269745199984616],[-93.1852656490641,18.270459702859156],[-93.18483291877854,18.27353302066634],[-93.1831158200409,18.275056111119824],[-93.1828546168118,18.275284957542183],[-93.18072451916655,18.27715113960669],[-93.18066669021108,18.27708572052179],[-93.17979700007623,18.276260260332663],[-93.1793851698533,18.27668165105009],[-93.17838737921424,18.27745525125421],[-93.17735126449581,18.27698224860085],[-93.17729441807764,18.276956296864746],[-93.17714814929691,18.276889520749364],[-93.1774057649008,18.276337897528773]]]]}},{"type":"Feature","properties":{"POLY_ID":55.0,"CVEGEO":"270050058","NOM_ENT":"Tabasco","NOM_MUN":"Comalcalco","NOMGEO":"Reyes Hern","CABECERA":"No","POB1":4101.0,"POB2":214.0,"POB2_R":5.2,"POB4":255.0,"POB4_R":6.2,"POB5":473.0,"POB5_R":11.5,"POB6":576.0,"POB6_R":14.0,"POB7":251.0,"POB7_R":6.1,"POB8":1193.0,"POB8_R":29.1,"POB9":235.0,"POB9_R":5.7,"POB10":726.0,"POB10_R":17.7,"POB11":1030.0,"POB11_R":25.1,"POB12":2648.0,"POB12_R":64.6,"POB13":491.0,"POB13_R":12.0,"POB14":1104.0,"POB14_R":26.9,"POB15":380.0,"POB15_R":9.3,"POB17":3887.0,"POB17_R":94.8,"POB18":3723.0,"POB18_R":90.8,"POB19":3159.0,"POB19_R":77.0,"POB20":2908.0,"POB20_R":70.9,"POB21":2673.0,"POB21_R":65.2,"POB22":2182.0,"POB22_R":53.2,"POB23":394.0,"POB23_R":9.6,"POB24":260.0,"POB24_R":6.3,"POB25":155.0,"POB25_R":3.8,"POB42":2060.0,"POB42_R":50.2,"POB43":109.0,"POB43_R":2.7,"POB45":120.0,"POB45_R":2.9,"POB46":238.0,"POB46_R":5.8,"POB47":270.0,"POB47_R":6.6,"POB48":110.0,"POB48_R":2.7,"POB49":577.0,"POB49_R":14.1,"POB50":110.0,"POB50_R":2.7,"POB51":354.0,"POB51_R":8.6,"POB52":506.0,"POB52_R":12.3,"POB53":1092.0,"POB53_R":26.6,"POB54":1347.0,"POB54_R":32.8,"POB55":244.0,"POB55_R":5.9,"POB56":586.0,"POB56_R":14.3,"POB57":189.0,"POB57_R":4.6,"POB59":1951.0,"POB59_R":47.6,"POB60":1874.0,"POB60_R":45.7,"POB61":1593.0,"POB61_R":38.8,"POB62":1483.0,"POB62_R":36.2,"POB63":1373.0,"POB63_R":33.5,"POB64":1129.0,"POB64_R":27.5,"POB65":202.0,"POB65_R":4.9,"POB66":136.0,"POB66_R":3.3,"POB67":88.0,"POB67_R":2.1,"POB84":2041.0,"POB84_R":49.8,"POB85":105.0,"POB85_R":2.6,"POB87":135.0,"POB87_R":3.3,"POB88":235.0,"POB88_R":5.7,"POB89":306.0,"POB89_R":7.5,"POB90":141.0,"POB90_R":3.4,"POB91":616.0,"POB91_R":15.0,"POB92":125.0,"POB92_R":3.0,"POB93":372.0,"POB93_R":9.1,"POB94":524.0,"POB94_R":12.8,"POB95":1301.0,"POB95_R":31.7,"POB96":247.0,"POB96_R":6.0,"POB97":518.0,"POB97_R":12.6,"POB98":191.0,"POB98_R":4.7,"POB100":1936.0,"POB100_R":47.2,"POB101":1849.0,"POB101_R":45.1,"POB102":1566.0,"POB102_R":38.2,"POB103":1425.0,"POB103_R":34.7,"POB104":1300.0,"POB104_R":31.7,"POB105":1053.0,"POB105_R":25.7,"POB106":192.0,"POB106_R":4.7,"POB107":124.0,"POB107_R":3.0,"POB108":67.0,"POB108_R":1.6,"POB125_R":99.1,"POB126_R":54.9,"POB127_R":45.1,"POB128_R":9.8,"POB129_R":27.0,"POB130_R":28.0,"POB131_R":26.0,"POB132_R":33.0,"POB133_R":35.0,"POB134_R":31.2,"POB3":378.0,"POB3_R":9.2,"POB16":134.0,"POB16_R":3.3,"POB26":411.0,"POB26_R":10.0,"POB27":404.0,"POB27_R":9.9,"POB28":393.0,"POB28_R":9.6,"POB29":333.0,"POB29_R":8.1,"POB30":304.0,"POB30_R":7.4,"POB31":321.0,"POB31_R":7.8,"POB32":300.0,"POB32_R":7.3,"POB33":251.0,"POB33_R":6.1,"POB34":232.0,"POB34_R":5.7,"POB35":217.0,"POB35_R":5.3,"POB36":163.0,"POB36_R":4.0,"POB37":105.0,"POB37_R":2.6,"POB38":69.0,"POB38_R":1.7,"POB39":44.0,"POB39_R":1.1,"POB40":26.0,"POB40_R":0.6,"POB41":16.0,"POB41_R":0.4,"POB44":186.0,"POB44_R":4.5,"POB58":66.0,"POB58_R":1.6,"POB68":213.0,"POB68_R":5.2,"POB69":178.0,"POB69_R":4.3,"POB70":183.0,"POB70_R":4.5,"POB71":171.0,"POB71_R":4.2,"POB72":152.0,"POB72_R":3.7,"POB73":164.0,"POB73_R":4.0,"POB74":168.0,"POB74_R":4.1,"POB75":142.0,"POB75_R":3.5,"POB76":112.0,"POB76_R":2.7,"POB77":115.0,"POB77_R":2.8,"POB78":74.0,"POB78_R":1.8,"POB79":48.0,"POB79_R":1.2,"POB80":40.0,"POB80_R":1.0,"POB81":24.0,"POB81_R":0.6,"POB82":14.0,"POB82_R":0.3,"POB83":10.0,"POB83_R":0.2,"POB86":192.0,"POB86_R":4.7,"POB99":68.0,"POB99_R":1.7,"POB109":198.0,"POB109_R":4.8,"POB110":226.0,"POB110_R":5.5,"POB111":210.0,"POB111_R":5.1,"POB112":162.0,"POB112_R":4.0,"POB113":152.0,"POB113_R":3.7,"POB114":157.0,"POB114_R":3.8,"POB115":132.0,"POB115_R":3.2,"POB116":109.0,"POB116_R":2.7,"POB117":120.0,"POB117_R":2.9,"POB118":102.0,"POB118_R":2.5,"POB119":89.0,"POB119_R":2.2,"POB120":57.0,"POB120_R":1.4,"POB121":29.0,"POB121_R":0.7,"POB122":20.0,"POB122_R":0.5,"POB123":12.0,"POB123_R":0.3,"POB124":6.0,"POB124_R":0.1,"OID_1":55,"COORD_X":473317.976637,"COORD_Y":2016687.88475,"Field":306},"geometry":{"type":"MultiPolygon","coordinates":[[[[-93.23354264981815,18.25321317444324],[-93.23358214876698,18.2529122803669],[-93.23357777936283,18.252783920271415],[-93.23353762958442,18.252619490056556],[-93.23348758026235,18.252411320278398],[-93.23342096947029,18.252233680286864],[-93.23338047913175,18.25212806116183],[-93.23336733972506,18.252051024324036],[-93.23336767832821,18.252015380502307],[-93.23346121961558,18.25174128031113],[-93.23345773995285,18.251648019756214],[-93.23349261869014,18.251269860969977],[-93.23348679917248,18.251204570360922],[-93.23348789450095,18.25111535130982],[-93.23349713297102,18.251066223555572],[-93.23350222380293,18.25103913959993],[-93.23353091914544,18.250955210516338],[-93.23365362888174,18.25069492109177],[-93.23386157871926,18.250229379739608],[-93.23396830918466,18.249992380039576],[-93.23407587948178,18.249690279937173],[-93.23410505207755,18.24961512116523],[-93.23418062914132,18.249542249777885],[-93.23433753949153,18.249400880220207],[-93.23446601923388,18.2493045705252],[-93.23471677941254,18.249156309566047],[-93.23494734020593,18.24901247009468],[-93.23507215552918,18.248944692185074],[-93.23512888985597,18.248913884679],[-93.23542476963466,18.248793280316296],[-93.23636097937901,18.248086000382692],[-93.23688671980882,18.247868140732095],[-93.2368769500068,18.2487886508238],[-93.23710230856834,18.2485880880758],[-93.23735239658804,18.248371942757906],[-93.23750171248011,18.248242890995655],[-93.2376669795102,18.24809474378279],[-93.23802173807056,18.247776728507766],[-93.23844124967765,18.247388949999763],[-93.23871779923448,18.247205521167245],[-93.23880835008988,18.247141059897903],[-93.23919786032256,18.246863780171793],[-93.23926017978224,18.246819425726795],[-93.23970557022362,18.24650900043685],[-93.24001432586304,18.24629149114798],[-93.24007683869186,18.246253502762222],[-93.2401880794502,18.246185897712028],[-93.24038733986264,18.246112710468218],[-93.24079433973282,18.245978460401094],[-93.24106565860797,18.245876786636558],[-93.24140333982767,18.24575553984268],[-93.24164105965875,18.24568057039835],[-93.2423361415614,18.24545369032846],[-93.24302162035856,18.245263660396194],[-93.24340352594102,18.245168350009237],[-93.2437100192136,18.245127170355786],[-93.2439727995474,18.245080170606702],[-93.2443457444272,18.24500507985511],[-93.24439343791252,18.244991522906787],[-93.24462791932783,18.244924868235817],[-93.24503542172035,18.244797310724664],[-93.2453401996759,18.244692379761048],[-93.2456009100299,18.2445887429226],[-93.24576739195085,18.244508762561292],[-93.24611659870794,18.244338489919777],[-93.24634173862353,18.244220409239677],[-93.24649351985056,18.24413918005328],[-93.24677321877822,18.2439546007771],[-93.24715121878407,18.243677399654004],[-93.24732505884018,18.243559599670494],[-93.24759882953659,18.243359351096633],[-93.24809290983659,18.243000080584835],[-93.24815685833374,18.242954886397143],[-93.24826534030423,18.242889850233823],[-93.24866288953258,18.242681520583325],[-93.24879808923535,18.2426001806213],[-93.24925971535382,18.2423536901041],[-93.2493470664088,18.242307751707717],[-93.24960065030919,18.242184279818016],[-93.24979519964876,18.24207683083842],[-93.24985993871995,18.241155159797923],[-93.24993922956017,18.240213681299277],[-93.25020148948674,18.237879199700643],[-93.25035679862914,18.23632362100367],[-93.25063669601532,18.234869461200628],[-93.250887058892,18.233532940321602],[-93.25111777241436,18.232363630250482],[-93.252152689122,18.231103881206753],[-93.25293196969074,18.230037969834793],[-93.2534771097935,18.230370081017217],[-93.25415283956906,18.23075668959978],[-93.25474168895772,18.231098080056203],[-93.25485245971208,18.231109601281247],[-93.25494168929272,18.23109779958348],[-93.2550288502146,18.231063421300394],[-93.2550160796712,18.231041349663275],[-93.25564890922354,18.229830859993783],[-93.25586072323858,18.229459982927242],[-93.2561713467846,18.228916069857874],[-93.25613035007025,18.228815310990445],[-93.25578176876658,18.227896370061153],[-93.25581031932848,18.227633650947908],[-93.25610300682156,18.227375031413164],[-93.25637687939387,18.227082140658112],[-93.25661225032344,18.226906721018924],[-93.25686961977596,18.22684972030584],[-93.25701421952601,18.22680114059718],[-93.2571982186791,18.226737951278224],[-93.25737454978497,18.226696280811353],[-93.25761320040596,18.226653280222312],[-93.25844637939154,18.226510989720516],[-93.25898344864711,18.226435339719526],[-93.25957154991407,18.226362801259175],[-93.25997074931738,18.226361340244843],[-93.26062654011069,18.226331000070477],[-93.26130834899318,18.22625923101537],[-93.26214151005925,18.226257380769677],[-93.26241078657148,18.226285518628348],[-93.2624423154783,18.226289513394374],[-93.26237898039395,18.22652500867661],[-93.26235350908303,18.22657225060244],[-93.26227254593331,18.226600330995247],[-93.26223475677399,18.22661251438317],[-93.2623366511512,18.227282859351824],[-93.26287376888736,18.230958351171978],[-93.26293260349351,18.23145137584998],[-93.26503142041567,18.23128188977061],[-93.26515395014422,18.232055949951217],[-93.26557957015166,18.23530811042157],[-93.265738630271,18.236453260366794],[-93.26411273941325,18.237175277538732],[-93.26403775029665,18.23721825008233],[-93.26400397063838,18.237253744702777],[-93.26314724631459,18.23770434528831],[-93.26308279879186,18.237745948848676],[-93.26302519782537,18.237715656853016],[-93.26135675967974,18.23639468385796],[-93.26129490810894,18.236273900851643],[-93.2612425560354,18.236126976042904],[-93.26120561057502,18.235880238350724],[-93.26108657735195,18.235449552668914],[-93.26098717006548,18.235752405794273],[-93.26080332980473,18.236173027990592],[-93.26049933101662,18.23687466682891],[-93.26036087070796,18.23718023898541],[-93.26025667113707,18.237401243599002],[-93.26011761078259,18.237739961892338],[-93.26009209231167,18.237930848435283],[-93.25996057660282,18.2381512212217],[-93.25984046808198,18.238549007345668],[-93.25961935823447,18.23902941132876],[-93.25949576966904,18.23934178448371],[-93.25940683462969,18.23957519020573],[-93.2593020345523,18.239864197266176],[-93.25890449211569,18.240863720632994],[-93.258711239543,18.24136443019107],[-93.25793362056018,18.243259890074707],[-93.25686497020024,18.243272650279966],[-93.25673066475977,18.243271242909447],[-93.25669335500027,18.244494587051957],[-93.25312346636966,18.243974479071603],[-93.25294415707863,18.2458494821171],[-93.252459966773,18.24580177361956],[-93.25235511817522,18.246717967718215],[-93.24873120971617,18.246342657772473],[-93.2483937263839,18.24634040940171],[-93.24697527561446,18.246330950554867],[-93.24661639806175,18.246328555636033],[-93.24498858019504,18.24795941444181],[-93.2448681609981,18.248632470607316],[-93.24405676003114,18.248581823184082],[-93.24273246908393,18.250170727399667],[-93.24244351566526,18.252028291077362],[-93.24065342719229,18.25166353746712],[-93.24056893276001,18.252182122790266],[-93.23981865929149,18.251975719937366],[-93.23871583736991,18.253071227788052],[-93.23793066548397,18.253006405475606],[-93.23782873763051,18.252997990304518],[-93.23781934720571,18.25337532171394],[-93.2376027501165,18.253450520851136],[-93.23740139559858,18.253473077991135],[-93.23707129504135,18.253926120897653],[-93.23546210970814,18.25310812073891],[-93.23539135008879,18.253133091327854],[-93.23511179876552,18.25322245005388],[-93.23455966016124,18.253407020195613],[-93.2340339193749,18.253579319639144],[-93.23345548022908,18.253764229682783],[-93.2335119099732,18.253477399962073],[-93.23354264981815,18.25321317444324]]]]}},{"type":"Feature","properties":{"POLY_ID":97.0,"CVEGEO":"270140024","NOM_ENT":"Tabasco","NOM_MUN":"Paraíso","NOMGEO":"Oriente (San Cayetano)","CABECERA":"No","POB1":3446.0,"POB2":168.0,"POB2_R":4.9,"POB4":201.0,"POB4_R":5.8,"POB5":408.0,"POB5_R":11.8,"POB6":485.0,"POB6_R":14.1,"POB7":209.0,"POB7_R":6.1,"POB8":986.0,"POB8_R":28.6,"POB9":175.0,"POB9_R":5.1,"POB10":554.0,"POB10_R":16.1,"POB11":782.0,"POB11_R":22.7,"POB12":2301.0,"POB12_R":66.8,"POB13":379.0,"POB13_R":11.0,"POB14":1135.0,"POB14_R":32.9,"POB15":301.0,"POB15_R":8.7,"POB17":3278.0,"POB17_R":95.1,"POB18":3153.0,"POB18_R":91.5,"POB19":2669.0,"POB19_R":77.5,"POB20":2460.0,"POB20_R":71.4,"POB21":2285.0,"POB21_R":66.3,"POB22":1906.0,"POB22_R":55.3,"POB23":242.0,"POB23_R":7.0,"POB24":159.0,"POB24_R":4.6,"POB25":103.0,"POB25_R":3.0,"POB42":1774.0,"POB42_R":51.5,"POB43":79.0,"POB43_R":2.3,"POB45":94.0,"POB45_R":2.7,"POB46":209.0,"POB46_R":6.1,"POB47":245.0,"POB47_R":7.1,"POB48":110.0,"POB48_R":3.2,"POB49":492.0,"POB49_R":14.3,"POB50":85.0,"POB50_R":2.5,"POB51":283.0,"POB51_R":8.2,"POB52":413.0,"POB52_R":12.0,"POB53":1017.0,"POB53_R":29.5,"POB54":1203.0,"POB54_R":34.9,"POB55":198.0,"POB55_R":5.7,"POB56":604.0,"POB56_R":17.5,"POB57":145.0,"POB57_R":4.2,"POB59":1695.0,"POB59_R":49.2,"POB60":1633.0,"POB60_R":47.4,"POB61":1392.0,"POB61_R":40.4,"POB62":1282.0,"POB62_R":37.2,"POB63":1197.0,"POB63_R":34.7,"POB64":999.0,"POB64_R":29.0,"POB65":120.0,"POB65_R":3.5,"POB66":79.0,"POB66_R":2.3,"POB67":53.0,"POB67_R":1.5,"POB84":1672.0,"POB84_R":48.5,"POB85":89.0,"POB85_R":2.6,"POB87":107.0,"POB87_R":3.1,"POB88":199.0,"POB88_R":5.8,"POB89":240.0,"POB89_R":7.0,"POB90":99.0,"POB90_R":2.9,"POB91":494.0,"POB91_R":14.3,"POB92":90.0,"POB92_R":2.6,"POB93":271.0,"POB93_R":7.9,"POB94":369.0,"POB94_R":10.7,"POB95":1098.0,"POB95_R":31.9,"POB96":181.0,"POB96_R":5.3,"POB97":531.0,"POB97_R":15.4,"POB98":156.0,"POB98_R":4.5,"POB100":1583.0,"POB100_R":45.9,"POB101":1520.0,"POB101_R":44.1,"POB102":1277.0,"POB102_R":37.1,"POB103":1178.0,"POB103_R":34.2,"POB104":1088.0,"POB104_R":31.6,"POB105":907.0,"POB105_R":26.3,"POB106":122.0,"POB106_R":3.5,"POB107":80.0,"POB107_R":2.3,"POB108":50.0,"POB108_R":1.5,"POB125_R":94.3,"POB126_R":49.8,"POB127_R":42.9,"POB128_R":6.9,"POB129_R":29.0,"POB130_R":29.0,"POB131_R":28.0,"POB132_R":24.5,"POB133_R":24.4,"POB134_R":24.7,"POB3":293.0,"POB3_R":8.5,"POB16":83.0,"POB16_R":2.4,"POB26":352.0,"POB26_R":10.2,"POB27":341.0,"POB27_R":9.9,"POB28":286.0,"POB28_R":8.3,"POB29":268.0,"POB29_R":7.8,"POB30":228.0,"POB30_R":6.6,"POB31":285.0,"POB31_R":8.3,"POB32":329.0,"POB32_R":9.5,"POB33":286.0,"POB33_R":8.3,"POB34":235.0,"POB34_R":6.8,"POB35":192.0,"POB35_R":5.6,"POB36":109.0,"POB36_R":3.2,"POB37":56.0,"POB37_R":1.6,"POB38":43.0,"POB38_R":1.2,"POB39":31.0,"POB39_R":0.9,"POB40":14.0,"POB40_R":0.4,"POB41":15.0,"POB41_R":0.4,"POB44":141.0,"POB44_R":4.1,"POB58":41.0,"POB58_R":1.2,"POB68":175.0,"POB68_R":5.1,"POB69":176.0,"POB69_R":5.1,"POB70":140.0,"POB70_R":4.1,"POB71":143.0,"POB71_R":4.1,"POB72":130.0,"POB72_R":3.8,"POB73":152.0,"POB73_R":4.4,"POB74":187.0,"POB74_R":5.4,"POB75":147.0,"POB75_R":4.3,"POB76":118.0,"POB76_R":3.4,"POB77":92.0,"POB77_R":2.7,"POB78":53.0,"POB78_R":1.5,"POB79":26.0,"POB79_R":0.8,"POB80":16.0,"POB80_R":0.5,"POB81":17.0,"POB81_R":0.5,"POB82":11.0,"POB82_R":0.3,"POB83":9.0,"POB83_R":0.3,"POB86":152.0,"POB86_R":4.4,"POB99":42.0,"POB99_R":1.2,"POB109":177.0,"POB109_R":5.1,"POB110":165.0,"POB110_R":4.8,"POB111":146.0,"POB111_R":4.2,"POB112":125.0,"POB112_R":3.6,"POB113":98.0,"POB113_R":2.8,"POB114":133.0,"POB114_R":3.9,"POB115":142.0,"POB115_R":4.1,"POB116":139.0,"POB116_R":4.0,"POB117":117.0,"POB117_R":3.4,"POB118":100.0,"POB118_R":2.9,"POB119":56.0,"POB119_R":1.6,"POB120":30.0,"POB120_R":0.9,"POB121":27.0,"POB121_R":0.8,"POB122":14.0,"POB122_R":0.4,"POB123":3.0,"POB123_R":0.1,"POB124":6.0,"POB124_R":0.2,"OID_1":97,"COORD_X":478572.500451,"COORD_Y":2028887.08495,"Field":51},"geometry":{"type":"MultiPolygon","coordinates":[[[[-93.19974480794828,18.350440375960815],[-93.19906570878175,18.348046524225456],[-93.19904877456476,18.34798682840788],[-93.19945110545575,18.347598586375366],[-93.19972435495042,18.347477180637597],[-93.20002392473917,18.347372561554902],[-93.20088809821377,18.34707000180226],[-93.2016487572852,18.346811476437956],[-93.20303168691781,18.346346735935246],[-93.20387306213529,18.346065176332626],[-93.20417061967767,18.34597296781309],[-93.20483027537301,18.345756011876336],[-93.20521383132974,18.34562680804499],[-93.20615528690975,18.345314300623862],[-93.20716513860074,18.346610790510592],[-93.2078209379404,18.347449015355647],[-93.20775548707034,18.34747927344899],[-93.20722481743118,18.347724604389388],[-93.20620490721721,18.34814276056934],[-93.2052487006908,18.3486659329448],[-93.20539219891175,18.348895057701917],[-93.20480747689619,18.34918655690726],[-93.2043950864724,18.348440626005132],[-93.20431529084505,18.348485178506845],[-93.19974480794828,18.350440375960815]]],[[[-93.20694110500459,18.348401277588927],[-93.207262971011,18.348212885724934],[-93.20784689247006,18.34928149677144],[-93.20804617465222,18.349646191403437],[-93.20691679012208,18.350194946145997],[-93.20672384698837,18.35028869342134],[-93.20408723548852,18.351539640078766],[-93.20070228644003,18.35315557763757],[-93.20098660017598,18.354162428576366],[-93.2009530740043,18.35434445098711],[-93.20102951577371,18.354800141090802],[-93.1995408898125,18.355318201120127],[-93.19894275755176,18.355463307935068],[-93.19870620833196,18.354449015363894],[-93.19856456547755,18.35384166448895],[-93.19833980049586,18.352536687168826],[-93.19828069453689,18.352193517929557],[-93.19826684062345,18.35211307941533],[-93.19947870990394,18.351594550192882],[-93.20694110500459,18.348401277588927]]]]}},{"type":"Feature","properties":{"POLY_ID":98.0,"CVEGEO":"270140001","NOM_ENT":"Tabasco","NOM_MUN":"Paraíso","NOMGEO":"Paraíso","CABECERA":"Si","POB1":25555.0,"POB2":1041.0,"POB2_R":4.1,"POB4":1243.0,"POB4_R":4.9,"POB5":2471.0,"POB5_R":9.7,"POB6":2929.0,"POB6_R":11.5,"POB7":1268.0,"POB7_R":5.0,"POB8":6023.0,"POB8_R":23.6,"POB9":1168.0,"POB9_R":4.6,"POB10":3780.0,"POB10_R":14.8,"POB11":5808.0,"POB11_R":22.7,"POB12":17471.0,"POB12_R":68.4,"POB13":2612.0,"POB13_R":10.2,"POB14":7581.0,"POB14_R":29.7,"POB15":3001.0,"POB15_R":11.7,"POB17":24511.0,"POB17_R":95.9,"POB18":23704.0,"POB18_R":92.8,"POB19":20797.0,"POB19_R":81.4,"POB20":19529.0,"POB20_R":76.4,"POB21":18361.0,"POB21_R":71.9,"POB22":15749.0,"POB22_R":61.6,"POB23":3139.0,"POB23_R":12.3,"POB24":2058.0,"POB24_R":8.1,"POB25":1279.0,"POB25_R":5.0,"POB42":13197.0,"POB42_R":51.6,"POB43":523.0,"POB43_R":2.0,"POB45":589.0,"POB45_R":2.3,"POB46":1143.0,"POB46_R":4.5,"POB47":1396.0,"POB47_R":5.5,"POB48":621.0,"POB48_R":2.4,"POB49":2876.0,"POB49_R":11.3,"POB50":603.0,"POB50_R":2.4,"POB51":1925.0,"POB51_R":7.5,"POB52":3017.0,"POB52_R":11.8,"POB53":7038.0,"POB53_R":27.5,"POB54":9153.0,"POB54_R":35.8,"POB55":1322.0,"POB55_R":5.2,"POB56":4021.0,"POB56_R":15.7,"POB57":1567.0,"POB57_R":6.1,"POB59":12672.0,"POB59_R":49.6,"POB60":12283.0,"POB60_R":48.1,"POB61":10940.0,"POB61_R":42.8,"POB62":10319.0,"POB62_R":40.4,"POB63":9716.0,"POB63_R":38.0,"POB64":8394.0,"POB64_R":32.9,"POB65":1714.0,"POB65_R":6.7,"POB66":1166.0,"POB66_R":4.6,"POB67":758.0,"POB67_R":3.0,"POB84":12358.0,"POB84_R":48.4,"POB85":518.0,"POB85_R":2.0,"POB87":654.0,"POB87_R":2.6,"POB88":1328.0,"POB88_R":5.2,"POB89":1533.0,"POB89_R":6.0,"POB90":647.0,"POB90_R":2.5,"POB91":3147.0,"POB91_R":12.3,"POB92":565.0,"POB92_R":2.2,"POB93":1855.0,"POB93_R":7.3,"POB94":2791.0,"POB94_R":10.9,"POB95":8318.0,"POB95_R":32.6,"POB96":1290.0,"POB96_R":5.0,"POB97":3560.0,"POB97_R":13.9,"POB98":1434.0,"POB98_R":5.6,"POB100":11839.0,"POB100_R":46.3,"POB101":11421.0,"POB101_R":44.7,"POB102":9857.0,"POB102_R":38.6,"POB103":9210.0,"POB103_R":36.0,"POB104":8645.0,"POB104_R":33.8,"POB105":7355.0,"POB105_R":28.8,"POB106":1425.0,"POB106_R":5.6,"POB107":892.0,"POB107_R":3.5,"POB108":521.0,"POB108_R":2.0,"POB125_R":93.6,"POB126_R":46.3,"POB127_R":34.5,"POB128_R":11.8,"POB129_R":32.0,"POB130_R":33.0,"POB131_R":31.0,"POB132_R":52.1,"POB133_R":59.6,"POB134_R":45.3,"POB3":1848.0,"POB3_R":7.2,"POB16":1081.0,"POB16_R":4.2,"POB26":2091.0,"POB26_R":8.2,"POB27":2084.0,"POB27_R":8.2,"POB28":1917.0,"POB28_R":7.5,"POB29":1863.0,"POB29_R":7.3,"POB30":2028.0,"POB30_R":7.9,"POB31":2095.0,"POB31_R":8.2,"POB32":2081.0,"POB32_R":8.1,"POB33":1740.0,"POB33_R":6.8,"POB34":1665.0,"POB34_R":6.5,"POB35":1550.0,"POB35_R":6.1,"POB36":1451.0,"POB36_R":5.7,"POB37":779.0,"POB37_R":3.0,"POB38":521.0,"POB38_R":2.0,"POB39":332.0,"POB39_R":1.3,"POB40":218.0,"POB40_R":0.9,"POB41":208.0,"POB41_R":0.8,"POB44":912.0,"POB44_R":3.6,"POB58":548.0,"POB58_R":2.1,"POB68":977.0,"POB68_R":3.8,"POB69":987.0,"POB69_R":3.9,"POB70":960.0,"POB70_R":3.8,"POB71":965.0,"POB71_R":3.8,"POB72":1092.0,"POB72_R":4.3,"POB73":1089.0,"POB73_R":4.3,"POB74":1122.0,"POB74_R":4.4,"POB75":902.0,"POB75_R":3.5,"POB76":908.0,"POB76_R":3.6,"POB77":828.0,"POB77_R":3.2,"POB78":739.0,"POB78_R":2.9,"POB79":408.0,"POB79_R":1.6,"POB80":316.0,"POB80_R":1.2,"POB81":171.0,"POB81_R":0.7,"POB82":122.0,"POB82_R":0.5,"POB83":149.0,"POB83_R":0.6,"POB86":936.0,"POB86_R":3.7,"POB99":533.0,"POB99_R":2.1,"POB109":1114.0,"POB109_R":4.4,"POB110":1097.0,"POB110_R":4.3,"POB111":957.0,"POB111_R":3.7,"POB112":898.0,"POB112_R":3.5,"POB113":936.0,"POB113_R":3.7,"POB114":1006.0,"POB114_R":3.9,"POB115":959.0,"POB115_R":3.8,"POB116":838.0,"POB116_R":3.3,"POB117":757.0,"POB117_R":3.0,"POB118":722.0,"POB118_R":2.8,"POB119":712.0,"POB119_R":2.8,"POB120":371.0,"POB120_R":1.5,"POB121":205.0,"POB121_R":0.8,"POB122":161.0,"POB122_R":0.6,"POB123":96.0,"POB123_R":0.4,"POB124":59.0,"POB124_R":0.2,"OID_1":98,"COORD_X":477547.708538,"COORD_Y":2034572.3205,"Field":680},"geometry":{"type":"MultiPolygon","coordinates":[[[[-93.19211625447576,18.415489380148568],[-93.19241910902021,18.41512931039471],[-93.1928657502459,18.41459025976154],[-93.19327934950928,18.414101430109135],[-93.19333417926457,18.414036620733068],[-93.193518578614,18.413790837540937],[-93.19400723016948,18.413207480041535],[-93.19415116983508,18.413194601356157],[-93.19504634951805,18.413099291202325],[-93.19593399908965,18.412975121098995],[-93.19724416913871,18.4127950900821],[-93.19855276935291,18.412647230538674],[-93.19941016959507,18.412546400880927],[-93.20043760037663,18.41243292092016],[-93.20062024939485,18.412397171327076],[-93.20088859961753,18.412329320423698],[-93.20093625941415,18.41230083036812],[-93.20114737998682,18.411582200920375],[-93.20120070911823,18.411521980751775],[-93.20129145957063,18.41124316341317],[-93.2014000791917,18.410925290435262],[-93.20147747454688,18.41078441874155],[-93.20150693869581,18.410730781311866],[-93.20074697987535,18.410492490217155],[-93.20118025926749,18.40918414044081],[-93.20030675006271,18.40904522096206],[-93.20031556936631,18.408129780814516],[-93.19934759889969,18.408242490339163],[-93.19927702914752,18.407807379525067],[-93.19855548928315,18.407919260862105],[-93.19782678474145,18.408034549564317],[-93.19738836540606,18.40434066477669],[-93.1981588297326,18.404454800672266],[-93.19841664159696,18.404481554301082],[-93.19873008971484,18.40451408013989],[-93.1987758300479,18.404506200139945],[-93.19885988396105,18.404481419630013],[-93.19887622974039,18.404476600149184],[-93.19896825962327,18.404453221135377],[-93.19907672044558,18.404445859660253],[-93.199801489684,18.404542480544556],[-93.19984206008344,18.40494662032322],[-93.19993988900593,18.40575711028378],[-93.20003536973452,18.40654703005894],[-93.20015385918688,18.40743497103717],[-93.2001205984934,18.407561340532936],[-93.2001113098807,18.40769894092614],[-93.20025556926015,18.407689400788783],[-93.20064150943342,18.407667489886737],[-93.20082976923489,18.40767768018835],[-93.20095999959145,18.407684721281736],[-93.20145580048097,18.40775590973195],[-93.20234712059454,18.40790311015879],[-93.20298085825506,18.407955753942474],[-93.20341154059034,18.40798311645923],[-93.20366459462642,18.407989904610712],[-93.20362349029241,18.407534280467928],[-93.20356076896094,18.40709763043679],[-93.20347545866252,18.406619279423825],[-93.20345091928498,18.406472820992892],[-93.20342430928434,18.40631405830858],[-93.20338687853136,18.405904594416178],[-93.20126930134931,18.405518310578536],[-93.20083756892456,18.405445539742075],[-93.2008901391426,18.404723230210916],[-93.2008805497251,18.404692490355696],[-93.2009662523009,18.404113487979043],[-93.20097716251892,18.40404936884534],[-93.20102320106669,18.403707048589453],[-93.20105527203626,18.403494922917336],[-93.20111217915453,18.403118520193004],[-93.20115171919586,18.4028376300781],[-93.20115857981548,18.402714055508554],[-93.201211769654,18.402661259853648],[-93.20125432044208,18.402309519980893],[-93.20130407998147,18.402078493791375],[-93.20140446054387,18.402058480478775],[-93.20150951947109,18.402032259756986],[-93.20164912909101,18.402021597553524],[-93.2017697685003,18.402018028774023],[-93.20189825974026,18.402013745431482],[-93.20200422201493,18.401410629079002],[-93.20201414422445,18.40131462589222],[-93.2020234310274,18.40122477885057],[-93.20202650490482,18.40119486240911],[-93.20204288282025,18.40107397107968],[-93.202057139044,18.400953230950925],[-93.20207121202816,18.40077709862069],[-93.20210898530372,18.400412845022664],[-93.20215763046816,18.40002992010019],[-93.20219424508153,18.399680775988372],[-93.20223461933483,18.399358031092035],[-93.20219017971631,18.39931594086796],[-93.20202197927536,18.399171060834007],[-93.20203090948111,18.399149450774544],[-93.20214421147749,18.398875080989185],[-93.20248902045702,18.398099599800737],[-93.2040522488307,18.398404340048778],[-93.20406521996931,18.398352380750936],[-93.20442691896257,18.39735260709537],[-93.20472737896273,18.396610740955083],[-93.20483657909959,18.396291750587743],[-93.20501109980708,18.39583702342828],[-93.20513607916182,18.395511381517018],[-93.20515105921687,18.395472351043473],[-93.20517795457863,18.39540603479145],[-93.20520313882692,18.395343940520814],[-93.2054200802845,18.39481128122666],[-93.20586982973974,18.393751770225226],[-93.20571830987885,18.39368114116379],[-93.20561865000559,18.393649600115708],[-93.20541526867454,18.39364982103037],[-93.20480493077932,18.393699205033247],[-93.20441966907728,18.393733167700837],[-93.20379594966793,18.39378815052611],[-93.20375379854323,18.393429320751633],[-93.20374382876545,18.393177740255094],[-93.20365174071793,18.39323897218676],[-93.20350600803084,18.392903154559136],[-93.20341250214415,18.39248327557589],[-93.20347457258359,18.392351011809883],[-93.20349883249949,18.392213452786343],[-93.20359281396512,18.392122333717577],[-93.20369463040278,18.392067950819538],[-93.20381130999888,18.391938090824706],[-93.20391284878554,18.391884920761207],[-93.20402708014439,18.391737049747228],[-93.20414321857002,18.39156171073673],[-93.20432574859515,18.391392250832002],[-93.20482685199019,18.39099826109403],[-93.20527631973673,18.390625570526623],[-93.20662811008867,18.389536750387816],[-93.20702054723515,18.38914329039524],[-93.20706807986446,18.38909705024323],[-93.20738775673635,18.38874596538868],[-93.20748493883235,18.38864831678337],[-93.20757112694533,18.388554157545837],[-93.20802217881112,18.388079220030022],[-93.208267787803,18.38781165057204],[-93.20889197915739,18.387132489860505],[-93.2089904415781,18.38702723755542],[-93.20999662738974,18.38779980145444],[-93.21011220120123,18.387883641725047],[-93.21048450822728,18.388153614362906],[-93.21106262252856,18.387479630308295],[-93.2120174496593,18.388112742666088],[-93.21308304792011,18.38880920691637],[-93.21317387764559,18.38886479570939],[-93.21449639090926,18.386978055344358],[-93.21493266859306,18.387176513261583],[-93.21517084741807,18.387280514834842],[-93.2155618559657,18.38744624797715],[-93.21560546553751,18.387466374732554],[-93.21580287273504,18.387553177713443],[-93.21632270320468,18.387802967085513],[-93.21668221624192,18.387979624227132],[-93.21670565318387,18.387990577993357],[-93.2180013692909,18.388636180466317],[-93.21816184801753,18.38871850177668],[-93.21859076371666,18.388311240092012],[-93.21880813430359,18.38813128865609],[-93.21896362163592,18.38806657404951],[-93.21906461079114,18.38808173626035],[-93.21964645247051,18.38717266647061],[-93.22112754089301,18.384858667043815],[-93.22133543008808,18.384507911116067],[-93.22156710222457,18.38410477329296],[-93.22164824180884,18.383931883677544],[-93.22173711952776,18.383695388369038],[-93.2218264793844,18.38331455100965],[-93.22186894177067,18.383030666282494],[-93.22208888694732,18.383050661577307],[-93.22214115274203,18.38305541280039],[-93.2222119181595,18.383050756382428],[-93.22271983693629,18.383017341641647],[-93.2248746775203,18.38288218703947],[-93.22577316195961,18.382868861959704],[-93.22588927913857,18.38287457396974],[-93.22721035623448,18.38287838065393],[-93.22869481755359,18.382872459274736],[-93.2285591097447,18.385707825964403],[-93.22811867055164,18.386454572627645],[-93.22755259760376,18.38741389907837],[-93.22738484500871,18.387731557995345],[-93.22613919810847,18.389237755251827],[-93.22505773339611,18.388645270792757],[-93.2244616779708,18.389137819286866],[-93.22287684988268,18.38841641348509],[-93.2220059662928,18.38841284383958],[-93.2208923776116,18.388248660581972],[-93.22020366759448,18.38955059473413],[-93.21993521648668,18.390069413257695],[-93.22259087886204,18.390438460381564],[-93.22238765314317,18.39083674485513],[-93.22233024966663,18.391050451114555],[-93.22227877015594,18.391220059836954],[-93.22211305033287,18.391766341161002],[-93.22200590975976,18.391804450135172],[-93.22169266965498,18.39233785124125],[-93.22052427872333,18.392649150421672],[-93.22048114908283,18.392868830048634],[-93.21966564879837,18.39287649000683],[-93.21901314874478,18.393118958011364],[-93.21889151906795,18.393512090931004],[-93.21944131879904,18.393698820238498],[-93.21995222014506,18.393879431297925],[-93.22177653891605,18.39453185235993],[-93.22231430273304,18.39472415888346],[-93.2223752894891,18.394688620729735],[-93.222845403595,18.395444260196534],[-93.22284765981722,18.39544798740177],[-93.22336077266831,18.396318599285863],[-93.22405384907663,18.397494438864868],[-93.22376110924031,18.39927257122313],[-93.22374501213426,18.399317618141293],[-93.22374042847852,18.399330445566576],[-93.22372338571296,18.39937813859183],[-93.22365909361643,18.39955805090655],[-93.22363091809194,18.399636897891753],[-93.2236015575461,18.399729443736263],[-93.22355432984602,18.399878307965057],[-93.22350395798121,18.40003708418488],[-93.22349416676084,18.40006794585134],[-93.22348650978088,18.400092082713954],[-93.22342403230589,18.400289015081622],[-93.223419273056,18.400304015140488],[-93.2233620641888,18.40048434101911],[-93.2235723614493,18.40051649253478],[-93.22360046463066,18.40052071263118],[-93.22391933299534,18.40056858557807],[-93.22394772406606,18.400572847829284],[-93.22395565277012,18.40057403859197],[-93.22396065641998,18.400574789944052],[-93.2239664425453,18.400575659582863],[-93.22399843032687,18.400580460348525],[-93.2242988809104,18.400675704969256],[-93.22472425862883,18.400804493374487],[-93.22520573883965,18.40098405022626],[-93.22554909028929,18.40109065960888],[-93.22583507956695,18.401177866757834],[-93.22604691970847,18.401236549883],[-93.2265227394313,18.40136477985407],[-93.22605517400079,18.402136680661528],[-93.22581398026898,18.402511134437727],[-93.22577464881681,18.40261355015048],[-93.22551942881394,18.402986860891573],[-93.22532816897841,18.403266631276455],[-93.22344737873262,18.40595111120601],[-93.22257013950329,18.407118310529242],[-93.2225469394699,18.40720675029042],[-93.22080685883205,18.40942734110978],[-93.22078863556159,18.409452000436115],[-93.22077524999445,18.409470120254653],[-93.21981491891272,18.410769520018405],[-93.2191792729237,18.41165412962023],[-93.219027229891,18.41186572142271],[-93.21820389011488,18.41161691096396],[-93.2180077703294,18.411544661147804],[-93.21782710975029,18.411919711218765],[-93.21773010948235,18.41212109027901],[-93.21753586018292,18.412490981047238],[-93.21740007834636,18.4127596814264],[-93.2170343388869,18.413488261319163],[-93.21661596906719,18.41350872144053],[-93.21629977951619,18.41349732089393],[-93.21603630095413,18.413546305597638],[-93.21603602528026,18.4136494352385],[-93.21603560578883,18.4138072533057],[-93.21606010703678,18.414524092633254],[-93.21606017006667,18.414525920277562],[-93.21611636907252,18.414835750445686],[-93.21520201342398,18.414928807119757],[-93.21480047736425,18.414969671487846],[-93.2139923015426,18.415051917745142],[-93.2118062200204,18.415267980946844],[-93.21044653936681,18.41540682787375],[-93.21038765957968,18.415372520402926],[-93.21038982860965,18.41513836272762],[-93.21036573293553,18.415077107850102],[-93.2102814714849,18.414862920879024],[-93.20986014841681,18.41445106060611],[-93.20917636994436,18.413869550141186],[-93.20836776989448,18.413205199907686],[-93.2081285906489,18.4129891172362],[-93.20799770963984,18.412870860181076],[-93.20788817954595,18.412771910444633],[-93.20769059943481,18.412555173170492],[-93.20756490954727,18.412469579735966],[-93.20733459944958,18.41243957134237],[-93.20726729787428,18.412447516130634],[-93.20645070909222,18.41254395015547],[-93.20623171916891,18.412570779869927],[-93.20623464862945,18.41260615065865],[-93.20641631010659,18.41439190981216],[-93.20635242047138,18.4146747400514],[-93.20361647941252,18.414963890224357],[-93.20014310016832,18.415379460690126],[-93.19715161885024,18.415663979988086],[-93.19711336957047,18.415631180128187],[-93.19712691933121,18.415572570782818],[-93.19573114352846,18.415733458260554],[-93.19409402069924,18.415930157445423],[-93.19410581461207,18.416028539214114],[-93.19410359736356,18.41602866656068],[-93.19156686041761,18.416175370211384],[-93.19150791980455,18.416177919950183],[-93.19192671039931,18.415728720459146],[-93.19211625447576,18.415489380148568]]]]}},{"type":"Feature","properties":{"POLY_ID":99.0,"CVEGEO":"270140006","NOM_ENT":"Tabasco","NOM_MUN":"Paraíso","NOMGEO":"Puerto Ceiba","CABECERA":"No","POB1":2806.0,"POB2":124.0,"POB2_R":4.4,"POB4":141.0,"POB4_R":5.0,"POB5":284.0,"POB5_R":10.1,"POB6":305.0,"POB6_R":10.9,"POB7":120.0,"POB7_R":4.3,"POB8":669.0,"POB8_R":23.8,"POB9":146.0,"POB9_R":5.2,"POB10":469.0,"POB10_R":16.7,"POB11":648.0,"POB11_R":23.1,"POB12":1844.0,"POB12_R":65.7,"POB13":323.0,"POB13_R":11.5,"POB14":776.0,"POB14_R":27.7,"POB15":300.0,"POB15_R":10.7,"POB17":2682.0,"POB17_R":95.6,"POB18":2587.0,"POB18_R":92.2,"POB19":2257.0,"POB19_R":80.4,"POB20":2137.0,"POB20_R":76.2,"POB21":1991.0,"POB21_R":71.0,"POB22":1668.0,"POB22_R":59.4,"POB23":413.0,"POB23_R":14.7,"POB24":293.0,"POB24_R":10.4,"POB25":179.0,"POB25_R":6.4,"POB42":1424.0,"POB42_R":50.7,"POB43":55.0,"POB43_R":2.0,"POB45":66.0,"POB45_R":2.4,"POB46":125.0,"POB46_R":4.5,"POB47":146.0,"POB47_R":5.2,"POB48":69.0,"POB48_R":2.5,"POB49":315.0,"POB49_R":11.2,"POB50":66.0,"POB50_R":2.4,"POB51":233.0,"POB51_R":8.3,"POB52":334.0,"POB52_R":11.9,"POB53":740.0,"POB53_R":26.4,"POB54":944.0,"POB54_R":33.6,"POB55":167.0,"POB55_R":6.0,"POB56":406.0,"POB56_R":14.5,"POB57":149.0,"POB57_R":5.3,"POB59":1369.0,"POB59_R":48.8,"POB60":1325.0,"POB60_R":47.2,"POB61":1178.0,"POB61_R":42.0,"POB62":1109.0,"POB62_R":39.5,"POB63":1043.0,"POB63_R":37.2,"POB64":876.0,"POB64_R":31.2,"POB65":220.0,"POB65_R":7.8,"POB66":165.0,"POB66_R":5.9,"POB67":101.0,"POB67_R":3.6,"POB84":1382.0,"POB84_R":49.3,"POB85":69.0,"POB85_R":2.5,"POB87":75.0,"POB87_R":2.7,"POB88":159.0,"POB88_R":5.7,"POB89":159.0,"POB89_R":5.7,"POB90":51.0,"POB90_R":1.8,"POB91":354.0,"POB91_R":12.6,"POB92":80.0,"POB92_R":2.9,"POB93":236.0,"POB93_R":8.4,"POB94":314.0,"POB94_R":11.2,"POB95":900.0,"POB95_R":32.1,"POB96":156.0,"POB96_R":5.6,"POB97":370.0,"POB97_R":13.2,"POB98":151.0,"POB98_R":5.4,"POB100":1313.0,"POB100_R":46.8,"POB101":1262.0,"POB101_R":45.0,"POB102":1079.0,"POB102_R":38.5,"POB103":1028.0,"POB103_R":36.6,"POB104":948.0,"POB104_R":33.8,"POB105":792.0,"POB105_R":28.2,"POB106":193.0,"POB106_R":6.9,"POB107":128.0,"POB107_R":4.6,"POB108":78.0,"POB108_R":2.8,"POB125_R":97.1,"POB126_R":52.2,"POB127_R":36.3,"POB128_R":15.9,"POB129_R":32.0,"POB130_R":32.0,"POB131_R":30.0,"POB132_R":61.7,"POB133_R":69.8,"POB134_R":54.5,"POB3":219.0,"POB3_R":7.8,"POB16":120.0,"POB16_R":4.3,"POB26":236.0,"POB26_R":8.4,"POB27":214.0,"POB27_R":7.6,"POB28":238.0,"POB28_R":8.5,"POB29":231.0,"POB29_R":8.2,"POB30":179.0,"POB30_R":6.4,"POB31":198.0,"POB31_R":7.1,"POB32":179.0,"POB32_R":6.4,"POB33":197.0,"POB33_R":7.0,"POB34":202.0,"POB34_R":7.2,"POB35":183.0,"POB35_R":6.5,"POB36":117.0,"POB36_R":4.2,"POB37":114.0,"POB37_R":4.1,"POB38":70.0,"POB38_R":2.5,"POB39":55.0,"POB39_R":2.0,"POB40":25.0,"POB40_R":0.9,"POB41":29.0,"POB41_R":1.0,"POB44":99.0,"POB44_R":3.5,"POB58":55.0,"POB58_R":2.0,"POB68":112.0,"POB68_R":4.0,"POB69":104.0,"POB69_R":3.7,"POB70":112.0,"POB70_R":4.0,"POB71":121.0,"POB71_R":4.3,"POB72":101.0,"POB72_R":3.6,"POB73":98.0,"POB73_R":3.5,"POB74":90.0,"POB74_R":3.2,"POB75":106.0,"POB75_R":3.8,"POB76":112.0,"POB76_R":4.0,"POB77":84.0,"POB77_R":3.0,"POB78":65.0,"POB78_R":2.3,"POB79":64.0,"POB79_R":2.3,"POB80":39.0,"POB80_R":1.4,"POB81":32.0,"POB81_R":1.1,"POB82":11.0,"POB82_R":0.4,"POB83":19.0,"POB83_R":0.7,"POB86":120.0,"POB86_R":4.3,"POB99":65.0,"POB99_R":2.3,"POB109":124.0,"POB109_R":4.4,"POB110":110.0,"POB110_R":3.9,"POB111":126.0,"POB111_R":4.5,"POB112":110.0,"POB112_R":3.9,"POB113":78.0,"POB113_R":2.8,"POB114":100.0,"POB114_R":3.6,"POB115":89.0,"POB115_R":3.2,"POB116":91.0,"POB116_R":3.2,"POB117":90.0,"POB117_R":3.2,"POB118":99.0,"POB118_R":3.5,"POB119":52.0,"POB119_R":1.9,"POB120":50.0,"POB120_R":1.8,"POB121":31.0,"POB121_R":1.1,"POB122":23.0,"POB122_R":0.8,"POB123":14.0,"POB123_R":0.5,"POB124":10.0,"POB124_R":0.4,"OID_1":99,"COORD_X":481200.577702,"COORD_Y":2035676.57894,"Field":76},"geometry":{"type":"MultiPolygon","coordinates":[[[[-93.17872341959354,18.414067220865384],[-93.17763464862273,18.4139596002407],[-93.17624214917521,18.413960889769182],[-93.17520425950333,18.414094650529492],[-93.17330942310443,18.41471531989528],[-93.17281687979772,18.414548681013887],[-93.17266665029987,18.414502509930532],[-93.17264199900694,18.414477920879975],[-93.17245894912416,18.41429562609153],[-93.17197532719891,18.413708020299048],[-93.17173164898574,18.413471489658267],[-93.17158313962273,18.413196399589104],[-93.17192716821488,18.41294589659375],[-93.1711479190096,18.411891660530834],[-93.17097245985418,18.411712320235257],[-93.17092651010618,18.411629510057335],[-93.17097060005369,18.411491829849066],[-93.17107674034825,18.411462969632684],[-93.17123625036812,18.411452764177092],[-93.17126818677887,18.411450719650915],[-93.1715227269674,18.4112794900218],[-93.17185907958302,18.410995490030928],[-93.17222511018024,18.41081658037936],[-93.17255562934314,18.410343550335732],[-93.17279724993678,18.410431800354928],[-93.17286868205377,18.410436620714055],[-93.17354076976157,18.41048197012898],[-93.17421643028777,18.410538709848936],[-93.17427009489826,18.410498638341828],[-93.1743462429469,18.410447670743892],[-93.17452570882192,18.41021762081584],[-93.17474432037817,18.410024851357065],[-93.17512694002977,18.40965015013831],[-93.17537495633641,18.409421260997384],[-93.17577651953653,18.409077829898433],[-93.17621651259141,18.40880502957629],[-93.17632171191674,18.408720912837598],[-93.17647877944468,18.408595311064087],[-93.17658082010817,18.40853873968508],[-93.17668080010849,18.408467830627583],[-93.17679351861197,18.408337940080997],[-93.17693136929441,18.408280631225686],[-93.17706784908482,18.408152139500523],[-93.17721694026105,18.40801302114123],[-93.17749422910069,18.40778717957323],[-93.17760001981445,18.407655780753508],[-93.17775273902491,18.407472690383415],[-93.17789374026455,18.407263321074367],[-93.17806171946444,18.4070526804035],[-93.17819507941691,18.406858757062775],[-93.17832846673718,18.406722516788225],[-93.1784550491372,18.406575050444467],[-93.17854782875212,18.406483231127975],[-93.17866107978105,18.40642505134587],[-93.17877248846226,18.40639557490288],[-93.17903488798326,18.406425409217295],[-93.17952936836447,18.406508251337193],[-93.17978107873925,18.406493891212264],[-93.17984976971066,18.406489971317402],[-93.1800319741187,18.406507770493914],[-93.18019534914696,18.40653156997241],[-93.18049839931756,18.406573019676852],[-93.18056744925937,18.406581850209708],[-93.18060445029445,18.4065868497629],[-93.1806089385994,18.406588230425783],[-93.18068652001548,18.40661891502958],[-93.18085117884674,18.40666931102348],[-93.18099314859376,18.406718380578756],[-93.18105823616304,18.40676835800399],[-93.18115057920178,18.40679280084303],[-93.18127323008446,18.406832581281677],[-93.18146437650469,18.4069578507697],[-93.18158411840886,18.407046480334618],[-93.18164433287373,18.407056460957524],[-93.18173919999266,18.40708783088432],[-93.18183214000578,18.407149201008462],[-93.18192564167332,18.407201981054897],[-93.18205490964475,18.40725903133318],[-93.18224601960596,18.407349660524396],[-93.18239072910059,18.40744789014796],[-93.1825720598011,18.407597221237094],[-93.1826599988982,18.407692120079282],[-93.18278394960467,18.407823775749936],[-93.18286685859732,18.407892268674313],[-93.1829659088248,18.407981400111144],[-93.18304622882415,18.40804065000359],[-93.18309025924003,18.408072019906854],[-93.18315830980472,18.408100250335828],[-93.18320574943246,18.408103050486755],[-93.18328897967972,18.408092779877602],[-93.18331624992831,18.408090400666897],[-93.18329716948892,18.408138379714647],[-93.18327199991514,18.40821375025558],[-93.18320047980798,18.40844628071064],[-93.1829831490538,18.40929774055097],[-93.18278657972805,18.410152819930456],[-93.1825619696627,18.411078259537952],[-93.18237735016594,18.41191377987928],[-93.18213934878104,18.41290694072119],[-93.18195422875573,18.41365805008273],[-93.18297221182777,18.414357090876674],[-93.18270662973933,18.414716680076175],[-93.18254408978609,18.41475044978232],[-93.18251016299537,18.414814321741776],[-93.18248518004077,18.414861369658837],[-93.18221439954577,18.4153687110424],[-93.18145695013584,18.41489198110378],[-93.18056968926689,18.414466580099482],[-93.17872341959354,18.414067220865384]]]]}},{"type":"Feature","properties":{"POLY_ID":100.0,"CVEGEO":"270140027","NOM_ENT":"Tabasco","NOM_MUN":"Paraíso","NOMGEO":"Quintín Arauz","CABECERA":"No","POB1":6334.0,"POB2":286.0,"POB2_R":4.5,"POB4":361.0,"POB4_R":5.7,"POB5":700.0,"POB5_R":11.1,"POB6":838.0,"POB6_R":13.2,"POB7":375.0,"POB7_R":5.9,"POB8":1722.0,"POB8_R":27.2,"POB9":313.0,"POB9_R":4.9,"POB10":993.0,"POB10_R":15.7,"POB11":1451.0,"POB11_R":22.9,"POB12":4222.0,"POB12_R":66.7,"POB13":680.0,"POB13_R":10.7,"POB14":1999.0,"POB14_R":31.6,"POB15":581.0,"POB15_R":9.2,"POB17":6044.0,"POB17_R":95.5,"POB18":5806.0,"POB18_R":91.7,"POB19":4983.0,"POB19_R":78.7,"POB20":4608.0,"POB20_R":72.8,"POB21":4295.0,"POB21_R":67.9,"POB22":3615.0,"POB22_R":57.1,"POB23":577.0,"POB23_R":9.1,"POB24":386.0,"POB24_R":6.1,"POB25":233.0,"POB25_R":3.7,"POB42":3235.0,"POB42_R":51.1,"POB43":133.0,"POB43_R":2.1,"POB45":171.0,"POB45_R":2.7,"POB46":348.0,"POB46_R":5.5,"POB47":419.0,"POB47_R":6.6,"POB48":193.0,"POB48_R":3.0,"POB49":845.0,"POB49_R":13.3,"POB50":152.0,"POB50_R":2.4,"POB51":517.0,"POB51_R":8.2,"POB52":746.0,"POB52_R":11.8,"POB53":1799.0,"POB53_R":28.4,"POB54":2175.0,"POB54_R":34.4,"POB55":365.0,"POB55_R":5.8,"POB56":1053.0,"POB56_R":16.6,"POB57":282.0,"POB57_R":4.5,"POB59":3100.0,"POB59_R":49.0,"POB60":2985.0,"POB60_R":47.2,"POB61":2581.0,"POB61_R":40.8,"POB62":2388.0,"POB62_R":37.7,"POB63":2236.0,"POB63_R":35.3,"POB64":1871.0,"POB64_R":29.6,"POB65":307.0,"POB65_R":4.8,"POB66":213.0,"POB66_R":3.4,"POB67":134.0,"POB67_R":2.1,"POB84":3099.0,"POB84_R":49.0,"POB85":153.0,"POB85_R":2.4,"POB87":190.0,"POB87_R":3.0,"POB88":352.0,"POB88_R":5.6,"POB89":419.0,"POB89_R":6.6,"POB90":182.0,"POB90_R":2.9,"POB91":877.0,"POB91_R":13.9,"POB92":161.0,"POB92_R":2.5,"POB93":476.0,"POB93_R":7.5,"POB94":705.0,"POB94_R":11.1,"POB95":2047.0,"POB95_R":32.3,"POB96":315.0,"POB96_R":5.0,"POB97":946.0,"POB97_R":14.9,"POB98":299.0,"POB98_R":4.7,"POB100":2944.0,"POB100_R":46.5,"POB101":2821.0,"POB101_R":44.6,"POB102":2402.0,"POB102_R":37.9,"POB103":2220.0,"POB103_R":35.1,"POB104":2059.0,"POB104_R":32.5,"POB105":1744.0,"POB105_R":27.6,"POB106":270.0,"POB106_R":4.3,"POB107":173.0,"POB107_R":2.7,"POB108":99.0,"POB108_R":1.6,"POB125_R":95.8,"POB126_R":49.9,"POB127_R":40.8,"POB128_R":9.1,"POB129_R":29.0,"POB130_R":30.0,"POB131_R":29.0,"POB132_R":33.5,"POB133_R":36.3,"POB134_R":30.8,"POB3":524.0,"POB3_R":8.3,"POB16":191.0,"POB16_R":3.0,"POB26":601.0,"POB26_R":9.5,"POB27":597.0,"POB27_R":9.4,"POB28":506.0,"POB28_R":8.0,"POB29":487.0,"POB29_R":7.7,"POB30":458.0,"POB30_R":7.2,"POB31":536.0,"POB31_R":8.5,"POB32":558.0,"POB32_R":8.8,"POB33":460.0,"POB33_R":7.3,"POB34":445.0,"POB34_R":7.0,"POB35":348.0,"POB35_R":5.5,"POB36":233.0,"POB36_R":3.7,"POB37":153.0,"POB37_R":2.4,"POB38":91.0,"POB38_R":1.4,"POB39":66.0,"POB39_R":1.0,"POB40":42.0,"POB40_R":0.7,"POB41":34.0,"POB41_R":0.5,"POB44":248.0,"POB44_R":3.9,"POB58":94.0,"POB58_R":1.5,"POB68":297.0,"POB68_R":4.7,"POB69":300.0,"POB69_R":4.7,"POB70":255.0,"POB70_R":4.0,"POB71":262.0,"POB71_R":4.1,"POB72":229.0,"POB72_R":3.6,"POB73":291.0,"POB73_R":4.6,"POB74":302.0,"POB74_R":4.8,"POB75":220.0,"POB75_R":3.5,"POB76":240.0,"POB76_R":3.8,"POB77":174.0,"POB77_R":2.7,"POB78":108.0,"POB78_R":1.7,"POB79":79.0,"POB79_R":1.2,"POB80":56.0,"POB80_R":0.9,"POB81":38.0,"POB81_R":0.6,"POB82":17.0,"POB82_R":0.3,"POB83":23.0,"POB83_R":0.4,"POB86":276.0,"POB86_R":4.4,"POB99":97.0,"POB99_R":1.5,"POB109":304.0,"POB109_R":4.8,"POB110":297.0,"POB110_R":4.7,"POB111":251.0,"POB111_R":4.0,"POB112":225.0,"POB112_R":3.6,"POB113":229.0,"POB113_R":3.6,"POB114":245.0,"POB114_R":3.9,"POB115":256.0,"POB115_R":4.0,"POB116":240.0,"POB116_R":3.8,"POB117":205.0,"POB117_R":3.2,"POB118":174.0,"POB118_R":2.7,"POB119":125.0,"POB119_R":2.0,"POB120":74.0,"POB120_R":1.2,"POB121":35.0,"POB121_R":0.6,"POB122":28.0,"POB122_R":0.4,"POB123":25.0,"POB123_R":0.4,"POB124":11.0,"POB124_R":0.2,"OID_1":100,"COORD_X":477597.33152,"COORD_Y":2031510.34023,"Field":526},"geometry":{"type":"MultiPolygon","coordinates":[[[[-93.2120174496593,18.388112742666088],[-93.21106262252856,18.387479630308295],[-93.21048450822728,18.388153614362906],[-93.21011220120123,18.387883641725047],[-93.20999662738974,18.38779980145444],[-93.2089904415781,18.38702723755542],[-93.20889197915739,18.387132489860505],[-93.20655199991997,18.38559254156118],[-93.20636817927861,18.38520500106203],[-93.20624944908663,18.384628141408598],[-93.20575385235993,18.383939387831937],[-93.20573454742127,18.383912557820054],[-93.20550307113025,18.383590862075597],[-93.2055935346861,18.38346751762931],[-93.20518019187506,18.38319590293172],[-93.20515959714034,18.383182369969095],[-93.20487128973446,18.382992916556784],[-93.20528597743254,18.382400549291102],[-93.20380856991555,18.381312680454258],[-93.20426893897393,18.380837339702772],[-93.20448454284407,18.380616371264047],[-93.20493927952279,18.380145800777804],[-93.2049226585013,18.380137380440118],[-93.20566905199672,18.37940278100556],[-93.2062045699193,18.378877574048925],[-93.20647144897471,18.378620110472006],[-93.20653394802416,18.37855311238008],[-93.20651269301766,18.378517223953487],[-93.20648244906945,18.37846616332433],[-93.20646997661353,18.378446265347442],[-93.2064502367471,18.37841478063868],[-93.2062940190104,18.37815885087515],[-93.20628055001232,18.378133691196407],[-93.20480813930038,18.376027250952596],[-93.20328499916567,18.373182910423193],[-93.20321364982205,18.373027549722792],[-93.20244697871124,18.37135842025442],[-93.19988396997171,18.36577805070206],[-93.20113294993453,18.365300889723915],[-93.20235713877084,18.36482694094781],[-93.20290425983849,18.36461548032063],[-93.20336404982018,18.364430910128505],[-93.20388759853905,18.364209740702393],[-93.2073514598522,18.362880090072558],[-93.20932529857757,18.362079572626403],[-93.2087833336705,18.361362929484176],[-93.20853981896617,18.361018526962134],[-93.20741850993518,18.361363281038326],[-93.20744081157954,18.361013001119975],[-93.20744397913799,18.360862689768666],[-93.20756421844679,18.359840230716657],[-93.20832165952936,18.35723838103946],[-93.20964214020331,18.35270228012922],[-93.21060309700847,18.352625056056812],[-93.21079168421846,18.35260990024611],[-93.21083990981813,18.35260588666517],[-93.21100801163121,18.352579370697747],[-93.21177530970459,18.352442479037403],[-93.21182507901038,18.35243359997373],[-93.2118916502313,18.352421709569516],[-93.211894026806,18.35244209003443],[-93.21195083033416,18.352892570684745],[-93.21202037950192,18.35344038434635],[-93.21220493949919,18.354042880608777],[-93.21236637942422,18.354535801103026],[-93.21252785964687,18.355050660454154],[-93.21262007971409,18.355269721328238],[-93.21280416920933,18.355499620678735],[-93.21303411911782,18.355663728359648],[-93.21335588886976,18.355805850617998],[-93.21379265279896,18.35592588298062],[-93.21411441151066,18.35598030989844],[-93.21427530122337,18.3560897104298],[-93.21434869983264,18.356198319561848],[-93.21437888023024,18.35624297554986],[-93.21437915973927,18.35646214029879],[-93.21432231435891,18.356889580700752],[-93.21435854901388,18.357072560594673],[-93.21447371863474,18.35726967954776],[-93.21468076876496,18.357488600972367],[-93.21485339941042,18.357762358077853],[-93.2149339498107,18.357871850051552],[-93.2150489921879,18.357970350526386],[-93.21518702926404,18.35809071989404],[-93.21527916607556,18.3583097703181],[-93.215405909794,18.358627431245772],[-93.21540613998631,18.35881371986033],[-93.21538451964844,18.358982170543776],[-93.21525862995395,18.359354860838828],[-93.21508674907699,18.359683797709184],[-93.21485734959747,18.359957993887026],[-93.2146163088803,18.36015550981878],[-93.21437482937317,18.360290635637654],[-93.21429455895064,18.36042223110416],[-93.21425334593789,18.36057041720584],[-93.21424883019633,18.36058665590538],[-93.21434071869204,18.360789550736943],[-93.2144237096208,18.36097280068218],[-93.21451987933564,18.36131506120511],[-93.21467525936397,18.361670979924337],[-93.2148140860216,18.362503629374306],[-93.21491561977295,18.362925050215186],[-93.21496645957652,18.363197850587078],[-93.21493377947672,18.36353866035506],[-93.21493997861621,18.36426266072239],[-93.21501014989309,18.364538030399277],[-93.2150190266773,18.36485469026334],[-93.21508733872538,18.365233224972968],[-93.21520541870187,18.365465800179578],[-93.21530668909504,18.365762650880242],[-93.21535753938198,18.366035421013205],[-93.21543387947484,18.366500799792338],[-93.21549334931815,18.36696620077017],[-93.21550205991652,18.36723103042356],[-93.21552782906163,18.367648309687215],[-93.21554171965363,18.36786031061482],[-93.21556781940349,18.367996053837032],[-93.21561113887809,18.36812358106015],[-93.2156630185711,18.368226400369362],[-93.2157365614037,18.368366230584876],[-93.21577981584004,18.36850195854064],[-93.21582284741382,18.368554921921426],[-93.21585330026531,18.368592400357954],[-93.21595257892047,18.368658150699673],[-93.21609937579267,18.36869089819241],[-93.21622453982376,18.36871546067476],[-93.21630650878208,18.36872771125641],[-93.2163971803313,18.368768749835837],[-93.21651802934545,18.36885500365058],[-93.21662174999142,18.368961890375125],[-93.2167038413431,18.36907291059096],[-93.21675217595815,18.36909742796323],[-93.21676857960695,18.369105748052313],[-93.21688514873256,18.36912208537516],[-93.21699731394818,18.36912194968181],[-93.2171310487395,18.369146480161113],[-93.21721103509826,18.369167787732906],[-93.21727705559428,18.369208868318598],[-93.21731221985998,18.36923074893272],[-93.21744071997601,18.36934558068956],[-93.21755359874604,18.369453025582686],[-93.21757567512509,18.369484497380157],[-93.2176003774506,18.369519710746516],[-93.2176121992769,18.369597580456382],[-93.21761234002187,18.369705149726965],[-93.21757345912752,18.369790510215218],[-93.21752694495825,18.36986474007213],[-93.21748814485176,18.36992415096333],[-93.21748432082367,18.369979620311344],[-93.21748431007715,18.36997977287728],[-93.21749438464478,18.369998939154023],[-93.21752328519239,18.37005392027839],[-93.21759339906251,18.370113214971383],[-93.21771403450333,18.37018350041877],[-93.21779243289005,18.370240104599585],[-93.21782687959086,18.37026497436862],[-93.21805661971081,18.370472449719934],[-93.21818487234458,18.37061413997123],[-93.21828653464603,18.370747090676087],[-93.21831405145605,18.370784860916732],[-93.21833121964097,18.37080842545774],[-93.21834502989515,18.370918929801263],[-93.21838279221134,18.37101497823361],[-93.21840864913132,18.371080744960782],[-93.21851509197666,18.37119972642205],[-93.2185518208597,18.371240780684634],[-93.21871070989356,18.37130499025864],[-93.2190419490229,18.371460350579685],[-93.21928425968986,18.371485000217234],[-93.21956779954171,18.371615450304848],[-93.21973804915676,18.37171272403729],[-93.21983713925363,18.37188094036003],[-93.22004581930929,18.3719658803407],[-93.22031559883737,18.372064080570805],[-93.22053081884985,18.372107951014204],[-93.22073487939382,18.37204448068034],[-93.2209529086849,18.371996075581766],[-93.2211100412636,18.37199278110134],[-93.22124801921609,18.37202331951289],[-93.22134281202383,18.37209489809712],[-93.22152499944836,18.372227150520665],[-93.22169708880168,18.372238800993756],[-93.22184780024872,18.372250764991556],[-93.2219638988541,18.372296890326712],[-93.22208022974995,18.372331321051522],[-93.22220399920225,18.372334940507333],[-93.22237940448257,18.372346820462024],[-93.22254002953669,18.372338550982395],[-93.222678709528,18.372318380701913],[-93.22282337200986,18.372336889940897],[-93.22293177038304,18.372367141138803],[-93.22302744953485,18.37243388999188],[-93.22311676997317,18.372531079880016],[-93.22319982895935,18.37265255062991],[-93.22335682886263,18.372971985054242],[-93.22370780024706,18.373629270663574],[-93.22372214669895,18.373649882107802],[-93.22388681917009,18.37388642041132],[-93.22389239353076,18.37389146020809],[-93.22394797891678,18.37394172018945],[-93.22401134971398,18.373999020263938],[-93.22418805366517,18.374172860887835],[-93.2243396898172,18.374256561026975],[-93.22435689103862,18.374275948863907],[-93.22439670946557,18.374319851134747],[-93.22448241944927,18.374414970864287],[-93.22452588866537,18.374463220215244],[-93.22430696946353,18.37472257000257],[-93.22406820096418,18.3752008772901],[-93.22404996871681,18.375237399950148],[-93.22389741923737,18.375550880170103],[-93.22372132058675,18.375837001157553],[-93.22365336850488,18.37592653363217],[-93.2235173386934,18.37603999971415],[-93.22336488954876,18.3761203503083],[-93.22320922571807,18.376153000161132],[-93.2230522293543,18.376148449496995],[-93.22288403017467,18.376115339816476],[-93.22268448937514,18.376046859954982],[-93.22239011837864,18.375954110867788],[-93.22220840001373,18.375899280504022],[-93.22197185173226,18.375880077493708],[-93.22196711859493,18.37604609267986],[-93.22195896447478,18.376332074290882],[-93.22195562694749,18.376449143009584],[-93.22194905568477,18.376867569943908],[-93.22194904170938,18.37705109108962],[-93.22194899980818,18.377603163214502],[-93.22193890909463,18.37801882137482],[-93.22192302890977,18.37917674097827],[-93.22191505272613,18.37962595880776],[-93.22190839871378,18.379968221244184],[-93.22191287861212,18.38023754992513],[-93.2219131950276,18.380363559889584],[-93.22191364880197,18.380544261128303],[-93.22189061902932,18.3815436959641],[-93.2218894277405,18.381704318518967],[-93.22188437364105,18.382386485775207],[-93.22186894177067,18.383030666282494],[-93.2218264793844,18.38331455100965],[-93.22173711952776,18.383695388369038],[-93.22164824180884,18.383931883677544],[-93.22156710222457,18.38410477329296],[-93.22133543008808,18.384507911116067],[-93.22112754089301,18.384858667043815],[-93.21964645247051,18.38717266647061],[-93.21906461079114,18.38808173626035],[-93.21896362163592,18.38806657404951],[-93.21880813430359,18.38813128865609],[-93.21859076371666,18.388311240092012],[-93.21816184801753,18.38871850177668],[-93.2180013692909,18.388636180466317],[-93.21670565318387,18.387990577993357],[-93.21668221624192,18.387979624227132],[-93.21632270320468,18.387802967085513],[-93.21580287273504,18.387553177713443],[-93.21560546553751,18.387466374732554],[-93.2155618559657,18.38744624797715],[-93.21517084741807,18.387280514834842],[-93.21493266859306,18.387176513261583],[-93.21449639090926,18.386978055344358],[-93.21317387764559,18.38886479570939],[-93.21308304792011,18.38880920691637],[-93.2120174496593,18.388112742666088]]]]}}]}