{
"type": "FeatureCollection",
"name": "Posos_Aguas_Someras_Loc",
"crs": { "type": "name", "properties": { "name": "urn:ogc:def:crs:OGC:1.3:CRS84" } },
"features": [
{ "type": "Feature", "properties": { "pozo": "KAB-11", "campo": "KAB", "entidad": "AGUAS TERRITORIALES", "ubicacin": "AGUAS SOMERAS", "clasificac": "DESARROLLO", "estado_act": "CERRADO", "tipo_de_hi": null, "fecha_inic": "06-OCT-2014", "fecha_fin_": "30-JUN-2015", "profundida": 0.0, "profundi_1": 0.0, "trayectori": null, "disponible": "DISPONIBLE" }, "geometry": { "type": "Point", "coordinates": [ -92.724843, 18.77671 ] } },
{ "type": "Feature", "properties": { "pozo": "YAXCHE-3", "campo": "YAXCHE", "entidad": "AGUAS TERRITORIALES", "ubicacin": "AGUAS SOMERAS", "clasificac": "DESARROLLO", "estado_act": "INACTIVO", "tipo_de_hi": "ACEITE", "fecha_inic": "09-DIC-2009", "fecha_fin_": null, "profundida": 6295.0, "profundi_1": 5983.0, "trayectori": "DIRECCIONAL", "disponible": "DISPONIBLE" }, "geometry": { "type": "Point", "coordinates": [ -93.285142, 18.51282 ] } },
{ "type": "Feature", "properties": { "pozo": "TSIMIN-26", "campo": "TSIMIN", "entidad": "AGUAS TERRITORIALES", "ubicacin": "AGUAS SOMERAS", "clasificac": "DESARROLLO", "estado_act": "INACTIVO", "tipo_de_hi": "GAS-CONDENSADO", "fecha_inic": "20-DIC-2013", "fecha_fin_": "17-DIC-2014", "profundida": 5450.0, "profundi_1": 0.0, "trayectori": "DIRECCIONAL", "disponible": "DISPONIBLE" }, "geometry": { "type": "Point", "coordinates": [ -92.67624386, 18.70520969 ] } },
{ "type": "Feature", "properties": { "pozo": "TSIMIN-1DL", "campo": "TSIMIN", "entidad": "AGUAS TERRITORIALES", "ubicacin": "AGUAS SOMERAS", "clasificac": "DELIMITADOR", "estado_act": "INACTIVO", "tipo_de_hi": "CONDENSADO", "fecha_inic": "02-FEB-2010", "fecha_fin_": "13-OCT-2010", "profundida": 6230.0, "profundi_1": 6155.6, "trayectori": "VERTICAL", "disponible": "DISPONIBLE" }, "geometry": { "type": "Point", "coordinates": [ -92.702448, 18.721944 ] } },
{ "type": "Feature", "properties": { "pozo": "YAXCHE-23", "campo": "YAXCHE", "entidad": "AGUAS TERRITORIALES", "ubicacin": "AGUAS SOMERAS", "clasificac": "DESARROLLO", "estado_act": "INACTIVO", "tipo_de_hi": "ACEITE", "fecha_inic": "29-ENE-2013", "fecha_fin_": "30-NOV-2013", "profundida": 0.0, "profundi_1": 0.0, "trayectori": null, "disponible": "DISPONIBLE" }, "geometry": { "type": "Point", "coordinates": [ -93.265576, 18.48276 ] } },
{ "type": "Feature", "properties": { "pozo": "TSIMIN-16", "campo": "TSIMIN", "entidad": "AGUAS TERRITORIALES", "ubicacin": "AGUAS SOMERAS", "clasificac": "DESARROLLO", "estado_act": "TAPONAMIENTO PERMANENTE", "tipo_de_hi": null, "fecha_inic": "01-AGO-2014", "fecha_fin_": "05-ENE-2015", "profundida": 6055.0, "profundi_1": 0.0, "trayectori": "DIRECCIONAL", "disponible": "DISPONIBLE" }, "geometry": { "type": "Point", "coordinates": [ -92.70257047, 18.72215293 ] } },
{ "type": "Feature", "properties": { "pozo": "MAY-37", "campo": "MAY", "entidad": "AGUAS TERRITORIALES", "ubicacin": "AGUAS SOMERAS", "clasificac": "DESARROLLO", "estado_act": "INACTIVO", "tipo_de_hi": "CONDENSADO", "fecha_inic": "05-ABR-2009", "fecha_fin_": null, "profundida": 5305.0, "profundi_1": 5121.0, "trayectori": "DIRECCIONAL", "disponible": "DISPONIBLE" }, "geometry": { "type": "Point", "coordinates": [ -92.60865, 18.713735 ] } },
{ "type": "Feature", "properties": { "pozo": "TSIMIN-96", "campo": "TSIMIN", "entidad": "AGUAS TERRITORIALES", "ubicacin": "AGUAS SOMERAS", "clasificac": "DESARROLLO", "estado_act": "INACTIVO", "tipo_de_hi": "ACEITE-GAS", "fecha_inic": null, "fecha_fin_": "09-FEB-2014", "profundida": 0.0, "profundi_1": 0.0, "trayectori": null, "disponible": "DISPONIBLE" }, "geometry": { "type": "Point", "coordinates": [ -92.702551, 18.722134 ] } },
{ "type": "Feature", "properties": { "pozo": "AMOCA-18DES", "campo": "AMOCA", "entidad": "AGUAS TERRITORIALES", "ubicacin": "AGUAS SOMERAS", "clasificac": "EXPLORATORIO", "estado_act": "PRODUCTOR", "tipo_de_hi": "ACEITE", "fecha_inic": "04-AGO-2024", "fecha_fin_": "22-AGO-2024", "profundida": 1440.0, "profundi_1": 1183.1, "trayectori": "DESVIADO", "disponible": "DISPONIBLE" }, "geometry": { "type": "Point", "coordinates": [ -93.8716775, 18.33690957 ] } },
{ "type": "Feature", "properties": { "pozo": "KOBAN-21DES", "campo": "KOBAN", "entidad": "AGUAS TERRITORIALES", "ubicacin": "AGUAS SOMERAS", "clasificac": "DESARROLLO", "estado_act": "PRODUCTOR", "tipo_de_hi": null, "fecha_inic": "24-MAY-2021", "fecha_fin_": "29-AGO-2021", "profundida": 6540.0, "profundi_1": 6160.0, "trayectori": null, "disponible": "DISPONIBLE" }, "geometry": { "type": "Point", "coordinates": [ -92.77066931, 18.57301454 ] } },
{ "type": "Feature", "properties": { "pozo": "YAXCHE-29DES", "campo": "YAXCHE", "entidad": "AGUAS TERRITORIALES", "ubicacin": "AGUAS SOMERAS", "clasificac": "DESARROLLO", "estado_act": "PRODUCTOR", "tipo_de_hi": null, "fecha_inic": "06-AGO-2023", "fecha_fin_": "30-SEP-2023", "profundida": 4910.0, "profundi_1": 3608.0, "trayectori": null, "disponible": "DISPONIBLE" }, "geometry": { "type": "Point", "coordinates": [ -93.26191242, 18.50505221 ] } },
{ "type": "Feature", "properties": { "pozo": "SANTA ANA A-280D", "campo": "SANTA ANA", "entidad": "AGUAS TERRITORIALES", "ubicacin": "AGUAS SOMERAS", "clasificac": null, "estado_act": "CERRADO", "tipo_de_hi": null, "fecha_inic": "05-MAY-1961", "fecha_fin_": null, "profundida": 0.0, "profundi_1": 0.0, "trayectori": "DIRECCIONAL", "disponible": "DISPONIBLE" }, "geometry": { "type": "Point", "coordinates": [ -93.78100812, 18.34059659 ] } },
{ "type": "Feature", "properties": { "pozo": "SANTA ANA A-260D", "campo": "SANTA ANA", "entidad": "AGUAS TERRITORIALES", "ubicacin": "AGUAS SOMERAS", "clasificac": null, "estado_act": "CERRADO", "tipo_de_hi": null, "fecha_inic": "08-JUN-1961", "fecha_fin_": null, "profundida": 0.0, "profundi_1": 0.0, "trayectori": null, "disponible": "DISPONIBLE" }, "geometry": { "type": "Point", "coordinates": [ -93.78082123, 18.34061763 ] } },
{ "type": "Feature", "properties": { "pozo": "SANTA ANA C-236", "campo": "SANTA ANA", "entidad": "AGUAS TERRITORIALES", "ubicacin": "AGUAS SOMERAS", "clasificac": "DESARROLLO", "estado_act": "TAPONAMIENTO PERMANENTE", "tipo_de_hi": null, "fecha_inic": "10-SEP-1962", "fecha_fin_": null, "profundida": 0.0, "profundi_1": 0.0, "trayectori": "DIRECCIONAL", "disponible": "DISPONIBLE" }, "geometry": { "type": "Point", "coordinates": [ -93.79941312, 18.34368589 ] } },
{ "type": "Feature", "properties": { "pozo": "SANTA ANA PSE-4", "campo": "SANTA ANA", "entidad": "AGUAS TERRITORIALES", "ubicacin": "AGUAS SOMERAS", "clasificac": "EXPLORATORIO", "estado_act": "TAPONAMIENTO PERMANENTE", "tipo_de_hi": null, "fecha_inic": "31-MAY-1961", "fecha_fin_": "25-JUN-1961", "profundida": 2981.0, "profundi_1": 0.0, "trayectori": "VERTICAL", "disponible": "DISPONIBLE" }, "geometry": { "type": "Point", "coordinates": [ -93.81928649, 18.35498436 ] } },
{ "type": "Feature", "properties": { "pozo": "SANTA ANA-277D", "campo": "SANTA ANA", "entidad": "AGUAS TERRITORIALES", "ubicacin": "AGUAS SOMERAS", "clasificac": null, "estado_act": "CERRADO", "tipo_de_hi": null, "fecha_inic": "11-ABR-1962", "fecha_fin_": null, "profundida": 0.0, "profundi_1": 0.0, "trayectori": null, "disponible": "DISPONIBLE" }, "geometry": { "type": "Point", "coordinates": [ -93.78127485, 18.34050038 ] } },
{ "type": "Feature", "properties": { "pozo": "SANTA ANA A-257D", "campo": "SANTA ANA", "entidad": "AGUAS TERRITORIALES", "ubicacin": "AGUAS SOMERAS", "clasificac": null, "estado_act": "CERRADO", "tipo_de_hi": null, "fecha_inic": "10-FEB-1962", "fecha_fin_": null, "profundida": 3061.0, "profundi_1": 0.0, "trayectori": "DIRECCIONAL", "disponible": "DISPONIBLE" }, "geometry": { "type": "Point", "coordinates": [ -93.78127485, 18.34050038 ] } },
{ "type": "Feature", "properties": { "pozo": "SANTA ANA PSE-22", "campo": "SANTA ANA", "entidad": "AGUAS TERRITORIALES", "ubicacin": "AGUAS SOMERAS", "clasificac": "EXPLORATORIO", "estado_act": "TAPONAMIENTO PERMANENTE", "tipo_de_hi": null, "fecha_inic": "25-MAY-1962", "fecha_fin_": "17-JUN-1962", "profundida": 3204.0, "profundi_1": 0.0, "trayectori": "VERTICAL", "disponible": "DISPONIBLE" }, "geometry": { "type": "Point", "coordinates": [ -93.81526569, 18.33309455 ] } },
{ "type": "Feature", "properties": { "pozo": "MIZTON-6DES", "campo": "MIZTON", "entidad": "AGUAS TERRITORIALES", "ubicacin": "AGUAS SOMERAS", "clasificac": "DESARROLLO", "estado_act": "PRODUCTOR", "tipo_de_hi": "ACEITE", "fecha_inic": "23-FEB-2021", "fecha_fin_": "27-MAY-2021", "profundida": 3404.0, "profundi_1": 3047.0, "trayectori": null, "disponible": "DISPONIBLE" }, "geometry": { "type": "Point", "coordinates": [ -93.79416417, 18.3997432 ] } },
{ "type": "Feature", "properties": { "pozo": "SANTA ANA A-257B", "campo": "SANTA ANA", "entidad": "AGUAS TERRITORIALES", "ubicacin": "AGUAS SOMERAS", "clasificac": null, "estado_act": "CERRADO", "tipo_de_hi": null, "fecha_inic": "02-AGO-1962", "fecha_fin_": null, "profundida": 2818.0, "profundi_1": 0.0, "trayectori": null, "disponible": "DISPONIBLE" }, "geometry": { "type": "Point", "coordinates": [ -93.781192, 18.340332 ] } },
{ "type": "Feature", "properties": { "pozo": "SANTA ANA C-214D", "campo": "SANTA ANA", "entidad": "AGUAS TERRITORIALES", "ubicacin": "AGUAS SOMERAS", "clasificac": "DESARROLLO", "estado_act": "TAPONAMIENTO PERMANENTE", "tipo_de_hi": null, "fecha_inic": "30-MAY-1962", "fecha_fin_": "02-JUL-1962", "profundida": 0.0, "profundi_1": 0.0, "trayectori": "DIRECCIONAL", "disponible": "DISPONIBLE" }, "geometry": { "type": "Point", "coordinates": [ -93.7996532, 18.34368684 ] } },
{ "type": "Feature", "properties": { "pozo": "SANTA ANA PSE-11", "campo": "SANTA ANA", "entidad": "AGUAS TERRITORIALES", "ubicacin": "AGUAS SOMERAS", "clasificac": "EXPLORATORIO", "estado_act": "TAPONAMIENTO PERMANENTE", "tipo_de_hi": null, "fecha_inic": "11-JUL-1961", "fecha_fin_": "23-JUL-1961", "profundida": 2447.0, "profundi_1": 2447.0, "trayectori": "VERTICAL", "disponible": "DISPONIBLE" }, "geometry": { "type": "Point", "coordinates": [ -93.76953575, 18.37314068 ] } },
{ "type": "Feature", "properties": { "pozo": "MIZTON-12INY", "campo": "MIZTON", "entidad": "AGUAS TERRITORIALES", "ubicacin": "AGUAS SOMERAS", "clasificac": "INYECTOR", "estado_act": "INYECTOR PARA RECUPERACION SECUNDARIA O MEJORADA", "tipo_de_hi": null, "fecha_inic": "16-OCT-2021", "fecha_fin_": "14-MAR-2022", "profundida": 4030.0, "profundi_1": 3350.0, "trayectori": null, "disponible": "DISPONIBLE" }, "geometry": { "type": "Point", "coordinates": [ -93.794235, 18.399777 ] } },
{ "type": "Feature", "properties": { "pozo": "SANTA ANA C-232D", "campo": "SANTA ANA", "entidad": "AGUAS TERRITORIALES", "ubicacin": "AGUAS SOMERAS", "clasificac": "DESARROLLO", "estado_act": "TAPONAMIENTO PERMANENTE", "tipo_de_hi": null, "fecha_inic": "10-MAR-1962", "fecha_fin_": null, "profundida": 0.0, "profundi_1": 0.0, "trayectori": "DIRECCIONAL", "disponible": "DISPONIBLE" }, "geometry": { "type": "Point", "coordinates": [ -93.79995676, 18.34402261 ] } },
{ "type": "Feature", "properties": { "pozo": "SANTA ANA-363TD", "campo": "SANTA ANA", "entidad": "AGUAS TERRITORIALES", "ubicacin": "AGUAS SOMERAS", "clasificac": null, "estado_act": "CERRADO", "tipo_de_hi": null, "fecha_inic": "11-NOV-1962", "fecha_fin_": null, "profundida": 3483.0, "profundi_1": 0.0, "trayectori": "DIRECCIONAL", "disponible": "DISPONIBLE" }, "geometry": { "type": "Point", "coordinates": [ -93.77295941, 18.35841359 ] } },
{ "type": "Feature", "properties": { "pozo": "SANTA ANA B-341", "campo": "SANTA ANA", "entidad": "AGUAS TERRITORIALES", "ubicacin": "AGUAS SOMERAS", "clasificac": "DESARROLLO", "estado_act": "TAPONAMIENTO PERMANENTE", "tipo_de_hi": "ACEITE", "fecha_inic": "18-SEP-1961", "fecha_fin_": null, "profundida": 0.0, "profundi_1": 0.0, "trayectori": null, "disponible": "DISPONIBLE" }, "geometry": { "type": "Point", "coordinates": [ -93.77349302, 18.35836624 ] } },
{ "type": "Feature", "properties": { "pozo": "MIZTON-9INY", "campo": "MIZTON", "entidad": "AGUAS TERRITORIALES", "ubicacin": "AGUAS SOMERAS", "clasificac": "INYECTOR", "estado_act": "INYECTOR PARA RECUPERACION SECUNDARIA O MEJORADA", "tipo_de_hi": null, "fecha_inic": "17-ABR-2022", "fecha_fin_": "10-JUN-2022", "profundida": 3525.0, "profundi_1": 3287.0, "trayectori": "DIRECCIONAL", "disponible": "DISPONIBLE" }, "geometry": { "type": "Point", "coordinates": [ -93.794195, 18.399799 ] } },
{ "type": "Feature", "properties": { "pozo": "AMOCA-7DES", "campo": "AMOCA", "entidad": "AGUAS TERRITORIALES", "ubicacin": "AGUAS SOMERAS", "clasificac": "DESARROLLO", "estado_act": "PRODUCTOR", "tipo_de_hi": "ACEITE", "fecha_inic": "26-JUN-2022", "fecha_fin_": "04-AGO-2022", "profundida": 2373.0, "profundi_1": 2278.6, "trayectori": "DIRECCIONAL", "disponible": "DISPONIBLE" }, "geometry": { "type": "Point", "coordinates": [ -93.893818, 18.339457 ] } },
{ "type": "Feature", "properties": { "pozo": "SANTA ANA B-302D", "campo": "SANTA ANA", "entidad": "AGUAS TERRITORIALES", "ubicacin": "AGUAS SOMERAS", "clasificac": null, "estado_act": "CERRADO", "tipo_de_hi": null, "fecha_inic": "19-MAR-1963", "fecha_fin_": null, "profundida": 0.0, "profundi_1": 0.0, "trayectori": "DIRECCIONAL", "disponible": "DISPONIBLE" }, "geometry": { "type": "Point", "coordinates": [ -93.77339208, 18.35815631 ] } },
{ "type": "Feature", "properties": { "pozo": "SANTA ANA-443D", "campo": "SANTA ANA", "entidad": "AGUAS TERRITORIALES", "ubicacin": "AGUAS SOMERAS", "clasificac": "DESARROLLO", "estado_act": "TAPONAMIENTO PERMANENTE", "tipo_de_hi": "ACEITE", "fecha_inic": "25-DIC-1962", "fecha_fin_": null, "profundida": 0.0, "profundi_1": 0.0, "trayectori": null, "disponible": "DISPONIBLE" }, "geometry": { "type": "Point", "coordinates": [ -93.7666464, 18.37675814 ] } },
{ "type": "Feature", "properties": { "pozo": "MIZTON-13INY", "campo": "MIZTON", "entidad": "AGUAS TERRITORIALES", "ubicacin": "AGUAS SOMERAS", "clasificac": "INYECTOR", "estado_act": "CERRADO", "tipo_de_hi": "ACEITE LIGERO", "fecha_inic": "26-OCT-2022", "fecha_fin_": "09-DIC-2022", "profundida": 3690.0, "profundi_1": 3189.5, "trayectori": "DIRECCIONAL", "disponible": "DISPONIBLE" }, "geometry": { "type": "Point", "coordinates": [ -93.794183, 18.39978 ] } },
{ "type": "Feature", "properties": { "pozo": "SANTA ANA C-233D", "campo": "SANTA ANA", "entidad": "AGUAS TERRITORIALES", "ubicacin": "AGUAS SOMERAS", "clasificac": "DESARROLLO", "estado_act": "TAPONAMIENTO PERMANENTE", "tipo_de_hi": null, "fecha_inic": "25-ENE-1962", "fecha_fin_": "12-FEB-1962", "profundida": 0.0, "profundi_1": 0.0, "trayectori": "DIRECCIONAL", "disponible": "DISPONIBLE" }, "geometry": { "type": "Point", "coordinates": [ -93.79995676, 18.34402261 ] } },
{ "type": "Feature", "properties": { "pozo": "SANTA ANA PSE-14", "campo": "SANTA ANA", "entidad": "AGUAS TERRITORIALES", "ubicacin": "AGUAS SOMERAS", "clasificac": "EXPLORATORIO", "estado_act": "TAPONAMIENTO PERMANENTE", "tipo_de_hi": null, "fecha_inic": "27-JUN-1961", "fecha_fin_": "07-JUL-1961", "profundida": 1883.0, "profundi_1": 0.0, "trayectori": "VERTICAL", "disponible": "DISPONIBLE" }, "geometry": { "type": "Point", "coordinates": [ -93.78512664, 18.35870727 ] } },
{ "type": "Feature", "properties": { "pozo": "SANTA ANA PSE-18", "campo": "SANTA ANA", "entidad": "AGUAS TERRITORIALES", "ubicacin": "AGUAS SOMERAS", "clasificac": "EXPLORATORIO", "estado_act": "TAPONAMIENTO PERMANENTE", "tipo_de_hi": null, "fecha_inic": "06-AGO-1961", "fecha_fin_": "28-AGO-1961", "profundida": 3076.0, "profundi_1": 0.0, "trayectori": "VERTICAL", "disponible": "DISPONIBLE" }, "geometry": { "type": "Point", "coordinates": [ -93.81925557, 18.34035281 ] } },
{ "type": "Feature", "properties": { "pozo": "SANTA ANA PSE-34", "campo": "SANTA ANA", "entidad": "AGUAS TERRITORIALES", "ubicacin": "AGUAS SOMERAS", "clasificac": "EXPLORATORIO", "estado_act": "TAPONAMIENTO PERMANENTE", "tipo_de_hi": null, "fecha_inic": "20-ABR-1962", "fecha_fin_": "11-MAY-1962", "profundida": 2741.0, "profundi_1": 0.0, "trayectori": "VERTICAL", "disponible": "DISPONIBLE" }, "geometry": { "type": "Point", "coordinates": [ -93.81896713, 18.34744838 ] } },
{ "type": "Feature", "properties": { "pozo": "SANTA ANA PSE-1", "campo": "SANTA ANA", "entidad": "AGUAS TERRITORIALES", "ubicacin": "AGUAS SOMERAS", "clasificac": "EXPLORATORIO", "estado_act": "TAPONAMIENTO PERMANENTE", "tipo_de_hi": null, "fecha_inic": "28-ABR-1961", "fecha_fin_": "27-MAY-1961", "profundida": 3006.0, "profundi_1": 0.0, "trayectori": "VERTICAL", "disponible": "DISPONIBLE" }, "geometry": { "type": "Point", "coordinates": [ -93.79628842, 18.35513609 ] } },
{ "type": "Feature", "properties": { "pozo": "SANTA ANA PSE-17", "campo": "SANTA ANA", "entidad": "AGUAS TERRITORIALES", "ubicacin": "AGUAS SOMERAS", "clasificac": "EXPLORATORIO", "estado_act": "TAPONAMIENTO PERMANENTE", "tipo_de_hi": null, "fecha_inic": "27-JUL-1962", "fecha_fin_": "27-AGO-1962", "profundida": 3306.0, "profundi_1": 0.0, "trayectori": "VERTICAL", "disponible": "DISPONIBLE" }, "geometry": { "type": "Point", "coordinates": [ -93.80388492, 18.32979902 ] } },
{ "type": "Feature", "properties": { "pozo": "SANTA ANA PSE-20", "campo": "SANTA ANA", "entidad": "AGUAS TERRITORIALES", "ubicacin": "AGUAS SOMERAS", "clasificac": "EXPLORATORIO", "estado_act": "TAPONAMIENTO PERMANENTE", "tipo_de_hi": null, "fecha_inic": "31-AGO-1961", "fecha_fin_": "27-SEP-1961", "profundida": 3020.0, "profundi_1": 0.0, "trayectori": "VERTICAL", "disponible": "DISPONIBLE" }, "geometry": { "type": "Point", "coordinates": [ -93.85013951, 18.31985583 ] } },
{ "type": "Feature", "properties": { "pozo": "SANTA ANA PSE-37", "campo": "SANTA ANA", "entidad": "AGUAS TERRITORIALES", "ubicacin": "AGUAS SOMERAS", "clasificac": "EXPLORATORIO", "estado_act": "TAPONAMIENTO PERMANENTE", "tipo_de_hi": null, "fecha_inic": "21-JUN-1962", "fecha_fin_": "24-JUL-1962", "profundida": 3470.0, "profundi_1": 0.0, "trayectori": "VERTICAL", "disponible": "DISPONIBLE" }, "geometry": { "type": "Point", "coordinates": [ -93.75866793, 18.36631575 ] } },
{ "type": "Feature", "properties": { "pozo": "SANTA ANA PSE-3", "campo": "SANTA ANA", "entidad": "AGUAS TERRITORIALES", "ubicacin": "AGUAS SOMERAS", "clasificac": "EXPLORATORIO", "estado_act": "TAPONAMIENTO PERMANENTE", "tipo_de_hi": null, "fecha_inic": "02-JUL-1961", "fecha_fin_": "21-JUL-1961", "profundida": 2758.0, "profundi_1": 0.0, "trayectori": "VERTICAL", "disponible": "DISPONIBLE" }, "geometry": { "type": "Point", "coordinates": [ -93.80732653, 18.34749804 ] } },
{ "type": "Feature", "properties": { "pozo": "SANTA ANA-282D", "campo": "SANTA ANA", "entidad": "AGUAS TERRITORIALES", "ubicacin": "AGUAS SOMERAS", "clasificac": "DESARROLLO", "estado_act": "TAPONAMIENTO PERMANENTE", "tipo_de_hi": "ACEITE", "fecha_inic": "21-MAR-1961", "fecha_fin_": null, "profundida": 0.0, "profundi_1": 0.0, "trayectori": null, "disponible": "DISPONIBLE" }, "geometry": { "type": "Point", "coordinates": [ -93.78078422, 18.34055664 ] } },
{ "type": "Feature", "properties": { "pozo": "SANTA ANA-254", "campo": "SANTA ANA", "entidad": "AGUAS TERRITORIALES", "ubicacin": "AGUAS SOMERAS", "clasificac": "DESARROLLO", "estado_act": "TAPONAMIENTO PERMANENTE", "tipo_de_hi": "ACEITE", "fecha_inic": "08-OCT-1961", "fecha_fin_": "16-NOV-1961", "profundida": 2967.0, "profundi_1": 0.0, "trayectori": "VERTICAL", "disponible": "DISPONIBLE" }, "geometry": { "type": "Point", "coordinates": [ -93.7999473, 18.344023 ] } },
{ "type": "Feature", "properties": { "pozo": "SANTA ANA B-363D", "campo": "SANTA ANA", "entidad": "AGUAS TERRITORIALES", "ubicacin": "AGUAS SOMERAS", "clasificac": null, "estado_act": "CERRADO", "tipo_de_hi": null, "fecha_inic": "12-MAR-1962", "fecha_fin_": null, "profundida": 2622.0, "profundi_1": 0.0, "trayectori": "DIRECCIONAL", "disponible": "DISPONIBLE" }, "geometry": { "type": "Point", "coordinates": [ -93.76860869, 18.36071899 ] } },
{ "type": "Feature", "properties": { "pozo": "SANTA ANA B-383D", "campo": "SANTA ANA", "entidad": "AGUAS TERRITORIALES", "ubicacin": "AGUAS SOMERAS", "clasificac": null, "estado_act": "CERRADO", "tipo_de_hi": null, "fecha_inic": "08-ENE-1962", "fecha_fin_": null, "profundida": 2749.0, "profundi_1": 0.0, "trayectori": null, "disponible": "DISPONIBLE" }, "geometry": { "type": "Point", "coordinates": [ -93.77307066, 18.35846429 ] } },
{ "type": "Feature", "properties": { "pozo": "SANTA ANA PSE-12", "campo": "SANTA ANA", "entidad": "AGUAS TERRITORIALES", "ubicacin": "AGUAS SOMERAS", "clasificac": "EXPLORATORIO", "estado_act": "TAPONAMIENTO PERMANENTE", "tipo_de_hi": null, "fecha_inic": "25-JUL-1961", "fecha_fin_": "03-AGO-1961", "profundida": 1749.0, "profundi_1": 0.0, "trayectori": "VERTICAL", "disponible": "DISPONIBLE" }, "geometry": { "type": "Point", "coordinates": [ -93.78511983, 18.36976014 ] } },
{ "type": "Feature", "properties": { "pozo": "SANTA ANA C-237D", "campo": "SANTA ANA", "entidad": "AGUAS TERRITORIALES", "ubicacin": "AGUAS SOMERAS", "clasificac": null, "estado_act": "CERRADO", "tipo_de_hi": null, "fecha_inic": "27-DIC-1962", "fecha_fin_": null, "profundida": 0.0, "profundi_1": 0.0, "trayectori": null, "disponible": "DISPONIBLE" }, "geometry": { "type": "Point", "coordinates": [ -93.78119185, 18.34033172 ] } },
{ "type": "Feature", "properties": { "pozo": "SANTA ANA B-322A", "campo": "SANTA ANA", "entidad": "AGUAS TERRITORIALES", "ubicacin": "AGUAS SOMERAS", "clasificac": null, "estado_act": "CERRADO", "tipo_de_hi": null, "fecha_inic": "22-AGO-1962", "fecha_fin_": null, "profundida": 2850.0, "profundi_1": 0.0, "trayectori": "DIRECCIONAL", "disponible": "DISPONIBLE" }, "geometry": { "type": "Point", "coordinates": [ -93.77296952, 18.35815354 ] } },
{ "type": "Feature", "properties": { "pozo": "SANTA ANA B-383A", "campo": "SANTA ANA", "entidad": "AGUAS TERRITORIALES", "ubicacin": "AGUAS SOMERAS", "clasificac": null, "estado_act": "CERRADO", "tipo_de_hi": null, "fecha_inic": "11-FEB-1963", "fecha_fin_": null, "profundida": 3297.0, "profundi_1": 0.0, "trayectori": null, "disponible": "DISPONIBLE" }, "geometry": { "type": "Point", "coordinates": [ -93.7732, 18.358541 ] } },
{ "type": "Feature", "properties": { "pozo": "SANTA ANA C-255D", "campo": "SANTA ANA", "entidad": "AGUAS TERRITORIALES", "ubicacin": "AGUAS SOMERAS", "clasificac": "DESARROLLO", "estado_act": "TAPONAMIENTO PERMANENTE", "tipo_de_hi": "ACEITE", "fecha_inic": "30-DIC-1961", "fecha_fin_": null, "profundida": 0.0, "profundi_1": 0.0, "trayectori": null, "disponible": "DISPONIBLE" }, "geometry": { "type": "Point", "coordinates": [ -93.79943281, 18.34385886 ] } },
{ "type": "Feature", "properties": { "pozo": "SANTA ANA A-278D", "campo": "SANTA ANA", "entidad": "AGUAS TERRITORIALES", "ubicacin": "AGUAS SOMERAS", "clasificac": "DESARROLLO", "estado_act": "TAPONAMIENTO PERMANENTE", "tipo_de_hi": "ACEITE", "fecha_inic": "25-NOV-1961", "fecha_fin_": null, "profundida": 0.0, "profundi_1": 0.0, "trayectori": null, "disponible": "DISPONIBLE" }, "geometry": { "type": "Point", "coordinates": [ -93.78128028, 18.34079765 ] } },
{ "type": "Feature", "properties": { "pozo": "SANTA ANA-239", "campo": "SANTA ANA", "entidad": "AGUAS TERRITORIALES", "ubicacin": "AGUAS SOMERAS", "clasificac": "DESARROLLO", "estado_act": "CERRADO", "tipo_de_hi": "ACEITE", "fecha_inic": "18-ABR-1959", "fecha_fin_": "18-MAY-1959", "profundida": 3003.0, "profundi_1": 3003.0, "trayectori": "VERTICAL", "disponible": "DISPONIBLE" }, "geometry": { "type": "Point", "coordinates": [ -93.78119185, 18.3403319 ] } },
{ "type": "Feature", "properties": { "pozo": "SANTA ANA C-276D", "campo": "NO DISPONIBLE", "entidad": "AGUAS TERRITORIALES", "ubicacin": "AGUAS SOMERAS", "clasificac": null, "estado_act": "CERRADO", "tipo_de_hi": null, "fecha_inic": "19-JUL-1962", "fecha_fin_": null, "profundida": 0.0, "profundi_1": 0.0, "trayectori": null, "disponible": "DISPONIBLE" }, "geometry": { "type": "Point", "coordinates": [ -93.79940637, 18.34414649 ] } },
{ "type": "Feature", "properties": { "pozo": "SANTA ANA B-300D", "campo": "NO DISPONIBLE", "entidad": "AGUAS TERRITORIALES", "ubicacin": "AGUAS SOMERAS", "clasificac": null, "estado_act": "CERRADO", "tipo_de_hi": null, "fecha_inic": "14-ENE-1963", "fecha_fin_": null, "profundida": 0.0, "profundi_1": 0.0, "trayectori": null, "disponible": "DISPONIBLE" }, "geometry": { "type": "Point", "coordinates": [ -93.77866623, 18.34903629 ] } },
{ "type": "Feature", "properties": { "pozo": "KAB-5DES", "campo": "KAB", "entidad": "AGUAS TERRITORIALES", "ubicacin": "AGUAS SOMERAS", "clasificac": "DESARROLLO", "estado_act": "TAPONAMIENTO PERMANENTE", "tipo_de_hi": null, "fecha_inic": "06-AGO-2018", "fecha_fin_": "09-NOV-2018", "profundida": 0.0, "profundi_1": 0.0, "trayectori": null, "disponible": "DISPONIBLE" }, "geometry": { "type": "Point", "coordinates": [ -92.724806, 18.776717 ] } },
{ "type": "Feature", "properties": { "pozo": "XUX-3", "campo": "XUX", "entidad": "AGUAS TERRITORIALES", "ubicacin": "AGUAS SOMERAS", "clasificac": "DESARROLLO", "estado_act": "PRODUCTOR", "tipo_de_hi": "GAS-CONDENSADO", "fecha_inic": "25-AGO-2015", "fecha_fin_": "07-ABR-2016", "profundida": 6196.0, "profundi_1": 0.0, "trayectori": "DIRECCIONAL", "disponible": "DISPONIBLE" }, "geometry": { "type": "Point", "coordinates": [ -92.74457818, 18.6838042 ] } },
{ "type": "Feature", "properties": { "pozo": "XOKTAH-1", "campo": "NO DISPONIBLE", "entidad": "AGUAS TERRITORIALES", "ubicacin": "AGUAS SOMERAS", "clasificac": "EXPLORATORIO", "estado_act": "INACTIVO", "tipo_de_hi": null, "fecha_inic": "02-DIC-2016", "fecha_fin_": "27-DIC-2016", "profundida": 2358.0, "profundi_1": 2358.0, "trayectori": "VERTICAL", "disponible": "DISPONIBLE" }, "geometry": { "type": "Point", "coordinates": [ -93.209664, 18.531175 ] } },
{ "type": "Feature", "properties": { "pozo": "ZAZILTUN-1EXP", "campo": "NO DISPONIBLE", "entidad": "AGUAS TERRITORIALES", "ubicacin": "AGUAS SOMERAS", "clasificac": "EXPLORATORIO EN NUEVO CAMPO", "estado_act": "TAPONAMIENTO PERMANENTE", "tipo_de_hi": null, "fecha_inic": "06-NOV-2019", "fecha_fin_": "30-ENE-2020", "profundida": 3200.0, "profundi_1": 2746.0, "trayectori": "DIRECCIONAL", "disponible": "DISPONIBLE" }, "geometry": { "type": "Point", "coordinates": [ -92.82489701, 18.73104804 ] } },
{ "type": "Feature", "properties": { "pozo": "XUX-12", "campo": "XUX", "entidad": "AGUAS TERRITORIALES", "ubicacin": "AGUAS SOMERAS", "clasificac": "DESARROLLO", "estado_act": "CERRADO", "tipo_de_hi": null, "fecha_inic": "19-JUN-2013", "fecha_fin_": "21-DIC-2013", "profundida": 6550.0, "profundi_1": 0.0, "trayectori": "DIRECCIONAL", "disponible": "DISPONIBLE" }, "geometry": { "type": "Point", "coordinates": [ -92.763978, 18.686335 ] } },
{ "type": "Feature", "properties": { "pozo": "TSIMIN-1", "campo": "TSIMIN", "entidad": "AGUAS TERRITORIALES", "ubicacin": "AGUAS SOMERAS", "clasificac": "EXPLORATORIO", "estado_act": "INACTIVO", "tipo_de_hi": "ACEITE", "fecha_inic": "04-NOV-2007", "fecha_fin_": "12-AGO-2008", "profundida": 5728.0, "profundi_1": 5728.0, "trayectori": "VERTICAL", "disponible": "DISPONIBLE" }, "geometry": { "type": "Point", "coordinates": [ -92.67625707, 18.70520893 ] } },
{ "type": "Feature", "properties": { "pozo": "CHECHEM-1", "campo": "NO DISPONIBLE", "entidad": "AGUAS TERRITORIALES", "ubicacin": "AGUAS SOMERAS", "clasificac": "EXPLORATORIO", "estado_act": "CERRADO", "tipo_de_hi": null, "fecha_inic": "19-SEP-2015", "fecha_fin_": "05-DIC-2015", "profundida": 2625.0, "profundi_1": 2622.0, "trayectori": "VERTICAL", "disponible": "DISPONIBLE" }, "geometry": { "type": "Point", "coordinates": [ -92.724866, 18.68262 ] } },
{ "type": "Feature", "properties": { "pozo": "HOLBOTON-1EXP", "campo": "NO DISPONIBLE", "entidad": "AGUAS TERRITORIALES", "ubicacin": "AGUAS SOMERAS", "clasificac": "EXPLORATORIO EN NUEVO CAMPO", "estado_act": "TAPONAMIENTO PERMANENTE", "tipo_de_hi": null, "fecha_inic": "15-DIC-2019", "fecha_fin_": "25-MAY-2020", "profundida": 2850.0, "profundi_1": 2811.0, "trayectori": "DIRECCIONAL J", "disponible": "DISPONIBLE" }, "geometry": { "type": "Point", "coordinates": [ -92.787682, 18.731841 ] } },
{ "type": "Feature", "properties": { "pozo": "KOBAN-1", "campo": "KOBAN", "entidad": "AGUAS TERRITORIALES", "ubicacin": "AGUAS SOMERAS", "clasificac": "EXPLORATORIO", "estado_act": "INACTIVO", "tipo_de_hi": "ACEITE-GAS", "fecha_inic": "02-AGO-2016", "fecha_fin_": "03-MAR-2017", "profundida": 6587.0, "profundi_1": 6425.0, "trayectori": "DIRECCIONAL", "disponible": "DISPONIBLE" }, "geometry": { "type": "Point", "coordinates": [ -92.78166987, 18.57415057 ] } },
{ "type": "Feature", "properties": { "pozo": "XUX-24", "campo": "XUX", "entidad": "AGUAS TERRITORIALES", "ubicacin": "AGUAS SOMERAS", "clasificac": "DESARROLLO", "estado_act": "INACTIVO", "tipo_de_hi": "GAS-CONDENSADO", "fecha_inic": "20-FEB-2014", "fecha_fin_": "29-ABR-2015", "profundida": 6330.0, "profundi_1": 0.0, "trayectori": "DIRECCIONAL", "disponible": "DISPONIBLE" }, "geometry": { "type": "Point", "coordinates": [ -92.76380048, 18.68613061 ] } },
{ "type": "Feature", "properties": { "pozo": "MAY-3", "campo": "MAY", "entidad": "AGUAS TERRITORIALES", "ubicacin": "AGUAS SOMERAS", "clasificac": "DESARROLLO", "estado_act": "INACTIVO", "tipo_de_hi": "ACEITE-GAS", "fecha_inic": "05-ENE-2004", "fecha_fin_": "02-SEP-2004", "profundida": 5722.0, "profundi_1": 5280.0, "trayectori": "VERTICAL", "disponible": "DISPONIBLE" }, "geometry": { "type": "Point", "coordinates": [ -92.59467152, 18.7223165 ] } },
{ "type": "Feature", "properties": { "pozo": "XUX-36", "campo": "XUX", "entidad": "AGUAS TERRITORIALES", "ubicacin": "AGUAS SOMERAS", "clasificac": "DESARROLLO", "estado_act": "INACTIVO", "tipo_de_hi": "GAS-CONDENSADO", "fecha_inic": "19-ENE-2014", "fecha_fin_": "28-MAY-2014", "profundida": 6494.0, "profundi_1": 0.0, "trayectori": "DIRECCIONAL", "disponible": "DISPONIBLE" }, "geometry": { "type": "Point", "coordinates": [ -92.763931, 18.686348 ] } },
{ "type": "Feature", "properties": { "pozo": "CHI-1EXP", "campo": "CHI", "entidad": "AGUAS TERRITORIALES", "ubicacin": "AGUAS SOMERAS", "clasificac": "EXPLORATORIO EN NUEVO CAMPO", "estado_act": "TAPONAMIENTO PERMANENTE", "tipo_de_hi": "ACEITE", "fecha_inic": "31-MAR-2020", "fecha_fin_": "20-JUN-2020", "profundida": 2756.0, "profundi_1": 1979.0, "trayectori": "DIRECCIONAL J", "disponible": "DISPONIBLE" }, "geometry": { "type": "Point", "coordinates": [ -93.11901, 18.571007 ] } },
{ "type": "Feature", "properties": { "pozo": "XUX-1", "campo": "XUX", "entidad": "AGUAS TERRITORIALES", "ubicacin": "AGUAS SOMERAS", "clasificac": "EXPLORATORIO", "estado_act": "CERRADO", "tipo_de_hi": "ACEITE", "fecha_inic": "21-JUL-2008", "fecha_fin_": "28-ABR-2009", "profundida": 6525.0, "profundi_1": 6499.0, "trayectori": "VERTICAL", "disponible": "DISPONIBLE" }, "geometry": { "type": "Point", "coordinates": [ -92.74413701, 18.68456654 ] } },
{ "type": "Feature", "properties": { "pozo": "POPOCA-1EXP", "campo": "NO DISPONIBLE", "entidad": "AGUAS TERRITORIALES", "ubicacin": "AGUAS SOMERAS", "clasificac": "EXPLORATORIO EN NUEVO CAMPO", "estado_act": "TAPONAMIENTO PERMANENTE", "tipo_de_hi": null, "fecha_inic": "25-AGO-2022", "fecha_fin_": "04-MAR-2023", "profundida": 6700.0, "profundi_1": 6700.0, "trayectori": "VERTICAL", "disponible": "DISPONIBLE" }, "geometry": { "type": "Point", "coordinates": [ -93.74749169, 18.41075951 ] } },
{ "type": "Feature", "properties": { "pozo": "XUX-5", "campo": "XUX", "entidad": "AGUAS TERRITORIALES", "ubicacin": "AGUAS SOMERAS", "clasificac": "DESARROLLO", "estado_act": "PRODUCTOR", "tipo_de_hi": "GAS-CONDENSADO", "fecha_inic": "19-AGO-2013", "fecha_fin_": "22-MAR-2014", "profundida": 6011.0, "profundi_1": 0.0, "trayectori": "VERTICAL", "disponible": "DISPONIBLE" }, "geometry": { "type": "Point", "coordinates": [ -92.7445788, 18.68377021 ] } },
{ "type": "Feature", "properties": { "pozo": "YAXCHE-33", "campo": "YAXCHE", "entidad": "AGUAS TERRITORIALES", "ubicacin": "AGUAS SOMERAS", "clasificac": "DESARROLLO", "estado_act": "INACTIVO", "tipo_de_hi": "ACEITE", "fecha_inic": "02-MAY-2009", "fecha_fin_": null, "profundida": 4001.0, "profundi_1": 0.0, "trayectori": "DIRECCIONAL", "disponible": "DISPONIBLE" }, "geometry": { "type": "Point", "coordinates": [ -93.265613, 18.482789 ] } },
{ "type": "Feature", "properties": { "pozo": "MAY-55", "campo": "MAY", "entidad": "AGUAS TERRITORIALES", "ubicacin": "AGUAS SOMERAS", "clasificac": "DESARROLLO", "estado_act": "INACTIVO", "tipo_de_hi": "CONDENSADO", "fecha_inic": "11-SEP-2009", "fecha_fin_": "05-FEB-2010", "profundida": 5918.0, "profundi_1": 5802.0, "trayectori": "DIRECCIONAL", "disponible": "DISPONIBLE" }, "geometry": { "type": "Point", "coordinates": [ -92.60049981, 18.72712347 ] } },
{ "type": "Feature", "properties": { "pozo": "MAY-6", "campo": "MAY", "entidad": "AGUAS TERRITORIALES", "ubicacin": "AGUAS SOMERAS", "clasificac": "DESARROLLO", "estado_act": "INACTIVO", "tipo_de_hi": "CONDENSADO", "fecha_inic": "22-OCT-2011", "fecha_fin_": "29-MAY-2012", "profundida": 5974.0, "profundi_1": 0.0, "trayectori": "DIRECCIONAL", "disponible": "DISPONIBLE" }, "geometry": { "type": "Point", "coordinates": [ -92.60048909, 18.72716095 ] } },
{ "type": "Feature", "properties": { "pozo": "XUX-16", "campo": "XUX", "entidad": "AGUAS TERRITORIALES", "ubicacin": "AGUAS SOMERAS", "clasificac": "DESARROLLO", "estado_act": "TAPONAMIENTO PERMANENTE", "tipo_de_hi": "ACEITE", "fecha_inic": "02-MAY-2015", "fecha_fin_": "17-SEP-2015", "profundida": 6470.0, "profundi_1": 6088.7, "trayectori": "DIRECCIONAL", "disponible": "DISPONIBLE" }, "geometry": { "type": "Point", "coordinates": [ -92.76394906, 18.6874848 ] } },
{ "type": "Feature", "properties": { "pozo": "XUX-4", "campo": "XUX", "entidad": "AGUAS TERRITORIALES", "ubicacin": "AGUAS SOMERAS", "clasificac": "DESARROLLO", "estado_act": "INACTIVO", "tipo_de_hi": "GAS-CONDENSADO", "fecha_inic": "10-ABR-2013", "fecha_fin_": "30-ENE-2014", "profundida": 6252.0, "profundi_1": 0.0, "trayectori": "DIRECCIONAL", "disponible": "DISPONIBLE" }, "geometry": { "type": "Point", "coordinates": [ -92.76383211, 18.68612963 ] } },
{ "type": "Feature", "properties": { "pozo": "XUX-13", "campo": "XUX", "entidad": "AGUAS TERRITORIALES", "ubicacin": "AGUAS SOMERAS", "clasificac": "DESARROLLO", "estado_act": "INACTIVO", "tipo_de_hi": "GAS-CONDENSADO", "fecha_inic": "14-ENE-2015", "fecha_fin_": "01-JUL-2015", "profundida": 6450.0, "profundi_1": 0.0, "trayectori": "DIRECCIONAL", "disponible": "DISPONIBLE" }, "geometry": { "type": "Point", "coordinates": [ -92.744767, 18.684012 ] } },
{ "type": "Feature", "properties": { "pozo": "HOK-1", "campo": "HOK", "entidad": "AGUAS TERRITORIALES", "ubicacin": "AGUAS SOMERAS", "clasificac": "EXPLORATORIO", "estado_act": "INACTIVO", "tipo_de_hi": "ACEITE-GAS", "fecha_inic": "01-FEB-2017", "fecha_fin_": "17-JUN-2017", "profundida": 6766.0, "profundi_1": 6766.0, "trayectori": "VERTICAL", "disponible": "DISPONIBLE" }, "geometry": { "type": "Point", "coordinates": [ -92.86287631, 18.56692287 ] } },
{ "type": "Feature", "properties": { "pozo": "AMOCA-2", "campo": "AMOCA", "entidad": "AGUAS TERRITORIALES", "ubicacin": "AGUAS SOMERAS", "clasificac": "DELIMITADOR", "estado_act": "TAPONAMIENTO PERMANENTE", "tipo_de_hi": "ACEITE", "fecha_inic": "31-DIC-2016", "fecha_fin_": "19-MAR-2017", "profundida": 4520.0, "profundi_1": 4520.0, "trayectori": "DIRECCIONAL", "disponible": "DISPONIBLE" }, "geometry": { "type": "Point", "coordinates": [ -93.86042488, 18.33243398 ] } },
{ "type": "Feature", "properties": { "pozo": "XUX-22", "campo": "XUX", "entidad": "AGUAS TERRITORIALES", "ubicacin": "AGUAS SOMERAS", "clasificac": "DESARROLLO", "estado_act": "PRODUCTOR", "tipo_de_hi": "GAS-CONDENSADO", "fecha_inic": "06-MAY-2013", "fecha_fin_": "08-MAR-2014", "profundida": 6131.0, "profundi_1": 0.0, "trayectori": "DIRECCIONAL", "disponible": "DISPONIBLE" }, "geometry": { "type": "Point", "coordinates": [ -92.74480144, 18.68397854 ] } },
{ "type": "Feature", "properties": { "pozo": "MAY-155", "campo": "MAY", "entidad": "AGUAS TERRITORIALES", "ubicacin": "AGUAS SOMERAS", "clasificac": "DESARROLLO", "estado_act": "INACTIVO", "tipo_de_hi": "CONDENSADO", "fecha_inic": "27-JUN-2009", "fecha_fin_": "21-ENE-2010", "profundida": 5926.0, "profundi_1": 5764.0, "trayectori": "DIRECCIONAL", "disponible": "DISPONIBLE" }, "geometry": { "type": "Point", "coordinates": [ -92.59454535, 18.7216055 ] } },
{ "type": "Feature", "properties": { "pozo": "XUX-1DL", "campo": "NO DISPONIBLE", "entidad": "AGUAS TERRITORIALES", "ubicacin": "AGUAS SOMERAS", "clasificac": "DELIMITADOR", "estado_act": "CERRADO", "tipo_de_hi": "ACEITE", "fecha_inic": "30-SEP-2010", "fecha_fin_": "25-ENE-2013", "profundida": 6980.0, "profundi_1": 6980.0, "trayectori": "VERTICAL", "disponible": "DISPONIBLE" }, "geometry": { "type": "Point", "coordinates": [ -92.76254434, 18.72652231 ] } },
{ "type": "Feature", "properties": { "pozo": "AMOCA-4DEL", "campo": "AMOCA", "entidad": "AGUAS TERRITORIALES", "ubicacin": "AGUAS SOMERAS", "clasificac": "DELIMITADOR", "estado_act": "PRODUCTOR", "tipo_de_hi": null, "fecha_inic": "10-FEB-2018", "fecha_fin_": "02-MAY-2018", "profundida": 5500.0, "profundi_1": 5047.0, "trayectori": "DIRECCIONAL", "disponible": "DISPONIBLE" }, "geometry": { "type": "Point", "coordinates": [ -93.893767, 18.339461 ] } },
{ "type": "Feature", "properties": { "pozo": "XUX-14", "campo": "XUX", "entidad": "AGUAS TERRITORIALES", "ubicacin": "AGUAS SOMERAS", "clasificac": "DESARROLLO", "estado_act": "INACTIVO", "tipo_de_hi": "ACEITE", "fecha_inic": "12-SEP-2016", "fecha_fin_": "10-FEB-2017", "profundida": 6220.0, "profundi_1": 0.0, "trayectori": "DIRECCIONAL", "disponible": "DISPONIBLE" }, "geometry": { "type": "Point", "coordinates": [ -92.74465278, 18.6837639 ] } },
{ "type": "Feature", "properties": { "pozo": "NAJIL-1EXP", "campo": "NO DISPONIBLE", "entidad": "AGUAS TERRITORIALES", "ubicacin": "AGUAS SOMERAS", "clasificac": "EXPLORATORIO EN NUEVO CAMPO", "estado_act": "TAPONAMIENTO PERMANENTE", "tipo_de_hi": null, "fecha_inic": "02-JUN-2017", "fecha_fin_": "04-OCT-2017", "profundida": 6590.0, "profundi_1": 6590.0, "trayectori": "VERTICAL", "disponible": "DISPONIBLE" }, "geometry": { "type": "Point", "coordinates": [ -92.81963497, 18.61775875 ] } },
{ "type": "Feature", "properties": { "pozo": "XUX-38", "campo": "XUX", "entidad": "AGUAS TERRITORIALES", "ubicacin": "AGUAS SOMERAS", "clasificac": "DESARROLLO", "estado_act": "INACTIVO", "tipo_de_hi": "GAS-CONDENSADO", "fecha_inic": "30-SEP-2015", "fecha_fin_": "10-MAY-2016", "profundida": 6480.0, "profundi_1": 0.0, "trayectori": "DIRECCIONAL", "disponible": "DISPONIBLE" }, "geometry": { "type": "Point", "coordinates": [ -92.76394691, 18.68633352 ] } },
{ "type": "Feature", "properties": { "pozo": "XUX-6", "campo": "XUX", "entidad": "AGUAS TERRITORIALES", "ubicacin": "AGUAS SOMERAS", "clasificac": "DESARROLLO", "estado_act": "TAPONAMIENTO PERMANENTE", "tipo_de_hi": "GAS-CONDENSADO", "fecha_inic": "16-JUL-2014", "fecha_fin_": "22-MAR-2015", "profundida": 6274.0, "profundi_1": 0.0, "trayectori": "DIRECCIONAL", "disponible": "DISPONIBLE" }, "geometry": { "type": "Point", "coordinates": [ -92.7639632, 18.68634908 ] } },
{ "type": "Feature", "properties": { "pozo": "XUX-2", "campo": "XUX", "entidad": "AGUAS TERRITORIALES", "ubicacin": "AGUAS SOMERAS", "clasificac": "DESARROLLO", "estado_act": "PRODUCTOR", "tipo_de_hi": "GAS-CONDENSADO", "fecha_inic": "22-ABR-2014", "fecha_fin_": "27-DIC-2014", "profundida": 6557.0, "profundi_1": 0.0, "trayectori": "DIRECCIONAL", "disponible": "DISPONIBLE" }, "geometry": { "type": "Point", "coordinates": [ -92.74459306, 18.6837508 ] } },
{ "type": "Feature", "properties": { "pozo": "KINBE-1", "campo": "KAB", "entidad": "AGUAS TERRITORIALES", "ubicacin": "AGUAS SOMERAS", "clasificac": "EXPLORATORIO", "estado_act": "INACTIVO", "tipo_de_hi": "ACEITE", "fecha_inic": "28-MAY-2010", "fecha_fin_": "31-DIC-2010", "profundida": 6230.0, "profundi_1": 6223.0, "trayectori": "VERTICAL", "disponible": "DISPONIBLE" }, "geometry": { "type": "Point", "coordinates": [ -92.72485272, 18.77667565 ] } },
{ "type": "Feature", "properties": { "pozo": "SANTA ANA B-301D", "campo": "NO DISPONIBLE", "entidad": "AGUAS TERRITORIALES", "ubicacin": "AGUAS SOMERAS", "clasificac": null, "estado_act": "CERRADO", "tipo_de_hi": null, "fecha_inic": "14-OCT-1961", "fecha_fin_": null, "profundida": 0.0, "profundi_1": 0.0, "trayectori": null, "disponible": "DISPONIBLE" }, "geometry": { "type": "Point", "coordinates": [ -93.7734933, 18.35836651 ] } },
{ "type": "Feature", "properties": { "pozo": "KINBE-1DEL", "campo": "KINBE", "entidad": "AGUAS TERRITORIALES", "ubicacin": "AGUAS SOMERAS", "clasificac": "DELIMITADOR", "estado_act": "TAPONAMIENTO PERMANENTE", "tipo_de_hi": null, "fecha_inic": "14-OCT-2017", "fecha_fin_": "10-ABR-2018", "profundida": 5843.0, "profundi_1": 5839.0, "trayectori": "VERTICAL", "disponible": "DISPONIBLE" }, "geometry": { "type": "Point", "coordinates": [ -92.767432, 18.774484 ] } },
{ "type": "Feature", "properties": { "pozo": "XUX-21", "campo": "XUX", "entidad": "AGUAS TERRITORIALES", "ubicacin": "AGUAS SOMERAS", "clasificac": "DESARROLLO", "estado_act": "PRODUCTOR", "tipo_de_hi": "GAS-CONDENSADO", "fecha_inic": "18-MAY-2014", "fecha_fin_": "05-NOV-2014", "profundida": 6245.0, "profundi_1": 0.0, "trayectori": "DIRECCIONAL", "disponible": "DISPONIBLE" }, "geometry": { "type": "Point", "coordinates": [ -92.74478445, 18.68399509 ] } },
{ "type": "Feature", "properties": { "pozo": "XUX-11", "campo": "XUX", "entidad": "AGUAS TERRITORIALES", "ubicacin": "AGUAS SOMERAS", "clasificac": "DESARROLLO", "estado_act": "INACTIVO", "tipo_de_hi": "GAS-CONDENSADO", "fecha_inic": "01-FEB-2015", "fecha_fin_": "29-JUL-2015", "profundida": 6230.0, "profundi_1": 0.0, "trayectori": "DIRECCIONAL", "disponible": "DISPONIBLE" }, "geometry": { "type": "Point", "coordinates": [ -92.74459632, 18.68378651 ] } },
{ "type": "Feature", "properties": { "pozo": "MIZTON-8DES", "campo": "MIZTON", "entidad": "AGUAS TERRITORIALES", "ubicacin": "AGUAS SOMERAS", "clasificac": "DESARROLLO", "estado_act": "PRODUCTOR", "tipo_de_hi": "ACEITE", "fecha_inic": "23-JUL-2021", "fecha_fin_": "02-SEP-2021", "profundida": 3667.0, "profundi_1": 3272.0, "trayectori": null, "disponible": "DISPONIBLE" }, "geometry": { "type": "Point", "coordinates": [ -93.79417135, 18.3997607 ] } },
{ "type": "Feature", "properties": { "pozo": "YAXCHE-32DES", "campo": "YAXCHE", "entidad": "AGUAS TERRITORIALES", "ubicacin": "AGUAS SOMERAS", "clasificac": "DESARROLLO", "estado_act": "PRODUCTOR", "tipo_de_hi": null, "fecha_inic": "01-SEP-2021", "fecha_fin_": "29-SEP-2021", "profundida": 4103.0, "profundi_1": 3456.0, "trayectori": null, "disponible": "DISPONIBLE" }, "geometry": { "type": "Point", "coordinates": [ -93.26188884, 18.5049963 ] } },
{ "type": "Feature", "properties": { "pozo": "YAXCHE-27DES", "campo": "YAXCHE", "entidad": "AGUAS TERRITORIALES", "ubicacin": "AGUAS SOMERAS", "clasificac": "DESARROLLO", "estado_act": "PRODUCTOR", "tipo_de_hi": null, "fecha_inic": "20-OCT-2021", "fecha_fin_": "14-NOV-2021", "profundida": 4180.0, "profundi_1": 3368.0, "trayectori": null, "disponible": "DISPONIBLE" }, "geometry": { "type": "Point", "coordinates": [ -93.26186662, 18.5050201 ] } },
{ "type": "Feature", "properties": { "pozo": "YAXCHE-200DES", "campo": "YAXCHE", "entidad": "AGUAS TERRITORIALES", "ubicacin": "AGUAS SOMERAS", "clasificac": "DESARROLLO", "estado_act": "PRODUCTOR", "tipo_de_hi": "ACEITE-GAS", "fecha_inic": "04-OCT-2019", "fecha_fin_": "23-NOV-2019", "profundida": 4815.0, "profundi_1": 3657.0, "trayectori": null, "disponible": "DISPONIBLE" }, "geometry": { "type": "Point", "coordinates": [ -93.285175, 18.512815 ] } },
{ "type": "Feature", "properties": { "pozo": "YAXCHE-111DES", "campo": "YAXCHE", "entidad": "AGUAS TERRITORIALES", "ubicacin": "AGUAS SOMERAS", "clasificac": "DESARROLLO", "estado_act": "PRODUCTOR", "tipo_de_hi": null, "fecha_inic": "28-NOV-2021", "fecha_fin_": "22-DIC-2021", "profundida": 4985.0, "profundi_1": 3693.0, "trayectori": null, "disponible": "DISPONIBLE" }, "geometry": { "type": "Point", "coordinates": [ -93.26191278, 18.50501889 ] } },
{ "type": "Feature", "properties": { "pozo": "MIZTON-11INY", "campo": "MIZTON", "entidad": "AGUAS TERRITORIALES", "ubicacin": "AGUAS SOMERAS", "clasificac": "INYECTOR", "estado_act": "TAPONAMIENTO PERMANENTE", "tipo_de_hi": null, "fecha_inic": "28-OCT-2021", "fecha_fin_": "23-DIC-2021", "profundida": 3472.0, "profundi_1": 3316.0, "trayectori": null, "disponible": "CONFIDENCIAL" }, "geometry": { "type": "Point", "coordinates": [ -93.79421464, 18.39978772 ] } },
{ "type": "Feature", "properties": { "pozo": "SANTA ANA-240D", "campo": "NO DISPONIBLE", "entidad": "AGUAS TERRITORIALES", "ubicacin": "AGUAS SOMERAS", "clasificac": null, "estado_act": "CERRADO", "tipo_de_hi": null, "fecha_inic": "15-OCT-1960", "fecha_fin_": null, "profundida": 0.0, "profundi_1": 0.0, "trayectori": null, "disponible": "DISPONIBLE" }, "geometry": { "type": "Point", "coordinates": [ -93.78075518, 18.34039298 ] } },
{ "type": "Feature", "properties": { "pozo": "SANTA ANA A-257A", "campo": "SANTA ANA", "entidad": "AGUAS TERRITORIALES", "ubicacin": "AGUAS SOMERAS", "clasificac": null, "estado_act": "CERRADO", "tipo_de_hi": null, "fecha_inic": "21-MAY-1962", "fecha_fin_": null, "profundida": 3254.0, "profundi_1": 0.0, "trayectori": null, "disponible": "DISPONIBLE" }, "geometry": { "type": "Point", "coordinates": [ -93.78119185, 18.34033172 ] } },
{ "type": "Feature", "properties": { "pozo": "SANTA ANA-283D", "campo": "NO DISPONIBLE", "entidad": "AGUAS TERRITORIALES", "ubicacin": "AGUAS SOMERAS", "clasificac": null, "estado_act": "CERRADO", "tipo_de_hi": null, "fecha_inic": "20-AGO-1959", "fecha_fin_": null, "profundida": 2358.0, "profundi_1": 0.0, "trayectori": null, "disponible": "DISPONIBLE" }, "geometry": { "type": "Point", "coordinates": [ -93.76587338, 18.34755178 ] } },
{ "type": "Feature", "properties": { "pozo": "KAB-6DES", "campo": "KAB", "entidad": "AGUAS TERRITORIALES", "ubicacin": "AGUAS SOMERAS", "clasificac": "DESARROLLO", "estado_act": "TAPONAMIENTO PERMANENTE", "tipo_de_hi": null, "fecha_inic": "12-AGO-2018", "fecha_fin_": "12-FEB-2019", "profundida": 5990.0, "profundi_1": 5725.0, "trayectori": "DIRECCIONAL", "disponible": "DISPONIBLE" }, "geometry": { "type": "Point", "coordinates": [ -92.72484017, 18.77665761 ] } },
{ "type": "Feature", "properties": { "pozo": "YAXCHE-26DES", "campo": "YAXCHE", "entidad": "AGUAS TERRITORIALES", "ubicacin": "AGUAS SOMERAS", "clasificac": "DESARROLLO", "estado_act": "PRODUCTOR", "tipo_de_hi": null, "fecha_inic": "24-AGO-2020", "fecha_fin_": "24-SEP-2020", "profundida": 4532.0, "profundi_1": 3796.0, "trayectori": "VERTICAL", "disponible": "DISPONIBLE" }, "geometry": { "type": "Point", "coordinates": [ -93.284752, 18.512448 ] } },
{ "type": "Feature", "properties": { "pozo": "YAXCHE-6DES", "campo": "YAXCHE", "entidad": "AGUAS TERRITORIALES", "ubicacin": "AGUAS SOMERAS", "clasificac": "DESARROLLO", "estado_act": "PRODUCTOR", "tipo_de_hi": "ACEITE", "fecha_inic": "20-JUN-2019", "fecha_fin_": "06-AGO-2019", "profundida": 4678.0, "profundi_1": 3839.2, "trayectori": "HORIZONTAL", "disponible": "DISPONIBLE" }, "geometry": { "type": "Point", "coordinates": [ -93.285168, 18.512837 ] } },
{ "type": "Feature", "properties": { "pozo": "HOK-101EXP", "campo": "HOK", "entidad": "AGUAS TERRITORIALES", "ubicacin": "AGUAS SOMERAS", "clasificac": "EXPLORATORIO EN NUEVO YACIMIENTO", "estado_act": "TAPONAMIENTO PERMANENTE", "tipo_de_hi": null, "fecha_inic": "14-JUL-2019", "fecha_fin_": "05-SEP-2019", "profundida": 3093.0, "profundi_1": 3093.0, "trayectori": "DIRECCIONAL", "disponible": "DISPONIBLE" }, "geometry": { "type": "Point", "coordinates": [ -92.83241, 18.60147 ] } },
{ "type": "Feature", "properties": { "pozo": "MIZTON-7DES", "campo": "MIZTON", "entidad": "AGUAS TERRITORIALES", "ubicacin": "AGUAS SOMERAS", "clasificac": "DESARROLLO", "estado_act": "PRODUCTOR", "tipo_de_hi": "ACEITE", "fecha_inic": "31-DIC-2019", "fecha_fin_": "07-MAY-2020", "profundida": 3957.0, "profundi_1": 3038.0, "trayectori": "HORIZONTAL", "disponible": "DISPONIBLE" }, "geometry": { "type": "Point", "coordinates": [ -93.794191, 18.39975 ] } },
{ "type": "Feature", "properties": { "pozo": "YAXCHE-12DES", "campo": "YAXCHE", "entidad": "AGUAS TERRITORIALES", "ubicacin": "AGUAS SOMERAS", "clasificac": "DESARROLLO", "estado_act": "PRODUCTOR", "tipo_de_hi": null, "fecha_inic": "09-ENE-2020", "fecha_fin_": "23-FEB-2020", "profundida": 5208.0, "profundi_1": 3650.0, "trayectori": "DIRECCIONAL", "disponible": "DISPONIBLE" }, "geometry": { "type": "Point", "coordinates": [ -93.285189, 18.5128 ] } },
{ "type": "Feature", "properties": { "pozo": "YAXCHE-61DES", "campo": "YAXCHE", "entidad": "AGUAS TERRITORIALES", "ubicacin": "AGUAS SOMERAS", "clasificac": "DESARROLLO", "estado_act": "PRODUCTOR", "tipo_de_hi": null, "fecha_inic": "22-SEP-2020", "fecha_fin_": "18-NOV-2020", "profundida": 4352.0, "profundi_1": 3652.0, "trayectori": null, "disponible": "DISPONIBLE" }, "geometry": { "type": "Point", "coordinates": [ -93.261865, 18.505 ] } },
{ "type": "Feature", "properties": { "pozo": "YAXCHE-300DES", "campo": "YAXCHE", "entidad": "AGUAS TERRITORIALES", "ubicacin": "AGUAS SOMERAS", "clasificac": "DESARROLLO", "estado_act": "PRODUCTOR", "tipo_de_hi": null, "fecha_inic": "18-OCT-2020", "fecha_fin_": "04-DIC-2020", "profundida": 4614.0, "profundi_1": 3663.8, "trayectori": "VERTICAL", "disponible": "DISPONIBLE" }, "geometry": { "type": "Point", "coordinates": [ -93.28477, 18.512462 ] } },
{ "type": "Feature", "properties": { "pozo": "KOBAN-1DEL", "campo": "KOBAN", "entidad": "AGUAS TERRITORIALES", "ubicacin": "AGUAS SOMERAS", "clasificac": "DELIMITADOR", "estado_act": "TAPONAMIENTO PERMANENTE", "tipo_de_hi": "GAS-CONDENSADO", "fecha_inic": "11-JUL-2018", "fecha_fin_": "29-DIC-2018", "profundida": 6729.0, "profundi_1": 6439.0, "trayectori": "DIRECCIONAL", "disponible": "DISPONIBLE" }, "geometry": { "type": "Point", "coordinates": [ -92.78243583, 18.55488806 ] } },
{ "type": "Feature", "properties": { "pozo": "YAXCHE-44DES", "campo": "YAXCHE", "entidad": "AGUAS TERRITORIALES", "ubicacin": "AGUAS SOMERAS", "clasificac": "DESARROLLO", "estado_act": "PRODUCTOR", "tipo_de_hi": null, "fecha_inic": "19-DIC-2020", "fecha_fin_": "18-ENE-2021", "profundida": 3786.0, "profundi_1": 3539.0, "trayectori": null, "disponible": "DISPONIBLE" }, "geometry": { "type": "Point", "coordinates": [ -93.261865, 18.504975 ] } },
{ "type": "Feature", "properties": { "pozo": "YAXCHE-700DES", "campo": "YAXCHE", "entidad": "AGUAS TERRITORIALES", "ubicacin": "AGUAS SOMERAS", "clasificac": "DESARROLLO", "estado_act": "PRODUCTOR", "tipo_de_hi": null, "fecha_inic": "27-DIC-2020", "fecha_fin_": "26-ENE-2021", "profundida": 4617.0, "profundi_1": 3992.0, "trayectori": "VERTICAL", "disponible": "DISPONIBLE" }, "geometry": { "type": "Point", "coordinates": [ -93.284742, 18.512493 ] } },
{ "type": "Feature", "properties": { "pozo": "TENANTLI-1EXP", "campo": "NO DISPONIBLE", "entidad": "AGUAS TERRITORIALES", "ubicacin": "AGUAS SOMERAS", "clasificac": "EXPLORATORIO EN NUEVO CAMPO", "estado_act": "TAPONAMIENTO PERMANENTE", "tipo_de_hi": null, "fecha_inic": "17-JUN-2019", "fecha_fin_": "15-JUL-2019", "profundida": 3690.0, "profundi_1": 3690.0, "trayectori": "VERTICAL", "disponible": "DISPONIBLE" }, "geometry": { "type": "Point", "coordinates": [ -93.209816, 18.568113 ] } },
{ "type": "Feature", "properties": { "pozo": "MIZTON-4DES", "campo": "MIZTON", "entidad": "AGUAS TERRITORIALES", "ubicacin": "AGUAS SOMERAS", "clasificac": "DESARROLLO", "estado_act": "PRODUCTOR", "tipo_de_hi": "ACEITE", "fecha_inic": "06-NOV-2020", "fecha_fin_": "25-DIC-2020", "profundida": 3101.0, "profundi_1": 3022.7, "trayectori": "DIRECCIONAL", "disponible": "DISPONIBLE" }, "geometry": { "type": "Point", "coordinates": [ -93.794203, 18.3997687 ] } },
{ "type": "Feature", "properties": { "pozo": "MIZTON-3DES", "campo": "MIZTON", "entidad": "AGUAS TERRITORIALES", "ubicacin": "AGUAS SOMERAS", "clasificac": "DESARROLLO", "estado_act": "PRODUCTOR", "tipo_de_hi": "ACEITE-GAS", "fecha_inic": "05-JUN-2019", "fecha_fin_": "05-SEP-2019", "profundida": 3137.0, "profundi_1": 2917.0, "trayectori": "DIRECCIONAL", "disponible": "DISPONIBLE" }, "geometry": { "type": "Point", "coordinates": [ -93.79417973, 18.39973057 ] } },
{ "type": "Feature", "properties": { "pozo": "TEKUANI-1EXP", "campo": "TEKUANI", "entidad": "AGUAS TERRITORIALES", "ubicacin": "AGUAS SOMERAS", "clasificac": "EXPLORATORIO EN NUEVO CAMPO", "estado_act": "TAPONAMIENTO PERMANENTE", "tipo_de_hi": null, "fecha_inic": "09-SEP-2021", "fecha_fin_": "06-OCT-2021", "profundida": 1495.0, "profundi_1": 1494.9, "trayectori": "VERTICAL", "disponible": "DISPONIBLE" }, "geometry": { "type": "Point", "coordinates": [ -93.240245, 18.570389 ] } },
{ "type": "Feature", "properties": { "pozo": "YAXCHE-15DES", "campo": "YAXCHE", "entidad": "AGUAS TERRITORIALES", "ubicacin": "AGUAS SOMERAS", "clasificac": "DESARROLLO", "estado_act": "PRODUCTOR", "tipo_de_hi": null, "fecha_inic": "06-FEB-2021", "fecha_fin_": "09-MAR-2021", "profundida": 4479.0, "profundi_1": 3592.0, "trayectori": "VERTICAL", "disponible": "DISPONIBLE" }, "geometry": { "type": "Point", "coordinates": [ -93.26188935, 18.50501836 ] } },
{ "type": "Feature", "properties": { "pozo": "YAXCHE-17DES", "campo": "YAXCHE", "entidad": "AGUAS TERRITORIALES", "ubicacin": "AGUAS SOMERAS", "clasificac": "DESARROLLO", "estado_act": "PRODUCTOR", "tipo_de_hi": null, "fecha_inic": "11-FEB-2021", "fecha_fin_": "10-MAR-2021", "profundida": 4725.0, "profundi_1": 3454.0, "trayectori": "DIRECCIONAL", "disponible": "DISPONIBLE" }, "geometry": { "type": "Point", "coordinates": [ -93.284756, 18.512472 ] } },
{ "type": "Feature", "properties": { "pozo": "YAXCHE-20DES", "campo": "YAXCHE", "entidad": "AGUAS TERRITORIALES", "ubicacin": "AGUAS SOMERAS", "clasificac": "DESARROLLO", "estado_act": "PRODUCTOR", "tipo_de_hi": "ACEITE", "fecha_inic": "26-JUN-2020", "fecha_fin_": "02-AGO-2020", "profundida": 5056.0, "profundi_1": 3809.0, "trayectori": "DIRECCIONAL J", "disponible": "DISPONIBLE" }, "geometry": { "type": "Point", "coordinates": [ -93.284724, 18.512479 ] } },
{ "type": "Feature", "properties": { "pozo": "YAXCHE-74DES", "campo": "YAXCHE", "entidad": "AGUAS TERRITORIALES", "ubicacin": "AGUAS SOMERAS", "clasificac": "DESARROLLO", "estado_act": "PRODUCTOR", "tipo_de_hi": null, "fecha_inic": "14-ABR-2020", "fecha_fin_": "22-MAY-2020", "profundida": 4496.0, "profundi_1": 3634.0, "trayectori": null, "disponible": "DISPONIBLE" }, "geometry": { "type": "Point", "coordinates": [ -93.285193, 18.512831 ] } },
{ "type": "Feature", "properties": { "pozo": "YAXCHE-121DES", "campo": "YAXCHE", "entidad": "AGUAS TERRITORIALES", "ubicacin": "AGUAS SOMERAS", "clasificac": "DESARROLLO", "estado_act": "PRODUCTOR", "tipo_de_hi": null, "fecha_inic": "29-MAR-2021", "fecha_fin_": "02-MAY-2021", "profundida": 4610.0, "profundi_1": 3799.0, "trayectori": null, "disponible": "DISPONIBLE" }, "geometry": { "type": "Point", "coordinates": [ -93.26188881, 18.50497552 ] } },
{ "type": "Feature", "properties": { "pozo": "YAXCHE-7DES", "campo": "YAXCHE", "entidad": "AGUAS TERRITORIALES", "ubicacin": "AGUAS SOMERAS", "clasificac": "DESARROLLO", "estado_act": "PRODUCTOR", "tipo_de_hi": null, "fecha_inic": "27-MAR-2021", "fecha_fin_": "26-ABR-2021", "profundida": 5302.0, "profundi_1": 3736.0, "trayectori": null, "disponible": "DISPONIBLE" }, "geometry": { "type": "Point", "coordinates": [ -93.284739, 18.512465 ] } },
{ "type": "Feature", "properties": { "pozo": "MIZTON-5DES", "campo": "MIZTON", "entidad": "AGUAS TERRITORIALES", "ubicacin": "AGUAS SOMERAS", "clasificac": "DESARROLLO", "estado_act": "INACTIVO", "tipo_de_hi": null, "fecha_inic": "20-OCT-2019", "fecha_fin_": "15-DIC-2019", "profundida": 3061.0, "profundi_1": 3011.0, "trayectori": "DIRECCIONAL", "disponible": "DISPONIBLE" }, "geometry": { "type": "Point", "coordinates": [ -93.794211, 18.399743 ] } },
{ "type": "Feature", "properties": { "pozo": "YAXCHE-600DES", "campo": "YAXCHE", "entidad": "AGUAS TERRITORIALES", "ubicacin": "AGUAS SOMERAS", "clasificac": "DESARROLLO", "estado_act": "PRODUCTOR", "tipo_de_hi": null, "fecha_inic": "20-MAY-2021", "fecha_fin_": "14-JUN-2021", "profundida": 4641.0, "profundi_1": 3790.0, "trayectori": "DIRECCIONAL", "disponible": "DISPONIBLE" }, "geometry": { "type": "Point", "coordinates": [ -93.26191139, 18.50497361 ] } },
{ "type": "Feature", "properties": { "pozo": "YAXCHE-100DES", "campo": "YAXCHE", "entidad": "AGUAS TERRITORIALES", "ubicacin": "AGUAS SOMERAS", "clasificac": "DESARROLLO", "estado_act": "TAPONAMIENTO PERMANENTE", "tipo_de_hi": null, "fecha_inic": "01-SEP-2019", "fecha_fin_": "10-FEB-2020", "profundida": 5693.0, "profundi_1": 5616.0, "trayectori": "DIRECCIONAL", "disponible": "DISPONIBLE" }, "geometry": { "type": "Point", "coordinates": [ -93.303169, 18.531001 ] } },
{ "type": "Feature", "properties": { "pozo": "KOBAN-5DES", "campo": "KOBAN", "entidad": "AGUAS TERRITORIALES", "ubicacin": "AGUAS SOMERAS", "clasificac": "DESARROLLO", "estado_act": "PRODUCTOR", "tipo_de_hi": null, "fecha_inic": "19-MAY-2020", "fecha_fin_": "22-ABR-2021", "profundida": 6470.0, "profundi_1": 6141.0, "trayectori": null, "disponible": "DISPONIBLE" }, "geometry": { "type": "Point", "coordinates": [ -92.770647, 18.573014 ] } },
{ "type": "Feature", "properties": { "pozo": "YAXCHE-800DES", "campo": "YAXCHE", "entidad": "AGUAS TERRITORIALES", "ubicacin": "AGUAS SOMERAS", "clasificac": "DESARROLLO", "estado_act": "PRODUCTOR", "tipo_de_hi": null, "fecha_inic": "12-JUL-2021", "fecha_fin_": "09-AGO-2021", "profundida": 4532.0, "profundi_1": 3578.0, "trayectori": "DIRECCIONAL", "disponible": "DISPONIBLE" }, "geometry": { "type": "Point", "coordinates": [ -93.26191234, 18.50499708 ] } },
{ "type": "Feature", "properties": { "pozo": "AMOCA-5DES", "campo": "AMOCA", "entidad": "AGUAS TERRITORIALES", "ubicacin": "AGUAS SOMERAS", "clasificac": "DESARROLLO", "estado_act": "PRODUCTOR", "tipo_de_hi": "ACEITE", "fecha_inic": "06-JUL-2023", "fecha_fin_": "19-AGO-2023", "profundida": 3985.0, "profundi_1": 3496.0, "trayectori": "DESVIADO", "disponible": "DISPONIBLE" }, "geometry": { "type": "Point", "coordinates": [ -93.89379838, 18.33946888 ] } },
{ "type": "Feature", "properties": { "pozo": "IKTAN-1EXP", "campo": "IKTAN", "entidad": "AGUAS TERRITORIALES", "ubicacin": "AGUAS SOMERAS", "clasificac": "EXPLORATORIO EN NUEVO YACIMIENTO", "estado_act": "TAPONAMIENTO PERMANENTE", "tipo_de_hi": null, "fecha_inic": "28-MAR-2022", "fecha_fin_": "29-MAY-2022", "profundida": 3611.0, "profundi_1": 3462.0, "trayectori": "DIRECCIONAL J", "disponible": "DISPONIBLE" }, "geometry": { "type": "Point", "coordinates": [ -93.13403306, 18.56787361 ] } },
{ "type": "Feature", "properties": { "pozo": "IYEL-1EXP", "campo": "NO DISPONIBLE", "entidad": "AGUAS TERRITORIALES", "ubicacin": "AGUAS SOMERAS", "clasificac": "EXPLORATORIO EN NUEVO YACIMIENTO", "estado_act": "TAPONAMIENTO PERMANENTE", "tipo_de_hi": null, "fecha_inic": "07-ABR-2022", "fecha_fin_": "17-ABR-2022", "profundida": 1790.0, "profundi_1": 1790.0, "trayectori": "VERTICAL", "disponible": "DISPONIBLE" }, "geometry": { "type": "Point", "coordinates": [ -93.88754389, 18.38333444 ] } },
{ "type": "Feature", "properties": { "pozo": "KOBAN-25ADES", "campo": "KOBAN", "entidad": "AGUAS TERRITORIALES", "ubicacin": "AGUAS SOMERAS", "clasificac": "DESARROLLO", "estado_act": "PRODUCTOR", "tipo_de_hi": null, "fecha_inic": "08-ENE-2022", "fecha_fin_": "07-ABR-2022", "profundida": 6725.0, "profundi_1": 6184.0, "trayectori": null, "disponible": "DISPONIBLE" }, "geometry": { "type": "Point", "coordinates": [ -92.77066962, 18.57299249 ] } },
{ "type": "Feature", "properties": { "pozo": "KOBAN-25DES", "campo": "KOBAN", "entidad": "AGUAS TERRITORIALES", "ubicacin": "AGUAS SOMERAS", "clasificac": "DESARROLLO", "estado_act": "TAPONAMIENTO PERMANENTE", "tipo_de_hi": null, "fecha_inic": "04-OCT-2021", "fecha_fin_": "18-DIC-2021", "profundida": 0.0, "profundi_1": 0.0, "trayectori": null, "disponible": "CONFIDENCIAL" }, "geometry": { "type": "Point", "coordinates": [ -92.77063889, 18.57300222 ] } },
{ "type": "Feature", "properties": { "pozo": "KOBAN-3DES", "campo": "KOBAN", "entidad": "AGUAS TERRITORIALES", "ubicacin": "AGUAS SOMERAS", "clasificac": "DESARROLLO", "estado_act": "PRODUCTOR", "tipo_de_hi": null, "fecha_inic": "11-MAY-2022", "fecha_fin_": "27-AGO-2022", "profundida": 6252.0, "profundi_1": 6166.0, "trayectori": null, "disponible": "CONFIDENCIAL" }, "geometry": { "type": "Point", "coordinates": [ -92.77062646, 18.57302425 ] } },
{ "type": "Feature", "properties": { "pozo": "NANKA-1EXP", "campo": "NO DISPONIBLE", "entidad": "AGUAS TERRITORIALES", "ubicacin": "AGUAS SOMERAS", "clasificac": "EXPLORATORIO EN NUEVO CAMPO", "estado_act": "TAPONAMIENTO PERMANENTE", "tipo_de_hi": null, "fecha_inic": "30-AGO-2022", "fecha_fin_": "28-JUL-2023", "profundida": 5809.0, "profundi_1": 5806.0, "trayectori": "VERTICAL", "disponible": "DISPONIBLE" }, "geometry": { "type": "Point", "coordinates": [ -93.86117496, 18.42520817 ] } },
{ "type": "Feature", "properties": { "pozo": "ATOYATL-3DES", "campo": "ATOYATL", "entidad": "AGUAS TERRITORIALES", "ubicacin": "AGUAS SOMERAS", "clasificac": "DESARROLLO", "estado_act": "INACTIVO", "tipo_de_hi": null, "fecha_inic": "25-NOV-2023", "fecha_fin_": "04-ENE-2024", "profundida": 960.0, "profundi_1": 956.6, "trayectori": null, "disponible": "DISPONIBLE" }, "geometry": { "type": "Point", "coordinates": [ -93.81571749, 18.37464201 ] } },
{ "type": "Feature", "properties": { "pozo": "AMOCA-9DES", "campo": "AMOCA", "entidad": "AGUAS TERRITORIALES", "ubicacin": "AGUAS SOMERAS", "clasificac": "DESARROLLO", "estado_act": "PRODUCTOR", "tipo_de_hi": null, "fecha_inic": "29-AGO-2022", "fecha_fin_": "21-SEP-2022", "profundida": 1204.79, "profundi_1": 1197.0, "trayectori": null, "disponible": "DISPONIBLE" }, "geometry": { "type": "Point", "coordinates": [ -93.89377777, 18.33947973 ] } },
{ "type": "Feature", "properties": { "pozo": "AMOCA-11DES", "campo": "AMOCA", "entidad": "AGUAS TERRITORIALES", "ubicacin": "AGUAS SOMERAS", "clasificac": "DESARROLLO", "estado_act": "PRODUCTOR", "tipo_de_hi": "ACEITE", "fecha_inic": "03-NOV-2022", "fecha_fin_": "01-DIC-2022", "profundida": 2200.0, "profundi_1": 2089.5, "trayectori": "DESVIADO", "disponible": "DISPONIBLE" }, "geometry": { "type": "Point", "coordinates": [ -93.89380712, 18.33943883 ] } },
{ "type": "Feature", "properties": { "pozo": "NOJOL-1EXP", "campo": "NO DISPONIBLE", "entidad": "AGUAS TERRITORIALES", "ubicacin": "AGUAS SOMERAS", "clasificac": "EXPLORATORIO EN NUEVO CAMPO", "estado_act": "TAPONAMIENTO PERMANENTE", "tipo_de_hi": null, "fecha_inic": "03-DIC-2023", "fecha_fin_": "26-JUL-2024", "profundida": 5448.0, "profundi_1": 5415.0, "trayectori": "DIRECCIONAL J", "disponible": "DISPONIBLE" }, "geometry": { "type": "Point", "coordinates": [ -92.85666942, 18.66220149 ] } },
{ "type": "Feature", "properties": { "pozo": "ATOYATL-2DES", "campo": "ATOYATL", "entidad": "AGUAS TERRITORIALES", "ubicacin": "AGUAS SOMERAS", "clasificac": "DESARROLLO", "estado_act": "PRODUCTOR", "tipo_de_hi": null, "fecha_inic": "24-SEP-2023", "fecha_fin_": "27-OCT-2023", "profundida": 3075.0, "profundi_1": 2995.0, "trayectori": null, "disponible": "DISPONIBLE" }, "geometry": { "type": "Point", "coordinates": [ -93.81576083, 18.37464194 ] } },
{ "type": "Feature", "properties": { "pozo": "YAXCHE-55DES", "campo": "YAXCHE", "entidad": "AGUAS TERRITORIALES", "ubicacin": "AGUAS SOMERAS", "clasificac": "DESARROLLO", "estado_act": "PRODUCTOR", "tipo_de_hi": null, "fecha_inic": "21-OCT-2023", "fecha_fin_": "03-DIC-2023", "profundida": 4885.0, "profundi_1": 3551.0, "trayectori": null, "disponible": "DISPONIBLE" }, "geometry": { "type": "Point", "coordinates": [ -93.26186619, 18.50505309 ] } },
{ "type": "Feature", "properties": { "pozo": "YAXCHE-65DES", "campo": "YAXCHE", "entidad": "AGUAS TERRITORIALES", "ubicacin": "AGUAS SOMERAS", "clasificac": "DESARROLLO", "estado_act": "PRODUCTOR", "tipo_de_hi": null, "fecha_inic": "27-DIC-2023", "fecha_fin_": "01-ABR-2024", "profundida": 5023.0, "profundi_1": 3469.0, "trayectori": null, "disponible": "DISPONIBLE" }, "geometry": { "type": "Point", "coordinates": [ -93.26188969, 18.50505396 ] } },
{ "type": "Feature", "properties": { "pozo": "KONEN-1EXP", "campo": "KONEN", "entidad": "TABASCO", "ubicacin": "AGUAS SOMERAS", "clasificac": "EXPLORATORIO EN NUEVO CAMPO", "estado_act": "CERRADO ESPERANDO INSTALACIONES DE PRODUCCION", "tipo_de_hi": null, "fecha_inic": "25-SEP-2024", "fecha_fin_": "28-DIC-2024", "profundida": 3100.0, "profundi_1": 3100.0, "trayectori": "VERTICAL", "disponible": "CONFIDENCIAL" }, "geometry": { "type": "Point", "coordinates": [ -94.06045663, 18.27281105 ] } },
{ "type": "Feature", "properties": { "pozo": "YAXCHE-401EXP", "campo": null, "entidad": "AGUAS TERRITORIALES", "ubicacin": "AGUAS SOMERAS", "clasificac": "EXPLORATORIO EN NUEVO YACIMIENTO", "estado_act": "TAPONAMIENTO PERMANENTE", "tipo_de_hi": null, "fecha_inic": "10-NOV-2024", "fecha_fin_": "20-ENE-2025", "profundida": 5017.0, "profundi_1": 4318.0, "trayectori": "DIRECCIONAL J", "disponible": "CONFIDENCIAL" }, "geometry": { "type": "Point", "coordinates": [ -93.23912229, 18.5075722 ] } },
{ "type": "Feature", "properties": { "pozo": "AMOCA-10DES", "campo": "AMOCA", "entidad": "AGUAS TERRITORIALES", "ubicacin": "AGUAS SOMERAS", "clasificac": "DESARROLLO", "estado_act": "PRODUCTOR", "tipo_de_hi": null, "fecha_inic": "25-MAR-2025", "fecha_fin_": "18-ABR-2025", "profundida": 1760.0, "profundi_1": 1139.0, "trayectori": null, "disponible": "CONFIDENCIAL" }, "geometry": { "type": "Point", "coordinates": [ -93.89384082, 18.3394966 ] } },
{ "type": "Feature", "properties": { "pozo": "AMOCA-12INY", "campo": "AMOCA", "entidad": "AGUAS TERRITORIALES", "ubicacin": "AGUAS SOMERAS", "clasificac": "INYECTOR", "estado_act": "EN INYECCION", "tipo_de_hi": null, "fecha_inic": "18-NOV-2024", "fecha_fin_": "29-ENE-2025", "profundida": 2929.3, "profundi_1": 2608.3, "trayectori": null, "disponible": "CONFIDENCIAL" }, "geometry": { "type": "Point", "coordinates": [ -93.89378963, 18.33949892 ] } },
{ "type": "Feature", "properties": { "pozo": "AMOCA-15DES", "campo": "AMOCA", "entidad": "AGUAS TERRITORIALES", "ubicacin": "AGUAS SOMERAS", "clasificac": "DESARROLLO", "estado_act": "PRODUCTOR", "tipo_de_hi": "ACEITE", "fecha_inic": "03-ENE-2024", "fecha_fin_": "12-MAR-2024", "profundida": 3673.0, "profundi_1": 3259.4, "trayectori": "DESVIADO", "disponible": "DISPONIBLE" }, "geometry": { "type": "Point", "coordinates": [ -93.87165431, 18.33688763 ] } },
{ "type": "Feature", "properties": { "pozo": "AMOCA-22DES", "campo": "AMOCA", "entidad": "AGUAS TERRITORIALES", "ubicacin": "AGUAS SOMERAS", "clasificac": "DESARROLLO", "estado_act": "PRODUCTOR", "tipo_de_hi": "ACEITE", "fecha_inic": "28-NOV-2023", "fecha_fin_": "29-JUN-2024", "profundida": 2408.0, "profundi_1": 2348.9, "trayectori": "DESVIADO", "disponible": "DISPONIBLE" }, "geometry": { "type": "Point", "coordinates": [ -93.89386087, 18.33953049 ] } },
{ "type": "Feature", "properties": { "pozo": "SUKUUM-1EXP", "campo": "NO DISPONIBLE", "entidad": "AGUAS TERRITORIALES", "ubicacin": "AGUAS SOMERAS", "clasificac": "EXPLORATORIO EN NUEVO CAMPO", "estado_act": "TAPONAMIENTO PERMANENTE", "tipo_de_hi": null, "fecha_inic": "09-MAR-2023", "fecha_fin_": "28-SEP-2023", "profundida": 6947.0, "profundi_1": 6946.0, "trayectori": "VERTICAL", "disponible": "DISPONIBLE" }, "geometry": { "type": "Point", "coordinates": [ -93.22258387, 18.59186142 ] } },
{ "type": "Feature", "properties": { "pozo": "AMOCA-8DES", "campo": "AMOCA", "entidad": "AGUAS TERRITORIALES", "ubicacin": "AGUAS SOMERAS", "clasificac": "DESARROLLO", "estado_act": "PRODUCTOR", "tipo_de_hi": "ACEITE", "fecha_inic": "29-ENE-2023", "fecha_fin_": "04-MAR-2023", "profundida": 2579.0, "profundi_1": 2249.0, "trayectori": "DESVIADO", "disponible": "DISPONIBLE" }, "geometry": { "type": "Point", "coordinates": [ -93.89382984, 18.33947723 ] } },
{ "type": "Feature", "properties": { "pozo": "AMOCA-21DES", "campo": "AMOCA", "entidad": "AGUAS TERRITORIALES", "ubicacin": "AGUAS SOMERAS", "clasificac": "DESARROLLO", "estado_act": "PRODUCTOR", "tipo_de_hi": "ACEITE", "fecha_inic": "10-AGO-2024", "fecha_fin_": "01-SEP-2024", "profundida": 1612.0, "profundi_1": 1212.9, "trayectori": "DESVIADO", "disponible": "DISPONIBLE" }, "geometry": { "type": "Point", "coordinates": [ -93.89384115, 18.33954161 ] } },
{ "type": "Feature", "properties": { "pozo": "AMOCA-17DES", "campo": "AMOCA", "entidad": "AGUAS TERRITORIALES", "ubicacin": "AGUAS SOMERAS", "clasificac": "DESARROLLO", "estado_act": "PRODUCTOR", "tipo_de_hi": null, "fecha_inic": "13-SEP-2024", "fecha_fin_": "01-OCT-2024", "profundida": 1755.0, "profundi_1": 1183.0, "trayectori": null, "disponible": "CONFIDENCIAL" }, "geometry": { "type": "Point", "coordinates": [ -93.87165442, 18.33690968 ] } },
{ "type": "Feature", "properties": { "pozo": "AMOCA-19DES", "campo": "AMOCA", "entidad": "AGUAS TERRITORIALES", "ubicacin": "AGUAS SOMERAS", "clasificac": "DESARROLLO", "estado_act": "PRODUCTOR", "tipo_de_hi": null, "fecha_inic": "26-OCT-2024", "fecha_fin_": null, "profundida": 1436.0, "profundi_1": 1184.7, "trayectori": null, "disponible": "CONFIDENCIAL" }, "geometry": { "type": "Point", "coordinates": [ -93.8716311, 18.33686568 ] } },
{ "type": "Feature", "properties": { "pozo": "XANAB-202DES", "campo": "XANAB SE", "entidad": "AGUAS TERRITORIALES", "ubicacin": "AGUAS SOMERAS", "clasificac": "DESARROLLO", "estado_act": "PRODUCTOR", "tipo_de_hi": null, "fecha_inic": "21-OCT-2022", "fecha_fin_": "04-MAY-2023", "profundida": 6292.0, "profundi_1": 5999.0, "trayectori": "DIRECCIONAL", "disponible": "DISPONIBLE" }, "geometry": { "type": "Point", "coordinates": [ -93.32296944, 18.47437258 ] } },
{ "type": "Feature", "properties": { "pozo": "AMOCA-6DES", "campo": "AMOCA", "entidad": "AGUAS TERRITORIALES", "ubicacin": "AGUAS SOMERAS", "clasificac": "DESARROLLO", "estado_act": "PRODUCTOR", "tipo_de_hi": "ACEITE", "fecha_inic": "08-ABR-2023", "fecha_fin_": "22-MAY-2023", "profundida": 4097.0, "profundi_1": 3932.0, "trayectori": "DIRECCIONAL", "disponible": "DISPONIBLE" }, "geometry": { "type": "Point", "coordinates": [ -93.89380974, 18.33948807 ] } },
{ "type": "Feature", "properties": { "pozo": "ATOYATL-1DEL", "campo": "ATOYATL", "entidad": "AGUAS TERRITORIALES", "ubicacin": "AGUAS SOMERAS", "clasificac": "DELIMITADOR", "estado_act": "PRODUCTOR", "tipo_de_hi": null, "fecha_inic": "19-MAY-2023", "fecha_fin_": "30-JUN-2023", "profundida": 3330.0, "profundi_1": 3183.0, "trayectori": "DIRECCIONAL J", "disponible": "DISPONIBLE" }, "geometry": { "type": "Point", "coordinates": [ -93.81573917, 18.37464192 ] } },
{ "type": "Feature", "properties": { "pozo": "SANTA ANA-239BIS", "campo": "SANTA ANA", "entidad": "AGUAS TERRITORIALES", "ubicacin": "AGUAS SOMERAS", "clasificac": null, "estado_act": "CERRADO", "tipo_de_hi": null, "fecha_inic": "15-ENE-1961", "fecha_fin_": null, "profundida": 0.0, "profundi_1": 0.0, "trayectori": null, "disponible": "DISPONIBLE" }, "geometry": { "type": "Point", "coordinates": [ -93.7814361, 18.34073208 ] } },
{ "type": "Feature", "properties": { "pozo": "SANTA ANA-281", "campo": "SANTA ANA", "entidad": "AGUAS TERRITORIALES", "ubicacin": "AGUAS SOMERAS", "clasificac": "DESARROLLO", "estado_act": "TAPONAMIENTO PERMANENTE", "tipo_de_hi": "ACEITE", "fecha_inic": "04-JUN-1959", "fecha_fin_": null, "profundida": 0.0, "profundi_1": 0.0, "trayectori": null, "disponible": "DISPONIBLE" }, "geometry": { "type": "Point", "coordinates": [ -93.7734541, 18.34752115 ] } },
{ "type": "Feature", "properties": { "pozo": "SANTA ANA A-237D", "campo": "SANTA ANA", "entidad": "AGUAS TERRITORIALES", "ubicacin": "AGUAS SOMERAS", "clasificac": "DESARROLLO", "estado_act": "TAPONAMIENTO PERMANENTE", "tipo_de_hi": null, "fecha_inic": "05-MAR-1962", "fecha_fin_": null, "profundida": 0.0, "profundi_1": 0.0, "trayectori": "DIRECCIONAL", "disponible": "DISPONIBLE" }, "geometry": { "type": "Point", "coordinates": [ -93.7994258, 18.34382714 ] } },
{ "type": "Feature", "properties": { "pozo": "SANTA ANA C-252D", "campo": "SANTA ANA", "entidad": "AGUAS TERRITORIALES", "ubicacin": "AGUAS SOMERAS", "clasificac": null, "estado_act": "CERRADO", "tipo_de_hi": null, "fecha_inic": "17-NOV-1961", "fecha_fin_": null, "profundida": 0.0, "profundi_1": 0.0, "trayectori": "DIRECCIONAL", "disponible": "DISPONIBLE" }, "geometry": { "type": "Point", "coordinates": [ -93.7999472, 18.34402216 ] } },
{ "type": "Feature", "properties": { "pozo": "SANTA ANA-277", "campo": "SANTA ANA", "entidad": "AGUAS TERRITORIALES", "ubicacin": "AGUAS SOMERAS", "clasificac": "DESARROLLO", "estado_act": "CERRADO", "tipo_de_hi": null, "fecha_inic": "29-MAR-1960", "fecha_fin_": null, "profundida": 0.0, "profundi_1": 0.0, "trayectori": null, "disponible": "DISPONIBLE" }, "geometry": { "type": "Point", "coordinates": [ -93.7888384, 18.34885839 ] } },
{ "type": "Feature", "properties": { "pozo": "SANTA ANA A-258D", "campo": "SANTA ANA", "entidad": "AGUAS TERRITORIALES", "ubicacin": "AGUAS SOMERAS", "clasificac": null, "estado_act": "CERRADO", "tipo_de_hi": null, "fecha_inic": "10-SEP-1961", "fecha_fin_": null, "profundida": 0.0, "profundi_1": 0.0, "trayectori": "DIRECCIONAL", "disponible": "DISPONIBLE" }, "geometry": { "type": "Point", "coordinates": [ -93.7811647, 18.34060104 ] } },
{ "type": "Feature", "properties": { "pozo": "SANTA ANA A-259D", "campo": "SANTA ANA", "entidad": "AGUAS TERRITORIALES", "ubicacin": "AGUAS SOMERAS", "clasificac": "DESARROLLO", "estado_act": "TAPONAMIENTO PERMANENTE", "tipo_de_hi": "ACEITE", "fecha_inic": "03-AGO-1961", "fecha_fin_": null, "profundida": 0.0, "profundi_1": 0.0, "trayectori": null, "disponible": "DISPONIBLE" }, "geometry": { "type": "Point", "coordinates": [ -93.7808241, 18.34061761 ] } },
{ "type": "Feature", "properties": { "pozo": "SANTA ANA-321", "campo": "SANTA ANA", "entidad": "AGUAS TERRITORIALES", "ubicacin": "AGUAS SOMERAS", "clasificac": "DESARROLLO", "estado_act": "TAPONAMIENTO PERMANENTE", "tipo_de_hi": "ACEITE", "fecha_inic": "07-DIC-1959", "fecha_fin_": null, "profundida": 0.0, "profundi_1": 0.0, "trayectori": null, "disponible": "DISPONIBLE" }, "geometry": { "type": "Point", "coordinates": [ -93.7734768, 18.35475108 ] } },
{ "type": "Feature", "properties": { "pozo": "SANTA ANA A-238D", "campo": "SANTA ANA", "entidad": "AGUAS TERRITORIALES", "ubicacin": "AGUAS SOMERAS", "clasificac": "DESARROLLO", "estado_act": "TAPONAMIENTO PERMANENTE", "tipo_de_hi": null, "fecha_inic": "11-FEB-1961", "fecha_fin_": null, "profundida": 0.0, "profundi_1": 0.0, "trayectori": "DIRECCIONAL", "disponible": "DISPONIBLE" }, "geometry": { "type": "Point", "coordinates": [ -93.7815042, 18.3403315 ] } },
{ "type": "Feature", "properties": { "pozo": "SANTA ANA-279", "campo": "SANTA ANA", "entidad": "AGUAS TERRITORIALES", "ubicacin": "AGUAS SOMERAS", "clasificac": "DESARROLLO", "estado_act": "TAPONAMIENTO PERMANENTE", "tipo_de_hi": "ACEITE", "fecha_inic": "06-FEB-1960", "fecha_fin_": null, "profundida": 0.0, "profundi_1": 0.0, "trayectori": null, "disponible": "DISPONIBLE" }, "geometry": { "type": "Point", "coordinates": [ -93.7810158, 18.34748119 ] } },
{ "type": "Feature", "properties": { "pozo": "SANTA ANA-199D", "campo": "SANTA ANA", "entidad": "AGUAS TERRITORIALES", "ubicacin": "AGUAS SOMERAS", "clasificac": "DESARROLLO", "estado_act": "TAPONAMIENTO PERMANENTE", "tipo_de_hi": null, "fecha_inic": "07-JUN-1960", "fecha_fin_": "08-AGO-1960", "profundida": 0.0, "profundi_1": 0.0, "trayectori": null, "disponible": "DISPONIBLE" }, "geometry": { "type": "Point", "coordinates": [ -93.789675, 18.324164 ] } },
{ "type": "Feature", "properties": { "pozo": "MAY-4", "campo": "MAY", "entidad": "AGUAS TERRITORIALES", "ubicacin": "AGUAS SOMERAS", "clasificac": "DESARROLLO", "estado_act": "INACTIVO", "tipo_de_hi": "ACEITE-GAS", "fecha_inic": "19-SEP-2006", "fecha_fin_": "17-OCT-2007", "profundida": 5805.0, "profundi_1": 5670.1, "trayectori": "VERTICAL", "disponible": "DISPONIBLE" }, "geometry": { "type": "Point", "coordinates": [ -92.60047475, 18.72713706 ] } },
{ "type": "Feature", "properties": { "pozo": "SANTA ANA-383", "campo": "SANTA ANA", "entidad": "AGUAS TERRITORIALES", "ubicacin": "AGUAS SOMERAS", "clasificac": "DESARROLLO", "estado_act": "CERRADO", "tipo_de_hi": null, "fecha_inic": "08-ENE-1962", "fecha_fin_": "23-FEB-1962", "profundida": 0.0, "profundi_1": 0.0, "trayectori": null, "disponible": "DISPONIBLE" }, "geometry": { "type": "Point", "coordinates": [ -93.773067, 18.358464 ] } },
{ "type": "Feature", "properties": { "pozo": "AMOX-1", "campo": "NO DISPONIBLE", "entidad": "AGUAS TERRITORIALES", "ubicacin": "AGUAS SOMERAS", "clasificac": "EXPLORATORIO", "estado_act": "CERRADO", "tipo_de_hi": "ACEITE", "fecha_inic": "16-MAR-2004", "fecha_fin_": "13-JUL-2004", "profundida": 4116.0, "profundi_1": 4116.0, "trayectori": "VERTICAL", "disponible": "DISPONIBLE" }, "geometry": { "type": "Point", "coordinates": [ -93.735783, 18.355265 ] } },
{ "type": "Feature", "properties": { "pozo": "XANAB-201EXP", "campo": "XANAB SE", "entidad": "AGUAS TERRITORIALES", "ubicacin": "AGUAS SOMERAS", "clasificac": "EXPLORATORIO EN NUEVO YACIMIENTO", "estado_act": "PRODUCTOR", "tipo_de_hi": null, "fecha_inic": "31-OCT-2021", "fecha_fin_": "24-ABR-2022", "profundida": 6420.0, "profundi_1": 6367.0, "trayectori": null, "disponible": "DISPONIBLE" }, "geometry": { "type": "Point", "coordinates": [ -93.32298883, 18.47437228 ] } },
{ "type": "Feature", "properties": { "pozo": "YAXCHE-19", "campo": "YAXCHE", "entidad": "AGUAS TERRITORIALES", "ubicacin": "AGUAS SOMERAS", "clasificac": "DESARROLLO", "estado_act": "TAPONAMIENTO PERMANENTE", "tipo_de_hi": "ACEITE", "fecha_inic": "06-NOV-2012", "fecha_fin_": "24-AGO-2013", "profundida": 0.0, "profundi_1": 0.0, "trayectori": null, "disponible": "DISPONIBLE" }, "geometry": { "type": "Point", "coordinates": [ -93.28517, 18.512788 ] } },
{ "type": "Feature", "properties": { "pozo": "MAY DL-1", "campo": "MAY", "entidad": "AGUAS TERRITORIALES", "ubicacin": "AGUAS SOMERAS", "clasificac": "DELIMITADOR", "estado_act": "PRODUCTOR", "tipo_de_hi": "ACEITE", "fecha_inic": "06-MAR-2003", "fecha_fin_": "03-MAR-2004", "profundida": 6443.0, "profundi_1": 6389.5, "trayectori": "VERTICAL", "disponible": "DISPONIBLE" }, "geometry": { "type": "Point", "coordinates": [ -92.572789, 18.708138 ] } },
{ "type": "Feature", "properties": { "pozo": "YAXCHE-40", "campo": "YAXCHE", "entidad": "AGUAS TERRITORIALES", "ubicacin": "AGUAS SOMERAS", "clasificac": "DESARROLLO", "estado_act": "INACTIVO", "tipo_de_hi": "ACEITE", "fecha_inic": "19-ENE-2014", "fecha_fin_": "03-NOV-2014", "profundida": 6090.0, "profundi_1": 0.0, "trayectori": "DIRECCIONAL", "disponible": "DISPONIBLE" }, "geometry": { "type": "Point", "coordinates": [ -93.28492827, 18.5126066 ] } },
{ "type": "Feature", "properties": { "pozo": "YAXCHE-1DL", "campo": "YAXCHE", "entidad": "AGUAS TERRITORIALES", "ubicacin": "AGUAS SOMERAS", "clasificac": "DELIMITADOR", "estado_act": "CERRADO", "tipo_de_hi": "ACEITE", "fecha_inic": "02-ABR-2008", "fecha_fin_": "27-AGO-2008", "profundida": 4507.0, "profundi_1": 4489.8, "trayectori": "VERTICAL", "disponible": "DISPONIBLE" }, "geometry": { "type": "Point", "coordinates": [ -93.257343, 18.511137 ] } },
{ "type": "Feature", "properties": { "pozo": "CHAPOLI-1", "campo": "NO DISPONIBLE", "entidad": "AGUAS TERRITORIALES", "ubicacin": "AGUAS SOMERAS", "clasificac": "EXPLORATORIO", "estado_act": "CERRADO", "tipo_de_hi": "ACEITE", "fecha_inic": "16-DIC-2003", "fecha_fin_": "06-ABR-2004", "profundida": 4000.0, "profundi_1": 4000.0, "trayectori": "VERTICAL", "disponible": "DISPONIBLE" }, "geometry": { "type": "Point", "coordinates": [ -93.954778, 18.403932 ] } },
{ "type": "Feature", "properties": { "pozo": "TSIMIN-74", "campo": "TSIMIN", "entidad": "AGUAS TERRITORIALES", "ubicacin": "AGUAS SOMERAS", "clasificac": "DESARROLLO", "estado_act": "INACTIVO", "tipo_de_hi": "GAS-CONDENSADO", "fecha_inic": "09-AGO-2014", "fecha_fin_": "22-DIC-2014", "profundida": 5850.0, "profundi_1": 0.0, "trayectori": "DIRECCIONAL", "disponible": "DISPONIBLE" }, "geometry": { "type": "Point", "coordinates": [ -92.70242029, 18.721946 ] } },
{ "type": "Feature", "properties": { "pozo": "YAXCHE-31", "campo": "YAXCHE", "entidad": "AGUAS TERRITORIALES", "ubicacin": "AGUAS SOMERAS", "clasificac": "DESARROLLO", "estado_act": "INACTIVO", "tipo_de_hi": "ACEITE", "fecha_inic": "23-FEB-2008", "fecha_fin_": "12-JUL-2008", "profundida": 4345.0, "profundi_1": 4056.2, "trayectori": "DIRECCIONAL", "disponible": "DISPONIBLE" }, "geometry": { "type": "Point", "coordinates": [ -93.28511, 18.512792 ] } },
{ "type": "Feature", "properties": { "pozo": "YAABKAN-1", "campo": "NO DISPONIBLE", "entidad": "AGUAS TERRITORIALES", "ubicacin": "AGUAS SOMERAS", "clasificac": "EXPLORATORIO", "estado_act": "CERRADO", "tipo_de_hi": "ACEITE", "fecha_inic": "15-MAY-1984", "fecha_fin_": "27-AGO-1985", "profundida": 6326.0, "profundi_1": 6326.0, "trayectori": "VERTICAL", "disponible": "DISPONIBLE" }, "geometry": { "type": "Point", "coordinates": [ -92.839015, 18.652581 ] } },
{ "type": "Feature", "properties": { "pozo": "PUERTO CEIBA-162", "campo": "PUERTO CEIBA", "entidad": "AGUAS TERRITORIALES", "ubicacin": "AGUAS SOMERAS", "clasificac": "DESARROLLO", "estado_act": "CERRADO", "tipo_de_hi": null, "fecha_inic": "23-JUL-2006", "fecha_fin_": "29-JUL-2007", "profundida": 5879.0, "profundi_1": 5866.0, "trayectori": "DIRECCIONAL", "disponible": "DISPONIBLE" }, "geometry": { "type": "Point", "coordinates": [ -93.241707, 18.471794 ] } },
{ "type": "Feature", "properties": { "pozo": "MAY-58", "campo": "MAY", "entidad": "AGUAS TERRITORIALES", "ubicacin": "AGUAS SOMERAS", "clasificac": "DESARROLLO", "estado_act": "INACTIVO", "tipo_de_hi": "CONDENSADO", "fecha_inic": "06-NOV-2007", "fecha_fin_": "23-SEP-2008", "profundida": 6025.0, "profundi_1": 0.0, "trayectori": "DIRECCIONAL", "disponible": "DISPONIBLE" }, "geometry": { "type": "Point", "coordinates": [ -92.608673, 18.713756 ] } },
{ "type": "Feature", "properties": { "pozo": "TSIMIN-56", "campo": "TSIMIN", "entidad": "AGUAS TERRITORIALES", "ubicacin": "AGUAS SOMERAS", "clasificac": "DESARROLLO", "estado_act": "PRODUCTOR", "tipo_de_hi": "ACEITE-GAS", "fecha_inic": null, "fecha_fin_": "25-JUL-2013", "profundida": 0.0, "profundi_1": 0.0, "trayectori": null, "disponible": "DISPONIBLE" }, "geometry": { "type": "Point", "coordinates": [ -92.682554, 18.724755 ] } },
{ "type": "Feature", "properties": { "pozo": "TSIMIN-37", "campo": "TSIMIN", "entidad": "AGUAS TERRITORIALES", "ubicacin": "AGUAS SOMERAS", "clasificac": "DESARROLLO", "estado_act": "INACTIVO", "tipo_de_hi": "GAS-CONDENSADO", "fecha_inic": "17-FEB-2014", "fecha_fin_": "19-SEP-2014", "profundida": 5670.0, "profundi_1": 0.0, "trayectori": "DIRECCIONAL", "disponible": "DISPONIBLE" }, "geometry": { "type": "Point", "coordinates": [ -92.67635517, 18.70537952 ] } },
{ "type": "Feature", "properties": { "pozo": "TSIMIN-22", "campo": "TSIMIN", "entidad": "AGUAS TERRITORIALES", "ubicacin": "AGUAS SOMERAS", "clasificac": "DESARROLLO", "estado_act": "PRODUCTOR", "tipo_de_hi": "ACEITE-GAS", "fecha_inic": null, "fecha_fin_": "03-JUL-2013", "profundida": 0.0, "profundi_1": 0.0, "trayectori": null, "disponible": "DISPONIBLE" }, "geometry": { "type": "Point", "coordinates": [ -92.682474, 18.724556 ] } },
{ "type": "Feature", "properties": { "pozo": "AMOCA-3DEL", "campo": "AMOCA", "entidad": "AGUAS TERRITORIALES", "ubicacin": "AGUAS SOMERAS", "clasificac": "DELIMITADOR", "estado_act": "PRODUCTOR", "tipo_de_hi": "ACEITE", "fecha_inic": "07-ABR-2017", "fecha_fin_": "16-JUN-2017", "profundida": 4380.0, "profundi_1": 4329.0, "trayectori": "VERTICAL", "disponible": "DISPONIBLE" }, "geometry": { "type": "Point", "coordinates": [ -93.89379, 18.33945 ] } },
{ "type": "Feature", "properties": { "pozo": "TSIMIN-54", "campo": "TSIMIN", "entidad": "AGUAS TERRITORIALES", "ubicacin": "AGUAS SOMERAS", "clasificac": "DESARROLLO", "estado_act": "INACTIVO", "tipo_de_hi": "GAS-CONDENSADO", "fecha_inic": "03-MAY-2015", "fecha_fin_": "11-NOV-2015", "profundida": 5733.0, "profundi_1": 0.0, "trayectori": "DIRECCIONAL", "disponible": "DISPONIBLE" }, "geometry": { "type": "Point", "coordinates": [ -92.68245874, 18.72454098 ] } },
{ "type": "Feature", "properties": { "pozo": "MAY-38", "campo": "MAY", "entidad": "AGUAS TERRITORIALES", "ubicacin": "AGUAS SOMERAS", "clasificac": "DESARROLLO", "estado_act": "INACTIVO", "tipo_de_hi": "CONDENSADO", "fecha_inic": "27-AGO-2005", "fecha_fin_": "16-MAR-2007", "profundida": 5881.0, "profundi_1": 5838.9, "trayectori": "VERTICAL", "disponible": "DISPONIBLE" }, "geometry": { "type": "Point", "coordinates": [ -92.608646, 18.713753 ] } },
{ "type": "Feature", "properties": { "pozo": "AMOCA-1", "campo": "AMOCA", "entidad": "AGUAS TERRITORIALES", "ubicacin": "AGUAS SOMERAS", "clasificac": "EXPLORATORIO", "estado_act": "CERRADO", "tipo_de_hi": "ACEITE", "fecha_inic": "08-OCT-2002", "fecha_fin_": "05-MAR-2003", "profundida": 4000.0, "profundi_1": 0.0, "trayectori": "VERTICAL", "disponible": "DISPONIBLE" }, "geometry": { "type": "Point", "coordinates": [ -93.877736, 18.342256 ] } },
{ "type": "Feature", "properties": { "pozo": "ALMEJA-1", "campo": "NO DISPONIBLE", "entidad": "AGUAS TERRITORIALES", "ubicacin": "AGUAS SOMERAS", "clasificac": "EXPLORATORIO", "estado_act": "CERRADO", "tipo_de_hi": null, "fecha_inic": "01-AGO-1968", "fecha_fin_": "17-OCT-1968", "profundida": 3812.0, "profundi_1": 3812.0, "trayectori": "VERTICAL", "disponible": "DISPONIBLE" }, "geometry": { "type": "Point", "coordinates": [ -93.803134, 18.402345 ] } },
{ "type": "Feature", "properties": { "pozo": "TSIMIN-17", "campo": "TSIMIN", "entidad": "AGUAS TERRITORIALES", "ubicacin": "AGUAS SOMERAS", "clasificac": "DESARROLLO", "estado_act": "INACTIVO", "tipo_de_hi": "ACEITE-GAS", "fecha_inic": null, "fecha_fin_": "22-DIC-2013", "profundida": 0.0, "profundi_1": 0.0, "trayectori": null, "disponible": "DISPONIBLE" }, "geometry": { "type": "Point", "coordinates": [ -92.67634, 18.705394 ] } },
{ "type": "Feature", "properties": { "pozo": "TSIMIN-52", "campo": "TSIMIN", "entidad": "AGUAS TERRITORIALES", "ubicacin": "AGUAS SOMERAS", "clasificac": "DESARROLLO", "estado_act": "INACTIVO", "tipo_de_hi": "GAS-CONDENSADO", "fecha_inic": "10-SEP-2014", "fecha_fin_": "10-MAR-2015", "profundida": 5246.0, "profundi_1": 0.0, "trayectori": "DIRECCIONAL", "disponible": "DISPONIBLE" }, "geometry": { "type": "Point", "coordinates": [ -92.68258465, 18.72472566 ] } },
{ "type": "Feature", "properties": { "pozo": "MAY-29", "campo": "MAY", "entidad": "AGUAS TERRITORIALES", "ubicacin": "AGUAS SOMERAS", "clasificac": "DESARROLLO", "estado_act": "CERRADO", "tipo_de_hi": "CONDENSADO", "fecha_inic": "10-JUL-2014", "fecha_fin_": "23-MAR-2015", "profundida": 0.0, "profundi_1": 0.0, "trayectori": "DIRECCIONAL", "disponible": "DISPONIBLE" }, "geometry": { "type": "Point", "coordinates": [ -92.572981, 18.709972 ] } },
{ "type": "Feature", "properties": { "pozo": "TSIMIN-14", "campo": "TSIMIN", "entidad": "AGUAS TERRITORIALES", "ubicacin": "AGUAS SOMERAS", "clasificac": "DESARROLLO", "estado_act": "INACTIVO", "tipo_de_hi": "GAS-CONDENSADO", "fecha_inic": "03-DIC-2013", "fecha_fin_": "05-AGO-2014", "profundida": 5920.0, "profundi_1": 0.0, "trayectori": "DIRECCIONAL", "disponible": "DISPONIBLE" }, "geometry": { "type": "Point", "coordinates": [ -92.68256836, 18.72471018 ] } },
{ "type": "Feature", "properties": { "pozo": "TSIMIN-34", "campo": "TSIMIN", "entidad": "AGUAS TERRITORIALES", "ubicacin": "AGUAS SOMERAS", "clasificac": "DESARROLLO", "estado_act": "PRODUCTOR", "tipo_de_hi": "GAS-CONDENSADO", "fecha_inic": "07-MAY-2015", "fecha_fin_": "08-ENE-2016", "profundida": 5975.0, "profundi_1": 0.0, "trayectori": "DIRECCIONAL", "disponible": "DISPONIBLE" }, "geometry": { "type": "Point", "coordinates": [ -92.698095, 18.703984 ] } },
{ "type": "Feature", "properties": { "pozo": "TSIMIN-41", "campo": "TSIMIN", "entidad": "AGUAS TERRITORIALES", "ubicacin": "AGUAS SOMERAS", "clasificac": "DESARROLLO", "estado_act": "INACTIVO", "tipo_de_hi": "ACEITE-GAS", "fecha_inic": null, "fecha_fin_": "12-ABR-2013", "profundida": 0.0, "profundi_1": 0.0, "trayectori": null, "disponible": "DISPONIBLE" }, "geometry": { "type": "Point", "coordinates": [ -92.676275, 18.70521 ] } },
{ "type": "Feature", "properties": { "pozo": "MAY-57", "campo": "MAY", "entidad": "AGUAS TERRITORIALES", "ubicacin": "AGUAS SOMERAS", "clasificac": "DESARROLLO", "estado_act": "PRODUCTOR", "tipo_de_hi": "GAS-CONDENSADO", "fecha_inic": "16-JUL-2014", "fecha_fin_": "07-MAR-2015", "profundida": 6116.0, "profundi_1": 0.0, "trayectori": "DIRECCIONAL", "disponible": "DISPONIBLE" }, "geometry": { "type": "Point", "coordinates": [ -92.57337338, 18.70467377 ] } },
{ "type": "Feature", "properties": { "pozo": "MAY-1", "campo": "MAY", "entidad": "AGUAS TERRITORIALES", "ubicacin": "AGUAS SOMERAS", "clasificac": "DESARROLLO", "estado_act": "PRODUCTOR", "tipo_de_hi": "CONDENSADO", "fecha_inic": "30-ENE-1992", "fecha_fin_": "01-JUL-1992", "profundida": 5748.0, "profundi_1": 5748.0, "trayectori": "VERTICAL", "disponible": "DISPONIBLE" }, "geometry": { "type": "Point", "coordinates": [ -92.59714625, 18.72271949 ] } },
{ "type": "Feature", "properties": { "pozo": "TSIMIN-12", "campo": "TSIMIN", "entidad": "AGUAS TERRITORIALES", "ubicacin": "AGUAS SOMERAS", "clasificac": "DESARROLLO", "estado_act": "INACTIVO", "tipo_de_hi": "CONDENSADO", "fecha_inic": "22-MAY-2011", "fecha_fin_": "10-NOV-2012", "profundida": 6147.0, "profundi_1": 0.0, "trayectori": "DIRECCIONAL", "disponible": "DISPONIBLE" }, "geometry": { "type": "Point", "coordinates": [ -92.67626, 18.705195 ] } },
{ "type": "Feature", "properties": { "pozo": "SANTA ANA-261", "campo": "SANTA ANA", "entidad": "AGUAS TERRITORIALES", "ubicacin": "AGUAS SOMERAS", "clasificac": "DESARROLLO", "estado_act": "CERRADO", "tipo_de_hi": "ACEITE", "fecha_inic": "06-DIC-1960", "fecha_fin_": "13-ENE-1961", "profundida": 0.0, "profundi_1": 0.0, "trayectori": null, "disponible": "DISPONIBLE" }, "geometry": { "type": "Point", "coordinates": [ -93.780824, 18.340618 ] } },
{ "type": "Feature", "properties": { "pozo": "MAY-135", "campo": "MAY", "entidad": "AGUAS TERRITORIALES", "ubicacin": "AGUAS SOMERAS", "clasificac": "DESARROLLO", "estado_act": "PRODUCTOR", "tipo_de_hi": "CONDENSADO", "fecha_inic": "14-JUL-2007", "fecha_fin_": "30-MAY-2008", "profundida": 6450.0, "profundi_1": 5447.8, "trayectori": "VERTICAL", "disponible": "DISPONIBLE" }, "geometry": { "type": "Point", "coordinates": [ -92.573388, 18.704659 ] } },
{ "type": "Feature", "properties": { "pozo": "TSIMIN-46", "campo": "TSIMIN", "entidad": "AGUAS TERRITORIALES", "ubicacin": "AGUAS SOMERAS", "clasificac": "DESARROLLO", "estado_act": "INACTIVO", "tipo_de_hi": "ACEITE-GAS", "fecha_inic": "05-OCT-2013", "fecha_fin_": null, "profundida": 0.0, "profundi_1": 0.0, "trayectori": null, "disponible": "DISPONIBLE" }, "geometry": { "type": "Point", "coordinates": [ -92.70244, 18.721935 ] } },
{ "type": "Feature", "properties": { "pozo": "TSIMIN-6", "campo": "TSIMIN", "entidad": "AGUAS TERRITORIALES", "ubicacin": "AGUAS SOMERAS", "clasificac": "DESARROLLO", "estado_act": "INACTIVO", "tipo_de_hi": "GAS-CONDENSADO", "fecha_inic": "19-ABR-2014", "fecha_fin_": "15-NOV-2014", "profundida": 5975.0, "profundi_1": 0.0, "trayectori": "DIRECCIONAL", "disponible": "DISPONIBLE" }, "geometry": { "type": "Point", "coordinates": [ -92.68241056, 18.72458835 ] } },
{ "type": "Feature", "properties": { "pozo": "YAXCHE-500", "campo": "YAXCHE", "entidad": "AGUAS TERRITORIALES", "ubicacin": "AGUAS SOMERAS", "clasificac": "DESARROLLO", "estado_act": "CERRADO", "tipo_de_hi": "ACEITE", "fecha_inic": "17-JUN-2016", "fecha_fin_": "06-DIC-2016", "profundida": 4620.0, "profundi_1": 0.0, "trayectori": "HORIZONTAL", "disponible": "DISPONIBLE" }, "geometry": { "type": "Point", "coordinates": [ -93.28493125, 18.51263344 ] } },
{ "type": "Feature", "properties": { "pozo": "YAXCHE-1", "campo": "YAXCHE", "entidad": "AGUAS TERRITORIALES", "ubicacin": "AGUAS SOMERAS", "clasificac": "EXPLORATORIO", "estado_act": "CERRADO", "tipo_de_hi": "ACEITE", "fecha_inic": "01-DIC-1992", "fecha_fin_": "09-JUN-1993", "profundida": 6550.0, "profundi_1": 6550.0, "trayectori": "VERTICAL", "disponible": "DISPONIBLE" }, "geometry": { "type": "Point", "coordinates": [ -93.272584, 18.497038 ] } },
{ "type": "Feature", "properties": { "pozo": "MAY-42", "campo": "MAY", "entidad": "AGUAS TERRITORIALES", "ubicacin": "AGUAS SOMERAS", "clasificac": "DESARROLLO", "estado_act": "PRODUCTOR", "tipo_de_hi": "CONDENSADO", "fecha_inic": "23-OCT-2006", "fecha_fin_": "24-ENE-2008", "profundida": 6042.0, "profundi_1": 5809.1, "trayectori": "DIRECCIONAL", "disponible": "DISPONIBLE" }, "geometry": { "type": "Point", "coordinates": [ -92.597172, 18.722718 ] } },
{ "type": "Feature", "properties": { "pozo": "CENTLI-1", "campo": "CENTLI", "entidad": "AGUAS TERRITORIALES", "ubicacin": "AGUAS SOMERAS", "clasificac": "EXPLORATORIO", "estado_act": "CERRADO", "tipo_de_hi": "GAS SECO", "fecha_inic": "28-JUN-2003", "fecha_fin_": "21-AGO-2003", "profundida": 2723.0, "profundi_1": 2723.0, "trayectori": "VERTICAL", "disponible": "DISPONIBLE" }, "geometry": { "type": "Point", "coordinates": [ -93.788565, 18.382683 ] } },
{ "type": "Feature", "properties": { "pozo": "YAXCHE-10", "campo": "YAXCHE", "entidad": "AGUAS TERRITORIALES", "ubicacin": "AGUAS SOMERAS", "clasificac": "DESARROLLO", "estado_act": "PRODUCTOR", "tipo_de_hi": "ACEITE", "fecha_inic": "07-SEP-2015", "fecha_fin_": "06-DIC-2015", "profundida": 4796.0, "profundi_1": 0.0, "trayectori": "HORIZONTAL", "disponible": "DISPONIBLE" }, "geometry": { "type": "Point", "coordinates": [ -93.2849461, 18.5126166 ] } },
{ "type": "Feature", "properties": { "pozo": "YAXCHE-46", "campo": "YAXCHE", "entidad": "AGUAS TERRITORIALES", "ubicacin": "AGUAS SOMERAS", "clasificac": "DESARROLLO", "estado_act": "INACTIVO", "tipo_de_hi": "ACEITE", "fecha_inic": "31-JUL-2009", "fecha_fin_": null, "profundida": 4658.0, "profundi_1": 4240.0, "trayectori": "DIRECCIONAL", "disponible": "DISPONIBLE" }, "geometry": { "type": "Point", "coordinates": [ -93.284931, 18.512666 ] } },
{ "type": "Feature", "properties": { "pozo": "TSIMIN-24", "campo": "TSIMIN", "entidad": "AGUAS TERRITORIALES", "ubicacin": "AGUAS SOMERAS", "clasificac": "DESARROLLO", "estado_act": "PRODUCTOR", "tipo_de_hi": "GAS-CONDENSADO", "fecha_inic": "24-MAR-2015", "fecha_fin_": "02-NOV-2015", "profundida": 5359.0, "profundi_1": 0.0, "trayectori": "DIRECCIONAL", "disponible": "DISPONIBLE" }, "geometry": { "type": "Point", "coordinates": [ -92.67622824, 18.70519583 ] } },
{ "type": "Feature", "properties": { "pozo": "YAXCHE-83", "campo": "YAXCHE", "entidad": "AGUAS TERRITORIALES", "ubicacin": "AGUAS SOMERAS", "clasificac": "DESARROLLO", "estado_act": "INACTIVO", "tipo_de_hi": "ACEITE", "fecha_inic": "13-JUL-2008", "fecha_fin_": null, "profundida": 4175.0, "profundi_1": 0.0, "trayectori": "DIRECCIONAL", "disponible": "DISPONIBLE" }, "geometry": { "type": "Point", "coordinates": [ -93.284913, 18.512623 ] } },
{ "type": "Feature", "properties": { "pozo": "YAXCHE-2", "campo": "YAXCHE", "entidad": "AGUAS TERRITORIALES", "ubicacin": "AGUAS SOMERAS", "clasificac": "DESARROLLO", "estado_act": "INACTIVO", "tipo_de_hi": "ACEITE", "fecha_inic": "23-OCT-2006", "fecha_fin_": "03-JUN-2008", "profundida": 4500.0, "profundi_1": 4429.2, "trayectori": "DIRECCIONAL", "disponible": "DISPONIBLE" }, "geometry": { "type": "Point", "coordinates": [ -93.284943, 18.512589 ] } },
{ "type": "Feature", "properties": { "pozo": "MAY-2", "campo": "MAY", "entidad": "AGUAS TERRITORIALES", "ubicacin": "AGUAS SOMERAS", "clasificac": "DESARROLLO", "estado_act": "INACTIVO", "tipo_de_hi": "ACEITE-GAS", "fecha_inic": "29-MAR-2005", "fecha_fin_": "14-DIC-2005", "profundida": 6255.0, "profundi_1": 5819.4, "trayectori": "DIRECCIONAL", "disponible": "DISPONIBLE" }, "geometry": { "type": "Point", "coordinates": [ -92.59715778, 18.72273931 ] } },
{ "type": "Feature", "properties": { "pozo": "MAY-13", "campo": "MAY", "entidad": "AGUAS TERRITORIALES", "ubicacin": "AGUAS SOMERAS", "clasificac": "DESARROLLO", "estado_act": "PRODUCTOR", "tipo_de_hi": "CONDENSADO", "fecha_inic": "26-OCT-2007", "fecha_fin_": "24-MAR-2009", "profundida": 6234.0, "profundi_1": 0.0, "trayectori": "DIRECCIONAL", "disponible": "DISPONIBLE" }, "geometry": { "type": "Point", "coordinates": [ -92.594578, 18.721602 ] } },
{ "type": "Feature", "properties": { "pozo": "MAY-7", "campo": "MAY", "entidad": "AGUAS TERRITORIALES", "ubicacin": "AGUAS SOMERAS", "clasificac": "DESARROLLO", "estado_act": "INACTIVO", "tipo_de_hi": "CONDENSADO", "fecha_inic": "07-AGO-2006", "fecha_fin_": "14-MAY-2007", "profundida": 6078.0, "profundi_1": 5883.3, "trayectori": "DIRECCIONAL", "disponible": "DISPONIBLE" }, "geometry": { "type": "Point", "coordinates": [ -92.594575, 18.721577 ] } },
{ "type": "Feature", "properties": { "pozo": "YAXCHE-35", "campo": "YAXCHE", "entidad": "AGUAS TERRITORIALES", "ubicacin": "AGUAS SOMERAS", "clasificac": "DESARROLLO", "estado_act": "INACTIVO", "tipo_de_hi": "ACEITE", "fecha_inic": "31-MAY-2011", "fecha_fin_": "01-FEB-2012", "profundida": 0.0, "profundi_1": 0.0, "trayectori": null, "disponible": "DISPONIBLE" }, "geometry": { "type": "Point", "coordinates": [ -93.284898, 18.51264 ] } },
{ "type": "Feature", "properties": { "pozo": "YAXCHE-37", "campo": "YAXCHE", "entidad": "AGUAS TERRITORIALES", "ubicacin": "AGUAS SOMERAS", "clasificac": "DESARROLLO", "estado_act": "PRODUCTOR", "tipo_de_hi": "ACEITE", "fecha_inic": "21-ENE-2009", "fecha_fin_": null, "profundida": 6084.0, "profundi_1": 0.0, "trayectori": "DIRECCIONAL", "disponible": "DISPONIBLE" }, "geometry": { "type": "Point", "coordinates": [ -93.285152, 18.512774 ] } },
{ "type": "Feature", "properties": { "pozo": "MAY-9", "campo": "MAY", "entidad": "AGUAS TERRITORIALES", "ubicacin": "AGUAS SOMERAS", "clasificac": "DESARROLLO", "estado_act": "CERRADO", "tipo_de_hi": "CONDENSADO", "fecha_inic": "02-NOV-2008", "fecha_fin_": "15-AGO-2009", "profundida": 6151.0, "profundi_1": 5176.0, "trayectori": "DIRECCIONAL", "disponible": "DISPONIBLE" }, "geometry": { "type": "Point", "coordinates": [ -92.573359, 18.70466 ] } },
{ "type": "Feature", "properties": { "pozo": "MAY-108", "campo": "MAY", "entidad": "AGUAS TERRITORIALES", "ubicacin": "AGUAS SOMERAS", "clasificac": "DESARROLLO", "estado_act": "INACTIVO", "tipo_de_hi": "CONDENSADO", "fecha_inic": "15-MAY-2005", "fecha_fin_": "17-NOV-2005", "profundida": 5874.0, "profundi_1": 5582.5, "trayectori": "DIRECCIONAL", "disponible": "DISPONIBLE" }, "geometry": { "type": "Point", "coordinates": [ -92.573374, 18.704636 ] } },
{ "type": "Feature", "properties": { "pozo": "YAXCHE-49", "campo": "YAXCHE", "entidad": "AGUAS TERRITORIALES", "ubicacin": "AGUAS SOMERAS", "clasificac": "DESARROLLO", "estado_act": "INACTIVO", "tipo_de_hi": "ACEITE", "fecha_inic": "19-ENE-2009", "fecha_fin_": null, "profundida": 4801.0, "profundi_1": 0.0, "trayectori": "DIRECCIONAL", "disponible": "DISPONIBLE" }, "geometry": { "type": "Point", "coordinates": [ -93.284946, 18.512649 ] } },
{ "type": "Feature", "properties": { "pozo": "MIZTON-101", "campo": "MIZTON", "entidad": "AGUAS TERRITORIALES", "ubicacin": "AGUAS SOMERAS", "clasificac": "EXPLORATORIO", "estado_act": "CERRADO", "tipo_de_hi": "ACEITE-GAS", "fecha_inic": "05-MAY-2015", "fecha_fin_": "05-AGO-2015", "profundida": 3930.0, "profundi_1": 3930.0, "trayectori": "VERTICAL", "disponible": "DISPONIBLE" }, "geometry": { "type": "Point", "coordinates": [ -93.797164, 18.415179 ] } },
{ "type": "Feature", "properties": { "pozo": "YAXCHE-5", "campo": "YAXCHE", "entidad": "AGUAS TERRITORIALES", "ubicacin": "AGUAS SOMERAS", "clasificac": "DESARROLLO", "estado_act": "INACTIVO", "tipo_de_hi": "ACEITE", "fecha_inic": "14-MAR-2012", "fecha_fin_": "09-JUN-2013", "profundida": 0.0, "profundi_1": 0.0, "trayectori": null, "disponible": "DISPONIBLE" }, "geometry": { "type": "Point", "coordinates": [ -93.284915, 18.512653 ] } },
{ "type": "Feature", "properties": { "pozo": "YAXCHE-25", "campo": "YAXCHE", "entidad": "AGUAS TERRITORIALES", "ubicacin": "AGUAS SOMERAS", "clasificac": "DESARROLLO", "estado_act": "INACTIVO", "tipo_de_hi": "ACEITE", "fecha_inic": "04-ENE-2010", "fecha_fin_": "12-JUN-2010", "profundida": 0.0, "profundi_1": 0.0, "trayectori": null, "disponible": "DISPONIBLE" }, "geometry": { "type": "Point", "coordinates": [ -93.284976, 18.512616 ] } },
{ "type": "Feature", "properties": { "pozo": "MAY-15", "campo": "MAY", "entidad": "AGUAS TERRITORIALES", "ubicacin": "AGUAS SOMERAS", "clasificac": "DESARROLLO", "estado_act": "PRODUCTOR", "tipo_de_hi": "CONDENSADO", "fecha_inic": "06-JUN-2011", "fecha_fin_": "01-ENE-2012", "profundida": 5320.0, "profundi_1": 0.0, "trayectori": "DIRECCIONAL", "disponible": "DISPONIBLE" }, "geometry": { "type": "Point", "coordinates": [ -92.59457513, 18.721605 ] } },
{ "type": "Feature", "properties": { "pozo": "YAXCHE-42", "campo": "YAXCHE", "entidad": "AGUAS TERRITORIALES", "ubicacin": "AGUAS SOMERAS", "clasificac": "DESARROLLO", "estado_act": "PRODUCTOR", "tipo_de_hi": "ACEITE", "fecha_inic": "25-AGO-2008", "fecha_fin_": null, "profundida": 4265.0, "profundi_1": 4074.9, "trayectori": "DIRECCIONAL", "disponible": "DISPONIBLE" }, "geometry": { "type": "Point", "coordinates": [ -93.285124, 18.512805 ] } },
{ "type": "Feature", "properties": { "pozo": "TSIMIN-3DL", "campo": "TSIMIN", "entidad": "AGUAS TERRITORIALES", "ubicacin": "AGUAS SOMERAS", "clasificac": "DELIMITADOR", "estado_act": "CERRADO", "tipo_de_hi": "GAS-CONDENSADO", "fecha_inic": "09-FEB-2014", "fecha_fin_": "17-SEP-2015", "profundida": 6900.0, "profundi_1": 6723.0, "trayectori": "DIRECCIONAL", "disponible": "DISPONIBLE" }, "geometry": { "type": "Point", "coordinates": [ -92.649106, 18.688642 ] } },
{ "type": "Feature", "properties": { "pozo": "MIZTON-2DEL", "campo": "MIZTON", "entidad": "AGUAS TERRITORIALES", "ubicacin": "AGUAS SOMERAS", "clasificac": "DELIMITADOR", "estado_act": "PRODUCTOR", "tipo_de_hi": "ACEITE", "fecha_inic": "01-AGO-2017", "fecha_fin_": "28-SEP-2017", "profundida": 3381.0, "profundi_1": 3381.0, "trayectori": "VERTICAL", "disponible": "DISPONIBLE" }, "geometry": { "type": "Point", "coordinates": [ -93.7942, 18.39972 ] } },
{ "type": "Feature", "properties": { "pozo": "TSIMIN-51", "campo": "TSIMIN", "entidad": "AGUAS TERRITORIALES", "ubicacin": "AGUAS SOMERAS", "clasificac": "DESARROLLO", "estado_act": "INACTIVO", "tipo_de_hi": "ACEITE-GAS", "fecha_inic": null, "fecha_fin_": "17-ENE-2013", "profundida": 0.0, "profundi_1": 0.0, "trayectori": null, "disponible": "DISPONIBLE" }, "geometry": { "type": "Point", "coordinates": [ -92.676354, 18.705349 ] } },
{ "type": "Feature", "properties": { "pozo": "MAY-113", "campo": "MAY", "entidad": "AGUAS TERRITORIALES", "ubicacin": "AGUAS SOMERAS", "clasificac": "DESARROLLO", "estado_act": "INACTIVO", "tipo_de_hi": "CONDENSADO", "fecha_inic": "06-OCT-2005", "fecha_fin_": "02-SEP-2006", "profundida": 6605.0, "profundi_1": 6239.0, "trayectori": "DIRECCIONAL", "disponible": "DISPONIBLE" }, "geometry": { "type": "Point", "coordinates": [ -92.572777, 18.708124 ] } },
{ "type": "Feature", "properties": { "pozo": "MAY-51", "campo": "MAY", "entidad": "AGUAS TERRITORIALES", "ubicacin": "AGUAS SOMERAS", "clasificac": "DESARROLLO", "estado_act": "PRODUCTOR", "tipo_de_hi": "CONDENSADO", "fecha_inic": "01-OCT-2006", "fecha_fin_": "02-JUN-2007", "profundida": 5750.0, "profundi_1": 4998.9, "trayectori": "DIRECCIONAL", "disponible": "DISPONIBLE" }, "geometry": { "type": "Point", "coordinates": [ -92.573364, 18.704618 ] } },
{ "type": "Feature", "properties": { "pozo": "YAXCHE-4", "campo": "YAXCHE", "entidad": "AGUAS TERRITORIALES", "ubicacin": "AGUAS SOMERAS", "clasificac": "DESARROLLO", "estado_act": "INACTIVO", "tipo_de_hi": "ACEITE", "fecha_inic": "20-AGO-2010", "fecha_fin_": "20-MAR-2012", "profundida": 5930.0, "profundi_1": 0.0, "trayectori": "VERTICAL", "disponible": "DISPONIBLE" }, "geometry": { "type": "Point", "coordinates": [ -93.285156, 18.512804 ] } },
{ "type": "Feature", "properties": { "pozo": "YAXCHE-75", "campo": "YAXCHE", "entidad": "AGUAS TERRITORIALES", "ubicacin": "AGUAS SOMERAS", "clasificac": "DESARROLLO", "estado_act": "INACTIVO", "tipo_de_hi": "ACEITE", "fecha_inic": "13-ENE-2015", "fecha_fin_": "08-MAY-2015", "profundida": 4724.0, "profundi_1": 0.0, "trayectori": "DIRECCIONAL", "disponible": "DISPONIBLE" }, "geometry": { "type": "Point", "coordinates": [ -93.2849627, 18.51262996 ] } },
{ "type": "Feature", "properties": { "pozo": "YAXCHE-101", "campo": "YAXCHE", "entidad": "AGUAS TERRITORIALES", "ubicacin": "AGUAS SOMERAS", "clasificac": "EXPLORATORIO", "estado_act": "INACTIVO", "tipo_de_hi": "ACEITE-GAS", "fecha_inic": "22-ABR-2004", "fecha_fin_": "10-MAY-2006", "profundida": 5725.0, "profundi_1": 5725.0, "trayectori": "VERTICAL", "disponible": "DISPONIBLE" }, "geometry": { "type": "Point", "coordinates": [ -93.284964, 18.512607 ] } },
{ "type": "Feature", "properties": { "pozo": "MEN-1", "campo": "MEN", "entidad": "AGUAS TERRITORIALES", "ubicacin": "AGUAS SOMERAS", "clasificac": "EXPLORATORIO", "estado_act": "CERRADO", "tipo_de_hi": "GAS SECO", "fecha_inic": "27-JUL-2004", "fecha_fin_": "30-SEP-2004", "profundida": 2463.0, "profundi_1": 2463.0, "trayectori": "VERTICAL", "disponible": "DISPONIBLE" }, "geometry": { "type": "Point", "coordinates": [ -92.537888, 18.725097 ] } },
{ "type": "Feature", "properties": { "pozo": "YAXCHE-301", "campo": "YAXCHE", "entidad": "AGUAS TERRITORIALES", "ubicacin": "AGUAS SOMERAS", "clasificac": "EXPLORATORIO", "estado_act": "CERRADO", "tipo_de_hi": "ACEITE", "fecha_inic": "11-JUL-2013", "fecha_fin_": "20-ENE-2014", "profundida": 0.0, "profundi_1": 0.0, "trayectori": null, "disponible": "DISPONIBLE" }, "geometry": { "type": "Point", "coordinates": [ -93.248332, 18.569164 ] } },
{ "type": "Feature", "properties": { "pozo": "ANADE-1", "campo": "NO DISPONIBLE", "entidad": "AGUAS TERRITORIALES", "ubicacin": "AGUAS SOMERAS", "clasificac": "EXPLORATORIO", "estado_act": "CERRADO", "tipo_de_hi": null, "fecha_inic": "04-SEP-1970", "fecha_fin_": "04-DIC-1970", "profundida": 4500.0, "profundi_1": 4500.0, "trayectori": "VERTICAL", "disponible": "DISPONIBLE" }, "geometry": { "type": "Point", "coordinates": [ -93.992376, 18.400459 ] } },
{ "type": "Feature", "properties": { "pozo": "MIZTON-1", "campo": "MIZTON", "entidad": "AGUAS TERRITORIALES", "ubicacin": "AGUAS SOMERAS", "clasificac": "EXPLORATORIO", "estado_act": "TAPONAMIENTO TEMPORAL", "tipo_de_hi": "ACEITE-GAS", "fecha_inic": "15-DIC-2012", "fecha_fin_": "17-MAY-2013", "profundida": 3260.0, "profundi_1": 3260.0, "trayectori": "VERTICAL", "disponible": "DISPONIBLE" }, "geometry": { "type": "Point", "coordinates": [ -93.782599, 18.403185 ] } },
{ "type": "Feature", "properties": { "pozo": "MAY-53", "campo": "MAY", "entidad": "AGUAS TERRITORIALES", "ubicacin": "AGUAS SOMERAS", "clasificac": "DESARROLLO", "estado_act": "PRODUCTOR", "tipo_de_hi": "CONDENSADO", "fecha_inic": "18-ABR-2011", "fecha_fin_": "18-ENE-2012", "profundida": 5822.0, "profundi_1": 0.0, "trayectori": "DIRECCIONAL", "disponible": "DISPONIBLE" }, "geometry": { "type": "Point", "coordinates": [ -92.608627, 18.713757 ] } },
{ "type": "Feature", "properties": { "pozo": "KAA-1", "campo": "NO DISPONIBLE", "entidad": "AGUAS TERRITORIALES", "ubicacin": "AGUAS SOMERAS", "clasificac": "EXPLORATORIO", "estado_act": "CERRADO", "tipo_de_hi": "ACEITE", "fecha_inic": "08-JUN-2011", "fecha_fin_": "25-ENE-2013", "profundida": 6730.0, "profundi_1": 6730.0, "trayectori": "VERTICAL", "disponible": "DISPONIBLE" }, "geometry": { "type": "Point", "coordinates": [ -92.82469, 18.730471 ] } },
{ "type": "Feature", "properties": { "pozo": "ATOYATL-1EXP", "campo": "ATOYATL", "entidad": "AGUAS TERRITORIALES", "ubicacin": "AGUAS SOMERAS", "clasificac": "EXPLORATORIO EN NUEVO CAMPO", "estado_act": "TAPONAMIENTO PERMANENTE", "tipo_de_hi": null, "fecha_inic": "18-MAY-2022", "fecha_fin_": "14-JUL-2022", "profundida": 3355.0, "profundi_1": 3354.9, "trayectori": "VERTICAL", "disponible": "DISPONIBLE" }, "geometry": { "type": "Point", "coordinates": [ -93.81589389, 18.374286 ] } }
]
}
