{
"type": "FeatureCollection",
"name": "Pozos_Loc",
"crs": { "type": "name", "properties": { "name": "urn:ogc:def:crs:OGC:1.3:CRS84" } },
"features": [
{ "type": "Feature", "properties": { "pozo": "SAN RAMON-1613", "campo": "SAN RAMON", "entidad": "TABASCO", "ubicacin": "TERRESTRE", "clasificac": "DESARROLLO", "estado_act": "INACTIVO", "tipo_de_hi": "ACEITE", "fecha_inic": "04-AGO-2013", "fecha_fin_": "27-AGO-2013", "profundida": 3154.0, "profundi_1": 3127.3, "trayectori": "DIRECCIONAL", "disponible": "DISPONIBLE" }, "geometry": { "type": "Point", "coordinates": [ -93.899191, 18.245985 ] } },
{ "type": "Feature", "properties": { "pozo": "MECOACAN-74", "campo": "MECOACAN", "entidad": "TABASCO", "ubicacin": "TERRESTRE", "clasificac": "DESARROLLO", "estado_act": "INACTIVO", "tipo_de_hi": "ACEITE", "fecha_inic": "23-MAY-1962", "fecha_fin_": "03-JUN-1962", "profundida": 2265.0, "profundi_1": 0.0, "trayectori": "VERTICAL", "disponible": "DISPONIBLE" }, "geometry": { "type": "Point", "coordinates": [ -93.069942, 18.326485 ] } },
{ "type": "Feature", "properties": { "pozo": "COSTERO-2", "campo": "COSTERO", "entidad": "TABASCO", "ubicacin": "TERRESTRE", "clasificac": "DESARROLLO", "estado_act": "PRODUCTOR", "tipo_de_hi": "CONDENSADO", "fecha_inic": "02-JUN-2008", "fecha_fin_": "31-DIC-2008", "profundida": 6233.0, "profundi_1": 5485.4, "trayectori": "DIRECCIONAL", "disponible": "DISPONIBLE" }, "geometry": { "type": "Point", "coordinates": [ -92.50797, 18.624217 ] } },
{ "type": "Feature", "properties": { "pozo": "CRATER-51", "campo": "CRATER", "entidad": "TABASCO", "ubicacin": "TERRESTRE", "clasificac": "DESARROLLO", "estado_act": "CERRADO", "tipo_de_hi": null, "fecha_inic": "01-JUN-2007", "fecha_fin_": "28-ABR-2008", "profundida": 6577.0, "profundi_1": 6022.0, "trayectori": "DIRECCIONAL", "disponible": "DISPONIBLE" }, "geometry": { "type": "Point", "coordinates": [ -92.753874, 18.517828 ] } },
{ "type": "Feature", "properties": { "pozo": "SAN RAMON-59", "campo": "SAN RAMON", "entidad": "TABASCO", "ubicacin": "TERRESTRE", "clasificac": "DESARROLLO", "estado_act": "CERRADO", "tipo_de_hi": "ACEITE", "fecha_inic": "12-SEP-1971", "fecha_fin_": "17-SEP-1971", "profundida": 315.0, "profundi_1": 0.0, "trayectori": "VERTICAL", "disponible": "DISPONIBLE" }, "geometry": { "type": "Point", "coordinates": [ -93.912495, 18.242168 ] } },
{ "type": "Feature", "properties": { "pozo": "SAN RAMON-517", "campo": "SAN RAMON", "entidad": "TABASCO", "ubicacin": "TERRESTRE", "clasificac": "DESARROLLO", "estado_act": "INACTIVO", "tipo_de_hi": "ACEITE", "fecha_inic": "10-ABR-2008", "fecha_fin_": "01-MAY-2008", "profundida": 3583.0, "profundi_1": 3552.6, "trayectori": "DIRECCIONAL", "disponible": "DISPONIBLE" }, "geometry": { "type": "Point", "coordinates": [ -93.931954, 18.238399 ] } },
{ "type": "Feature", "properties": { "pozo": "PAILEBOT-11", "campo": "PAILEBOT", "entidad": "TABASCO", "ubicacin": "TERRESTRE", "clasificac": "DESARROLLO", "estado_act": "CERRADO", "tipo_de_hi": null, "fecha_inic": "07-ENE-1982", "fecha_fin_": "21-ENE-1982", "profundida": 3847.0, "profundi_1": 3847.0, "trayectori": "VERTICAL", "disponible": "DISPONIBLE" }, "geometry": { "type": "Point", "coordinates": [ -93.946913, 18.246532 ] } },
{ "type": "Feature", "properties": { "pozo": "TUPILCO-79", "campo": "TUPILCO", "entidad": "TABASCO", "ubicacin": "TERRESTRE", "clasificac": "DESARROLLO", "estado_act": "CERRADO", "tipo_de_hi": "ACEITE", "fecha_inic": "21-JUL-2009", "fecha_fin_": "02-SEP-2009", "profundida": 3264.0, "profundi_1": 2920.0, "trayectori": "DIRECCIONAL", "disponible": "DISPONIBLE" }, "geometry": { "type": "Point", "coordinates": [ -93.340786, 18.362578 ] } },
{ "type": "Feature", "properties": { "pozo": "SAN RAMON-503A", "campo": "SAN RAMON", "entidad": "TABASCO", "ubicacin": "TERRESTRE", "clasificac": "DESARROLLO", "estado_act": "INACTIVO", "tipo_de_hi": "ACEITE", "fecha_inic": "18-JUL-2008", "fecha_fin_": "26-AGO-2008", "profundida": 3532.0, "profundi_1": 3473.2, "trayectori": "DIRECCIONAL", "disponible": "DISPONIBLE" }, "geometry": { "type": "Point", "coordinates": [ -93.925663, 18.234902 ] } },
{ "type": "Feature", "properties": { "pozo": "CASTARRICAL-24", "campo": "CASTARRICAL", "entidad": "TABASCO", "ubicacin": "TERRESTRE", "clasificac": "DESARROLLO", "estado_act": "INACTIVO", "tipo_de_hi": "ACEITE", "fecha_inic": "06-MAR-1969", "fecha_fin_": "24-MAY-1969", "profundida": 4000.0, "profundi_1": 4000.0, "trayectori": "VERTICAL", "disponible": "DISPONIBLE" }, "geometry": { "type": "Point", "coordinates": [ -93.310027, 18.394906 ] } },
{ "type": "Feature", "properties": { "pozo": "SAN RAMON-75", "campo": "SAN RAMON", "entidad": "TABASCO", "ubicacin": "TERRESTRE", "clasificac": "DESARROLLO", "estado_act": "INACTIVO", "tipo_de_hi": "ACEITE", "fecha_inic": "12-MAY-1972", "fecha_fin_": "25-JUN-1972", "profundida": 3500.0, "profundi_1": 0.0, "trayectori": "VERTICAL", "disponible": "DISPONIBLE" }, "geometry": { "type": "Point", "coordinates": [ -93.91249, 18.245806 ] } },
{ "type": "Feature", "properties": { "pozo": "MECOACAN-46", "campo": "MECOACAN", "entidad": "TABASCO", "ubicacin": "TERRESTRE", "clasificac": "DESARROLLO", "estado_act": "INACTIVO", "tipo_de_hi": "ACEITE", "fecha_inic": "09-SEP-1961", "fecha_fin_": "19-SEP-1961", "profundida": 2215.0, "profundi_1": 0.0, "trayectori": "VERTICAL", "disponible": "DISPONIBLE" }, "geometry": { "type": "Point", "coordinates": [ -93.069911, 18.337326 ] } },
{ "type": "Feature", "properties": { "pozo": "MARANON-301A", "campo": "NO DISPONIBLE", "entidad": "TABASCO", "ubicacin": "TERRESTRE", "clasificac": "EXPLORATORIO", "estado_act": "CERRADO", "tipo_de_hi": null, "fecha_inic": "08-JUL-1986", "fecha_fin_": "11-ABR-1988", "profundida": 6808.0, "profundi_1": 0.0, "trayectori": "VERTICAL", "disponible": "DISPONIBLE" }, "geometry": { "type": "Point", "coordinates": [ -93.228745, 18.295015 ] } },
{ "type": "Feature", "properties": { "pozo": "SAN RAMON-513D", "campo": "SAN RAMON", "entidad": "TABASCO", "ubicacin": "TERRESTRE", "clasificac": "DESARROLLO", "estado_act": "INACTIVO", "tipo_de_hi": "ACEITE", "fecha_inic": "29-AGO-2013", "fecha_fin_": "05-OCT-2013", "profundida": 3463.0, "profundi_1": 3415.7, "trayectori": "DIRECCIONAL", "disponible": "DISPONIBLE" }, "geometry": { "type": "Point", "coordinates": [ -93.925967, 18.234954 ] } },
{ "type": "Feature", "properties": { "pozo": "OSTRA-D1", "campo": "NO DISPONIBLE", "entidad": "TABASCO", "ubicacin": "TERRESTRE", "clasificac": "EXPLORATORIO", "estado_act": "CERRADO", "tipo_de_hi": "ACEITE", "fecha_inic": "21-ABR-1981", "fecha_fin_": "27-NOV-1981", "profundida": 3875.0, "profundi_1": 0.0, "trayectori": "VERTICAL", "disponible": "DISPONIBLE" }, "geometry": { "type": "Point", "coordinates": [ -93.850982, 18.299274 ] } },
{ "type": "Feature", "properties": { "pozo": "SAN RAMON-77", "campo": "SAN RAMON", "entidad": "TABASCO", "ubicacin": "TERRESTRE", "clasificac": "DESARROLLO", "estado_act": "INACTIVO", "tipo_de_hi": "ACEITE", "fecha_inic": "16-SEP-1972", "fecha_fin_": "16-DIC-1972", "profundida": 3300.0, "profundi_1": 0.0, "trayectori": "VERTICAL", "disponible": "DISPONIBLE" }, "geometry": { "type": "Point", "coordinates": [ -93.889461, 18.243855 ] } },
{ "type": "Feature", "properties": { "pozo": "CASTARRICAL-74", "campo": "CASTARRICAL", "entidad": "TABASCO", "ubicacin": "TERRESTRE", "clasificac": "DESARROLLO", "estado_act": "INACTIVO", "tipo_de_hi": "ACEITE", "fecha_inic": "05-FEB-1971", "fecha_fin_": "08-MAY-1971", "profundida": 3900.0, "profundi_1": 3900.0, "trayectori": "VERTICAL", "disponible": "DISPONIBLE" }, "geometry": { "type": "Point", "coordinates": [ -93.323045, 18.376675 ] } },
{ "type": "Feature", "properties": { "pozo": "MECOACAN-9D", "campo": "MECOACAN", "entidad": "TABASCO", "ubicacin": "TERRESTRE", "clasificac": "DESARROLLO", "estado_act": "INACTIVO", "tipo_de_hi": "ACEITE", "fecha_inic": "30-JUN-1960", "fecha_fin_": "15-JUL-1960", "profundida": 1975.0, "profundi_1": 0.0, "trayectori": "VERTICAL", "disponible": "DISPONIBLE" }, "geometry": { "type": "Point", "coordinates": [ -93.096205, 18.333705 ] } },
{ "type": "Feature", "properties": { "pozo": "SAN RAMON-44D", "campo": "SAN RAMON", "entidad": "TABASCO", "ubicacin": "TERRESTRE", "clasificac": "DESARROLLO", "estado_act": "INACTIVO", "tipo_de_hi": "ACEITE", "fecha_inic": "17-JUL-1971", "fecha_fin_": "31-JUL-1971", "profundida": 1755.0, "profundi_1": 0.0, "trayectori": "VERTICAL", "disponible": "DISPONIBLE" }, "geometry": { "type": "Point", "coordinates": [ -93.905973, 18.242249 ] } },
{ "type": "Feature", "properties": { "pozo": "SAN RAMON-523", "campo": "SAN RAMON", "entidad": "TABASCO", "ubicacin": "TERRESTRE", "clasificac": "DESARROLLO", "estado_act": "INACTIVO", "tipo_de_hi": "ACEITE", "fecha_inic": "02-MAR-2012", "fecha_fin_": "01-ABR-2012", "profundida": 3612.0, "profundi_1": 3517.8, "trayectori": "DIRECCIONAL", "disponible": "DISPONIBLE" }, "geometry": { "type": "Point", "coordinates": [ -93.925764, 18.234965 ] } },
{ "type": "Feature", "properties": { "pozo": "MECOACAN-24", "campo": "MECOACAN", "entidad": "TABASCO", "ubicacin": "TERRESTRE", "clasificac": "DESARROLLO", "estado_act": "CERRADO", "tipo_de_hi": null, "fecha_inic": "28-DIC-1960", "fecha_fin_": "05-ENE-1961", "profundida": 2225.0, "profundi_1": 0.0, "trayectori": "VERTICAL", "disponible": "DISPONIBLE" }, "geometry": { "type": "Point", "coordinates": [ -93.083095, 18.340921 ] } },
{ "type": "Feature", "properties": { "pozo": "SAN RAMON-41", "campo": "SAN RAMON", "entidad": "TABASCO", "ubicacin": "TERRESTRE", "clasificac": "DESARROLLO", "estado_act": "INACTIVO", "tipo_de_hi": "ACEITE", "fecha_inic": "16-OCT-1970", "fecha_fin_": "11-NOV-1970", "profundida": 2859.0, "profundi_1": 0.0, "trayectori": "VERTICAL", "disponible": "DISPONIBLE" }, "geometry": { "type": "Point", "coordinates": [ -93.896023, 18.236874 ] } },
{ "type": "Feature", "properties": { "pozo": "MECOACAN-48", "campo": "MECOACAN", "entidad": "TABASCO", "ubicacin": "TERRESTRE", "clasificac": "DESARROLLO", "estado_act": "INACTIVO", "tipo_de_hi": "ACEITE", "fecha_inic": "02-JUN-1961", "fecha_fin_": "12-JUN-1961", "profundida": 2230.0, "profundi_1": 0.0, "trayectori": "VERTICAL", "disponible": "DISPONIBLE" }, "geometry": { "type": "Point", "coordinates": [ -93.069965, 18.330062 ] } },
{ "type": "Feature", "properties": { "pozo": "MECOACAN-201", "campo": "MECOACAN", "entidad": "TABASCO", "ubicacin": "TERRESTRE", "clasificac": "DESARROLLO", "estado_act": "CERRADO", "tipo_de_hi": null, "fecha_inic": "20-MAR-1960", "fecha_fin_": "25-ABR-1960", "profundida": 3000.0, "profundi_1": 0.0, "trayectori": "VERTICAL", "disponible": "DISPONIBLE" }, "geometry": { "type": "Point", "coordinates": [ -93.076582, 18.347961 ] } },
{ "type": "Feature", "properties": { "pozo": "COSTERO-16", "campo": "COSTERO", "entidad": "TABASCO", "ubicacin": "TERRESTRE", "clasificac": "DESARROLLO", "estado_act": "PRODUCTOR", "tipo_de_hi": "GAS-CONDENSADO", "fecha_inic": "07-FEB-2014", "fecha_fin_": "11-AGO-2014", "profundida": 5900.0, "profundi_1": 0.0, "trayectori": "DIRECCIONAL", "disponible": "DISPONIBLE" }, "geometry": { "type": "Point", "coordinates": [ -92.50814444, 18.62208542 ] } },
{ "type": "Feature", "properties": { "pozo": "CASTARRICAL-8", "campo": "CASTARRICAL", "entidad": "TABASCO", "ubicacin": "TERRESTRE", "clasificac": "DESARROLLO", "estado_act": "INACTIVO", "tipo_de_hi": "ACEITE", "fecha_inic": "13-JUL-1968", "fecha_fin_": "14-AGO-1968", "profundida": 3141.0, "profundi_1": 0.0, "trayectori": "VERTICAL", "disponible": "DISPONIBLE" }, "geometry": { "type": "Point", "coordinates": [ -93.310063, 18.387655 ] } },
{ "type": "Feature", "properties": { "pozo": "PUERTO CEIBA-108", "campo": "PUERTO CEIBA", "entidad": "TABASCO", "ubicacin": "TERRESTRE", "clasificac": "DESARROLLO", "estado_act": "PRODUCTOR", "tipo_de_hi": "ACEITE", "fecha_inic": "22-AGO-2011", "fecha_fin_": "31-DIC-2011", "profundida": 5600.0, "profundi_1": 0.0, "trayectori": "DIRECCIONAL", "disponible": "DISPONIBLE" }, "geometry": { "type": "Point", "coordinates": [ -93.221569, 18.436828 ] } },
{ "type": "Feature", "properties": { "pozo": "CINCO PRESIDENTES-387", "campo": "CINCO PRESIDENTES", "entidad": "TABASCO", "ubicacin": "TERRESTRE", "clasificac": "DESARROLLO", "estado_act": "CERRADO", "tipo_de_hi": "ACEITE", "fecha_inic": "24-OCT-1976", "fecha_fin_": "18-NOV-1976", "profundida": 2542.0, "profundi_1": 0.0, "trayectori": "VERTICAL", "disponible": "DISPONIBLE" }, "geometry": { "type": "Point", "coordinates": [ -94.01275607, 18.17028675 ] } },
{ "type": "Feature", "properties": { "pozo": "CINCO PRESIDENTES-389", "campo": "CINCO PRESIDENTES", "entidad": "TABASCO", "ubicacin": "TERRESTRE", "clasificac": "DESARROLLO", "estado_act": "CERRADO", "tipo_de_hi": "ACEITE", "fecha_inic": "24-NOV-1976", "fecha_fin_": "14-DIC-1976", "profundida": 2419.0, "profundi_1": 0.0, "trayectori": "VERTICAL", "disponible": "DISPONIBLE" }, "geometry": { "type": "Point", "coordinates": [ -94.00913053, 18.17238261 ] } },
{ "type": "Feature", "properties": { "pozo": "CINCO PRESIDENTES-51", "campo": "CINCO PRESIDENTES", "entidad": "TABASCO", "ubicacin": "TERRESTRE", "clasificac": "DESARROLLO", "estado_act": "CERRADO", "tipo_de_hi": "ACEITE", "fecha_inic": "30-ENE-1963", "fecha_fin_": "06-FEB-1963", "profundida": 2100.0, "profundi_1": 0.0, "trayectori": "VERTICAL", "disponible": "DISPONIBLE" }, "geometry": { "type": "Point", "coordinates": [ -94.01858715, 18.18865777 ] } },
{ "type": "Feature", "properties": { "pozo": "CINCO PRESIDENTES-550", "campo": "CINCO PRESIDENTES", "entidad": "TABASCO", "ubicacin": "TERRESTRE", "clasificac": "DESARROLLO", "estado_act": "CERRADO", "tipo_de_hi": "ACEITE", "fecha_inic": "30-SEP-1982", "fecha_fin_": "02-NOV-1982", "profundida": 2420.0, "profundi_1": 0.0, "trayectori": "VERTICAL", "disponible": "DISPONIBLE" }, "geometry": { "type": "Point", "coordinates": [ -94.02087267, 18.17804954 ] } },
{ "type": "Feature", "properties": { "pozo": "CINCO PRESIDENTES-7", "campo": "CINCO PRESIDENTES", "entidad": "TABASCO", "ubicacin": "TERRESTRE", "clasificac": "DESARROLLO", "estado_act": "INACTIVO", "tipo_de_hi": "ACEITE", "fecha_inic": "24-DIC-1960", "fecha_fin_": "20-FEB-1961", "profundida": 2505.6, "profundi_1": 0.0, "trayectori": "VERTICAL", "disponible": "DISPONIBLE" }, "geometry": { "type": "Point", "coordinates": [ -94.01170062, 18.20290358 ] } },
{ "type": "Feature", "properties": { "pozo": "CINCO PRESIDENTES-70", "campo": "CINCO PRESIDENTES", "entidad": "TABASCO", "ubicacin": "TERRESTRE", "clasificac": "DESARROLLO", "estado_act": "INACTIVO", "tipo_de_hi": "ACEITE", "fecha_inic": "17-OCT-1962", "fecha_fin_": "24-NOV-1962", "profundida": 3710.0, "profundi_1": 0.0, "trayectori": "VERTICAL", "disponible": "DISPONIBLE" }, "geometry": { "type": "Point", "coordinates": [ -94.00444685, 18.21709868 ] } },
{ "type": "Feature", "properties": { "pozo": "CINCO PRESIDENTES-76", "campo": "CINCO PRESIDENTES", "entidad": "TABASCO", "ubicacin": "TERRESTRE", "clasificac": "DESARROLLO", "estado_act": "INACTIVO", "tipo_de_hi": "ACEITE", "fecha_inic": "22-OCT-1962", "fecha_fin_": "24-NOV-1962", "profundida": 3382.2, "profundi_1": 3382.2, "trayectori": "VERTICAL", "disponible": "DISPONIBLE" }, "geometry": { "type": "Point", "coordinates": [ -94.0246685, 18.21394252 ] } },
{ "type": "Feature", "properties": { "pozo": "SANCHEZ MAGALLANES-2", "campo": "MAGALLANES TUCAN PAJONAL", "entidad": "TABASCO", "ubicacin": "TERRESTRE", "clasificac": "DESARROLLO", "estado_act": "CERRADO", "tipo_de_hi": null, "fecha_inic": "19-AGO-1957", "fecha_fin_": "19-AGO-1957", "profundida": 2500.0, "profundi_1": 2500.0, "trayectori": "VERTICAL", "disponible": "DISPONIBLE" }, "geometry": { "type": "Point", "coordinates": [ -93.88963876, 18.16695342 ] } },
{ "type": "Feature", "properties": { "pozo": "SANCHEZ MAGALLANES-263", "campo": "MAGALLANES TUCAN PAJONAL", "entidad": "TABASCO", "ubicacin": "TERRESTRE", "clasificac": "DESARROLLO", "estado_act": "CERRADO", "tipo_de_hi": "ACEITE", "fecha_inic": "29-ABR-1960", "fecha_fin_": "29-ABR-1960", "profundida": 2492.5, "profundi_1": 2492.5, "trayectori": "VERTICAL", "disponible": "DISPONIBLE" }, "geometry": { "type": "Point", "coordinates": [ -93.88888201, 18.13410989 ] } },
{ "type": "Feature", "properties": { "pozo": "SANCHEZ MAGALLANES-3", "campo": "MAGALLANES TUCAN PAJONAL", "entidad": "TABASCO", "ubicacin": "TERRESTRE", "clasificac": "DESARROLLO", "estado_act": "CERRADO", "tipo_de_hi": "ACEITE", "fecha_inic": "24-OCT-1957", "fecha_fin_": "24-OCT-1957", "profundida": 1574.3, "profundi_1": 1574.3, "trayectori": "VERTICAL", "disponible": "DISPONIBLE" }, "geometry": { "type": "Point", "coordinates": [ -93.9005144, 18.15218792 ] } },
{ "type": "Feature", "properties": { "pozo": "SANCHEZ MAGALLANES-300", "campo": "MAGALLANES TUCAN PAJONAL", "entidad": "TABASCO", "ubicacin": "TERRESTRE", "clasificac": "DESARROLLO", "estado_act": "CERRADO", "tipo_de_hi": null, "fecha_inic": "02-JUN-1960", "fecha_fin_": "02-JUN-1960", "profundida": 2488.0, "profundi_1": 2488.0, "trayectori": "VERTICAL", "disponible": "DISPONIBLE" }, "geometry": { "type": "Point", "coordinates": [ -93.91566542, 18.15841912 ] } },
{ "type": "Feature", "properties": { "pozo": "SANCHEZ MAGALLANES-4", "campo": "MAGALLANES TUCAN PAJONAL", "entidad": "TABASCO", "ubicacin": "TERRESTRE", "clasificac": "DESARROLLO", "estado_act": "CERRADO", "tipo_de_hi": "ACEITE", "fecha_inic": "24-FEB-1958", "fecha_fin_": "24-FEB-1958", "profundida": 1615.2, "profundi_1": 1615.2, "trayectori": "VERTICAL", "disponible": "DISPONIBLE" }, "geometry": { "type": "Point", "coordinates": [ -93.90239373, 18.15542597 ] } },
{ "type": "Feature", "properties": { "pozo": "SANCHEZ MAGALLANES-447", "campo": "MAGALLANES TUCAN PAJONAL", "entidad": "TABASCO", "ubicacin": "TERRESTRE", "clasificac": "DESARROLLO", "estado_act": "CERRADO", "tipo_de_hi": null, "fecha_inic": "25-OCT-1965", "fecha_fin_": "25-OCT-1965", "profundida": 2496.0, "profundi_1": 2496.0, "trayectori": "VERTICAL", "disponible": "DISPONIBLE" }, "geometry": { "type": "Point", "coordinates": [ -93.89822192, 18.12566614 ] } },
{ "type": "Feature", "properties": { "pozo": "SANCHEZ MAGALLANES-448", "campo": "MAGALLANES TUCAN PAJONAL", "entidad": "TABASCO", "ubicacin": "TERRESTRE", "clasificac": "DESARROLLO", "estado_act": "INACTIVO", "tipo_de_hi": "ACEITE", "fecha_inic": "22-AGO-1967", "fecha_fin_": "23-AGO-1967", "profundida": 2807.0, "profundi_1": 2807.0, "trayectori": "VERTICAL", "disponible": "DISPONIBLE" }, "geometry": { "type": "Point", "coordinates": [ -93.88137314, 18.12098709 ] } },
{ "type": "Feature", "properties": { "pozo": "RODADOR-501", "campo": "RODADOR", "entidad": "TABASCO", "ubicacin": "TERRESTRE", "clasificac": "DESARROLLO", "estado_act": "INACTIVO", "tipo_de_hi": "ACEITE", "fecha_inic": "31-MAY-2003", "fecha_fin_": "15-AGO-2003", "profundida": 3309.0, "profundi_1": 3200.3, "trayectori": "DIRECCIONAL", "disponible": "DISPONIBLE" }, "geometry": { "type": "Point", "coordinates": [ -93.97373887, 18.22194702 ] } },
{ "type": "Feature", "properties": { "pozo": "RODADOR-503", "campo": "RODADOR", "entidad": "TABASCO", "ubicacin": "TERRESTRE", "clasificac": "DESARROLLO", "estado_act": "PRODUCTOR", "tipo_de_hi": "ACEITE", "fecha_inic": "30-AGO-2003", "fecha_fin_": "17-OCT-2003", "profundida": 3252.0, "profundi_1": 3200.0, "trayectori": "DIRECCIONAL", "disponible": "DISPONIBLE" }, "geometry": { "type": "Point", "coordinates": [ -93.97065944, 18.21663464 ] } },
{ "type": "Feature", "properties": { "pozo": "RODADOR-505", "campo": "RODADOR", "entidad": "TABASCO", "ubicacin": "TERRESTRE", "clasificac": "DESARROLLO", "estado_act": "PRODUCTOR", "tipo_de_hi": "ACEITE", "fecha_inic": "31-OCT-2003", "fecha_fin_": "29-DIC-2003", "profundida": 3220.0, "profundi_1": 3201.1, "trayectori": "DIRECCIONAL", "disponible": "DISPONIBLE" }, "geometry": { "type": "Point", "coordinates": [ -93.97073405, 18.21666932 ] } },
{ "type": "Feature", "properties": { "pozo": "SANCHEZ MAGALLANES-554", "campo": "MAGALLANES TUCAN PAJONAL", "entidad": "TABASCO", "ubicacin": "TERRESTRE", "clasificac": "DESARROLLO", "estado_act": "INACTIVO", "tipo_de_hi": "ACEITE", "fecha_inic": "23-ENE-1967", "fecha_fin_": "23-ENE-1967", "profundida": 2264.5, "profundi_1": 2264.5, "trayectori": "VERTICAL", "disponible": "DISPONIBLE" }, "geometry": { "type": "Point", "coordinates": [ -93.8929926, 18.19442864 ] } },
{ "type": "Feature", "properties": { "pozo": "SANCHEZ MAGALLANES-601", "campo": "MAGALLANES TUCAN PAJONAL", "entidad": "TABASCO", "ubicacin": "TERRESTRE", "clasificac": "EXPLORATORIO", "estado_act": "INACTIVO", "tipo_de_hi": "ACEITE", "fecha_inic": "19-FEB-1969", "fecha_fin_": "19-FEB-1969", "profundida": 3081.0, "profundi_1": 3081.0, "trayectori": "VERTICAL", "disponible": "DISPONIBLE" }, "geometry": { "type": "Point", "coordinates": [ -93.86417024, 18.18594142 ] } },
{ "type": "Feature", "properties": { "pozo": "SANCHEZ MAGALLANES-713", "campo": "MAGALLANES TUCAN PAJONAL", "entidad": "TABASCO", "ubicacin": "TERRESTRE", "clasificac": "DESARROLLO", "estado_act": "INACTIVO", "tipo_de_hi": "ACEITE", "fecha_inic": "29-ENE-1969", "fecha_fin_": "04-MAR-1969", "profundida": 2861.0, "profundi_1": 0.0, "trayectori": "VERTICAL", "disponible": "DISPONIBLE" }, "geometry": { "type": "Point", "coordinates": [ -93.8865184, 18.20743284 ] } },
{ "type": "Feature", "properties": { "pozo": "SANCHEZ MAGALLANES-732", "campo": "MAGALLANES TUCAN PAJONAL", "entidad": "TABASCO", "ubicacin": "TERRESTRE", "clasificac": "DESARROLLO", "estado_act": "CERRADO", "tipo_de_hi": null, "fecha_inic": "14-NOV-1968", "fecha_fin_": "05-DIC-1968", "profundida": 2400.0, "profundi_1": 0.0, "trayectori": "VERTICAL", "disponible": "DISPONIBLE" }, "geometry": { "type": "Point", "coordinates": [ -93.88976242, 18.20927514 ] } },
{ "type": "Feature", "properties": { "pozo": "SANCHEZ MAGALLANES-735", "campo": "MAGALLANES TUCAN PAJONAL", "entidad": "TABASCO", "ubicacin": "TERRESTRE", "clasificac": "DESARROLLO", "estado_act": "INACTIVO", "tipo_de_hi": "ACEITE", "fecha_inic": "10-MAY-1968", "fecha_fin_": "25-AGO-1968", "profundida": 3007.0, "profundi_1": 3007.0, "trayectori": "VERTICAL", "disponible": "DISPONIBLE" }, "geometry": { "type": "Point", "coordinates": [ -93.8799755, 18.21477809 ] } },
{ "type": "Feature", "properties": { "pozo": "SANCHEZ MAGALLANES-751", "campo": "MAGALLANES TUCAN PAJONAL", "entidad": "TABASCO", "ubicacin": "TERRESTRE", "clasificac": "DESARROLLO", "estado_act": "INACTIVO", "tipo_de_hi": "ACEITE", "fecha_inic": "21-MAR-1968", "fecha_fin_": "17-ABR-1968", "profundida": 2580.0, "profundi_1": 2508.0, "trayectori": "VERTICAL", "disponible": "DISPONIBLE" }, "geometry": { "type": "Point", "coordinates": [ -93.88977671, 18.21290845 ] } },
{ "type": "Feature", "properties": { "pozo": "SANCHEZ MAGALLANES-752", "campo": "MAGALLANES TUCAN PAJONAL", "entidad": "TABASCO", "ubicacin": "TERRESTRE", "clasificac": "DESARROLLO", "estado_act": "INACTIVO", "tipo_de_hi": "ACEITE", "fecha_inic": "27-SEP-1968", "fecha_fin_": "04-NOV-1968", "profundida": 2481.0, "profundi_1": 0.0, "trayectori": "VERTICAL", "disponible": "DISPONIBLE" }, "geometry": { "type": "Point", "coordinates": [ -93.89286601, 18.21095508 ] } },
{ "type": "Feature", "properties": { "pozo": "SANCHEZ MAGALLANES-753", "campo": "MAGALLANES TUCAN PAJONAL", "entidad": "TABASCO", "ubicacin": "TERRESTRE", "clasificac": "DESARROLLO", "estado_act": "INACTIVO", "tipo_de_hi": "ACEITE", "fecha_inic": "11-MAR-1967", "fecha_fin_": "11-MAY-1967", "profundida": 2746.0, "profundi_1": 0.0, "trayectori": "VERTICAL", "disponible": "DISPONIBLE" }, "geometry": { "type": "Point", "coordinates": [ -93.8865142, 18.21471282 ] } },
{ "type": "Feature", "properties": { "pozo": "SANCHEZ MAGALLANES-797", "campo": "MAGALLANES TUCAN PAJONAL", "entidad": "TABASCO", "ubicacin": "TERRESTRE", "clasificac": "DESARROLLO", "estado_act": "INACTIVO", "tipo_de_hi": "ACEITE", "fecha_inic": "22-JUN-1968", "fecha_fin_": "22-JUN-1968", "profundida": 2580.0, "profundi_1": 0.0, "trayectori": "VERTICAL", "disponible": "DISPONIBLE" }, "geometry": { "type": "Point", "coordinates": [ -93.88656455, 18.22191418 ] } },
{ "type": "Feature", "properties": { "pozo": "CINCO PRESIDENTES-77", "campo": "CINCO PRESIDENTES", "entidad": "TABASCO", "ubicacin": "TERRESTRE", "clasificac": "DESARROLLO", "estado_act": "INACTIVO", "tipo_de_hi": "ACEITE", "fecha_inic": "19-DIC-1963", "fecha_fin_": "20-ENE-1964", "profundida": 3225.0, "profundi_1": 0.0, "trayectori": "VERTICAL", "disponible": "DISPONIBLE" }, "geometry": { "type": "Point", "coordinates": [ -94.02082705, 18.2159485 ] } },
{ "type": "Feature", "properties": { "pozo": "CINCO PRESIDENTES-78", "campo": "CINCO PRESIDENTES", "entidad": "TABASCO", "ubicacin": "TERRESTRE", "clasificac": "DESARROLLO", "estado_act": "CERRADO", "tipo_de_hi": "ACEITE", "fecha_inic": "03-ABR-1963", "fecha_fin_": "26-ABR-1963", "profundida": 3200.0, "profundi_1": 0.0, "trayectori": "VERTICAL", "disponible": "DISPONIBLE" }, "geometry": { "type": "Point", "coordinates": [ -94.02403475, 18.21786086 ] } },
{ "type": "Feature", "properties": { "pozo": "CINCO PRESIDENTES-86", "campo": "CINCO PRESIDENTES", "entidad": "TABASCO", "ubicacin": "TERRESTRE", "clasificac": "DESARROLLO", "estado_act": "CERRADO", "tipo_de_hi": "ACEITE", "fecha_inic": "18-AGO-1963", "fecha_fin_": "11-SEP-1963", "profundida": 2276.0, "profundi_1": 0.0, "trayectori": "VERTICAL", "disponible": "DISPONIBLE" }, "geometry": { "type": "Point", "coordinates": [ -94.02506659, 18.18897122 ] } },
{ "type": "Feature", "properties": { "pozo": "CINCO PRESIDENTES-87", "campo": "CINCO PRESIDENTES", "entidad": "TABASCO", "ubicacin": "TERRESTRE", "clasificac": "DESARROLLO", "estado_act": "CERRADO", "tipo_de_hi": "ACEITE", "fecha_inic": "09-FEB-1963", "fecha_fin_": "15-FEB-1963", "profundida": 2043.0, "profundi_1": 0.0, "trayectori": "VERTICAL", "disponible": "DISPONIBLE" }, "geometry": { "type": "Point", "coordinates": [ -94.02190623, 18.186961 ] } },
{ "type": "Feature", "properties": { "pozo": "CINCO PRESIDENTES ORIENTE-1", "campo": "CINCO PRESIDENTES", "entidad": "TABASCO", "ubicacin": "TERRESTRE", "clasificac": "EXPLORATORIO", "estado_act": "CERRADO", "tipo_de_hi": null, "fecha_inic": "19-NOV-1965", "fecha_fin_": "29-DIC-1965", "profundida": 3445.0, "profundi_1": 3445.0, "trayectori": "VERTICAL", "disponible": "DISPONIBLE" }, "geometry": { "type": "Point", "coordinates": [ -93.98008682, 18.20510016 ] } },
{ "type": "Feature", "properties": { "pozo": "CINCO PRESIDENTES-114", "campo": "CINCO PRESIDENTES", "entidad": "TABASCO", "ubicacin": "TERRESTRE", "clasificac": "DESARROLLO", "estado_act": "CERRADO", "tipo_de_hi": "ACEITE", "fecha_inic": "30-JUL-1963", "fecha_fin_": "15-AGO-1963", "profundida": 2700.0, "profundi_1": 0.0, "trayectori": "VERTICAL", "disponible": "DISPONIBLE" }, "geometry": { "type": "Point", "coordinates": [ -93.99572679, 18.18611254 ] } },
{ "type": "Feature", "properties": { "pozo": "CINCO PRESIDENTES-117", "campo": "CINCO PRESIDENTES", "entidad": "TABASCO", "ubicacin": "TERRESTRE", "clasificac": "DESARROLLO", "estado_act": "CERRADO", "tipo_de_hi": "ACEITE", "fecha_inic": "11-MAY-1964", "fecha_fin_": "24-MAY-1964", "profundida": 2234.0, "profundi_1": 0.0, "trayectori": "VERTICAL", "disponible": "DISPONIBLE" }, "geometry": { "type": "Point", "coordinates": [ -94.00240212, 18.18271591 ] } },
{ "type": "Feature", "properties": { "pozo": "CINCO PRESIDENTES-124", "campo": "CINCO PRESIDENTES", "entidad": "TABASCO", "ubicacin": "TERRESTRE", "clasificac": "DESARROLLO", "estado_act": "CERRADO", "tipo_de_hi": "ACEITE", "fecha_inic": "11-SEP-1966", "fecha_fin_": "15-OCT-1966", "profundida": 3345.0, "profundi_1": 0.0, "trayectori": "VERTICAL", "disponible": "DISPONIBLE" }, "geometry": { "type": "Point", "coordinates": [ -94.02776451, 18.20531251 ] } },
{ "type": "Feature", "properties": { "pozo": "CINCO PRESIDENTES-125", "campo": "CINCO PRESIDENTES", "entidad": "TABASCO", "ubicacin": "TERRESTRE", "clasificac": "EXPLORATORIO", "estado_act": "INACTIVO", "tipo_de_hi": "ACEITE", "fecha_inic": "14-SEP-1963", "fecha_fin_": "17-OCT-1963", "profundida": 2724.0, "profundi_1": 2724.0, "trayectori": "VERTICAL", "disponible": "DISPONIBLE" }, "geometry": { "type": "Point", "coordinates": [ -93.9959803, 18.17888584 ] } },
{ "type": "Feature", "properties": { "pozo": "CINCO PRESIDENTES-126", "campo": "CINCO PRESIDENTES", "entidad": "TABASCO", "ubicacin": "TERRESTRE", "clasificac": "DESARROLLO", "estado_act": "CERRADO", "tipo_de_hi": "ACEITE", "fecha_inic": "06-DIC-1963", "fecha_fin_": "21-DIC-1963", "profundida": 2700.0, "profundi_1": 0.0, "trayectori": "VERTICAL", "disponible": "DISPONIBLE" }, "geometry": { "type": "Point", "coordinates": [ -93.99260491, 18.18067825 ] } },
{ "type": "Feature", "properties": { "pozo": "CINCO PRESIDENTES-127", "campo": "CINCO PRESIDENTES", "entidad": "TABASCO", "ubicacin": "TERRESTRE", "clasificac": "DESARROLLO", "estado_act": "CERRADO", "tipo_de_hi": "ACEITE", "fecha_inic": "18-ABR-1964", "fecha_fin_": "08-MAY-1964", "profundida": 2805.0, "profundi_1": 0.0, "trayectori": "VERTICAL", "disponible": "DISPONIBLE" }, "geometry": { "type": "Point", "coordinates": [ -93.99276247, 18.17697391 ] } },
{ "type": "Feature", "properties": { "pozo": "CINCO PRESIDENTES-129D", "campo": "CINCO PRESIDENTES", "entidad": "TABASCO", "ubicacin": "TERRESTRE", "clasificac": "DESARROLLO", "estado_act": "INACTIVO", "tipo_de_hi": "ACEITE", "fecha_inic": "29-MAR-1965", "fecha_fin_": "12-ABR-1965", "profundida": 2980.0, "profundi_1": 0.0, "trayectori": "VERTICAL", "disponible": "DISPONIBLE" }, "geometry": { "type": "Point", "coordinates": [ -93.99286098, 18.17354552 ] } },
{ "type": "Feature", "properties": { "pozo": "CINCO PRESIDENTES-133", "campo": "CINCO PRESIDENTES", "entidad": "TABASCO", "ubicacin": "TERRESTRE", "clasificac": "DESARROLLO", "estado_act": "CERRADO", "tipo_de_hi": "ACEITE", "fecha_inic": "14-NOV-1963", "fecha_fin_": "03-DIC-1963", "profundida": 2586.0, "profundi_1": 2586.0, "trayectori": "VERTICAL", "disponible": "DISPONIBLE" }, "geometry": { "type": "Point", "coordinates": [ -94.00278085, 18.17186999 ] } },
{ "type": "Feature", "properties": { "pozo": "CINCO PRESIDENTES-134", "campo": "CINCO PRESIDENTES", "entidad": "TABASCO", "ubicacin": "TERRESTRE", "clasificac": "DESARROLLO", "estado_act": "CERRADO", "tipo_de_hi": "ACEITE", "fecha_inic": "26-ABR-1965", "fecha_fin_": "12-MAY-1965", "profundida": 2435.0, "profundi_1": 0.0, "trayectori": "VERTICAL", "disponible": "DISPONIBLE" }, "geometry": { "type": "Point", "coordinates": [ -94.00273127, 18.17543911 ] } },
{ "type": "Feature", "properties": { "pozo": "CINCO PRESIDENTES-141", "campo": "CINCO PRESIDENTES", "entidad": "TABASCO", "ubicacin": "TERRESTRE", "clasificac": "DESARROLLO", "estado_act": "INACTIVO", "tipo_de_hi": "ACEITE", "fecha_inic": "07-ABR-1965", "fecha_fin_": "07-JUN-1965", "profundida": 3574.9, "profundi_1": 0.0, "trayectori": "VERTICAL", "disponible": "DISPONIBLE" }, "geometry": { "type": "Point", "coordinates": [ -94.01403632, 18.2228339 ] } },
{ "type": "Feature", "properties": { "pozo": "CINCO PRESIDENTES-142", "campo": "CINCO PRESIDENTES", "entidad": "TABASCO", "ubicacin": "TERRESTRE", "clasificac": "DESARROLLO", "estado_act": "INACTIVO", "tipo_de_hi": "ACEITE", "fecha_inic": "26-SEP-1967", "fecha_fin_": "11-NOV-1967", "profundida": 3526.0, "profundi_1": 0.0, "trayectori": "VERTICAL", "disponible": "DISPONIBLE" }, "geometry": { "type": "Point", "coordinates": [ -94.0106193, 18.22459886 ] } },
{ "type": "Feature", "properties": { "pozo": "CINCO PRESIDENTES-144", "campo": "CINCO PRESIDENTES", "entidad": "TABASCO", "ubicacin": "TERRESTRE", "clasificac": "DESARROLLO", "estado_act": "INACTIVO", "tipo_de_hi": "ACEITE", "fecha_inic": "30-MAY-1968", "fecha_fin_": "28-JUN-1968", "profundida": 3533.0, "profundi_1": 0.0, "trayectori": "VERTICAL", "disponible": "DISPONIBLE" }, "geometry": { "type": "Point", "coordinates": [ -94.02054254, 18.22317623 ] } },
{ "type": "Feature", "properties": { "pozo": "RODADOR-507", "campo": "RODADOR", "entidad": "TABASCO", "ubicacin": "TERRESTRE", "clasificac": "DESARROLLO", "estado_act": "INACTIVO", "tipo_de_hi": "ACEITE", "fecha_inic": "13-AGO-2003", "fecha_fin_": "20-SEP-2003", "profundida": 3343.0, "profundi_1": 3200.0, "trayectori": "DIRECCIONAL", "disponible": "DISPONIBLE" }, "geometry": { "type": "Point", "coordinates": [ -93.96369499, 18.21986223 ] } },
{ "type": "Feature", "properties": { "pozo": "RODADOR-509", "campo": "RODADOR", "entidad": "TABASCO", "ubicacin": "TERRESTRE", "clasificac": "DESARROLLO", "estado_act": "INACTIVO", "tipo_de_hi": "ACEITE", "fecha_inic": "16-OCT-2003", "fecha_fin_": "26-NOV-2003", "profundida": 3401.0, "profundi_1": 3200.0, "trayectori": "DIRECCIONAL", "disponible": "DISPONIBLE" }, "geometry": { "type": "Point", "coordinates": [ -93.97362195, 18.22195892 ] } },
{ "type": "Feature", "properties": { "pozo": "RODADOR-81", "campo": "RODADOR", "entidad": "TABASCO", "ubicacin": "TERRESTRE", "clasificac": "DESARROLLO", "estado_act": "INACTIVO", "tipo_de_hi": "ACEITE", "fecha_inic": "08-OCT-1977", "fecha_fin_": "28-NOV-1977", "profundida": 3543.0, "profundi_1": 3543.0, "trayectori": "VERTICAL", "disponible": "DISPONIBLE" }, "geometry": { "type": "Point", "coordinates": [ -93.98037765, 18.21481044 ] } },
{ "type": "Feature", "properties": { "pozo": "RODADOR-83", "campo": "RODADOR", "entidad": "TABASCO", "ubicacin": "TERRESTRE", "clasificac": "DESARROLLO", "estado_act": "INACTIVO", "tipo_de_hi": "ACEITE", "fecha_inic": "23-ENE-1977", "fecha_fin_": "11-MAR-1977", "profundida": 3525.0, "profundi_1": 3525.0, "trayectori": "VERTICAL", "disponible": "DISPONIBLE" }, "geometry": { "type": "Point", "coordinates": [ -93.97710822, 18.21662638 ] } },
{ "type": "Feature", "properties": { "pozo": "RODADOR-85", "campo": "RODADOR", "entidad": "TABASCO", "ubicacin": "TERRESTRE", "clasificac": "DESARROLLO", "estado_act": "INACTIVO", "tipo_de_hi": "ACEITE", "fecha_inic": "24-JUN-1977", "fecha_fin_": "21-AGO-1977", "profundida": 3535.0, "profundi_1": 3535.0, "trayectori": "VERTICAL", "disponible": "DISPONIBLE" }, "geometry": { "type": "Point", "coordinates": [ -93.97367861, 18.2183884 ] } },
{ "type": "Feature", "properties": { "pozo": "RODADOR-87", "campo": "RODADOR", "entidad": "TABASCO", "ubicacin": "TERRESTRE", "clasificac": "DESARROLLO", "estado_act": "INACTIVO", "tipo_de_hi": "ACEITE", "fecha_inic": "05-MAR-1978", "fecha_fin_": "25-ABR-1978", "profundida": 3565.0, "profundi_1": 0.0, "trayectori": "VERTICAL", "disponible": "DISPONIBLE" }, "geometry": { "type": "Point", "coordinates": [ -93.97061174, 18.22029693 ] } },
{ "type": "Feature", "properties": { "pozo": "SAN ALFONSO-1", "campo": "SAN ALFONSO", "entidad": "TABASCO", "ubicacin": "TERRESTRE", "clasificac": "EXPLORATORIO", "estado_act": "CERRADO", "tipo_de_hi": null, "fecha_inic": "17-MAY-1961", "fecha_fin_": "23-JUN-1961", "profundida": 3000.0, "profundi_1": 3000.0, "trayectori": "VERTICAL", "disponible": "DISPONIBLE" }, "geometry": { "type": "Point", "coordinates": [ -93.96224868, 18.23443908 ] } },
{ "type": "Feature", "properties": { "pozo": "SANCHEZ MAGALLANES-455", "campo": "MAGALLANES TUCAN PAJONAL", "entidad": "TABASCO", "ubicacin": "TERRESTRE", "clasificac": "DESARROLLO", "estado_act": "INACTIVO", "tipo_de_hi": "ACEITE", "fecha_inic": "22-MAR-1968", "fecha_fin_": "22-MAR-1968", "profundida": 2588.0, "profundi_1": 2588.0, "trayectori": "VERTICAL", "disponible": "DISPONIBLE" }, "geometry": { "type": "Point", "coordinates": [ -93.89618935, 18.11317979 ] } },
{ "type": "Feature", "properties": { "pozo": "SANCHEZ MAGALLANES-551", "campo": "MAGALLANES TUCAN PAJONAL", "entidad": "TABASCO", "ubicacin": "TERRESTRE", "clasificac": "EXPLORATORIO", "estado_act": "INACTIVO", "tipo_de_hi": "ACEITE", "fecha_inic": "22-JUL-1965", "fecha_fin_": "22-JUL-1965", "profundida": 2249.7, "profundi_1": 2249.7, "trayectori": "VERTICAL", "disponible": "DISPONIBLE" }, "geometry": { "type": "Point", "coordinates": [ -93.89299263, 18.19075684 ] } },
{ "type": "Feature", "properties": { "pozo": "CINCO PRESIDENTES-145", "campo": "CINCO PRESIDENTES", "entidad": "TABASCO", "ubicacin": "TERRESTRE", "clasificac": "DESARROLLO", "estado_act": "INACTIVO", "tipo_de_hi": "ACEITE", "fecha_inic": "23-SEP-1965", "fecha_fin_": "21-OCT-1965", "profundida": 3250.0, "profundi_1": 0.0, "trayectori": "VERTICAL", "disponible": "DISPONIBLE" }, "geometry": { "type": "Point", "coordinates": [ -94.01422697, 18.21924056 ] } },
{ "type": "Feature", "properties": { "pozo": "CINCO PRESIDENTES-149", "campo": "CINCO PRESIDENTES", "entidad": "TABASCO", "ubicacin": "TERRESTRE", "clasificac": "DESARROLLO", "estado_act": "INACTIVO", "tipo_de_hi": "ACEITE", "fecha_inic": "18-JUN-1964", "fecha_fin_": "15-JUL-1964", "profundida": 2775.0, "profundi_1": 0.0, "trayectori": "VERTICAL", "disponible": "DISPONIBLE" }, "geometry": { "type": "Point", "coordinates": [ -94.01131745, 18.20830812 ] } },
{ "type": "Feature", "properties": { "pozo": "CINCO PRESIDENTES-152D", "campo": "CINCO PRESIDENTES", "entidad": "TABASCO", "ubicacin": "TERRESTRE", "clasificac": "DESARROLLO", "estado_act": "INACTIVO", "tipo_de_hi": "ACEITE", "fecha_inic": "01-AGO-1964", "fecha_fin_": "27-AGO-1964", "profundida": 2630.0, "profundi_1": 2630.0, "trayectori": "VERTICAL", "disponible": "DISPONIBLE" }, "geometry": { "type": "Point", "coordinates": [ -94.00961242, 18.20749018 ] } },
{ "type": "Feature", "properties": { "pozo": "CINCO PRESIDENTES-154", "campo": "CINCO PRESIDENTES", "entidad": "TABASCO", "ubicacin": "TERRESTRE", "clasificac": "DESARROLLO", "estado_act": "CERRADO", "tipo_de_hi": null, "fecha_inic": "10-JUN-1964", "fecha_fin_": "02-JUL-1964", "profundida": 2650.0, "profundi_1": 0.0, "trayectori": "VERTICAL", "disponible": "NO DISPONIBLE. SIN DOCUMENTOS" }, "geometry": { "type": "Point", "coordinates": [ -94.00811396, 18.20643346 ] } },
{ "type": "Feature", "properties": { "pozo": "CINCO PRESIDENTES-154A", "campo": "CINCO PRESIDENTES", "entidad": "TABASCO", "ubicacin": "TERRESTRE", "clasificac": "DESARROLLO", "estado_act": "INACTIVO", "tipo_de_hi": "ACEITE", "fecha_inic": "09-DIC-1964", "fecha_fin_": "23-DIC-1964", "profundida": 2275.0, "profundi_1": 0.0, "trayectori": "VERTICAL", "disponible": "DISPONIBLE" }, "geometry": { "type": "Point", "coordinates": [ -94.00805321, 18.20644101 ] } },
{ "type": "Feature", "properties": { "pozo": "CINCO PRESIDENTES-15D", "campo": "CINCO PRESIDENTES", "entidad": "TABASCO", "ubicacin": "TERRESTRE", "clasificac": "DESARROLLO", "estado_act": "CERRADO", "tipo_de_hi": "ACEITE", "fecha_inic": "28-NOV-1963", "fecha_fin_": "24-DIC-1963", "profundida": 2105.0, "profundi_1": 0.0, "trayectori": "VERTICAL", "disponible": "DISPONIBLE" }, "geometry": { "type": "Point", "coordinates": [ -94.01159359, 18.19579357 ] } },
{ "type": "Feature", "properties": { "pozo": "CINCO PRESIDENTES-160", "campo": "CINCO PRESIDENTES", "entidad": "TABASCO", "ubicacin": "TERRESTRE", "clasificac": "DESARROLLO", "estado_act": "INACTIVO", "tipo_de_hi": "ACEITE", "fecha_inic": "03-JUL-1964", "fecha_fin_": "16-JUL-1964", "profundida": 2370.0, "profundi_1": 0.0, "trayectori": "VERTICAL", "disponible": "DISPONIBLE" }, "geometry": { "type": "Point", "coordinates": [ -94.01301371, 18.20381033 ] } },
{ "type": "Feature", "properties": { "pozo": "CINCO PRESIDENTES-167", "campo": "CINCO PRESIDENTES", "entidad": "TABASCO", "ubicacin": "TERRESTRE", "clasificac": "DESARROLLO", "estado_act": "INACTIVO", "tipo_de_hi": "ACEITE", "fecha_inic": "18-NOV-1964", "fecha_fin_": "10-DIC-1964", "profundida": 2550.0, "profundi_1": 0.0, "trayectori": "VERTICAL", "disponible": "DISPONIBLE" }, "geometry": { "type": "Point", "coordinates": [ -94.0065311, 18.20364923 ] } },
{ "type": "Feature", "properties": { "pozo": "CINCO PRESIDENTES-168D", "campo": "CINCO PRESIDENTES", "entidad": "TABASCO", "ubicacin": "TERRESTRE", "clasificac": "DESARROLLO", "estado_act": "INACTIVO", "tipo_de_hi": "ACEITE", "fecha_inic": "03-NOV-1964", "fecha_fin_": "18-NOV-1964", "profundida": 2225.0, "profundi_1": 0.0, "trayectori": "VERTICAL", "disponible": "DISPONIBLE" }, "geometry": { "type": "Point", "coordinates": [ -94.00649744, 18.2055599 ] } },
{ "type": "Feature", "properties": { "pozo": "RODADOR-41", "campo": "RODADOR", "entidad": "TABASCO", "ubicacin": "TERRESTRE", "clasificac": "DESARROLLO", "estado_act": "INACTIVO", "tipo_de_hi": "ACEITE", "fecha_inic": "15-SEP-1974", "fecha_fin_": "06-NOV-1974", "profundida": 3600.0, "profundi_1": 3600.0, "trayectori": "VERTICAL", "disponible": "DISPONIBLE" }, "geometry": { "type": "Point", "coordinates": [ -93.98040206, 18.22204203 ] } },
{ "type": "Feature", "properties": { "pozo": "CINCO PRESIDENTES-169", "campo": "CINCO PRESIDENTES", "entidad": "TABASCO", "ubicacin": "TERRESTRE", "clasificac": "DESARROLLO", "estado_act": "CERRADO", "tipo_de_hi": "ACEITE", "fecha_inic": "09-SEP-1964", "fecha_fin_": "15-OCT-1964", "profundida": 2805.8, "profundi_1": 0.0, "trayectori": "VERTICAL", "disponible": "DISPONIBLE" }, "geometry": { "type": "Point", "coordinates": [ -94.00647923, 18.20727981 ] } },
{ "type": "Feature", "properties": { "pozo": "CINCO PRESIDENTES-176", "campo": "CINCO PRESIDENTES", "entidad": "TABASCO", "ubicacin": "TERRESTRE", "clasificac": "DESARROLLO", "estado_act": "INACTIVO", "tipo_de_hi": "ACEITE", "fecha_inic": "29-SEP-1964", "fecha_fin_": "24-OCT-1964", "profundida": 2565.0, "profundi_1": 0.0, "trayectori": "VERTICAL", "disponible": "DISPONIBLE" }, "geometry": { "type": "Point", "coordinates": [ -94.01451214, 18.21021981 ] } },
{ "type": "Feature", "properties": { "pozo": "CINCO PRESIDENTES-182", "campo": "CINCO PRESIDENTES", "entidad": "TABASCO", "ubicacin": "TERRESTRE", "clasificac": "DESARROLLO", "estado_act": "INACTIVO", "tipo_de_hi": "ACEITE", "fecha_inic": "14-AGO-1964", "fecha_fin_": "02-SEP-1964", "profundida": 2350.0, "profundi_1": 0.0, "trayectori": "VERTICAL", "disponible": "DISPONIBLE" }, "geometry": { "type": "Point", "coordinates": [ -94.0065731, 18.20179093 ] } },
{ "type": "Feature", "properties": { "pozo": "CINCO PRESIDENTES-183", "campo": "CINCO PRESIDENTES", "entidad": "TABASCO", "ubicacin": "TERRESTRE", "clasificac": "DESARROLLO", "estado_act": "INACTIVO", "tipo_de_hi": "ACEITE", "fecha_inic": "12-NOV-1964", "fecha_fin_": "02-DIC-1964", "profundida": 2450.0, "profundi_1": 0.0, "trayectori": "VERTICAL", "disponible": "DISPONIBLE" }, "geometry": { "type": "Point", "coordinates": [ -94.00492511, 18.204443 ] } },
{ "type": "Feature", "properties": { "pozo": "CINCO PRESIDENTES-184", "campo": "CINCO PRESIDENTES", "entidad": "TABASCO", "ubicacin": "TERRESTRE", "clasificac": "DESARROLLO", "estado_act": "INACTIVO", "tipo_de_hi": "ACEITE", "fecha_inic": "26-OCT-1964", "fecha_fin_": "15-NOV-1964", "profundida": 2500.0, "profundi_1": 0.0, "trayectori": "VERTICAL", "disponible": "DISPONIBLE" }, "geometry": { "type": "Point", "coordinates": [ -94.00336158, 18.20163875 ] } },
{ "type": "Feature", "properties": { "pozo": "CINCO PRESIDENTES-185", "campo": "CINCO PRESIDENTES", "entidad": "TABASCO", "ubicacin": "TERRESTRE", "clasificac": "DESARROLLO", "estado_act": "INACTIVO", "tipo_de_hi": "ACEITE", "fecha_inic": "01-NOV-1964", "fecha_fin_": "17-NOV-1964", "profundida": 2280.0, "profundi_1": 0.0, "trayectori": "VERTICAL", "disponible": "DISPONIBLE" }, "geometry": { "type": "Point", "coordinates": [ -94.00536187, 18.20091253 ] } },
{ "type": "Feature", "properties": { "pozo": "CINCO PRESIDENTES-193", "campo": "CINCO PRESIDENTES", "entidad": "TABASCO", "ubicacin": "TERRESTRE", "clasificac": "DESARROLLO", "estado_act": "INACTIVO", "tipo_de_hi": "ACEITE", "fecha_inic": "29-NOV-1964", "fecha_fin_": "13-DIC-1964", "profundida": 2250.0, "profundi_1": 0.0, "trayectori": "VERTICAL", "disponible": "DISPONIBLE" }, "geometry": { "type": "Point", "coordinates": [ -94.0068358, 18.19637799 ] } },
{ "type": "Feature", "properties": { "pozo": "CINCO PRESIDENTES-197", "campo": "CINCO PRESIDENTES", "entidad": "TABASCO", "ubicacin": "TERRESTRE", "clasificac": "DESARROLLO", "estado_act": "INACTIVO", "tipo_de_hi": "ACEITE", "fecha_inic": "26-NOV-1966", "fecha_fin_": "05-FEB-1967", "profundida": 3044.0, "profundi_1": 0.0, "trayectori": "VERTICAL", "disponible": "DISPONIBLE" }, "geometry": { "type": "Point", "coordinates": [ -93.99302415, 18.16974806 ] } },
{ "type": "Feature", "properties": { "pozo": "CINCO PRESIDENTES-202", "campo": "CINCO PRESIDENTES", "entidad": "TABASCO", "ubicacin": "TERRESTRE", "clasificac": "DESARROLLO", "estado_act": "CERRADO", "tipo_de_hi": "ACEITE", "fecha_inic": "16-NOV-1967", "fecha_fin_": "03-ENE-1968", "profundida": 3706.0, "profundi_1": 0.0, "trayectori": "VERTICAL", "disponible": "DISPONIBLE" }, "geometry": { "type": "Point", "coordinates": [ -94.01705711, 18.23203685 ] } },
{ "type": "Feature", "properties": { "pozo": "CINCO PRESIDENTES-204", "campo": "CINCO PRESIDENTES", "entidad": "TABASCO", "ubicacin": "TERRESTRE", "clasificac": "DESARROLLO", "estado_act": "INACTIVO", "tipo_de_hi": "ACEITE", "fecha_inic": "21-NOV-1967", "fecha_fin_": "10-ENE-1968", "profundida": 3736.0, "profundi_1": 0.0, "trayectori": "VERTICAL", "disponible": "DISPONIBLE" }, "geometry": { "type": "Point", "coordinates": [ -94.02043496, 18.23059732 ] } },
{ "type": "Feature", "properties": { "pozo": "CINCO PRESIDENTES-205", "campo": "CINCO PRESIDENTES", "entidad": "TABASCO", "ubicacin": "TERRESTRE", "clasificac": "DESARROLLO", "estado_act": "CERRADO", "tipo_de_hi": "ACEITE", "fecha_inic": "27-FEB-1968", "fecha_fin_": "19-MAR-1968", "profundida": 2740.0, "profundi_1": 0.0, "trayectori": "VERTICAL", "disponible": "DISPONIBLE" }, "geometry": { "type": "Point", "coordinates": [ -94.00274917, 18.16835823 ] } },
{ "type": "Feature", "properties": { "pozo": "CINCO PRESIDENTES-207", "campo": "CINCO PRESIDENTES", "entidad": "TABASCO", "ubicacin": "TERRESTRE", "clasificac": "DESARROLLO", "estado_act": "CERRADO", "tipo_de_hi": "ACEITE", "fecha_inic": "02-ABR-1968", "fecha_fin_": "03-MAY-1968", "profundida": 3147.0, "profundi_1": 0.0, "trayectori": "VERTICAL", "disponible": "DISPONIBLE" }, "geometry": { "type": "Point", "coordinates": [ -93.99650131, 18.16443415 ] } },
{ "type": "Feature", "properties": { "pozo": "CINCO PRESIDENTES-214", "campo": "CINCO PRESIDENTES", "entidad": "TABASCO", "ubicacin": "TERRESTRE", "clasificac": "DESARROLLO", "estado_act": "INACTIVO", "tipo_de_hi": "ACEITE", "fecha_inic": "04-AGO-1968", "fecha_fin_": "31-AGO-1968", "profundida": 2632.0, "profundi_1": 0.0, "trayectori": "VERTICAL", "disponible": "DISPONIBLE" }, "geometry": { "type": "Point", "coordinates": [ -94.0015718, 18.19745567 ] } },
{ "type": "Feature", "properties": { "pozo": "CINCO PRESIDENTES-222", "campo": "CINCO PRESIDENTES", "entidad": "TABASCO", "ubicacin": "TERRESTRE", "clasificac": "DESARROLLO", "estado_act": "CERRADO", "tipo_de_hi": "ACEITE", "fecha_inic": "23-OCT-1969", "fecha_fin_": "03-DIC-1969", "profundida": 3736.0, "profundi_1": 3736.0, "trayectori": "VERTICAL", "disponible": "DISPONIBLE" }, "geometry": { "type": "Point", "coordinates": [ -94.0240416, 18.22142603 ] } },
{ "type": "Feature", "properties": { "pozo": "CINCO PRESIDENTES-225", "campo": "CINCO PRESIDENTES", "entidad": "TABASCO", "ubicacin": "TERRESTRE", "clasificac": "DESARROLLO", "estado_act": "INACTIVO", "tipo_de_hi": "ACEITE", "fecha_inic": "20-SEP-1973", "fecha_fin_": "11-OCT-1973", "profundida": 2356.0, "profundi_1": 0.0, "trayectori": "VERTICAL", "disponible": "DISPONIBLE" }, "geometry": { "type": "Point", "coordinates": [ -94.0220451, 18.17997712 ] } },
{ "type": "Feature", "properties": { "pozo": "CINCO PRESIDENTES-226", "campo": "CINCO PRESIDENTES", "entidad": "TABASCO", "ubicacin": "TERRESTRE", "clasificac": "DESARROLLO", "estado_act": "CERRADO", "tipo_de_hi": "ACEITE", "fecha_inic": "25-MAY-1980", "fecha_fin_": "12-JUL-1980", "profundida": 4200.0, "profundi_1": 0.0, "trayectori": "VERTICAL", "disponible": "DISPONIBLE" }, "geometry": { "type": "Point", "coordinates": [ -94.02331553, 18.23594017 ] } },
{ "type": "Feature", "properties": { "pozo": "CINCO PRESIDENTES-35", "campo": "CINCO PRESIDENTES", "entidad": "TABASCO", "ubicacin": "TERRESTRE", "clasificac": "DESARROLLO", "estado_act": "INACTIVO", "tipo_de_hi": "ACEITE", "fecha_inic": "16-DIC-1961", "fecha_fin_": "08-ENE-1962", "profundida": 2560.0, "profundi_1": 0.0, "trayectori": "VERTICAL", "disponible": "DISPONIBLE" }, "geometry": { "type": "Point", "coordinates": [ -94.00486852, 18.20267107 ] } },
{ "type": "Feature", "properties": { "pozo": "RODADOR-20", "campo": "RODADOR", "entidad": "TABASCO", "ubicacin": "TERRESTRE", "clasificac": "DESARROLLO", "estado_act": "CERRADO", "tipo_de_hi": "ACEITE", "fecha_inic": "07-FEB-1973", "fecha_fin_": "21-ABR-1973", "profundida": 3797.0, "profundi_1": 3797.0, "trayectori": "VERTICAL", "disponible": "DISPONIBLE" }, "geometry": { "type": "Point", "coordinates": [ -93.96750641, 18.22537059 ] } },
{ "type": "Feature", "properties": { "pozo": "RODADOR-3", "campo": "RODADOR", "entidad": "TABASCO", "ubicacin": "TERRESTRE", "clasificac": "DESARROLLO", "estado_act": "INACTIVO", "tipo_de_hi": "ACEITE", "fecha_inic": "17-FEB-1975", "fecha_fin_": "23-ABR-1975", "profundida": 3640.0, "profundi_1": 0.0, "trayectori": "VERTICAL", "disponible": "DISPONIBLE" }, "geometry": { "type": "Point", "coordinates": [ -93.97730477, 18.22798483 ] } },
{ "type": "Feature", "properties": { "pozo": "RODADOR-31", "campo": "RODADOR", "entidad": "TABASCO", "ubicacin": "TERRESTRE", "clasificac": "DESARROLLO", "estado_act": "CERRADO", "tipo_de_hi": "ACEITE", "fecha_inic": "22-ENE-1976", "fecha_fin_": "10-MAR-1976", "profundida": 3567.0, "profundi_1": 3567.0, "trayectori": "VERTICAL", "disponible": "DISPONIBLE" }, "geometry": { "type": "Point", "coordinates": [ -93.98043233, 18.23647836 ] } },
{ "type": "Feature", "properties": { "pozo": "RODADOR-5", "campo": "RODADOR", "entidad": "TABASCO", "ubicacin": "TERRESTRE", "clasificac": "DESARROLLO", "estado_act": "INACTIVO", "tipo_de_hi": "ACEITE", "fecha_inic": "25-DIC-1973", "fecha_fin_": "14-MAR-1974", "profundida": 3546.0, "profundi_1": 3267.0, "trayectori": "VERTICAL", "disponible": "DISPONIBLE" }, "geometry": { "type": "Point", "coordinates": [ -93.9838138, 18.22719556 ] } },
{ "type": "Feature", "properties": { "pozo": "RODADOR-195", "campo": "RODADOR", "entidad": "TABASCO", "ubicacin": "TERRESTRE", "clasificac": "DESARROLLO", "estado_act": "INACTIVO", "tipo_de_hi": "ACEITE", "fecha_inic": "17-DIC-1977", "fecha_fin_": "17-FEB-1978", "profundida": 3539.0, "profundi_1": 3539.0, "trayectori": "VERTICAL", "disponible": "DISPONIBLE" }, "geometry": { "type": "Point", "coordinates": [ -93.97384562, 18.21483558 ] } },
{ "type": "Feature", "properties": { "pozo": "RODADOR-2", "campo": "RODADOR", "entidad": "TABASCO", "ubicacin": "TERRESTRE", "clasificac": "DESARROLLO", "estado_act": "CERRADO", "tipo_de_hi": "ACEITE", "fecha_inic": "20-JUN-1974", "fecha_fin_": "28-AGO-1974", "profundida": 3700.0, "profundi_1": 3700.0, "trayectori": "VERTICAL", "disponible": "DISPONIBLE" }, "geometry": { "type": "Point", "coordinates": [ -93.97680675, 18.23077975 ] } },
{ "type": "Feature", "properties": { "pozo": "RODADOR-22", "campo": "RODADOR", "entidad": "TABASCO", "ubicacin": "TERRESTRE", "clasificac": "DESARROLLO", "estado_act": "INACTIVO", "tipo_de_hi": "ACEITE", "fecha_inic": "22-NOV-1974", "fecha_fin_": "07-ENE-1975", "profundida": 3540.0, "profundi_1": 3540.0, "trayectori": "VERTICAL", "disponible": "DISPONIBLE" }, "geometry": { "type": "Point", "coordinates": [ -93.98380294, 18.22368234 ] } },
{ "type": "Feature", "properties": { "pozo": "RODADOR-25", "campo": "RODADOR", "entidad": "TABASCO", "ubicacin": "TERRESTRE", "clasificac": "DESARROLLO", "estado_act": "INACTIVO", "tipo_de_hi": "ACEITE", "fecha_inic": "05-JUN-1976", "fecha_fin_": "04-AGO-1976", "profundida": 3605.0, "profundi_1": 3605.0, "trayectori": "VERTICAL", "disponible": "DISPONIBLE" }, "geometry": { "type": "Point", "coordinates": [ -93.97387424, 18.22928091 ] } },
{ "type": "Feature", "properties": { "pozo": "RODADOR-32", "campo": "RODADOR", "entidad": "TABASCO", "ubicacin": "TERRESTRE", "clasificac": "DESARROLLO", "estado_act": "INACTIVO", "tipo_de_hi": "ACEITE", "fecha_inic": "18-JUN-1975", "fecha_fin_": "17-AGO-1975", "profundida": 3631.0, "profundi_1": 0.0, "trayectori": "VERTICAL", "disponible": "DISPONIBLE" }, "geometry": { "type": "Point", "coordinates": [ -93.98396334, 18.23450042 ] } },
{ "type": "Feature", "properties": { "pozo": "RODADOR-34", "campo": "RODADOR", "entidad": "TABASCO", "ubicacin": "TERRESTRE", "clasificac": "DESARROLLO", "estado_act": "INACTIVO", "tipo_de_hi": "ACEITE", "fecha_inic": "10-SEP-1975", "fecha_fin_": "09-NOV-1975", "profundida": 3615.0, "profundi_1": 3615.0, "trayectori": "VERTICAL", "disponible": "DISPONIBLE" }, "geometry": { "type": "Point", "coordinates": [ -93.98673286, 18.23264256 ] } },
{ "type": "Feature", "properties": { "pozo": "RODADOR-36", "campo": "RODADOR", "entidad": "TABASCO", "ubicacin": "TERRESTRE", "clasificac": "DESARROLLO", "estado_act": "INACTIVO", "tipo_de_hi": "ACEITE", "fecha_inic": "30-AGO-1981", "fecha_fin_": "04-MAR-1982", "profundida": 3555.0, "profundi_1": 3503.0, "trayectori": "VERTICAL", "disponible": "DISPONIBLE" }, "geometry": { "type": "Point", "coordinates": [ -93.99000587, 18.23094355 ] } },
{ "type": "Feature", "properties": { "pozo": "RODADOR-40", "campo": "RODADOR", "entidad": "TABASCO", "ubicacin": "TERRESTRE", "clasificac": "DESARROLLO", "estado_act": "INACTIVO", "tipo_de_hi": "ACEITE", "fecha_inic": "21-ENE-1975", "fecha_fin_": "22-MAR-1975", "profundida": 3645.0, "profundi_1": 3645.0, "trayectori": "VERTICAL", "disponible": "DISPONIBLE" }, "geometry": { "type": "Point", "coordinates": [ -93.9869235, 18.22557906 ] } },
{ "type": "Feature", "properties": { "pozo": "RODADOR-42", "campo": "RODADOR", "entidad": "TABASCO", "ubicacin": "TERRESTRE", "clasificac": "DESARROLLO", "estado_act": "INACTIVO", "tipo_de_hi": "ACEITE", "fecha_inic": "07-OCT-1982", "fecha_fin_": "12-DIC-1982", "profundida": 3695.0, "profundi_1": 3695.0, "trayectori": "VERTICAL", "disponible": "DISPONIBLE" }, "geometry": { "type": "Point", "coordinates": [ -93.98351302, 18.22010276 ] } },
{ "type": "Feature", "properties": { "pozo": "RODADOR-43", "campo": "RODADOR", "entidad": "TABASCO", "ubicacin": "TERRESTRE", "clasificac": "DESARROLLO", "estado_act": "INACTIVO", "tipo_de_hi": "ACEITE", "fecha_inic": "20-AGO-1975", "fecha_fin_": "22-OCT-1975", "profundida": 3638.0, "profundi_1": 3638.0, "trayectori": "VERTICAL", "disponible": "DISPONIBLE" }, "geometry": { "type": "Point", "coordinates": [ -93.977127, 18.22385584 ] } },
{ "type": "Feature", "properties": { "pozo": "RODADOR-13", "campo": "RODADOR", "entidad": "TABASCO", "ubicacin": "TERRESTRE", "clasificac": "DESARROLLO", "estado_act": "INACTIVO", "tipo_de_hi": "ACEITE", "fecha_inic": "07-DIC-1975", "fecha_fin_": "13-FEB-1976", "profundida": 3700.0, "profundi_1": 3700.0, "trayectori": "VERTICAL", "disponible": "DISPONIBLE" }, "geometry": { "type": "Point", "coordinates": [ -93.97763826, 18.23408319 ] } },
{ "type": "Feature", "properties": { "pozo": "RODADOR-14", "campo": "RODADOR", "entidad": "TABASCO", "ubicacin": "TERRESTRE", "clasificac": "DESARROLLO", "estado_act": "INACTIVO", "tipo_de_hi": "ACEITE", "fecha_inic": "08-ABR-1975", "fecha_fin_": "02-JUN-1975", "profundida": 3540.0, "profundi_1": 3540.0, "trayectori": "VERTICAL", "disponible": "DISPONIBLE" }, "geometry": { "type": "Point", "coordinates": [ -93.98669469, 18.22912722 ] } },
{ "type": "Feature", "properties": { "pozo": "RODADOR-157", "campo": "RODADOR", "entidad": "TABASCO", "ubicacin": "TERRESTRE", "clasificac": "DESARROLLO", "estado_act": "CERRADO", "tipo_de_hi": "ACEITE", "fecha_inic": "30-JUN-1979", "fecha_fin_": "11-AGO-1979", "profundida": 3383.0, "profundi_1": 3383.0, "trayectori": "VERTICAL", "disponible": "DISPONIBLE" }, "geometry": { "type": "Point", "coordinates": [ -93.97035961, 18.20943903 ] } },
{ "type": "Feature", "properties": { "pozo": "RODADOR-159", "campo": "RODADOR", "entidad": "TABASCO", "ubicacin": "TERRESTRE", "clasificac": "DESARROLLO", "estado_act": "CERRADO", "tipo_de_hi": "ACEITE", "fecha_inic": "24-JUN-1982", "fecha_fin_": "13-SEP-1982", "profundida": 3500.0, "profundi_1": 3456.0, "trayectori": "VERTICAL", "disponible": "DISPONIBLE" }, "geometry": { "type": "Point", "coordinates": [ -93.96713227, 18.21113854 ] } },
{ "type": "Feature", "properties": { "pozo": "RODADOR-173", "campo": "RODADOR", "entidad": "TABASCO", "ubicacin": "TERRESTRE", "clasificac": "DESARROLLO", "estado_act": "INACTIVO", "tipo_de_hi": "ACEITE", "fecha_inic": "19-OCT-1978", "fecha_fin_": "15-DIC-1978", "profundida": 3459.0, "profundi_1": 3459.0, "trayectori": "VERTICAL", "disponible": "DISPONIBLE" }, "geometry": { "type": "Point", "coordinates": [ -93.97681442, 18.20926953 ] } },
{ "type": "Feature", "properties": { "pozo": "CINCO PRESIDENTES-96T", "campo": "CINCO PRESIDENTES", "entidad": "TABASCO", "ubicacin": "TERRESTRE", "clasificac": "DESARROLLO", "estado_act": "INACTIVO", "tipo_de_hi": "ACEITE", "fecha_inic": "12-SEP-1964", "fecha_fin_": "03-OCT-1964", "profundida": 2625.0, "profundi_1": 2625.0, "trayectori": "VERTICAL", "disponible": "DISPONIBLE" }, "geometry": { "type": "Point", "coordinates": [ -94.02430735, 18.21054642 ] } },
{ "type": "Feature", "properties": { "pozo": "CINCO PRESIDENTES-97", "campo": "CINCO PRESIDENTES", "entidad": "TABASCO", "ubicacin": "TERRESTRE", "clasificac": "DESARROLLO", "estado_act": "CERRADO", "tipo_de_hi": "ACEITE", "fecha_inic": "05-SEP-1963", "fecha_fin_": "26-SEP-1964", "profundida": 3287.1, "profundi_1": 3287.1, "trayectori": "VERTICAL", "disponible": "DISPONIBLE" }, "geometry": { "type": "Point", "coordinates": [ -94.02750087, 18.21255098 ] } },
{ "type": "Feature", "properties": { "pozo": "CINCO PRESIDENTES-98", "campo": "CINCO PRESIDENTES", "entidad": "TABASCO", "ubicacin": "TERRESTRE", "clasificac": "DESARROLLO", "estado_act": "CERRADO", "tipo_de_hi": "ACEITE", "fecha_inic": "01-ABR-1964", "fecha_fin_": "29-ABR-1964", "profundida": 3421.0, "profundi_1": 0.0, "trayectori": "VERTICAL", "disponible": "DISPONIBLE" }, "geometry": { "type": "Point", "coordinates": [ -94.02738491, 18.21615839 ] } },
{ "type": "Feature", "properties": { "pozo": "CINCO PRESIDENTES-83", "campo": "CINCO PRESIDENTES", "entidad": "TABASCO", "ubicacin": "TERRESTRE", "clasificac": "DESARROLLO", "estado_act": "CERRADO", "tipo_de_hi": "ACEITE", "fecha_inic": "07-JUN-1964", "fecha_fin_": "29-JUN-1964", "profundida": 3340.0, "profundi_1": 0.0, "trayectori": "VERTICAL", "disponible": "DISPONIBLE" }, "geometry": { "type": "Point", "coordinates": [ -93.99811929, 18.20978254 ] } },
{ "type": "Feature", "properties": { "pozo": "CINCO PRESIDENTES-89", "campo": "CINCO PRESIDENTES", "entidad": "TABASCO", "ubicacin": "TERRESTRE", "clasificac": "DESARROLLO", "estado_act": "INACTIVO", "tipo_de_hi": "ACEITE", "fecha_inic": "30-ABR-1963", "fecha_fin_": "17-MAY-1963", "profundida": 2360.0, "profundi_1": 0.0, "trayectori": "VERTICAL", "disponible": "DISPONIBLE" }, "geometry": { "type": "Point", "coordinates": [ -94.02537711, 18.18164392 ] } },
{ "type": "Feature", "properties": { "pozo": "CINCO PRESIDENTES-8T", "campo": "CINCO PRESIDENTES", "entidad": "TABASCO", "ubicacin": "TERRESTRE", "clasificac": "DESARROLLO", "estado_act": "INACTIVO", "tipo_de_hi": "ACEITE", "fecha_inic": "21-FEB-1961", "fecha_fin_": "21-MAR-1961", "profundida": 2325.0, "profundi_1": 0.0, "trayectori": "VERTICAL", "disponible": "DISPONIBLE" }, "geometry": { "type": "Point", "coordinates": [ -94.01879077, 18.20324835 ] } },
{ "type": "Feature", "properties": { "pozo": "CINCO PRESIDENTES-56", "campo": "CINCO PRESIDENTES", "entidad": "TABASCO", "ubicacin": "TERRESTRE", "clasificac": "DESARROLLO", "estado_act": "INACTIVO", "tipo_de_hi": "ACEITE", "fecha_inic": "12-ABR-1962", "fecha_fin_": "09-JUL-1962", "profundida": 3901.1, "profundi_1": 0.0, "trayectori": "VERTICAL", "disponible": "DISPONIBLE" }, "geometry": { "type": "Point", "coordinates": [ -93.99832191, 18.20604183 ] } },
{ "type": "Feature", "properties": { "pozo": "CINCO PRESIDENTES-91", "campo": "CINCO PRESIDENTES", "entidad": "TABASCO", "ubicacin": "TERRESTRE", "clasificac": "DESARROLLO", "estado_act": "CERRADO", "tipo_de_hi": "ACEITE", "fecha_inic": "24-ABR-1963", "fecha_fin_": "08-MAY-1963", "profundida": 2400.0, "profundi_1": 0.0, "trayectori": "VERTICAL", "disponible": "DISPONIBLE" }, "geometry": { "type": "Point", "coordinates": [ -94.02839183, 18.18725624 ] } },
{ "type": "Feature", "properties": { "pozo": "CINCO PRESIDENTES-93", "campo": "CINCO PRESIDENTES", "entidad": "TABASCO", "ubicacin": "TERRESTRE", "clasificac": "DESARROLLO", "estado_act": "CERRADO", "tipo_de_hi": "ACEITE", "fecha_inic": "06-JUL-1968", "fecha_fin_": "14-AGO-1968", "profundida": 4000.0, "profundi_1": 0.0, "trayectori": "VERTICAL", "disponible": "DISPONIBLE" }, "geometry": { "type": "Point", "coordinates": [ -94.00101806, 18.21884003 ] } },
{ "type": "Feature", "properties": { "pozo": "CINCO PRESIDENTES-95", "campo": "CINCO PRESIDENTES", "entidad": "TABASCO", "ubicacin": "TERRESTRE", "clasificac": "DESARROLLO", "estado_act": "CERRADO", "tipo_de_hi": "ACEITE", "fecha_inic": "27-JUL-1967", "fecha_fin_": "12-SEP-1967", "profundida": 3431.0, "profundi_1": 0.0, "trayectori": "VERTICAL", "disponible": "DISPONIBLE" }, "geometry": { "type": "Point", "coordinates": [ -94.00760957, 18.21900975 ] } },
{ "type": "Feature", "properties": { "pozo": "CINCO PRESIDENTES-74D", "campo": "CINCO PRESIDENTES", "entidad": "TABASCO", "ubicacin": "TERRESTRE", "clasificac": "DESARROLLO", "estado_act": "INACTIVO", "tipo_de_hi": "ACEITE", "fecha_inic": "05-ENE-1964", "fecha_fin_": "25-ENE-1964", "profundida": 2682.0, "profundi_1": 0.0, "trayectori": "VERTICAL", "disponible": "DISPONIBLE" }, "geometry": { "type": "Point", "coordinates": [ -94.01486608, 18.21227574 ] } },
{ "type": "Feature", "properties": { "pozo": "CINCO PRESIDENTES-75T", "campo": "CINCO PRESIDENTES", "entidad": "TABASCO", "ubicacin": "TERRESTRE", "clasificac": "DESARROLLO", "estado_act": "INACTIVO", "tipo_de_hi": "ACEITE", "fecha_inic": "25-FEB-1963", "fecha_fin_": "15-MAR-1963", "profundida": 2515.0, "profundi_1": 0.0, "trayectori": "VERTICAL", "disponible": "DISPONIBLE" }, "geometry": { "type": "Point", "coordinates": [ -94.01812165, 18.21774413 ] } },
{ "type": "Feature", "properties": { "pozo": "CINCO PRESIDENTES-80D", "campo": "CINCO PRESIDENTES", "entidad": "TABASCO", "ubicacin": "TERRESTRE", "clasificac": "DESARROLLO", "estado_act": "INACTIVO", "tipo_de_hi": "ACEITE", "fecha_inic": "07-SEP-1963", "fecha_fin_": "28-SEP-1963", "profundida": 2860.0, "profundi_1": 2860.0, "trayectori": "VERTICAL", "disponible": "DISPONIBLE" }, "geometry": { "type": "Point", "coordinates": [ -94.01736556, 18.22122299 ] } },
{ "type": "Feature", "properties": { "pozo": "CINCO PRESIDENTES-68C", "campo": "CINCO PRESIDENTES", "entidad": "TABASCO", "ubicacin": "TERRESTRE", "clasificac": "DESARROLLO", "estado_act": "INACTIVO", "tipo_de_hi": "ACEITE", "fecha_inic": "17-JUL-1964", "fecha_fin_": "09-AGO-1964", "profundida": 3150.0, "profundi_1": 0.0, "trayectori": "VERTICAL", "disponible": "DISPONIBLE" }, "geometry": { "type": "Point", "coordinates": [ -94.00791451, 18.211903 ] } },
{ "type": "Feature", "properties": { "pozo": "CINCO PRESIDENTES-73T", "campo": "CINCO PRESIDENTES", "entidad": "TABASCO", "ubicacin": "TERRESTRE", "clasificac": "DESARROLLO", "estado_act": "INACTIVO", "tipo_de_hi": "ACEITE", "fecha_inic": "15-JUL-1964", "fecha_fin_": "13-AGO-1964", "profundida": 2899.0, "profundi_1": 0.0, "trayectori": "VERTICAL", "disponible": "DISPONIBLE" }, "geometry": { "type": "Point", "coordinates": [ -94.018351, 18.21428524 ] } },
{ "type": "Feature", "properties": { "pozo": "CINCO PRESIDENTES-501", "campo": "CINCO PRESIDENTES", "entidad": "TABASCO", "ubicacin": "TERRESTRE", "clasificac": "EXPLORATORIO", "estado_act": "CERRADO", "tipo_de_hi": null, "fecha_inic": "25-ABR-1972", "fecha_fin_": "05-DIC-1972", "profundida": 4692.0, "profundi_1": 4692.0, "trayectori": "VERTICAL", "disponible": "DISPONIBLE" }, "geometry": { "type": "Point", "coordinates": [ -94.03664411, 18.21447733 ] } },
{ "type": "Feature", "properties": { "pozo": "CINCO PRESIDENTES-52T", "campo": "CINCO PRESIDENTES", "entidad": "TABASCO", "ubicacin": "TERRESTRE", "clasificac": "DESARROLLO", "estado_act": "INACTIVO", "tipo_de_hi": "ACEITE", "fecha_inic": "23-JUN-1964", "fecha_fin_": "07-JUL-1964", "profundida": 2452.0, "profundi_1": 0.0, "trayectori": "VERTICAL", "disponible": "DISPONIBLE" }, "geometry": { "type": "Point", "coordinates": [ -94.00456209, 18.21005167 ] } },
{ "type": "Feature", "properties": { "pozo": "CINCO PRESIDENTES-57", "campo": "CINCO PRESIDENTES", "entidad": "TABASCO", "ubicacin": "TERRESTRE", "clasificac": "DESARROLLO", "estado_act": "INACTIVO", "tipo_de_hi": "ACEITE", "fecha_inic": "18-JUL-1965", "fecha_fin_": "07-AGO-1965", "profundida": 2600.0, "profundi_1": 0.0, "trayectori": "VERTICAL", "disponible": "DISPONIBLE" }, "geometry": { "type": "Point", "coordinates": [ -93.99880537, 18.19187957 ] } },
{ "type": "Feature", "properties": { "pozo": "CINCO PRESIDENTES-58", "campo": "CINCO PRESIDENTES", "entidad": "TABASCO", "ubicacin": "TERRESTRE", "clasificac": "DESARROLLO", "estado_act": "INACTIVO", "tipo_de_hi": "ACEITE", "fecha_inic": "12-MAR-1963", "fecha_fin_": "12-ABR-1963", "profundida": 2470.0, "profundi_1": 2140.0, "trayectori": "VERTICAL", "disponible": "DISPONIBLE" }, "geometry": { "type": "Point", "coordinates": [ -93.99919853, 18.18431053 ] } },
{ "type": "Feature", "properties": { "pozo": "CINCO PRESIDENTES-59", "campo": "CINCO PRESIDENTES", "entidad": "TABASCO", "ubicacin": "TERRESTRE", "clasificac": "DESARROLLO", "estado_act": "CERRADO", "tipo_de_hi": "ACEITE", "fecha_inic": "12-JUN-1962", "fecha_fin_": "18-JUL-1962", "profundida": 2900.0, "profundi_1": 0.0, "trayectori": "VERTICAL", "disponible": "DISPONIBLE" }, "geometry": { "type": "Point", "coordinates": [ -93.99208422, 18.20232367 ] } },
{ "type": "Feature", "properties": { "pozo": "CINCO PRESIDENTES-6", "campo": "CINCO PRESIDENTES", "entidad": "TABASCO", "ubicacin": "TERRESTRE", "clasificac": "DESARROLLO", "estado_act": "INACTIVO", "tipo_de_hi": "ACEITE", "fecha_inic": "07-OCT-1965", "fecha_fin_": "24-OCT-1965", "profundida": 2420.0, "profundi_1": 0.0, "trayectori": "VERTICAL", "disponible": "DISPONIBLE" }, "geometry": { "type": "Point", "coordinates": [ -94.01499352, 18.19757495 ] } },
{ "type": "Feature", "properties": { "pozo": "CINCO PRESIDENTES-60", "campo": "CINCO PRESIDENTES", "entidad": "TABASCO", "ubicacin": "TERRESTRE", "clasificac": "DESARROLLO", "estado_act": "INACTIVO", "tipo_de_hi": "ACEITE", "fecha_inic": "17-FEB-1964", "fecha_fin_": "13-MAR-1964", "profundida": 2898.0, "profundi_1": 0.0, "trayectori": "VERTICAL", "disponible": "DISPONIBLE" }, "geometry": { "type": "Point", "coordinates": [ -94.01125671, 18.21012223 ] } },
{ "type": "Feature", "properties": { "pozo": "CINCO PRESIDENTES-40", "campo": "CINCO PRESIDENTES", "entidad": "TABASCO", "ubicacin": "TERRESTRE", "clasificac": "DESARROLLO", "estado_act": "INACTIVO", "tipo_de_hi": "ACEITE", "fecha_inic": "22-MAY-1963", "fecha_fin_": "12-JUN-1963", "profundida": 2150.0, "profundi_1": 2150.0, "trayectori": "VERTICAL", "disponible": "DISPONIBLE" }, "geometry": { "type": "Point", "coordinates": [ -94.00849861, 18.19382164 ] } },
{ "type": "Feature", "properties": { "pozo": "CINCO PRESIDENTES-401", "campo": "CINCO PRESIDENTES", "entidad": "TABASCO", "ubicacin": "TERRESTRE", "clasificac": "EXPLORATORIO", "estado_act": "CERRADO", "tipo_de_hi": null, "fecha_inic": "25-ENE-1970", "fecha_fin_": "25-FEB-1970", "profundida": 3505.0, "profundi_1": 3505.0, "trayectori": "VERTICAL", "disponible": "DISPONIBLE" }, "geometry": { "type": "Point", "coordinates": [ -93.9598008, 18.15329781 ] } },
{ "type": "Feature", "properties": { "pozo": "CINCO PRESIDENTES-40T", "campo": "CINCO PRESIDENTES", "entidad": "TABASCO", "ubicacin": "TERRESTRE", "clasificac": "DESARROLLO", "estado_act": "INACTIVO", "tipo_de_hi": "ACEITE", "fecha_inic": "12-OCT-1964", "fecha_fin_": "23-OCT-1964", "profundida": 1835.0, "profundi_1": 0.0, "trayectori": "VERTICAL", "disponible": "DISPONIBLE" }, "geometry": { "type": "Point", "coordinates": [ -94.00848863, 18.19394369 ] } },
{ "type": "Feature", "properties": { "pozo": "CINCO PRESIDENTES-42", "campo": "CINCO PRESIDENTES", "entidad": "TABASCO", "ubicacin": "TERRESTRE", "clasificac": "DESARROLLO", "estado_act": "INACTIVO", "tipo_de_hi": "ACEITE", "fecha_inic": "29-OCT-1961", "fecha_fin_": "06-DIC-1961", "profundida": 2053.0, "profundi_1": 0.0, "trayectori": "VERTICAL", "disponible": "DISPONIBLE" }, "geometry": { "type": "Point", "coordinates": [ -94.00566779, 18.19196485 ] } },
{ "type": "Feature", "properties": { "pozo": "CINCO PRESIDENTES-45", "campo": "CINCO PRESIDENTES", "entidad": "TABASCO", "ubicacin": "TERRESTRE", "clasificac": "DESARROLLO", "estado_act": "INACTIVO", "tipo_de_hi": "ACEITE-GAS", "fecha_inic": "12-ABR-1961", "fecha_fin_": "07-MAY-1961", "profundida": 2360.5, "profundi_1": 2360.4, "trayectori": "VERTICAL", "disponible": "DISPONIBLE" }, "geometry": { "type": "Point", "coordinates": [ -94.00409537, 18.19667242 ] } },
{ "type": "Feature", "properties": { "pozo": "CINCO PRESIDENTES-46", "campo": "CINCO PRESIDENTES", "entidad": "TABASCO", "ubicacin": "TERRESTRE", "clasificac": "DESARROLLO", "estado_act": "INACTIVO", "tipo_de_hi": "ACEITE", "fecha_inic": "15-ENE-1976", "fecha_fin_": "06-MAR-1976", "profundida": 3350.0, "profundi_1": 0.0, "trayectori": "VERTICAL", "disponible": "DISPONIBLE" }, "geometry": { "type": "Point", "coordinates": [ -94.02718697, 18.20852746 ] } },
{ "type": "Feature", "properties": { "pozo": "CINCO PRESIDENTES-47", "campo": "CINCO PRESIDENTES", "entidad": "TABASCO", "ubicacin": "TERRESTRE", "clasificac": "DESARROLLO", "estado_act": "CERRADO", "tipo_de_hi": "ACEITE", "fecha_inic": "04-AGO-1976", "fecha_fin_": "29-SEP-1976", "profundida": 3375.0, "profundi_1": 0.0, "trayectori": "VERTICAL", "disponible": "DISPONIBLE" }, "geometry": { "type": "Point", "coordinates": [ -94.0260271, 18.21166418 ] } },
{ "type": "Feature", "properties": { "pozo": "CINCO PRESIDENTES-48", "campo": "CINCO PRESIDENTES", "entidad": "TABASCO", "ubicacin": "TERRESTRE", "clasificac": "DESARROLLO", "estado_act": "INACTIVO", "tipo_de_hi": "ACEITE", "fecha_inic": "12-MAY-1963", "fecha_fin_": "30-JUN-1963", "profundida": 3200.0, "profundi_1": 0.0, "trayectori": "VERTICAL", "disponible": "DISPONIBLE" }, "geometry": { "type": "Point", "coordinates": [ -94.02442201, 18.20702759 ] } },
{ "type": "Feature", "properties": { "pozo": "CINCO PRESIDENTES-48T", "campo": "CINCO PRESIDENTES", "entidad": "TABASCO", "ubicacin": "TERRESTRE", "clasificac": "DESARROLLO", "estado_act": "INACTIVO", "tipo_de_hi": "ACEITE", "fecha_inic": "31-AGO-1964", "fecha_fin_": "24-SEP-1964", "profundida": 3070.0, "profundi_1": 3070.0, "trayectori": "VERTICAL", "disponible": "DISPONIBLE" }, "geometry": { "type": "Point", "coordinates": [ -94.02442594, 18.20716674 ] } },
{ "type": "Feature", "properties": { "pozo": "CINCO PRESIDENTES-35D", "campo": "CINCO PRESIDENTES", "entidad": "TABASCO", "ubicacin": "TERRESTRE", "clasificac": "DESARROLLO", "estado_act": "INACTIVO", "tipo_de_hi": "ACEITE", "fecha_inic": "17-ENE-1962", "fecha_fin_": "17-FEB-1962", "profundida": 2520.0, "profundi_1": 0.0, "trayectori": "VERTICAL", "disponible": "DISPONIBLE" }, "geometry": { "type": "Point", "coordinates": [ -94.0050351, 18.20264851 ] } },
{ "type": "Feature", "properties": { "pozo": "CINCO PRESIDENTES-36T", "campo": "CINCO PRESIDENTES", "entidad": "TABASCO", "ubicacin": "TERRESTRE", "clasificac": "DESARROLLO", "estado_act": "INACTIVO", "tipo_de_hi": "ACEITE", "fecha_inic": "05-NOV-1964", "fecha_fin_": "28-NOV-1964", "profundida": 2780.0, "profundi_1": 0.0, "trayectori": "VERTICAL", "disponible": "DISPONIBLE" }, "geometry": { "type": "Point", "coordinates": [ -94.00164874, 18.20441765 ] } },
{ "type": "Feature", "properties": { "pozo": "CINCO PRESIDENTES-21", "campo": "CINCO PRESIDENTES", "entidad": "TABASCO", "ubicacin": "TERRESTRE", "clasificac": "DESARROLLO", "estado_act": "CERRADO", "tipo_de_hi": null, "fecha_inic": "17-ABR-1963", "fecha_fin_": "28-ABR-1963", "profundida": 2250.0, "profundi_1": 2250.0, "trayectori": "VERTICAL", "disponible": "DISPONIBLE" }, "geometry": { "type": "Point", "coordinates": [ -94.01569299, 18.17590785 ] } },
{ "type": "Feature", "properties": { "pozo": "CINCO PRESIDENTES-22", "campo": "CINCO PRESIDENTES", "entidad": "TABASCO", "ubicacin": "TERRESTRE", "clasificac": "DESARROLLO", "estado_act": "CERRADO", "tipo_de_hi": "ACEITE", "fecha_inic": "26-MAY-1963", "fecha_fin_": "18-JUN-1963", "profundida": 2421.0, "profundi_1": 0.0, "trayectori": "VERTICAL", "disponible": "DISPONIBLE" }, "geometry": { "type": "Point", "coordinates": [ -94.00598895, 18.1737827 ] } },
{ "type": "Feature", "properties": { "pozo": "CINCO PRESIDENTES-23", "campo": "CINCO PRESIDENTES", "entidad": "TABASCO", "ubicacin": "TERRESTRE", "clasificac": "DESARROLLO", "estado_act": "CERRADO", "tipo_de_hi": "ACEITE", "fecha_inic": "16-MAY-1963", "fecha_fin_": "12-JUN-1963", "profundida": 3301.0, "profundi_1": 0.0, "trayectori": "VERTICAL", "disponible": "DISPONIBLE" }, "geometry": { "type": "Point", "coordinates": [ -94.03125186, 18.19992384 ] } },
{ "type": "Feature", "properties": { "pozo": "CINCO PRESIDENTES-25", "campo": "CINCO PRESIDENTES", "entidad": "TABASCO", "ubicacin": "TERRESTRE", "clasificac": "DESARROLLO", "estado_act": "INACTIVO", "tipo_de_hi": "ACEITE", "fecha_inic": "10-JUL-1967", "fecha_fin_": "30-JUL-1967", "profundida": 2550.0, "profundi_1": 2550.0, "trayectori": "VERTICAL", "disponible": "DISPONIBLE" }, "geometry": { "type": "Point", "coordinates": [ -94.02162673, 18.19499486 ] } },
{ "type": "Feature", "properties": { "pozo": "CINCO PRESIDENTES-29", "campo": "CINCO PRESIDENTES", "entidad": "TABASCO", "ubicacin": "TERRESTRE", "clasificac": "DESARROLLO", "estado_act": "INACTIVO", "tipo_de_hi": "ACEITE", "fecha_inic": "25-ABR-1964", "fecha_fin_": "13-MAY-1964", "profundida": 2400.0, "profundi_1": 0.0, "trayectori": "VERTICAL", "disponible": "DISPONIBLE" }, "geometry": { "type": "Point", "coordinates": [ -94.0083588, 18.20088054 ] } },
{ "type": "Feature", "properties": { "pozo": "CINCO PRESIDENTES-17C", "campo": "CINCO PRESIDENTES", "entidad": "TABASCO", "ubicacin": "TERRESTRE", "clasificac": "DESARROLLO", "estado_act": "INACTIVO", "tipo_de_hi": "ACEITE", "fecha_inic": "31-OCT-1963", "fecha_fin_": "24-NOV-1963", "profundida": 2010.0, "profundi_1": 2010.0, "trayectori": "VERTICAL", "disponible": "DISPONIBLE" }, "geometry": { "type": "Point", "coordinates": [ -94.01500716, 18.20135158 ] } },
{ "type": "Feature", "properties": { "pozo": "CINCO PRESIDENTES-17T", "campo": "CINCO PRESIDENTES", "entidad": "TABASCO", "ubicacin": "TERRESTRE", "clasificac": "DESARROLLO", "estado_act": "INACTIVO", "tipo_de_hi": "ACEITE", "fecha_inic": "20-AGO-1963", "fecha_fin_": "13-SEP-1963", "profundida": 2355.0, "profundi_1": 0.0, "trayectori": "VERTICAL", "disponible": "DISPONIBLE" }, "geometry": { "type": "Point", "coordinates": [ -94.01496343, 18.20135995 ] } },
{ "type": "Feature", "properties": { "pozo": "CINCO PRESIDENTES-18", "campo": "CINCO PRESIDENTES", "entidad": "TABASCO", "ubicacin": "TERRESTRE", "clasificac": "DESARROLLO", "estado_act": "INACTIVO", "tipo_de_hi": "ACEITE", "fecha_inic": "04-SEP-1961", "fecha_fin_": "24-SEP-1961", "profundida": 2385.0, "profundi_1": 0.0, "trayectori": "VERTICAL", "disponible": "DISPONIBLE" }, "geometry": { "type": "Point", "coordinates": [ -94.0116394, 18.19948869 ] } },
{ "type": "Feature", "properties": { "pozo": "CINCO PRESIDENTES-18D", "campo": "CINCO PRESIDENTES", "entidad": "TABASCO", "ubicacin": "TERRESTRE", "clasificac": "DESARROLLO", "estado_act": "INACTIVO", "tipo_de_hi": "ACEITE", "fecha_inic": "12-MAY-1964", "fecha_fin_": "26-MAY-1964", "profundida": 2230.0, "profundi_1": 0.0, "trayectori": "VERTICAL", "disponible": "DISPONIBLE" }, "geometry": { "type": "Point", "coordinates": [ -94.01171386, 18.19938076 ] } },
{ "type": "Feature", "properties": { "pozo": "CINCO PRESIDENTES-19C", "campo": "CINCO PRESIDENTES", "entidad": "TABASCO", "ubicacin": "TERRESTRE", "clasificac": "DESARROLLO", "estado_act": "INACTIVO", "tipo_de_hi": "ACEITE", "fecha_inic": "10-AGO-1964", "fecha_fin_": "29-AGO-1964", "profundida": 2360.0, "profundi_1": 2360.0, "trayectori": "VERTICAL", "disponible": "DISPONIBLE" }, "geometry": { "type": "Point", "coordinates": [ -94.01782502, 18.20666506 ] } },
{ "type": "Feature", "properties": { "pozo": "CINCO PRESIDENTES-20", "campo": "CINCO PRESIDENTES", "entidad": "TABASCO", "ubicacin": "TERRESTRE", "clasificac": "DESARROLLO", "estado_act": "INACTIVO", "tipo_de_hi": "ACEITE", "fecha_inic": "14-FEB-1964", "fecha_fin_": "11-MAR-1964", "profundida": 2680.0, "profundi_1": 0.0, "trayectori": "VERTICAL", "disponible": "DISPONIBLE" }, "geometry": { "type": "Point", "coordinates": [ -94.01474693, 18.20476545 ] } },
{ "type": "Feature", "properties": { "pozo": "CINCO PRESIDENTES-20D", "campo": "CINCO PRESIDENTES", "entidad": "TABASCO", "ubicacin": "TERRESTRE", "clasificac": "DESARROLLO", "estado_act": "INACTIVO", "tipo_de_hi": "ACEITE", "fecha_inic": "25-MAR-1964", "fecha_fin_": "12-ABR-1964", "profundida": 2410.0, "profundi_1": 0.0, "trayectori": "VERTICAL", "disponible": "DISPONIBLE" }, "geometry": { "type": "Point", "coordinates": [ -94.01476354, 18.20482411 ] } },
{ "type": "Feature", "properties": { "pozo": "CINCO PRESIDENTES-118", "campo": "CINCO PRESIDENTES", "entidad": "TABASCO", "ubicacin": "TERRESTRE", "clasificac": "DESARROLLO", "estado_act": "CERRADO", "tipo_de_hi": "ACEITE", "fecha_inic": "31-MAR-1964", "fecha_fin_": "15-ABR-1964", "profundida": 2150.0, "profundi_1": 0.0, "trayectori": "VERTICAL", "disponible": "DISPONIBLE" }, "geometry": { "type": "Point", "coordinates": [ -94.00560359, 18.18462504 ] } },
{ "type": "Feature", "properties": { "pozo": "CINCO PRESIDENTES-119", "campo": "CINCO PRESIDENTES", "entidad": "TABASCO", "ubicacin": "TERRESTRE", "clasificac": "DESARROLLO", "estado_act": "INACTIVO", "tipo_de_hi": "ACEITE", "fecha_inic": "28-ABR-1965", "fecha_fin_": "15-MAY-1965", "profundida": 2278.0, "profundi_1": 0.0, "trayectori": "VERTICAL", "disponible": "DISPONIBLE" }, "geometry": { "type": "Point", "coordinates": [ -94.00227268, 18.18632431 ] } },
{ "type": "Feature", "properties": { "pozo": "CINCO PRESIDENTES-123", "campo": "CINCO PRESIDENTES", "entidad": "TABASCO", "ubicacin": "TERRESTRE", "clasificac": "DESARROLLO", "estado_act": "CERRADO", "tipo_de_hi": "ACEITE", "fecha_inic": "21-OCT-1981", "fecha_fin_": "11-NOV-1981", "profundida": 2003.0, "profundi_1": 2003.0, "trayectori": "VERTICAL", "disponible": "DISPONIBLE" }, "geometry": { "type": "Point", "coordinates": [ -94.01203674, 18.18482351 ] } },
{ "type": "Feature", "properties": { "pozo": "CINCO PRESIDENTES-14", "campo": "CINCO PRESIDENTES", "entidad": "TABASCO", "ubicacin": "TERRESTRE", "clasificac": "DESARROLLO", "estado_act": "CERRADO", "tipo_de_hi": "ACEITE", "fecha_inic": "23-ENE-1963", "fecha_fin_": "01-ABR-1963", "profundida": 2580.0, "profundi_1": 2246.6, "trayectori": "VERTICAL", "disponible": "DISPONIBLE" }, "geometry": { "type": "Point", "coordinates": [ -94.02459493, 18.20318943 ] } },
{ "type": "Feature", "properties": { "pozo": "CINCO PRESIDENTES-15A", "campo": "CINCO PRESIDENTES", "entidad": "TABASCO", "ubicacin": "TERRESTRE", "clasificac": "DESARROLLO", "estado_act": "INACTIVO", "tipo_de_hi": "ACEITE", "fecha_inic": "03-OCT-1963", "fecha_fin_": "23-OCT-1963", "profundida": 2285.0, "profundi_1": 2285.0, "trayectori": "VERTICAL", "disponible": "DISPONIBLE" }, "geometry": { "type": "Point", "coordinates": [ -94.01164468, 18.19578245 ] } },
{ "type": "Feature", "properties": { "pozo": "CINCO PRESIDENTES-15DA", "campo": "CINCO PRESIDENTES", "entidad": "TABASCO", "ubicacin": "TERRESTRE", "clasificac": "DESARROLLO", "estado_act": "INACTIVO", "tipo_de_hi": "ACEITE", "fecha_inic": "04-ENE-1964", "fecha_fin_": "25-ENE-1964", "profundida": 2140.0, "profundi_1": 0.0, "trayectori": "VERTICAL", "disponible": "DISPONIBLE" }, "geometry": { "type": "Point", "coordinates": [ -94.01159388, 18.19579357 ] } },
{ "type": "Feature", "properties": { "pozo": "CINCO PRESIDENTES-16", "campo": "CINCO PRESIDENTES", "entidad": "TABASCO", "ubicacin": "TERRESTRE", "clasificac": "DESARROLLO", "estado_act": "CERRADO", "tipo_de_hi": "ACEITE", "fecha_inic": "28-ABR-1962", "fecha_fin_": "15-MAY-1962", "profundida": 2976.0, "profundi_1": 0.0, "trayectori": "VERTICAL", "disponible": "DISPONIBLE" }, "geometry": { "type": "Point", "coordinates": [ -94.02132516, 18.20516615 ] } },
{ "type": "Feature", "properties": { "pozo": "CINCO PRESIDENTES-104", "campo": "CINCO PRESIDENTES", "entidad": "TABASCO", "ubicacin": "TERRESTRE", "clasificac": "DESARROLLO", "estado_act": "CERRADO", "tipo_de_hi": "ACEITE", "fecha_inic": "07-AGO-1981", "fecha_fin_": "31-AGO-1981", "profundida": 2146.0, "profundi_1": 0.0, "trayectori": "VERTICAL", "disponible": "DISPONIBLE" }, "geometry": { "type": "Point", "coordinates": [ -94.01515922, 18.19039482 ] } },
{ "type": "Feature", "properties": { "pozo": "CINCO PRESIDENTES-11", "campo": "CINCO PRESIDENTES", "entidad": "TABASCO", "ubicacin": "TERRESTRE", "clasificac": "DESARROLLO", "estado_act": "CERRADO", "tipo_de_hi": "ACEITE", "fecha_inic": "17-AGO-1961", "fecha_fin_": "25-SEP-1961", "profundida": 2956.0, "profundi_1": 0.0, "trayectori": "VERTICAL", "disponible": "DISPONIBLE" }, "geometry": { "type": "Point", "coordinates": [ -94.02472682, 18.19970755 ] } },
{ "type": "Feature", "properties": { "pozo": "CINCO PRESIDENTES-110", "campo": "CINCO PRESIDENTES", "entidad": "TABASCO", "ubicacin": "TERRESTRE", "clasificac": "DESARROLLO", "estado_act": "CERRADO", "tipo_de_hi": "ACEITE", "fecha_inic": "04-JUN-1964", "fecha_fin_": "28-JUN-1964", "profundida": 2698.4, "profundi_1": 0.0, "trayectori": "VERTICAL", "disponible": "DISPONIBLE" }, "geometry": { "type": "Point", "coordinates": [ -94.03147988, 18.1927949 ] } },
{ "type": "Feature", "properties": { "pozo": "CINCO PRESIDENTES-111", "campo": "CINCO PRESIDENTES", "entidad": "TABASCO", "ubicacin": "TERRESTRE", "clasificac": "DESARROLLO", "estado_act": "INACTIVO", "tipo_de_hi": "ACEITE", "fecha_inic": "06-MAR-1964", "fecha_fin_": "26-MAR-1964", "profundida": 2536.0, "profundi_1": 0.0, "trayectori": "VERTICAL", "disponible": "DISPONIBLE" }, "geometry": { "type": "Point", "coordinates": [ -94.0281016, 18.19095767 ] } },
{ "type": "Feature", "properties": { "pozo": "CINCO PRESIDENTES-112D", "campo": "CINCO PRESIDENTES", "entidad": "TABASCO", "ubicacin": "TERRESTRE", "clasificac": "DESARROLLO", "estado_act": "INACTIVO", "tipo_de_hi": "ACEITE", "fecha_inic": "01-JUN-1965", "fecha_fin_": "21-JUN-1965", "profundida": 2575.0, "profundi_1": 0.0, "trayectori": "VERTICAL", "disponible": "DISPONIBLE" }, "geometry": { "type": "Point", "coordinates": [ -93.99897128, 18.18807126 ] } },
{ "type": "Feature", "properties": { "pozo": "RODADOR-45", "campo": "RODADOR", "entidad": "TABASCO", "ubicacin": "TERRESTRE", "clasificac": "DESARROLLO", "estado_act": "CERRADO", "tipo_de_hi": "ACEITE", "fecha_inic": "21-AGO-1976", "fecha_fin_": "26-SEP-1976", "profundida": 2673.0, "profundi_1": 2673.0, "trayectori": "VERTICAL", "disponible": "DISPONIBLE" }, "geometry": { "type": "Point", "coordinates": [ -93.97380814, 18.22557591 ] } },
{ "type": "Feature", "properties": { "pozo": "RODADOR-52", "campo": "RODADOR", "entidad": "TABASCO", "ubicacin": "TERRESTRE", "clasificac": "DESARROLLO", "estado_act": "CERRADO", "tipo_de_hi": "ACEITE", "fecha_inic": "13-ABR-1982", "fecha_fin_": "03-JUN-1982", "profundida": 3521.0, "profundi_1": 3521.0, "trayectori": "VERTICAL", "disponible": "DISPONIBLE" }, "geometry": { "type": "Point", "coordinates": [ -93.98371963, 18.2383045 ] } },
{ "type": "Feature", "properties": { "pozo": "RODADOR-54", "campo": "RODADOR", "entidad": "TABASCO", "ubicacin": "TERRESTRE", "clasificac": "DESARROLLO", "estado_act": "CERRADO", "tipo_de_hi": "ACEITE", "fecha_inic": "22-ENE-1985", "fecha_fin_": "01-ABR-1985", "profundida": 3531.0, "profundi_1": 3531.0, "trayectori": "VERTICAL", "disponible": "DISPONIBLE" }, "geometry": { "type": "Point", "coordinates": [ -93.98695989, 18.23650766 ] } },
{ "type": "Feature", "properties": { "pozo": "RODADOR-6", "campo": "RODADOR", "entidad": "TABASCO", "ubicacin": "TERRESTRE", "clasificac": "DESARROLLO", "estado_act": "INACTIVO", "tipo_de_hi": "ACEITE", "fecha_inic": "18-MAR-1974", "fecha_fin_": "08-JUN-1974", "profundida": 3675.0, "profundi_1": 3675.0, "trayectori": "VERTICAL", "disponible": "DISPONIBLE" }, "geometry": { "type": "Point", "coordinates": [ -93.98374422, 18.23107033 ] } },
{ "type": "Feature", "properties": { "pozo": "RODADOR-61", "campo": "RODADOR", "entidad": "TABASCO", "ubicacin": "TERRESTRE", "clasificac": "DESARROLLO", "estado_act": "INACTIVO", "tipo_de_hi": "ACEITE", "fecha_inic": "25-NOV-1977", "fecha_fin_": "14-ENE-1978", "profundida": 3505.0, "profundi_1": 0.0, "trayectori": "VERTICAL", "disponible": "DISPONIBLE" }, "geometry": { "type": "Point", "coordinates": [ -93.98031629, 18.21825969 ] } },
{ "type": "Feature", "properties": { "pozo": "RODADOR-62", "campo": "RODADOR", "entidad": "TABASCO", "ubicacin": "TERRESTRE", "clasificac": "DESARROLLO", "estado_act": "CERRADO", "tipo_de_hi": "ACEITE", "fecha_inic": "16-AGO-1980", "fecha_fin_": "03-OCT-1980", "profundida": 3500.0, "profundi_1": 0.0, "trayectori": "VERTICAL", "disponible": "DISPONIBLE" }, "geometry": { "type": "Point", "coordinates": [ -93.98366648, 18.21661328 ] } },
{ "type": "Feature", "properties": { "pozo": "RODADOR-63", "campo": "RODADOR", "entidad": "TABASCO", "ubicacin": "TERRESTRE", "clasificac": "DESARROLLO", "estado_act": "INACTIVO", "tipo_de_hi": "ACEITE", "fecha_inic": "18-NOV-1975", "fecha_fin_": "05-ENE-1976", "profundida": 3615.0, "profundi_1": 3615.0, "trayectori": "VERTICAL", "disponible": "DISPONIBLE" }, "geometry": { "type": "Point", "coordinates": [ -93.97686015, 18.22023392 ] } },
{ "type": "Feature", "properties": { "pozo": "RODADOR-65", "campo": "RODADOR", "entidad": "TABASCO", "ubicacin": "TERRESTRE", "clasificac": "DESARROLLO", "estado_act": "INACTIVO", "tipo_de_hi": "ACEITE", "fecha_inic": "27-MAR-1977", "fecha_fin_": "09-MAY-1977", "profundida": 3551.0, "profundi_1": 3551.0, "trayectori": "VERTICAL", "disponible": "DISPONIBLE" }, "geometry": { "type": "Point", "coordinates": [ -93.97371682, 18.22201221 ] } },
{ "type": "Feature", "properties": { "pozo": "RODADOR-67", "campo": "RODADOR", "entidad": "TABASCO", "ubicacin": "TERRESTRE", "clasificac": "DESARROLLO", "estado_act": "CERRADO", "tipo_de_hi": "ACEITE", "fecha_inic": "01-FEB-1978", "fecha_fin_": "21-MAR-1978", "profundida": 3590.0, "profundi_1": 3590.0, "trayectori": "VERTICAL", "disponible": "DISPONIBLE" }, "geometry": { "type": "Point", "coordinates": [ -93.97032927, 18.22379737 ] } },
{ "type": "Feature", "properties": { "pozo": "RODADOR-82", "campo": "RODADOR", "entidad": "TABASCO", "ubicacin": "TERRESTRE", "clasificac": "DESARROLLO", "estado_act": "CERRADO", "tipo_de_hi": "ACEITE", "fecha_inic": "27-OCT-1980", "fecha_fin_": "21-DIC-1980", "profundida": 3500.0, "profundi_1": 3500.0, "trayectori": "VERTICAL", "disponible": "DISPONIBLE" }, "geometry": { "type": "Point", "coordinates": [ -93.98365199, 18.21298855 ] } },
{ "type": "Feature", "properties": { "pozo": "SANCHEZ MAGALLANES-12", "campo": "MAGALLANES TUCAN PAJONAL", "entidad": "TABASCO", "ubicacin": "TERRESTRE", "clasificac": "DESARROLLO", "estado_act": "CERRADO", "tipo_de_hi": null, "fecha_inic": "06-MAY-1965", "fecha_fin_": "05-JUN-1965", "profundida": 3215.5, "profundi_1": 3215.5, "trayectori": "VERTICAL", "disponible": "DISPONIBLE" }, "geometry": { "type": "Point", "coordinates": [ -93.91212199, 18.15286636 ] } },
{ "type": "Feature", "properties": { "pozo": "SANCHEZ MAGALLANES-124", "campo": "MAGALLANES TUCAN PAJONAL", "entidad": "TABASCO", "ubicacin": "TERRESTRE", "clasificac": "DESARROLLO", "estado_act": "CERRADO", "tipo_de_hi": "ACEITE", "fecha_inic": "10-JUN-1961", "fecha_fin_": "10-JUN-1961", "profundida": 2970.7, "profundi_1": 2970.7, "trayectori": "VERTICAL", "disponible": "DISPONIBLE" }, "geometry": { "type": "Point", "coordinates": [ -93.87965924, 18.14313397 ] } },
{ "type": "Feature", "properties": { "pozo": "SANCHEZ MAGALLANES-140", "campo": "MAGALLANES TUCAN PAJONAL", "entidad": "TABASCO", "ubicacin": "TERRESTRE", "clasificac": "DESARROLLO", "estado_act": "CERRADO", "tipo_de_hi": "ACEITE", "fecha_inic": "08-ABR-1962", "fecha_fin_": "08-ABR-1962", "profundida": 2913.7, "profundi_1": 2913.7, "trayectori": "VERTICAL", "disponible": "DISPONIBLE" }, "geometry": { "type": "Point", "coordinates": [ -93.8834826, 18.15229844 ] } },
{ "type": "Feature", "properties": { "pozo": "SANCHEZ MAGALLANES-180", "campo": "MAGALLANES TUCAN PAJONAL", "entidad": "TABASCO", "ubicacin": "TERRESTRE", "clasificac": "DESARROLLO", "estado_act": "CERRADO", "tipo_de_hi": null, "fecha_inic": "18-AGO-1959", "fecha_fin_": "18-AGO-1959", "profundida": 2473.9, "profundi_1": 2473.9, "trayectori": "VERTICAL", "disponible": "DISPONIBLE" }, "geometry": { "type": "Point", "coordinates": [ -93.90233217, 18.13034225 ] } },
{ "type": "Feature", "properties": { "pozo": "SANCHEZ MAGALLANES-181", "campo": "MAGALLANES TUCAN PAJONAL", "entidad": "TABASCO", "ubicacin": "TERRESTRE", "clasificac": "DESARROLLO", "estado_act": "CERRADO", "tipo_de_hi": "ACEITE", "fecha_inic": "04-ENE-1960", "fecha_fin_": "04-ENE-1960", "profundida": 2735.2, "profundi_1": 2735.2, "trayectori": "VERTICAL", "disponible": "DISPONIBLE" }, "geometry": { "type": "Point", "coordinates": [ -93.88162839, 18.15857474 ] } },
{ "type": "Feature", "properties": { "pozo": "SANCHEZ MAGALLANES-191", "campo": "MAGALLANES TUCAN PAJONAL", "entidad": "TABASCO", "ubicacin": "TERRESTRE", "clasificac": "DESARROLLO", "estado_act": "CERRADO", "tipo_de_hi": "ACEITE", "fecha_inic": "03-MAR-1961", "fecha_fin_": "03-MAR-1961", "profundida": 1535.0, "profundi_1": 1535.0, "trayectori": "VERTICAL", "disponible": "DISPONIBLE" }, "geometry": { "type": "Point", "coordinates": [ -93.89015339, 18.16321036 ] } },
{ "type": "Feature", "properties": { "pozo": "CINCO PRESIDENTES-120", "campo": "CINCO PRESIDENTES", "entidad": "TABASCO", "ubicacin": "TERRESTRE", "clasificac": "DESARROLLO", "estado_act": "INACTIVO", "tipo_de_hi": "ACEITE", "fecha_inic": "31-OCT-1966", "fecha_fin_": "21-DIC-1966", "profundida": 3712.0, "profundi_1": 0.0, "trayectori": "VERTICAL", "disponible": "DISPONIBLE" }, "geometry": { "type": "Point", "coordinates": [ -93.99520713, 18.20052534 ] } },
{ "type": "Feature", "properties": { "pozo": "CINCO PRESIDENTES-4", "campo": "CINCO PRESIDENTES", "entidad": "TABASCO", "ubicacin": "TERRESTRE", "clasificac": "DESARROLLO", "estado_act": "INACTIVO", "tipo_de_hi": "ACEITE", "fecha_inic": "17-FEB-1963", "fecha_fin_": "06-MAR-1963", "profundida": 2294.0, "profundi_1": 2294.0, "trayectori": "VERTICAL", "disponible": "DISPONIBLE" }, "geometry": { "type": "Point", "coordinates": [ -94.00586984, 18.17739828 ] } },
{ "type": "Feature", "properties": { "pozo": "SANCHEZ MAGALLANES-2006", "campo": "MAGALLANES TUCAN PAJONAL", "entidad": "TABASCO", "ubicacin": "TERRESTRE", "clasificac": "DESARROLLO", "estado_act": "INACTIVO", "tipo_de_hi": "ACEITE", "fecha_inic": null, "fecha_fin_": "23-ENE-2013", "profundida": 2875.0, "profundi_1": 0.0, "trayectori": "DIRECCIONAL", "disponible": "DISPONIBLE" }, "geometry": { "type": "Point", "coordinates": [ -93.87668678, 18.14130051 ] } },
{ "type": "Feature", "properties": { "pozo": "RODADOR-701", "campo": "RODADOR", "entidad": "TABASCO", "ubicacin": "TERRESTRE", "clasificac": "DESARROLLO", "estado_act": "INACTIVO", "tipo_de_hi": "ACEITE", "fecha_inic": "01-FEB-2011", "fecha_fin_": "23-FEB-2011", "profundida": 3470.0, "profundi_1": 3437.4, "trayectori": "DIRECCIONAL", "disponible": "DISPONIBLE" }, "geometry": { "type": "Point", "coordinates": [ -93.97735298, 18.21674858 ] } },
{ "type": "Feature", "properties": { "pozo": "CINCO PRESIDENTES-918", "campo": "CINCO PRESIDENTES", "entidad": "TABASCO", "ubicacin": "TERRESTRE", "clasificac": "DESARROLLO", "estado_act": "PRODUCTOR", "tipo_de_hi": "ACEITE", "fecha_inic": "29-ENE-2012", "fecha_fin_": "15-FEB-2012", "profundida": 2705.0, "profundi_1": 2688.4, "trayectori": "DIRECCIONAL", "disponible": "DISPONIBLE" }, "geometry": { "type": "Point", "coordinates": [ -94.01120286, 18.20649303 ] } },
{ "type": "Feature", "properties": { "pozo": "SANCHEZ MAGALLANES-25", "campo": "MAGALLANES TUCAN PAJONAL", "entidad": "TABASCO", "ubicacin": "TERRESTRE", "clasificac": "DESARROLLO", "estado_act": "CERRADO", "tipo_de_hi": "ACEITE", "fecha_inic": "17-ABR-1961", "fecha_fin_": "17-ABR-1961", "profundida": 1450.0, "profundi_1": 1450.0, "trayectori": "VERTICAL", "disponible": "DISPONIBLE" }, "geometry": { "type": "Point", "coordinates": [ -93.90524783, 18.15376744 ] } },
{ "type": "Feature", "properties": { "pozo": "RODADOR-7", "campo": "RODADOR", "entidad": "TABASCO", "ubicacin": "TERRESTRE", "clasificac": "DESARROLLO", "estado_act": "INACTIVO", "tipo_de_hi": "ACEITE", "fecha_inic": "04-ENE-1974", "fecha_fin_": "21-MAR-1974", "profundida": 3553.0, "profundi_1": 3553.0, "trayectori": "VERTICAL", "disponible": "DISPONIBLE" }, "geometry": { "type": "Point", "coordinates": [ -93.98086725, 18.23289391 ] } },
{ "type": "Feature", "properties": { "pozo": "CINCO PRESIDENTES-45C", "campo": "CINCO PRESIDENTES", "entidad": "TABASCO", "ubicacin": "TERRESTRE", "clasificac": "DESARROLLO", "estado_act": "INACTIVO", "tipo_de_hi": "ACEITE-GAS", "fecha_inic": "04-AGO-1961", "fecha_fin_": "17-AGO-1961", "profundida": 1850.0, "profundi_1": 0.0, "trayectori": "VERTICAL", "disponible": "DISPONIBLE" }, "geometry": { "type": "Point", "coordinates": [ -94.00418556, 18.19675156 ] } },
{ "type": "Feature", "properties": { "pozo": "CINCO PRESIDENTES-63T", "campo": "CINCO PRESIDENTES", "entidad": "TABASCO", "ubicacin": "TERRESTRE", "clasificac": "DESARROLLO", "estado_act": "INACTIVO", "tipo_de_hi": "ACEITE", "fecha_inic": "06-JUL-1964", "fecha_fin_": "19-JUL-1964", "profundida": 2225.0, "profundi_1": 0.0, "trayectori": "VERTICAL", "disponible": "DISPONIBLE" }, "geometry": { "type": "Point", "coordinates": [ -94.01455608, 18.20843561 ] } },
{ "type": "Feature", "properties": { "pozo": "CINCO PRESIDENTES-576", "campo": "CINCO PRESIDENTES", "entidad": "TABASCO", "ubicacin": "TERRESTRE", "clasificac": "DESARROLLO", "estado_act": "INACTIVO", "tipo_de_hi": "ACEITE", "fecha_inic": "30-SEP-1983", "fecha_fin_": "18-NOV-1983", "profundida": 3050.0, "profundi_1": 0.0, "trayectori": "VERTICAL", "disponible": "DISPONIBLE" }, "geometry": { "type": "Point", "coordinates": [ -93.99332634, 18.1708581 ] } },
{ "type": "Feature", "properties": { "pozo": "CINCO PRESIDENTES-173D", "campo": "CINCO PRESIDENTES", "entidad": "TABASCO", "ubicacin": "TERRESTRE", "clasificac": "DESARROLLO", "estado_act": "INACTIVO", "tipo_de_hi": "ACEITE", "fecha_inic": "28-MAR-1982", "fecha_fin_": "09-AGO-1982", "profundida": 3050.0, "profundi_1": 0.0, "trayectori": "VERTICAL", "disponible": "DISPONIBLE" }, "geometry": { "type": "Point", "coordinates": [ -94.00801814, 18.20981411 ] } },
{ "type": "Feature", "properties": { "pozo": "CINCO PRESIDENTES-160T", "campo": "CINCO PRESIDENTES", "entidad": "TABASCO", "ubicacin": "TERRESTRE", "clasificac": "DESARROLLO", "estado_act": "INACTIVO", "tipo_de_hi": "ACEITE", "fecha_inic": "18-OCT-1978", "fecha_fin_": "15-NOV-1978", "profundida": 2618.0, "profundi_1": 0.0, "trayectori": "VERTICAL", "disponible": "DISPONIBLE" }, "geometry": { "type": "Point", "coordinates": [ -94.01297153, 18.20390734 ] } },
{ "type": "Feature", "properties": { "pozo": "RODADOR-702", "campo": "RODADOR", "entidad": "TABASCO", "ubicacin": "TERRESTRE", "clasificac": "DESARROLLO", "estado_act": "PRODUCTOR", "tipo_de_hi": "ACEITE", "fecha_inic": "07-ENE-2012", "fecha_fin_": "18-FEB-2012", "profundida": 3505.0, "profundi_1": 3394.3, "trayectori": "DIRECCIONAL", "disponible": "DISPONIBLE" }, "geometry": { "type": "Point", "coordinates": [ -93.97390789, 18.22181485 ] } },
{ "type": "Feature", "properties": { "pozo": "RODADOR-703", "campo": "RODADOR", "entidad": "TABASCO", "ubicacin": "TERRESTRE", "clasificac": "DESARROLLO", "estado_act": "PRODUCTOR", "tipo_de_hi": "ACEITE", "fecha_inic": "26-FEB-2012", "fecha_fin_": "24-MAR-2012", "profundida": 3440.0, "profundi_1": 3389.4, "trayectori": "DIRECCIONAL", "disponible": "DISPONIBLE" }, "geometry": { "type": "Point", "coordinates": [ -93.97398533, 18.21819128 ] } },
{ "type": "Feature", "properties": { "pozo": "CINCO PRESIDENTES-66", "campo": "CINCO PRESIDENTES", "entidad": "TABASCO", "ubicacin": "TERRESTRE", "clasificac": "DESARROLLO", "estado_act": "INACTIVO", "tipo_de_hi": "ACEITE", "fecha_inic": "09-AGO-1962", "fecha_fin_": "16-OCT-1962", "profundida": 3679.6, "profundi_1": 0.0, "trayectori": "VERTICAL", "disponible": "DISPONIBLE" }, "geometry": { "type": "Point", "coordinates": [ -94.0014621, 18.21153735 ] } },
{ "type": "Feature", "properties": { "pozo": "CINCO PRESIDENTES-69", "campo": "CINCO PRESIDENTES", "entidad": "TABASCO", "ubicacin": "TERRESTRE", "clasificac": "DESARROLLO", "estado_act": "INACTIVO", "tipo_de_hi": "ACEITE", "fecha_inic": "26-NOV-1962", "fecha_fin_": "24-NOV-1963", "profundida": 3886.0, "profundi_1": 0.0, "trayectori": "VERTICAL", "disponible": "DISPONIBLE" }, "geometry": { "type": "Point", "coordinates": [ -93.99798383, 18.21339367 ] } },
{ "type": "Feature", "properties": { "pozo": "RODADOR-609D", "campo": "RODADOR", "entidad": "TABASCO", "ubicacin": "TERRESTRE", "clasificac": "DESARROLLO", "estado_act": "PRODUCTOR", "tipo_de_hi": "ACEITE", "fecha_inic": "30-JUL-2013", "fecha_fin_": "19-AGO-2013", "profundida": 3222.0, "profundi_1": 3178.7, "trayectori": "DIRECCIONAL", "disponible": "DISPONIBLE" }, "geometry": { "type": "Point", "coordinates": [ -93.9708932, 18.2202326 ] } },
{ "type": "Feature", "properties": { "pozo": "SANCHEZ MAGALLANES-2019", "campo": "MAGALLANES TUCAN PAJONAL", "entidad": "TABASCO", "ubicacin": "TERRESTRE", "clasificac": "DESARROLLO", "estado_act": "PRODUCTOR", "tipo_de_hi": "ACEITE-GAS", "fecha_inic": null, "fecha_fin_": "25-DIC-2013", "profundida": 3400.0, "profundi_1": 0.0, "trayectori": "DIRECCIONAL", "disponible": "DISPONIBLE" }, "geometry": { "type": "Point", "coordinates": [ -93.87354692, 18.10847189 ] } },
{ "type": "Feature", "properties": { "pozo": "SANCHEZ MAGALLANES-2007", "campo": "MAGALLANES TUCAN PAJONAL", "entidad": "TABASCO", "ubicacin": "TERRESTRE", "clasificac": "DESARROLLO", "estado_act": "PRODUCTOR", "tipo_de_hi": "ACEITE", "fecha_inic": null, "fecha_fin_": "28-FEB-2013", "profundida": 2538.0, "profundi_1": 0.0, "trayectori": "DIRECCIONAL", "disponible": "DISPONIBLE" }, "geometry": { "type": "Point", "coordinates": [ -93.88619332, 18.14797357 ] } },
{ "type": "Feature", "properties": { "pozo": "CINCO PRESIDENTES-909D", "campo": "CINCO PRESIDENTES", "entidad": "TABASCO", "ubicacin": "TERRESTRE", "clasificac": "DESARROLLO", "estado_act": "INACTIVO", "tipo_de_hi": "ACEITE", "fecha_inic": "25-JUL-2015", "fecha_fin_": "10-AGO-2015", "profundida": 2541.0, "profundi_1": 0.0, "trayectori": "DIRECCIONAL", "disponible": "DISPONIBLE" }, "geometry": { "type": "Point", "coordinates": [ -94.01340069, 18.20453805 ] } },
{ "type": "Feature", "properties": { "pozo": "SANCHEZ MAGALLANES-2026", "campo": "MAGALLANES TUCAN PAJONAL", "entidad": "TABASCO", "ubicacin": "TERRESTRE", "clasificac": "DESARROLLO", "estado_act": "PRODUCTOR", "tipo_de_hi": "ACEITE", "fecha_inic": "26-FEB-2014", "fecha_fin_": "26-FEB-2014", "profundida": 2432.0, "profundi_1": 0.0, "trayectori": "DIRECCIONAL", "disponible": "DISPONIBLE" }, "geometry": { "type": "Point", "coordinates": [ -93.88989562, 18.14435697 ] } },
{ "type": "Feature", "properties": { "pozo": "RODADOR-705D", "campo": "RODADOR", "entidad": "TABASCO", "ubicacin": "TERRESTRE", "clasificac": "DESARROLLO", "estado_act": "PRODUCTOR", "tipo_de_hi": "ACEITE", "fecha_inic": "24-ENE-2014", "fecha_fin_": "18-FEB-2014", "profundida": 3590.0, "profundi_1": 3533.5, "trayectori": "DIRECCIONAL", "disponible": "DISPONIBLE" }, "geometry": { "type": "Point", "coordinates": [ -93.98419516, 18.23115577 ] } },
{ "type": "Feature", "properties": { "pozo": "RODADOR-704", "campo": "RODADOR", "entidad": "TABASCO", "ubicacin": "TERRESTRE", "clasificac": "DESARROLLO", "estado_act": "INACTIVO", "tipo_de_hi": "ACEITE", "fecha_inic": "03-AGO-2012", "fecha_fin_": "01-SEP-2012", "profundida": 3666.0, "profundi_1": 3598.8, "trayectori": "DIRECCIONAL", "disponible": "DISPONIBLE" }, "geometry": { "type": "Point", "coordinates": [ -93.98382787, 18.23119705 ] } },
{ "type": "Feature", "properties": { "pozo": "CINCO PRESIDENTES-917", "campo": "CINCO PRESIDENTES", "entidad": "TABASCO", "ubicacin": "TERRESTRE", "clasificac": "DESARROLLO", "estado_act": "PRODUCTOR", "tipo_de_hi": "ACEITE", "fecha_inic": "27-DIC-2008", "fecha_fin_": "07-ENE-2009", "profundida": 2428.0, "profundi_1": 2317.4, "trayectori": "DIRECCIONAL", "disponible": "DISPONIBLE" }, "geometry": { "type": "Point", "coordinates": [ -94.01717138, 18.20033716 ] } },
{ "type": "Feature", "properties": { "pozo": "CINCO PRESIDENTES-915", "campo": "CINCO PRESIDENTES", "entidad": "TABASCO", "ubicacin": "TERRESTRE", "clasificac": "DESARROLLO", "estado_act": "PRODUCTOR", "tipo_de_hi": "ACEITE", "fecha_inic": "06-NOV-2008", "fecha_fin_": "02-ENE-2009", "profundida": 3120.0, "profundi_1": 3107.6, "trayectori": "DIRECCIONAL", "disponible": "DISPONIBLE" }, "geometry": { "type": "Point", "coordinates": [ -94.00739487, 18.20982985 ] } },
{ "type": "Feature", "properties": { "pozo": "RODADOR-515", "campo": "RODADOR", "entidad": "TABASCO", "ubicacin": "TERRESTRE", "clasificac": "DESARROLLO", "estado_act": "INACTIVO", "tipo_de_hi": "ACEITE", "fecha_inic": "17-MAY-2007", "fecha_fin_": "29-JUL-2007", "profundida": 3251.0, "profundi_1": 3224.3, "trayectori": "DIRECCIONAL", "disponible": "DISPONIBLE" }, "geometry": { "type": "Point", "coordinates": [ -93.96409987, 18.21667233 ] } },
{ "type": "Feature", "properties": { "pozo": "RODADOR-511", "campo": "RODADOR", "entidad": "TABASCO", "ubicacin": "TERRESTRE", "clasificac": "DESARROLLO", "estado_act": "INACTIVO", "tipo_de_hi": "ACEITE", "fecha_inic": "16-DIC-2007", "fecha_fin_": "07-ENE-2008", "profundida": 3450.0, "profundi_1": 3416.0, "trayectori": "DIRECCIONAL", "disponible": "DISPONIBLE" }, "geometry": { "type": "Point", "coordinates": [ -93.9772266, 18.21668985 ] } },
{ "type": "Feature", "properties": { "pozo": "CINCO PRESIDENTES-921", "campo": "CINCO PRESIDENTES", "entidad": "TABASCO", "ubicacin": "TERRESTRE", "clasificac": "DESARROLLO", "estado_act": "INACTIVO", "tipo_de_hi": "ACEITE", "fecha_inic": "29-FEB-2012", "fecha_fin_": "25-MAR-2012", "profundida": 2752.0, "profundi_1": 2741.5, "trayectori": "DIRECCIONAL", "disponible": "DISPONIBLE" }, "geometry": { "type": "Point", "coordinates": [ -94.01108318, 18.2064661 ] } },
{ "type": "Feature", "properties": { "pozo": "CINCO PRESIDENTES-908D", "campo": "CINCO PRESIDENTES", "entidad": "TABASCO", "ubicacin": "TERRESTRE", "clasificac": "DESARROLLO", "estado_act": "PRODUCTOR", "tipo_de_hi": "ACEITE", "fecha_inic": "12-JUN-2015", "fecha_fin_": "30-JUN-2015", "profundida": 2492.0, "profundi_1": 0.0, "trayectori": "DIRECCIONAL", "disponible": "DISPONIBLE" }, "geometry": { "type": "Point", "coordinates": [ -94.01277133, 18.20401965 ] } },
{ "type": "Feature", "properties": { "pozo": "RODADOR-714", "campo": "RODADOR", "entidad": "TABASCO", "ubicacin": "TERRESTRE", "clasificac": "DESARROLLO", "estado_act": "INACTIVO", "tipo_de_hi": "ACEITE", "fecha_inic": "09-JUN-2013", "fecha_fin_": "09-JUL-2013", "profundida": 3600.0, "profundi_1": 3560.0, "trayectori": "DIRECCIONAL", "disponible": "DISPONIBLE" }, "geometry": { "type": "Point", "coordinates": [ -93.9839652, 18.23129974 ] } },
{ "type": "Feature", "properties": { "pozo": "SANCHEZ MAGALLANES-2028", "campo": "MAGALLANES TUCAN PAJONAL", "entidad": "TABASCO", "ubicacin": "TERRESTRE", "clasificac": "DESARROLLO", "estado_act": "PRODUCTOR", "tipo_de_hi": "ACEITE-GAS", "fecha_inic": null, "fecha_fin_": "02-FEB-2014", "profundida": 2750.0, "profundi_1": 0.0, "trayectori": "DIRECCIONAL", "disponible": "DISPONIBLE" }, "geometry": { "type": "Point", "coordinates": [ -93.87759019, 18.15268548 ] } },
{ "type": "Feature", "properties": { "pozo": "RODADOR-715", "campo": "RODADOR", "entidad": "TABASCO", "ubicacin": "TERRESTRE", "clasificac": "DESARROLLO", "estado_act": "INACTIVO", "tipo_de_hi": "ACEITE", "fecha_inic": "11-MAY-2014", "fecha_fin_": "24-DIC-2014", "profundida": 3594.0, "profundi_1": 0.0, "trayectori": "DIRECCIONAL", "disponible": "DISPONIBLE" }, "geometry": { "type": "Point", "coordinates": [ -93.98387342, 18.23105539 ] } },
{ "type": "Feature", "properties": { "pozo": "RODADOR-605D", "campo": "RODADOR", "entidad": "TABASCO", "ubicacin": "TERRESTRE", "clasificac": "DESARROLLO", "estado_act": "INACTIVO", "tipo_de_hi": "ACEITE", "fecha_inic": "13-JUL-2013", "fecha_fin_": "18-AGO-2013", "profundida": 3300.0, "profundi_1": 3286.7, "trayectori": "DIRECCIONAL", "disponible": "DISPONIBLE" }, "geometry": { "type": "Point", "coordinates": [ -93.97098212, 18.21677516 ] } },
{ "type": "Feature", "properties": { "pozo": "CINCO PRESIDENTES-909", "campo": "CINCO PRESIDENTES", "entidad": "TABASCO", "ubicacin": "TERRESTRE", "clasificac": "DESARROLLO", "estado_act": "INACTIVO", "tipo_de_hi": "ACEITE", "fecha_inic": "05-SEP-2009", "fecha_fin_": "17-SEP-2009", "profundida": 2493.0, "profundi_1": 2411.5, "trayectori": "DIRECCIONAL", "disponible": "DISPONIBLE" }, "geometry": { "type": "Point", "coordinates": [ -94.01307223, 18.20390762 ] } },
{ "type": "Feature", "properties": { "pozo": "CINCO PRESIDENTES-910", "campo": "CINCO PRESIDENTES", "entidad": "TABASCO", "ubicacin": "TERRESTRE", "clasificac": "DESARROLLO", "estado_act": "PRODUCTOR", "tipo_de_hi": "ACEITE", "fecha_inic": "02-OCT-2009", "fecha_fin_": "17-OCT-2009", "profundida": 2558.0, "profundi_1": 2445.0, "trayectori": "DIRECCIONAL", "disponible": "DISPONIBLE" }, "geometry": { "type": "Point", "coordinates": [ -94.01301779, 18.20425449 ] } },
{ "type": "Feature", "properties": { "pozo": "CINCO PRESIDENTES-913", "campo": "CINCO PRESIDENTES", "entidad": "TABASCO", "ubicacin": "TERRESTRE", "clasificac": "DESARROLLO", "estado_act": "PRODUCTOR", "tipo_de_hi": "ACEITE", "fecha_inic": "31-OCT-2009", "fecha_fin_": "23-NOV-2009", "profundida": 2619.0, "profundi_1": 2610.3, "trayectori": "DIRECCIONAL", "disponible": "DISPONIBLE" }, "geometry": { "type": "Point", "coordinates": [ -94.01287497, 18.2041346 ] } },
{ "type": "Feature", "properties": { "pozo": "CINCO PRESIDENTES-907", "campo": "CINCO PRESIDENTES", "entidad": "TABASCO", "ubicacin": "TERRESTRE", "clasificac": "DESARROLLO", "estado_act": "INACTIVO", "tipo_de_hi": "ACEITE", "fecha_inic": "07-OCT-2008", "fecha_fin_": "23-OCT-2008", "profundida": 2349.0, "profundi_1": 2271.1, "trayectori": "DIRECCIONAL", "disponible": "DISPONIBLE" }, "geometry": { "type": "Point", "coordinates": [ -94.00844367, 18.20116902 ] } },
{ "type": "Feature", "properties": { "pozo": "CINCO PRESIDENTES-911", "campo": "CINCO PRESIDENTES", "entidad": "TABASCO", "ubicacin": "TERRESTRE", "clasificac": "DESARROLLO", "estado_act": "PRODUCTOR", "tipo_de_hi": "ACEITE", "fecha_inic": "20-ENE-2009", "fecha_fin_": "02-MAR-2009", "profundida": 2400.0, "profundi_1": 2383.0, "trayectori": "DIRECCIONAL", "disponible": "DISPONIBLE" }, "geometry": { "type": "Point", "coordinates": [ -94.00828244, 18.20131645 ] } },
{ "type": "Feature", "properties": { "pozo": "CINCO PRESIDENTES-914", "campo": "CINCO PRESIDENTES", "entidad": "TABASCO", "ubicacin": "TERRESTRE", "clasificac": "DESARROLLO", "estado_act": "INACTIVO", "tipo_de_hi": "ACEITE", "fecha_inic": "07-NOV-2008", "fecha_fin_": "18-NOV-2008", "profundida": 2464.0, "profundi_1": 2422.6, "trayectori": "DIRECCIONAL", "disponible": "DISPONIBLE" }, "geometry": { "type": "Point", "coordinates": [ -94.01681084, 18.20033781 ] } },
{ "type": "Feature", "properties": { "pozo": "SANCHEZ MAGALLANES-1401", "campo": "MAGALLANES TUCAN PAJONAL", "entidad": "TABASCO", "ubicacin": "TERRESTRE", "clasificac": "DESARROLLO", "estado_act": "PRODUCTOR", "tipo_de_hi": "ACEITE", "fecha_inic": "16-NOV-2007", "fecha_fin_": "08-DIC-2007", "profundida": 3466.0, "profundi_1": 3434.4, "trayectori": "DIRECCIONAL", "disponible": "DISPONIBLE" }, "geometry": { "type": "Point", "coordinates": [ -93.8737161, 18.10851134 ] } },
{ "type": "Feature", "properties": { "pozo": "RODADOR-711", "campo": "RODADOR", "entidad": "TABASCO", "ubicacin": "TERRESTRE", "clasificac": "DESARROLLO", "estado_act": "INACTIVO", "tipo_de_hi": "ACEITE", "fecha_inic": "19-ABR-2013", "fecha_fin_": "17-JUL-2013", "profundida": 3470.0, "profundi_1": 3413.1, "trayectori": "DIRECCIONAL", "disponible": "DISPONIBLE" }, "geometry": { "type": "Point", "coordinates": [ -93.96737865, 18.21489588 ] } },
{ "type": "Feature", "properties": { "pozo": "CINCO PRESIDENTES-912", "campo": "CINCO PRESIDENTES", "entidad": "TABASCO", "ubicacin": "TERRESTRE", "clasificac": "DESARROLLO", "estado_act": "INACTIVO", "tipo_de_hi": "ACEITE", "fecha_inic": "14-AGO-2008", "fecha_fin_": "29-SEP-2008", "profundida": 3059.0, "profundi_1": 3048.2, "trayectori": "DIRECCIONAL", "disponible": "DISPONIBLE" }, "geometry": { "type": "Point", "coordinates": [ -94.00764951, 18.20971103 ] } },
{ "type": "Feature", "properties": { "pozo": "KEPI-1", "campo": "MAGALLANES TUCAN PAJONAL", "entidad": "TABASCO", "ubicacin": "TERRESTRE", "clasificac": "EXPLORATORIO", "estado_act": "CERRADO", "tipo_de_hi": "ACEITE", "fecha_inic": "24-MAR-2009", "fecha_fin_": "08-JUN-2010", "profundida": 5616.0, "profundi_1": 5160.1, "trayectori": "DIRECCIONAL", "disponible": "DISPONIBLE" }, "geometry": { "type": "Point", "coordinates": [ -93.92325523, 18.12840293 ] } },
{ "type": "Feature", "properties": { "pozo": "CINCO PRESIDENTES-905", "campo": "CINCO PRESIDENTES", "entidad": "TABASCO", "ubicacin": "TERRESTRE", "clasificac": "DESARROLLO", "estado_act": "INACTIVO", "tipo_de_hi": "ACEITE", "fecha_inic": "01-NOV-2008", "fecha_fin_": "12-DIC-2008", "profundida": 3095.0, "profundi_1": 3064.5, "trayectori": "DIRECCIONAL", "disponible": "DISPONIBLE" }, "geometry": { "type": "Point", "coordinates": [ -94.0112504, 18.21756359 ] } },
{ "type": "Feature", "properties": { "pozo": "CINCO PRESIDENTES-904", "campo": "CINCO PRESIDENTES", "entidad": "TABASCO", "ubicacin": "TERRESTRE", "clasificac": "DESARROLLO", "estado_act": "PRODUCTOR", "tipo_de_hi": "ACEITE", "fecha_inic": "18-AGO-2008", "fecha_fin_": "31-AGO-2008", "profundida": 2480.0, "profundi_1": 2465.0, "trayectori": "DIRECCIONAL", "disponible": "DISPONIBLE" }, "geometry": { "type": "Point", "coordinates": [ -94.01707878, 18.20041429 ] } },
{ "type": "Feature", "properties": { "pozo": "CINCO PRESIDENTES-906", "campo": "CINCO PRESIDENTES", "entidad": "TABASCO", "ubicacin": "TERRESTRE", "clasificac": "DESARROLLO", "estado_act": "INACTIVO", "tipo_de_hi": "ACEITE", "fecha_inic": "08-SEP-2008", "fecha_fin_": "29-SEP-2008", "profundida": 2351.0, "profundi_1": 2306.5, "trayectori": "DIRECCIONAL", "disponible": "DISPONIBLE" }, "geometry": { "type": "Point", "coordinates": [ -94.00832204, 18.2011814 ] } },
{ "type": "Feature", "properties": { "pozo": "RODADOR-702D", "campo": "RODADOR", "entidad": "TABASCO", "ubicacin": "TERRESTRE", "clasificac": "DESARROLLO", "estado_act": "PRODUCTOR", "tipo_de_hi": "ACEITE", "fecha_inic": "06-OCT-2013", "fecha_fin_": "26-OCT-2013", "profundida": 3300.0, "profundi_1": 3197.0, "trayectori": "DIRECCIONAL", "disponible": "DISPONIBLE" }, "geometry": { "type": "Point", "coordinates": [ -93.97407058, 18.2219222 ] } },
{ "type": "Feature", "properties": { "pozo": "RODADOR-710", "campo": "RODADOR", "entidad": "TABASCO", "ubicacin": "TERRESTRE", "clasificac": "DESARROLLO", "estado_act": "INACTIVO", "tipo_de_hi": "ACEITE", "fecha_inic": "18-SEP-2013", "fecha_fin_": "22-OCT-2013", "profundida": 3546.0, "profundi_1": 3525.5, "trayectori": "DIRECCIONAL", "disponible": "DISPONIBLE" }, "geometry": { "type": "Point", "coordinates": [ -93.97732511, 18.22039595 ] } },
{ "type": "Feature", "properties": { "pozo": "SANCHEZ MAGALLANES-2016", "campo": "MAGALLANES TUCAN PAJONAL", "entidad": "TABASCO", "ubicacin": "TERRESTRE", "clasificac": "DESARROLLO", "estado_act": "PRODUCTOR", "tipo_de_hi": "ACEITE-GAS", "fecha_inic": null, "fecha_fin_": "26-NOV-2013", "profundida": 3310.98, "profundi_1": 0.0, "trayectori": "DIRECCIONAL", "disponible": "DISPONIBLE" }, "geometry": { "type": "Point", "coordinates": [ -93.87360521, 18.10854302 ] } },
{ "type": "Feature", "properties": { "pozo": "SANCHEZ MAGALLANES-2015", "campo": "MAGALLANES TUCAN PAJONAL", "entidad": "TABASCO", "ubicacin": "TERRESTRE", "clasificac": "DESARROLLO", "estado_act": "PRODUCTOR", "tipo_de_hi": "ACEITE-GAS", "fecha_inic": null, "fecha_fin_": "17-AGO-2013", "profundida": 2984.0, "profundi_1": 0.0, "trayectori": "DIRECCIONAL", "disponible": "DISPONIBLE" }, "geometry": { "type": "Point", "coordinates": [ -93.88624305, 18.14791722 ] } },
{ "type": "Feature", "properties": { "pozo": "RODADOR-520", "campo": "RODADOR", "entidad": "TABASCO", "ubicacin": "TERRESTRE", "clasificac": "DESARROLLO", "estado_act": "INACTIVO", "tipo_de_hi": "ACEITE", "fecha_inic": "04-ABR-2009", "fecha_fin_": "04-JUN-2009", "profundida": 3472.0, "profundi_1": 3462.0, "trayectori": "DIRECCIONAL", "disponible": "DISPONIBLE" }, "geometry": { "type": "Point", "coordinates": [ -93.97074954, 18.22014485 ] } },
{ "type": "Feature", "properties": { "pozo": "RODADOR-605", "campo": "RODADOR", "entidad": "TABASCO", "ubicacin": "TERRESTRE", "clasificac": "DESARROLLO", "estado_act": "PRODUCTOR", "tipo_de_hi": "ACEITE", "fecha_inic": "12-NOV-2010", "fecha_fin_": "05-DIC-2010", "profundida": 3563.0, "profundi_1": 3479.9, "trayectori": "DIRECCIONAL", "disponible": "DISPONIBLE" }, "geometry": { "type": "Point", "coordinates": [ -93.9708025, 18.21652899 ] } },
{ "type": "Feature", "properties": { "pozo": "CINCO PRESIDENTES-916", "campo": "CINCO PRESIDENTES", "entidad": "TABASCO", "ubicacin": "TERRESTRE", "clasificac": "DESARROLLO", "estado_act": "INACTIVO", "tipo_de_hi": "ACEITE", "fecha_inic": "05-DIC-2008", "fecha_fin_": "17-DIC-2008", "profundida": 2588.0, "profundi_1": 2500.7, "trayectori": "DIRECCIONAL", "disponible": "DISPONIBLE" }, "geometry": { "type": "Point", "coordinates": [ -94.01681084, 18.20033781 ] } },
{ "type": "Feature", "properties": { "pozo": "RODADOR-520D", "campo": "RODADOR", "entidad": "TABASCO", "ubicacin": "TERRESTRE", "clasificac": "DESARROLLO", "estado_act": "PRODUCTOR", "tipo_de_hi": "ACEITE", "fecha_inic": "27-AGO-2013", "fecha_fin_": "01-OCT-2013", "profundida": 3484.0, "profundi_1": 3467.0, "trayectori": "DIRECCIONAL", "disponible": "DISPONIBLE" }, "geometry": { "type": "Point", "coordinates": [ -93.9709972, 18.22029525 ] } },
{ "type": "Feature", "properties": { "pozo": "RODADOR-518", "campo": "RODADOR", "entidad": "TABASCO", "ubicacin": "TERRESTRE", "clasificac": "DESARROLLO", "estado_act": "PRODUCTOR", "tipo_de_hi": "ACEITE", "fecha_inic": "16-ENE-2008", "fecha_fin_": "06-FEB-2008", "profundida": 3127.0, "profundi_1": 3114.5, "trayectori": "DIRECCIONAL", "disponible": "DISPONIBLE" }, "geometry": { "type": "Point", "coordinates": [ -93.97068633, 18.22024043 ] } },
{ "type": "Feature", "properties": { "pozo": "RODADOR-519", "campo": "RODADOR", "entidad": "TABASCO", "ubicacin": "TERRESTRE", "clasificac": "DESARROLLO", "estado_act": "PRODUCTOR", "tipo_de_hi": "ACEITE", "fecha_inic": "28-ENE-2008", "fecha_fin_": "17-FEB-2008", "profundida": 3427.0, "profundi_1": 3369.0, "trayectori": "DIRECCIONAL", "disponible": "DISPONIBLE" }, "geometry": { "type": "Point", "coordinates": [ -93.9673774, 18.21841867 ] } },
{ "type": "Feature", "properties": { "pozo": "CINCO PRESIDENTES-901", "campo": "CINCO PRESIDENTES", "entidad": "TABASCO", "ubicacin": "TERRESTRE", "clasificac": "DESARROLLO", "estado_act": "INACTIVO", "tipo_de_hi": "ACEITE", "fecha_inic": "06-JUN-2008", "fecha_fin_": "18-JUN-2008", "profundida": 2490.0, "profundi_1": 2470.5, "trayectori": "DIRECCIONAL", "disponible": "DISPONIBLE" }, "geometry": { "type": "Point", "coordinates": [ -94.0167262, 18.2005641 ] } },
{ "type": "Feature", "properties": { "pozo": "CINCO PRESIDENTES-902", "campo": "CINCO PRESIDENTES", "entidad": "TABASCO", "ubicacin": "TERRESTRE", "clasificac": "DESARROLLO", "estado_act": "INACTIVO", "tipo_de_hi": "ACEITE", "fecha_inic": "28-JUN-2008", "fecha_fin_": "11-JUL-2008", "profundida": 2456.0, "profundi_1": 2406.9, "trayectori": "DIRECCIONAL", "disponible": "DISPONIBLE" }, "geometry": { "type": "Point", "coordinates": [ -94.01681889, 18.20048697 ] } },
{ "type": "Feature", "properties": { "pozo": "CINCO PRESIDENTES-903", "campo": "CINCO PRESIDENTES", "entidad": "TABASCO", "ubicacin": "TERRESTRE", "clasificac": "DESARROLLO", "estado_act": "INACTIVO", "tipo_de_hi": "ACEITE", "fecha_inic": "21-JUL-2008", "fecha_fin_": "08-AGO-2008", "profundida": 2458.0, "profundi_1": 2419.5, "trayectori": "DIRECCIONAL", "disponible": "DISPONIBLE" }, "geometry": { "type": "Point", "coordinates": [ -94.01698609, 18.20049151 ] } },
{ "type": "Feature", "properties": { "pozo": "CINCO PRESIDENTES-908", "campo": "CINCO PRESIDENTES", "entidad": "TABASCO", "ubicacin": "TERRESTRE", "clasificac": "DESARROLLO", "estado_act": "INACTIVO", "tipo_de_hi": "ACEITE", "fecha_inic": "13-JUN-2009", "fecha_fin_": "25-JUN-2009", "profundida": 2502.0, "profundi_1": 2481.2, "trayectori": "DIRECCIONAL", "disponible": "DISPONIBLE" }, "geometry": { "type": "Point", "coordinates": [ -94.01298769, 18.2040213 ] } },
{ "type": "Feature", "properties": { "pozo": "CINCO PRESIDENTES-112T", "campo": "CINCO PRESIDENTES", "entidad": "TABASCO", "ubicacin": "TERRESTRE", "clasificac": "DESARROLLO", "estado_act": "CERRADO", "tipo_de_hi": "ACEITE", "fecha_inic": "21-JUL-1982", "fecha_fin_": "27-AGO-1982", "profundida": 2596.0, "profundi_1": 0.0, "trayectori": "VERTICAL", "disponible": "DISPONIBLE" }, "geometry": { "type": "Point", "coordinates": [ -93.99930161, 18.18778351 ] } },
{ "type": "Feature", "properties": { "pozo": "SANCHEZ MAGALLANES-2027", "campo": "MAGALLANES TUCAN PAJONAL", "entidad": "TABASCO", "ubicacin": "TERRESTRE", "clasificac": "DESARROLLO", "estado_act": "PRODUCTOR", "tipo_de_hi": "ACEITE", "fecha_inic": "20-MAR-2014", "fecha_fin_": "01-ABR-2014", "profundida": 2559.0, "profundi_1": 0.0, "trayectori": "DIRECCIONAL", "disponible": "DISPONIBLE" }, "geometry": { "type": "Point", "coordinates": [ -93.88997063, 18.14438437 ] } },
{ "type": "Feature", "properties": { "pozo": "CINCO PRESIDENTES-922", "campo": "CINCO PRESIDENTES", "entidad": "TABASCO", "ubicacin": "TERRESTRE", "clasificac": "DESARROLLO", "estado_act": "INACTIVO", "tipo_de_hi": "ACEITE", "fecha_inic": "15-NOV-2012", "fecha_fin_": "09-DIC-2012", "profundida": 2684.0, "profundi_1": 2574.0, "trayectori": "DIRECCIONAL", "disponible": "DISPONIBLE" }, "geometry": { "type": "Point", "coordinates": [ -94.01321817, 18.20420734 ] } },
{ "type": "Feature", "properties": { "pozo": "SANCHEZ MAGALLANES-2005", "campo": "MAGALLANES TUCAN PAJONAL", "entidad": "TABASCO", "ubicacin": "TERRESTRE", "clasificac": "DESARROLLO", "estado_act": "INACTIVO", "tipo_de_hi": "ACEITE", "fecha_inic": null, "fecha_fin_": "12-DIC-2013", "profundida": 2374.0, "profundi_1": 0.0, "trayectori": "DIRECCIONAL", "disponible": "DISPONIBLE" }, "geometry": { "type": "Point", "coordinates": [ -93.88626107, 18.14785432 ] } },
{ "type": "Feature", "properties": { "pozo": "RODADOR-713", "campo": "RODADOR", "entidad": "TABASCO", "ubicacin": "TERRESTRE", "clasificac": "DESARROLLO", "estado_act": "INACTIVO", "tipo_de_hi": "ACEITE", "fecha_inic": "20-MAY-2013", "fecha_fin_": "13-JUN-2013", "profundida": 3463.0, "profundi_1": 3452.0, "trayectori": "DIRECCIONAL", "disponible": "DISPONIBLE" }, "geometry": { "type": "Point", "coordinates": [ -93.97399944, 18.22156143 ] } },
{ "type": "Feature", "properties": { "pozo": "RODADOR-712", "campo": "RODADOR", "entidad": "TABASCO", "ubicacin": "TERRESTRE", "clasificac": "DESARROLLO", "estado_act": "INACTIVO", "tipo_de_hi": "ACEITE", "fecha_inic": "22-MAY-2013", "fecha_fin_": "18-JUN-2013", "profundida": 3425.0, "profundi_1": 3414.0, "trayectori": "DIRECCIONAL", "disponible": "DISPONIBLE" }, "geometry": { "type": "Point", "coordinates": [ -93.97407065, 18.21831339 ] } },
{ "type": "Feature", "properties": { "pozo": "RODADOR-608D", "campo": "RODADOR", "entidad": "TABASCO", "ubicacin": "TERRESTRE", "clasificac": "DESARROLLO", "estado_act": "INACTIVO", "tipo_de_hi": "ACEITE", "fecha_inic": "06-NOV-2012", "fecha_fin_": "02-DIC-2013", "profundida": 3175.0, "profundi_1": 3139.0, "trayectori": "DIRECCIONAL", "disponible": "DISPONIBLE" }, "geometry": { "type": "Point", "coordinates": [ -93.97362473, 18.22182994 ] } },
{ "type": "Feature", "properties": { "pozo": "RODADOR-602", "campo": "RODADOR", "entidad": "TABASCO", "ubicacin": "TERRESTRE", "clasificac": "DESARROLLO", "estado_act": "INACTIVO", "tipo_de_hi": "ACEITE", "fecha_inic": "02-OCT-2010", "fecha_fin_": "20-OCT-2010", "profundida": 3404.0, "profundi_1": 3370.6, "trayectori": "DIRECCIONAL", "disponible": "DISPONIBLE" }, "geometry": { "type": "Point", "coordinates": [ -93.9739226, 18.21480212 ] } },
{ "type": "Feature", "properties": { "pozo": "CINCO PRESIDENTES-803", "campo": "CINCO PRESIDENTES", "entidad": "TABASCO", "ubicacin": "TERRESTRE", "clasificac": "DESARROLLO", "estado_act": "INACTIVO", "tipo_de_hi": "ACEITE", "fecha_inic": "08-MAY-2015", "fecha_fin_": "30-MAY-2015", "profundida": 2524.0, "profundi_1": 0.0, "trayectori": "DIRECCIONAL", "disponible": "DISPONIBLE" }, "geometry": { "type": "Point", "coordinates": [ -94.01314172, 18.20392189 ] } },
{ "type": "Feature", "properties": { "pozo": "SANCHEZ MAGALLANES-2032", "campo": "MAGALLANES TUCAN PAJONAL", "entidad": "TABASCO", "ubicacin": "TERRESTRE", "clasificac": "DESARROLLO", "estado_act": "INACTIVO", "tipo_de_hi": "ACEITE", "fecha_inic": "09-ABR-2014", "fecha_fin_": "20-ABR-2014", "profundida": 2450.0, "profundi_1": 0.0, "trayectori": "DIRECCIONAL", "disponible": "DISPONIBLE" }, "geometry": { "type": "Point", "coordinates": [ -93.89010921, 18.14429136 ] } },
{ "type": "Feature", "properties": { "pozo": "RODADOR-501D", "campo": "RODADOR", "entidad": "TABASCO", "ubicacin": "TERRESTRE", "clasificac": "DESARROLLO", "estado_act": "INACTIVO", "tipo_de_hi": "ACEITE", "fecha_inic": "20-JUN-2013", "fecha_fin_": "18-JUL-2013", "profundida": 3385.0, "profundi_1": 3310.0, "trayectori": "DIRECCIONAL", "disponible": "DISPONIBLE" }, "geometry": { "type": "Point", "coordinates": [ -93.97377656, 18.22165023 ] } },
{ "type": "Feature", "properties": { "pozo": "RODADOR-643", "campo": "RODADOR", "entidad": "TABASCO", "ubicacin": "TERRESTRE", "clasificac": "DESARROLLO", "estado_act": "INACTIVO", "tipo_de_hi": "ACEITE", "fecha_inic": "26-ENE-2014", "fecha_fin_": "25-FEB-2014", "profundida": 3600.0, "profundi_1": 3455.0, "trayectori": "DIRECCIONAL", "disponible": "DISPONIBLE" }, "geometry": { "type": "Point", "coordinates": [ -93.96414346, 18.21974529 ] } },
{ "type": "Feature", "properties": { "pozo": "RODADOR-608", "campo": "RODADOR", "entidad": "TABASCO", "ubicacin": "TERRESTRE", "clasificac": "DESARROLLO", "estado_act": "PRODUCTOR", "tipo_de_hi": "ACEITE", "fecha_inic": "16-SEP-2010", "fecha_fin_": "07-OCT-2010", "profundida": 3422.0, "profundi_1": 3370.6, "trayectori": "DIRECCIONAL", "disponible": "DISPONIBLE" }, "geometry": { "type": "Point", "coordinates": [ -93.97385861, 18.22204407 ] } },
{ "type": "Feature", "properties": { "pozo": "RODADOR-600", "campo": "RODADOR", "entidad": "TABASCO", "ubicacin": "TERRESTRE", "clasificac": "DESARROLLO", "estado_act": "INACTIVO", "tipo_de_hi": "ACEITE", "fecha_inic": "10-MAY-2010", "fecha_fin_": "26-MAY-2010", "profundida": 3380.0, "profundi_1": 3369.0, "trayectori": "DIRECCIONAL", "disponible": "DISPONIBLE" }, "geometry": { "type": "Point", "coordinates": [ -93.97082479, 18.22005527 ] } },
{ "type": "Feature", "properties": { "pozo": "RODADOR-707", "campo": "RODADOR", "entidad": "TABASCO", "ubicacin": "TERRESTRE", "clasificac": "DESARROLLO", "estado_act": "INACTIVO", "tipo_de_hi": "ACEITE", "fecha_inic": "27-MAY-2013", "fecha_fin_": "03-JUL-2013", "profundida": 3376.0, "profundi_1": 3316.0, "trayectori": "DIRECCIONAL", "disponible": "DISPONIBLE" }, "geometry": { "type": "Point", "coordinates": [ -93.97086106, 18.21670447 ] } },
{ "type": "Feature", "properties": { "pozo": "RODADOR-709", "campo": "RODADOR", "entidad": "TABASCO", "ubicacin": "TERRESTRE", "clasificac": "DESARROLLO", "estado_act": "INACTIVO", "tipo_de_hi": "ACEITE", "fecha_inic": "25-JUL-2013", "fecha_fin_": "09-SEP-2013", "profundida": 3533.0, "profundi_1": 3519.1, "trayectori": "DIRECCIONAL", "disponible": "DISPONIBLE" }, "geometry": { "type": "Point", "coordinates": [ -93.97720217, 18.22039657 ] } },
{ "type": "Feature", "properties": { "pozo": "RODADOR-85D", "campo": "RODADOR", "entidad": "TABASCO", "ubicacin": "TERRESTRE", "clasificac": "DESARROLLO", "estado_act": "INACTIVO", "tipo_de_hi": "ACEITE", "fecha_inic": "08-JUL-2010", "fecha_fin_": "02-AGO-2010", "profundida": 3416.0, "profundi_1": 3414.0, "trayectori": "DIRECCIONAL", "disponible": "DISPONIBLE" }, "geometry": { "type": "Point", "coordinates": [ -93.97391719, 18.2184369 ] } },
{ "type": "Feature", "properties": { "pozo": "RODADOR-606", "campo": "RODADOR", "entidad": "TABASCO", "ubicacin": "TERRESTRE", "clasificac": "DESARROLLO", "estado_act": "INACTIVO", "tipo_de_hi": "ACEITE", "fecha_inic": "10-AGO-2010", "fecha_fin_": "26-AGO-2010", "profundida": 3435.0, "profundi_1": 3420.0, "trayectori": "DIRECCIONAL", "disponible": "DISPONIBLE" }, "geometry": { "type": "Point", "coordinates": [ -93.97392913, 18.21830634 ] } },
{ "type": "Feature", "properties": { "pozo": "RODADOR-609", "campo": "RODADOR", "entidad": "TABASCO", "ubicacin": "TERRESTRE", "clasificac": "DESARROLLO", "estado_act": "INACTIVO", "tipo_de_hi": "ACEITE", "fecha_inic": "05-JUN-2010", "fecha_fin_": "27-JUN-2010", "profundida": 3250.0, "profundi_1": 3216.2, "trayectori": "DIRECCIONAL", "disponible": "DISPONIBLE" }, "geometry": { "type": "Point", "coordinates": [ -93.97088446, 18.21995276 ] } },
{ "type": "Feature", "properties": { "pozo": "RODADOR-704D", "campo": "RODADOR", "entidad": "TABASCO", "ubicacin": "TERRESTRE", "clasificac": "DESARROLLO", "estado_act": "TAPONAMIENTO PERMANENTE", "tipo_de_hi": "ACEITE", "fecha_inic": "25-AGO-2013", "fecha_fin_": "17-SEP-2013", "profundida": 3600.0, "profundi_1": 3566.2, "trayectori": "DIRECCIONAL", "disponible": "DISPONIBLE" }, "geometry": { "type": "Point", "coordinates": [ -93.98407304, 18.23116941 ] } },
{ "type": "Feature", "properties": { "pozo": "RODADOR-601", "campo": "RODADOR", "entidad": "TABASCO", "ubicacin": "TERRESTRE", "clasificac": "DESARROLLO", "estado_act": "PRODUCTOR", "tipo_de_hi": "ACEITE", "fecha_inic": "18-OCT-2010", "fecha_fin_": "04-NOV-2010", "profundida": 3340.0, "profundi_1": 3319.0, "trayectori": "DIRECCIONAL", "disponible": "DISPONIBLE" }, "geometry": { "type": "Point", "coordinates": [ -93.97051633, 18.21669781 ] } },
{ "type": "Feature", "properties": { "pozo": "RODADOR-706", "campo": "RODADOR", "entidad": "TABASCO", "ubicacin": "TERRESTRE", "clasificac": "DESARROLLO", "estado_act": "PRODUCTOR", "tipo_de_hi": "ACEITE", "fecha_inic": "28-ENE-2013", "fecha_fin_": "28-MAR-2013", "profundida": 3463.0, "profundi_1": 3411.0, "trayectori": "DIRECCIONAL", "disponible": "DISPONIBLE" }, "geometry": { "type": "Point", "coordinates": [ -93.97401797, 18.21469147 ] } },
{ "type": "Feature", "properties": { "pozo": "RODADOR-1199", "campo": "RODADOR", "entidad": "TABASCO", "ubicacin": "TERRESTRE", "clasificac": "DESARROLLO", "estado_act": "INACTIVO", "tipo_de_hi": "ACEITE", "fecha_inic": "10-ENE-2013", "fecha_fin_": "11-ABR-2013", "profundida": 3152.0, "profundi_1": 3150.0, "trayectori": "DIRECCIONAL", "disponible": "DISPONIBLE" }, "geometry": { "type": "Point", "coordinates": [ -93.9674889, 18.21833514 ] } },
{ "type": "Feature", "properties": { "pozo": "RODADOR-708", "campo": "RODADOR", "entidad": "TABASCO", "ubicacin": "TERRESTRE", "clasificac": "DESARROLLO", "estado_act": "INACTIVO", "tipo_de_hi": "ACEITE", "fecha_inic": "18-ABR-2013", "fecha_fin_": "12-MAY-2013", "profundida": 3456.0, "profundi_1": 3435.0, "trayectori": "DIRECCIONAL", "disponible": "DISPONIBLE" }, "geometry": { "type": "Point", "coordinates": [ -93.97400009, 18.22167891 ] } },
{ "type": "Feature", "properties": { "pozo": "RODADOR-705", "campo": "RODADOR", "entidad": "TABASCO", "ubicacin": "TERRESTRE", "clasificac": "DESARROLLO", "estado_act": "INACTIVO", "tipo_de_hi": "ACEITE", "fecha_inic": "15-SEP-2012", "fecha_fin_": "21-OCT-2012", "profundida": 3671.0, "profundi_1": 3571.0, "trayectori": "DIRECCIONAL", "disponible": "DISPONIBLE" }, "geometry": { "type": "Point", "coordinates": [ -93.98395093, 18.23118305 ] } },
{ "type": "Feature", "properties": { "pozo": "SAN ALFONSO-60", "campo": "SAN ALFONSO", "entidad": "TABASCO", "ubicacin": "TERRESTRE", "clasificac": "DESARROLLO", "estado_act": "CERRADO", "tipo_de_hi": null, "fecha_inic": "14-JUN-1981", "fecha_fin_": "04-AGO-1981", "profundida": 3286.0, "profundi_1": 3286.0, "trayectori": "VERTICAL", "disponible": "DISPONIBLE" }, "geometry": { "type": "Point", "coordinates": [ -93.98081463, 18.24661669 ] } },
{ "type": "Feature", "properties": { "pozo": "SANCHEZ MAGALLANES-123", "campo": "MAGALLANES TUCAN PAJONAL", "entidad": "TABASCO", "ubicacin": "TERRESTRE", "clasificac": "DESARROLLO", "estado_act": "CERRADO", "tipo_de_hi": null, "fecha_inic": "17-SEP-1960", "fecha_fin_": "17-SEP-1960", "profundida": 2247.2, "profundi_1": 2247.2, "trayectori": "VERTICAL", "disponible": "DISPONIBLE" }, "geometry": { "type": "Point", "coordinates": [ -93.89492358, 18.17096011 ] } },
{ "type": "Feature", "properties": { "pozo": "SANCHEZ MAGALLANES-127T", "campo": "MAGALLANES TUCAN PAJONAL", "entidad": "TABASCO", "ubicacin": "TERRESTRE", "clasificac": "DESARROLLO", "estado_act": "CERRADO", "tipo_de_hi": "ACEITE", "fecha_inic": "05-AGO-1961", "fecha_fin_": "23-AGO-1961", "profundida": 2360.0, "profundi_1": 2360.0, "trayectori": "VERTICAL", "disponible": "DISPONIBLE" }, "geometry": { "type": "Point", "coordinates": [ -93.88532962, 18.13958618 ] } },
{ "type": "Feature", "properties": { "pozo": "SANCHEZ MAGALLANES-135D", "campo": "MAGALLANES TUCAN PAJONAL", "entidad": "TABASCO", "ubicacin": "TERRESTRE", "clasificac": "DESARROLLO", "estado_act": "CERRADO", "tipo_de_hi": "ACEITE", "fecha_inic": "25-ENE-1961", "fecha_fin_": "25-ENE-1961", "profundida": 2190.0, "profundi_1": 2190.0, "trayectori": "VERTICAL", "disponible": "DISPONIBLE" }, "geometry": { "type": "Point", "coordinates": [ -93.88537892, 18.1554247 ] } },
{ "type": "Feature", "properties": { "pozo": "SANCHEZ MAGALLANES-135T", "campo": "MAGALLANES TUCAN PAJONAL", "entidad": "TABASCO", "ubicacin": "TERRESTRE", "clasificac": "DESARROLLO", "estado_act": "CERRADO", "tipo_de_hi": "ACEITE", "fecha_inic": "09-FEB-1961", "fecha_fin_": "09-FEB-1961", "profundida": 2100.0, "profundi_1": 2100.0, "trayectori": "VERTICAL", "disponible": "DISPONIBLE" }, "geometry": { "type": "Point", "coordinates": [ -93.88532353, 18.15542568 ] } },
{ "type": "Feature", "properties": { "pozo": "SANCHEZ MAGALLANES-137C", "campo": "MAGALLANES TUCAN PAJONAL", "entidad": "TABASCO", "ubicacin": "TERRESTRE", "clasificac": "DESARROLLO", "estado_act": "CERRADO", "tipo_de_hi": "ACEITE", "fecha_inic": "01-DIC-1961", "fecha_fin_": "01-DIC-1961", "profundida": 2055.0, "profundi_1": 2055.0, "trayectori": "VERTICAL", "disponible": "DISPONIBLE" }, "geometry": { "type": "Point", "coordinates": [ -93.88620281, 18.15381411 ] } },
{ "type": "Feature", "properties": { "pozo": "SANCHEZ MAGALLANES-138T", "campo": "MAGALLANES TUCAN PAJONAL", "entidad": "TABASCO", "ubicacin": "TERRESTRE", "clasificac": "DESARROLLO", "estado_act": "CERRADO", "tipo_de_hi": "ACEITE", "fecha_inic": "31-MAY-1961", "fecha_fin_": "31-MAY-1961", "profundida": 2250.0, "profundi_1": 2250.0, "trayectori": "VERTICAL", "disponible": "DISPONIBLE" }, "geometry": { "type": "Point", "coordinates": [ -93.88267269, 18.15381859 ] } },
{ "type": "Feature", "properties": { "pozo": "SANCHEZ MAGALLANES-139D", "campo": "MAGALLANES TUCAN PAJONAL", "entidad": "TABASCO", "ubicacin": "TERRESTRE", "clasificac": "DESARROLLO", "estado_act": "CERRADO", "tipo_de_hi": "ACEITE", "fecha_inic": "02-ABR-1962", "fecha_fin_": "02-ABR-1962", "profundida": 2730.0, "profundi_1": 2730.0, "trayectori": "VERTICAL", "disponible": "DISPONIBLE" }, "geometry": { "type": "Point", "coordinates": [ -93.88541917, 18.15217259 ] } },
{ "type": "Feature", "properties": { "pozo": "SANCHEZ MAGALLANES-140D", "campo": "MAGALLANES TUCAN PAJONAL", "entidad": "TABASCO", "ubicacin": "TERRESTRE", "clasificac": "DESARROLLO", "estado_act": "CERRADO", "tipo_de_hi": "ACEITE", "fecha_inic": "03-JUN-1962", "fecha_fin_": "03-JUN-1962", "profundida": 2535.0, "profundi_1": 2535.0, "trayectori": "VERTICAL", "disponible": "DISPONIBLE" }, "geometry": { "type": "Point", "coordinates": [ -93.88345327, 18.15229361 ] } },
{ "type": "Feature", "properties": { "pozo": "SANCHEZ MAGALLANES-141A", "campo": "MAGALLANES TUCAN PAJONAL", "entidad": "TABASCO", "ubicacin": "TERRESTRE", "clasificac": "DESARROLLO", "estado_act": "INACTIVO", "tipo_de_hi": "ACEITE", "fecha_inic": "25-ABR-1961", "fecha_fin_": "25-ABR-1961", "profundida": 2930.0, "profundi_1": 2930.0, "trayectori": "VERTICAL", "disponible": "DISPONIBLE" }, "geometry": { "type": "Point", "coordinates": [ -93.87883307, 18.15391968 ] } },
{ "type": "Feature", "properties": { "pozo": "SANCHEZ MAGALLANES-141C", "campo": "MAGALLANES TUCAN PAJONAL", "entidad": "TABASCO", "ubicacin": "TERRESTRE", "clasificac": "DESARROLLO", "estado_act": "CERRADO", "tipo_de_hi": "ACEITE", "fecha_inic": "12-AGO-1961", "fecha_fin_": "12-AGO-1961", "profundida": 2584.5, "profundi_1": 2584.5, "trayectori": "VERTICAL", "disponible": "DISPONIBLE" }, "geometry": { "type": "Point", "coordinates": [ -93.87888731, 18.15404776 ] } },
{ "type": "Feature", "properties": { "pozo": "SANCHEZ MAGALLANES-612", "campo": "MAGALLANES TUCAN PAJONAL", "entidad": "TABASCO", "ubicacin": "TERRESTRE", "clasificac": "DESARROLLO", "estado_act": "INACTIVO", "tipo_de_hi": "ACEITE", "fecha_inic": "24-SEP-1970", "fecha_fin_": "24-SEP-1970", "profundida": 3513.0, "profundi_1": 0.0, "trayectori": "VERTICAL", "disponible": "DISPONIBLE" }, "geometry": { "type": "Point", "coordinates": [ -93.85847489, 18.18906697 ] } },
{ "type": "Feature", "properties": { "pozo": "SANCHEZ MAGALLANES-613", "campo": "MAGALLANES TUCAN PAJONAL", "entidad": "TABASCO", "ubicacin": "TERRESTRE", "clasificac": "DESARROLLO", "estado_act": "INACTIVO", "tipo_de_hi": "ACEITE", "fecha_inic": "10-FEB-1971", "fecha_fin_": "10-FEB-1971", "profundida": 3573.0, "profundi_1": 3573.0, "trayectori": "VERTICAL", "disponible": "DISPONIBLE" }, "geometry": { "type": "Point", "coordinates": [ -93.85467798, 18.18905517 ] } },
{ "type": "Feature", "properties": { "pozo": "SANCHEZ MAGALLANES-464", "campo": "MAGALLANES TUCAN PAJONAL", "entidad": "TABASCO", "ubicacin": "TERRESTRE", "clasificac": "DESARROLLO", "estado_act": "INACTIVO", "tipo_de_hi": "ACEITE", "fecha_inic": "24-OCT-1968", "fecha_fin_": "24-OCT-1968", "profundida": 2890.0, "profundi_1": 0.0, "trayectori": "VERTICAL", "disponible": "DISPONIBLE" }, "geometry": { "type": "Point", "coordinates": [ -93.8813992, 18.11470948 ] } },
{ "type": "Feature", "properties": { "pozo": "SANCHEZ MAGALLANES-203", "campo": "MAGALLANES TUCAN PAJONAL", "entidad": "TABASCO", "ubicacin": "TERRESTRE", "clasificac": "DESARROLLO", "estado_act": "CERRADO", "tipo_de_hi": "ACEITE", "fecha_inic": "05-SEP-1961", "fecha_fin_": "05-SEP-1961", "profundida": 2040.0, "profundi_1": 2040.0, "trayectori": "VERTICAL", "disponible": "DISPONIBLE" }, "geometry": { "type": "Point", "coordinates": [ -93.89386028, 18.14129869 ] } },
{ "type": "Feature", "properties": { "pozo": "SANCHEZ MAGALLANES-204", "campo": "MAGALLANES TUCAN PAJONAL", "entidad": "TABASCO", "ubicacin": "TERRESTRE", "clasificac": "DESARROLLO", "estado_act": "CERRADO", "tipo_de_hi": "ACEITE", "fecha_inic": "07-ABR-1958", "fecha_fin_": "07-ABR-1958", "profundida": 1585.0, "profundi_1": 1585.0, "trayectori": "VERTICAL", "disponible": "DISPONIBLE" }, "geometry": { "type": "Point", "coordinates": [ -93.90247422, 18.15539812 ] } },
{ "type": "Feature", "properties": { "pozo": "SANCHEZ MAGALLANES-205", "campo": "MAGALLANES TUCAN PAJONAL", "entidad": "TABASCO", "ubicacin": "TERRESTRE", "clasificac": "DESARROLLO", "estado_act": "CERRADO", "tipo_de_hi": "ACEITE", "fecha_inic": "18-JUL-1962", "fecha_fin_": "18-JUL-1962", "profundida": 2040.0, "profundi_1": 2040.0, "trayectori": "VERTICAL", "disponible": "DISPONIBLE" }, "geometry": { "type": "Point", "coordinates": [ -93.89197981, 18.14131528 ] } },
{ "type": "Feature", "properties": { "pozo": "SANCHEZ MAGALLANES-206", "campo": "MAGALLANES TUCAN PAJONAL", "entidad": "TABASCO", "ubicacin": "TERRESTRE", "clasificac": "DESARROLLO", "estado_act": "CERRADO", "tipo_de_hi": "ACEITE", "fecha_inic": "27-JUN-1961", "fecha_fin_": "27-JUN-1961", "profundida": 2800.0, "profundi_1": 2800.0, "trayectori": "VERTICAL", "disponible": "DISPONIBLE" }, "geometry": { "type": "Point", "coordinates": [ -93.88071519, 18.15382702 ] } },
{ "type": "Feature", "properties": { "pozo": "SANCHEZ MAGALLANES-209", "campo": "MAGALLANES TUCAN PAJONAL", "entidad": "TABASCO", "ubicacin": "TERRESTRE", "clasificac": "DESARROLLO", "estado_act": "CERRADO", "tipo_de_hi": "ACEITE", "fecha_inic": "05-FEB-1963", "fecha_fin_": "26-FEB-1963", "profundida": 2410.0, "profundi_1": 2410.0, "trayectori": "VERTICAL", "disponible": "DISPONIBLE" }, "geometry": { "type": "Point", "coordinates": [ -93.88819, 18.14124623 ] } },
{ "type": "Feature", "properties": { "pozo": "SANCHEZ MAGALLANES-210", "campo": "MAGALLANES TUCAN PAJONAL", "entidad": "TABASCO", "ubicacin": "TERRESTRE", "clasificac": "DESARROLLO", "estado_act": "INACTIVO", "tipo_de_hi": "ACEITE", "fecha_inic": "07-JUN-1962", "fecha_fin_": "07-JUN-1962", "profundida": 2491.7, "profundi_1": 2491.7, "trayectori": "VERTICAL", "disponible": "DISPONIBLE" }, "geometry": { "type": "Point", "coordinates": [ -93.88631612, 18.14131397 ] } },
{ "type": "Feature", "properties": { "pozo": "SANCHEZ MAGALLANES-325", "campo": "MAGALLANES TUCAN PAJONAL", "entidad": "TABASCO", "ubicacin": "TERRESTRE", "clasificac": "DESARROLLO", "estado_act": "CERRADO", "tipo_de_hi": "ACEITE", "fecha_inic": "31-DIC-1962", "fecha_fin_": "31-DIC-1962", "profundida": 1982.0, "profundi_1": 1982.0, "trayectori": "VERTICAL", "disponible": "DISPONIBLE" }, "geometry": { "type": "Point", "coordinates": [ -93.88543672, 18.16477731 ] } },
{ "type": "Feature", "properties": { "pozo": "SANCHEZ MAGALLANES-327", "campo": "MAGALLANES TUCAN PAJONAL", "entidad": "TABASCO", "ubicacin": "TERRESTRE", "clasificac": "DESARROLLO", "estado_act": "CERRADO", "tipo_de_hi": "ACEITE", "fecha_inic": "11-MAY-1963", "fecha_fin_": "31-MAY-1963", "profundida": 2820.0, "profundi_1": 2820.0, "trayectori": "VERTICAL", "disponible": "DISPONIBLE" }, "geometry": { "type": "Point", "coordinates": [ -93.87213705, 18.15537503 ] } },
{ "type": "Feature", "properties": { "pozo": "SANCHEZ MAGALLANES-328", "campo": "MAGALLANES TUCAN PAJONAL", "entidad": "TABASCO", "ubicacin": "TERRESTRE", "clasificac": "DESARROLLO", "estado_act": "CERRADO", "tipo_de_hi": "ACEITE", "fecha_inic": "11-MAY-1963", "fecha_fin_": "11-MAY-1963", "profundida": 2825.0, "profundi_1": 2825.0, "trayectori": "VERTICAL", "disponible": "DISPONIBLE" }, "geometry": { "type": "Point", "coordinates": [ -93.87305939, 18.15386201 ] } },
{ "type": "Feature", "properties": { "pozo": "SANCHEZ MAGALLANES-329", "campo": "MAGALLANES TUCAN PAJONAL", "entidad": "TABASCO", "ubicacin": "TERRESTRE", "clasificac": "DESARROLLO", "estado_act": "INACTIVO", "tipo_de_hi": "ACEITE", "fecha_inic": "10-JUN-1963", "fecha_fin_": "10-JUN-1963", "profundida": 3367.8, "profundi_1": 3367.8, "trayectori": "VERTICAL", "disponible": "DISPONIBLE" }, "geometry": { "type": "Point", "coordinates": [ -93.87407843, 18.15227254 ] } },
{ "type": "Feature", "properties": { "pozo": "SANCHEZ MAGALLANES-329D", "campo": "MAGALLANES TUCAN PAJONAL", "entidad": "TABASCO", "ubicacin": "TERRESTRE", "clasificac": "DESARROLLO", "estado_act": "CERRADO", "tipo_de_hi": "ACEITE", "fecha_inic": "21-ABR-1964", "fecha_fin_": "21-ABR-1964", "profundida": 2700.0, "profundi_1": 2700.0, "trayectori": "VERTICAL", "disponible": "DISPONIBLE" }, "geometry": { "type": "Point", "coordinates": [ -93.87415619, 18.15230219 ] } },
{ "type": "Feature", "properties": { "pozo": "SANCHEZ MAGALLANES-330", "campo": "MAGALLANES TUCAN PAJONAL", "entidad": "TABASCO", "ubicacin": "TERRESTRE", "clasificac": "DESARROLLO", "estado_act": "CERRADO", "tipo_de_hi": "ACEITE", "fecha_inic": "18-ABR-1963", "fecha_fin_": "03-AGO-1964", "profundida": 3113.5, "profundi_1": 3113.5, "trayectori": "VERTICAL", "disponible": "DISPONIBLE" }, "geometry": { "type": "Point", "coordinates": [ -93.86932949, 18.15392057 ] } },
{ "type": "Feature", "properties": { "pozo": "SANCHEZ MAGALLANES-332", "campo": "MAGALLANES TUCAN PAJONAL", "entidad": "TABASCO", "ubicacin": "TERRESTRE", "clasificac": "DESARROLLO", "estado_act": "CERRADO", "tipo_de_hi": "ACEITE", "fecha_inic": "03-MAY-1963", "fecha_fin_": "03-MAY-1963", "profundida": 2700.0, "profundi_1": 2700.0, "trayectori": "VERTICAL", "disponible": "DISPONIBLE" }, "geometry": { "type": "Point", "coordinates": [ -93.87786339, 18.16171267 ] } },
{ "type": "Feature", "properties": { "pozo": "SANCHEZ MAGALLANES-335", "campo": "MAGALLANES TUCAN PAJONAL", "entidad": "TABASCO", "ubicacin": "TERRESTRE", "clasificac": "DESARROLLO", "estado_act": "CERRADO", "tipo_de_hi": "ACEITE", "fecha_inic": "13-ABR-1963", "fecha_fin_": "13-ABR-1963", "profundida": 2325.0, "profundi_1": 2325.0, "trayectori": "VERTICAL", "disponible": "DISPONIBLE" }, "geometry": { "type": "Point", "coordinates": [ -93.88164188, 18.16484274 ] } },
{ "type": "Feature", "properties": { "pozo": "SANCHEZ MAGALLANES-336", "campo": "MAGALLANES TUCAN PAJONAL", "entidad": "TABASCO", "ubicacin": "TERRESTRE", "clasificac": "DESARROLLO", "estado_act": "CERRADO", "tipo_de_hi": null, "fecha_inic": "27-MAY-1963", "fecha_fin_": "27-MAY-1963", "profundida": 2760.0, "profundi_1": 2760.0, "trayectori": "VERTICAL", "disponible": "DISPONIBLE" }, "geometry": { "type": "Point", "coordinates": [ -93.88069241, 18.16646682 ] } },
{ "type": "Feature", "properties": { "pozo": "SANCHEZ MAGALLANES-337", "campo": "MAGALLANES TUCAN PAJONAL", "entidad": "TABASCO", "ubicacin": "TERRESTRE", "clasificac": "DESARROLLO", "estado_act": "CERRADO", "tipo_de_hi": null, "fecha_inic": "03-MAR-1963", "fecha_fin_": "03-MAR-1963", "profundida": 2551.5, "profundi_1": 2551.5, "trayectori": "VERTICAL", "disponible": "DISPONIBLE" }, "geometry": { "type": "Point", "coordinates": [ -93.87976926, 18.16476004 ] } },
{ "type": "Feature", "properties": { "pozo": "SANCHEZ MAGALLANES-627", "campo": "MAGALLANES TUCAN PAJONAL", "entidad": "TABASCO", "ubicacin": "TERRESTRE", "clasificac": "DESARROLLO", "estado_act": "INACTIVO", "tipo_de_hi": "ACEITE", "fecha_inic": "24-ENE-1977", "fecha_fin_": "24-ENE-1977", "profundida": 3620.0, "profundi_1": 0.0, "trayectori": "VERTICAL", "disponible": "DISPONIBLE" }, "geometry": { "type": "Point", "coordinates": [ -93.86069445, 18.19877333 ] } },
{ "type": "Feature", "properties": { "pozo": "SANCHEZ MAGALLANES-630", "campo": "MAGALLANES TUCAN PAJONAL", "entidad": "TABASCO", "ubicacin": "TERRESTRE", "clasificac": "DESARROLLO", "estado_act": "INACTIVO", "tipo_de_hi": "ACEITE", "fecha_inic": "14-NOV-1973", "fecha_fin_": "07-FEB-1974", "profundida": 3735.0, "profundi_1": 3735.0, "trayectori": "VERTICAL", "disponible": "DISPONIBLE" }, "geometry": { "type": "Point", "coordinates": [ -93.85253301, 18.18586717 ] } },
{ "type": "Feature", "properties": { "pozo": "SANCHEZ MAGALLANES-621", "campo": "MAGALLANES TUCAN PAJONAL", "entidad": "TABASCO", "ubicacin": "TERRESTRE", "clasificac": "DESARROLLO", "estado_act": "INACTIVO", "tipo_de_hi": "ACEITE", "fecha_inic": "17-FEB-1976", "fecha_fin_": "17-FEB-1976", "profundida": 3208.0, "profundi_1": 0.0, "trayectori": "VERTICAL", "disponible": "DISPONIBLE" }, "geometry": { "type": "Point", "coordinates": [ -93.86762279, 18.1979724 ] } },
{ "type": "Feature", "properties": { "pozo": "SANCHEZ MAGALLANES-703", "campo": "MAGALLANES TUCAN PAJONAL", "entidad": "TABASCO", "ubicacin": "TERRESTRE", "clasificac": "DESARROLLO", "estado_act": "INACTIVO", "tipo_de_hi": "ACEITE", "fecha_inic": "13-JUN-1969", "fecha_fin_": "21-AGO-1969", "profundida": 3210.5, "profundi_1": 0.0, "trayectori": "VERTICAL", "disponible": "DISPONIBLE" }, "geometry": { "type": "Point", "coordinates": [ -93.87667459, 18.20929671 ] } },
{ "type": "Feature", "properties": { "pozo": "SANCHEZ MAGALLANES-633", "campo": "MAGALLANES TUCAN PAJONAL", "entidad": "TABASCO", "ubicacin": "TERRESTRE", "clasificac": "DESARROLLO", "estado_act": "INACTIVO", "tipo_de_hi": "ACEITE", "fecha_inic": "27-SEP-1979", "fecha_fin_": "27-SEP-1979", "profundida": 3450.0, "profundi_1": 0.0, "trayectori": "VERTICAL", "disponible": "DISPONIBLE" }, "geometry": { "type": "Point", "coordinates": [ -93.85282548, 18.17972116 ] } },
{ "type": "Feature", "properties": { "pozo": "SANCHEZ MAGALLANES-70", "campo": "MAGALLANES TUCAN PAJONAL", "entidad": "TABASCO", "ubicacin": "TERRESTRE", "clasificac": "DESARROLLO", "estado_act": "CERRADO", "tipo_de_hi": "ACEITE", "fecha_inic": "15-JUN-1961", "fecha_fin_": "15-JUN-1961", "profundida": 1700.0, "profundi_1": 1700.0, "trayectori": "VERTICAL", "disponible": "DISPONIBLE" }, "geometry": { "type": "Point", "coordinates": [ -93.90713848, 18.16000442 ] } },
{ "type": "Feature", "properties": { "pozo": "SANCHEZ MAGALLANES-616", "campo": "MAGALLANES TUCAN PAJONAL", "entidad": "TABASCO", "ubicacin": "TERRESTRE", "clasificac": "DESARROLLO", "estado_act": "INACTIVO", "tipo_de_hi": "ACEITE", "fecha_inic": "27-ABR-1971", "fecha_fin_": "18-JUN-1971", "profundida": 3380.0, "profundi_1": 3380.0, "trayectori": "VERTICAL", "disponible": "DISPONIBLE" }, "geometry": { "type": "Point", "coordinates": [ -93.85847411, 18.18277965 ] } },
{ "type": "Feature", "properties": { "pozo": "SANCHEZ MAGALLANES-561", "campo": "MAGALLANES TUCAN PAJONAL", "entidad": "TABASCO", "ubicacin": "TERRESTRE", "clasificac": "DESARROLLO", "estado_act": "INACTIVO", "tipo_de_hi": "ACEITE", "fecha_inic": "11-JUN-1984", "fecha_fin_": "11-JUN-1984", "profundida": 2227.0, "profundi_1": 0.0, "trayectori": "VERTICAL", "disponible": "DISPONIBLE" }, "geometry": { "type": "Point", "coordinates": [ -93.89973874, 18.19150981 ] } },
{ "type": "Feature", "properties": { "pozo": "SANCHEZ MAGALLANES-615", "campo": "MAGALLANES TUCAN PAJONAL", "entidad": "TABASCO", "ubicacin": "TERRESTRE", "clasificac": "DESARROLLO", "estado_act": "INACTIVO", "tipo_de_hi": "ACEITE", "fecha_inic": "01-MAY-1970", "fecha_fin_": "01-MAY-1970", "profundida": 2937.0, "profundi_1": 0.0, "trayectori": "VERTICAL", "disponible": "DISPONIBLE" }, "geometry": { "type": "Point", "coordinates": [ -93.87140499, 18.19795527 ] } },
{ "type": "Feature", "properties": { "pozo": "SANCHEZ MAGALLANES-715", "campo": "MAGALLANES TUCAN PAJONAL", "entidad": "TABASCO", "ubicacin": "TERRESTRE", "clasificac": "DESARROLLO", "estado_act": "CERRADO", "tipo_de_hi": null, "fecha_inic": "28-ABR-1969", "fecha_fin_": "28-ABR-1969", "profundida": 3117.0, "profundi_1": 0.0, "trayectori": "VERTICAL", "disponible": "DISPONIBLE" }, "geometry": { "type": "Point", "coordinates": [ -93.87665485, 18.21291184 ] } },
{ "type": "Feature", "properties": { "pozo": "SANCHEZ MAGALLANES-226", "campo": "MAGALLANES TUCAN PAJONAL", "entidad": "TABASCO", "ubicacin": "TERRESTRE", "clasificac": "DESARROLLO", "estado_act": "INACTIVO", "tipo_de_hi": "ACEITE", "fecha_inic": "13-AGO-1961", "fecha_fin_": "13-AGO-1961", "profundida": 2765.0, "profundi_1": 2765.0, "trayectori": "VERTICAL", "disponible": "DISPONIBLE" }, "geometry": { "type": "Point", "coordinates": [ -93.87879809, 18.15700105 ] } },
{ "type": "Feature", "properties": { "pozo": "SANCHEZ MAGALLANES-341", "campo": "MAGALLANES TUCAN PAJONAL", "entidad": "TABASCO", "ubicacin": "TERRESTRE", "clasificac": "DESARROLLO", "estado_act": "CERRADO", "tipo_de_hi": "ACEITE", "fecha_inic": "26-MAY-1963", "fecha_fin_": "26-MAY-1963", "profundida": 2850.0, "profundi_1": 2850.0, "trayectori": "VERTICAL", "disponible": "DISPONIBLE" }, "geometry": { "type": "Point", "coordinates": [ -93.87418523, 18.16192337 ] } },
{ "type": "Feature", "properties": { "pozo": "SANCHEZ MAGALLANES-343", "campo": "MAGALLANES TUCAN PAJONAL", "entidad": "TABASCO", "ubicacin": "TERRESTRE", "clasificac": "DESARROLLO", "estado_act": "CERRADO", "tipo_de_hi": "ACEITE", "fecha_inic": "24-ABR-1963", "fecha_fin_": "24-ABR-1963", "profundida": 2675.0, "profundi_1": 2675.0, "trayectori": "VERTICAL", "disponible": "DISPONIBLE" }, "geometry": { "type": "Point", "coordinates": [ -93.8723058, 18.16190895 ] } },
{ "type": "Feature", "properties": { "pozo": "SANCHEZ MAGALLANES-344", "campo": "MAGALLANES TUCAN PAJONAL", "entidad": "TABASCO", "ubicacin": "TERRESTRE", "clasificac": "DESARROLLO", "estado_act": "CERRADO", "tipo_de_hi": "ACEITE", "fecha_inic": "14-JUL-1963", "fecha_fin_": "14-JUL-1963", "profundida": 2850.0, "profundi_1": 2850.0, "trayectori": "VERTICAL", "disponible": "DISPONIBLE" }, "geometry": { "type": "Point", "coordinates": [ -93.87131916, 18.1604374 ] } },
{ "type": "Feature", "properties": { "pozo": "SANCHEZ MAGALLANES-11", "campo": "MAGALLANES TUCAN PAJONAL", "entidad": "TABASCO", "ubicacin": "TERRESTRE", "clasificac": "DESARROLLO", "estado_act": "CERRADO", "tipo_de_hi": null, "fecha_inic": "11-ABR-1969", "fecha_fin_": "11-ABR-1969", "profundida": 3058.0, "profundi_1": 3058.0, "trayectori": "VERTICAL", "disponible": "DISPONIBLE" }, "geometry": { "type": "Point", "coordinates": [ -93.92448672, 18.15962907 ] } },
{ "type": "Feature", "properties": { "pozo": "SANCHEZ MAGALLANES-14", "campo": "MAGALLANES TUCAN PAJONAL", "entidad": "TABASCO", "ubicacin": "TERRESTRE", "clasificac": "DESARROLLO", "estado_act": "TAPONAMIENTO TEMPORAL", "tipo_de_hi": "ACEITE", "fecha_inic": "10-NOV-1958", "fecha_fin_": "07-DIC-1958", "profundida": 1650.0, "profundi_1": 1650.0, "trayectori": "VERTICAL", "disponible": "DISPONIBLE" }, "geometry": { "type": "Point", "coordinates": [ -93.90805123, 18.15216867 ] } },
{ "type": "Feature", "properties": { "pozo": "SANCHEZ MAGALLANES-15", "campo": "MAGALLANES TUCAN PAJONAL", "entidad": "TABASCO", "ubicacin": "TERRESTRE", "clasificac": "DESARROLLO", "estado_act": "CERRADO", "tipo_de_hi": "ACEITE", "fecha_inic": "29-JUL-1961", "fecha_fin_": "08-AGO-1961", "profundida": 1320.0, "profundi_1": 1320.0, "trayectori": "VERTICAL", "disponible": "DISPONIBLE" }, "geometry": { "type": "Point", "coordinates": [ -93.90618837, 18.15219155 ] } },
{ "type": "Feature", "properties": { "pozo": "SANCHEZ MAGALLANES-16", "campo": "MAGALLANES TUCAN PAJONAL", "entidad": "TABASCO", "ubicacin": "TERRESTRE", "clasificac": "DESARROLLO", "estado_act": "SUSPENDIDO", "tipo_de_hi": "ACEITE", "fecha_inic": "22-MAR-1961", "fecha_fin_": "22-MAR-1961", "profundida": 1340.0, "profundi_1": 1340.0, "trayectori": "VERTICAL", "disponible": "DISPONIBLE" }, "geometry": { "type": "Point", "coordinates": [ -93.90239759, 18.1522195 ] } },
{ "type": "Feature", "properties": { "pozo": "SANCHEZ MAGALLANES-27", "campo": "MAGALLANES TUCAN PAJONAL", "entidad": "TABASCO", "ubicacin": "TERRESTRE", "clasificac": "DESARROLLO", "estado_act": "CERRADO", "tipo_de_hi": "ACEITE", "fecha_inic": "26-MAY-1961", "fecha_fin_": "26-MAY-1961", "profundida": 1400.0, "profundi_1": 1400.0, "trayectori": "VERTICAL", "disponible": "DISPONIBLE" }, "geometry": { "type": "Point", "coordinates": [ -93.90144058, 18.15374095 ] } },
{ "type": "Feature", "properties": { "pozo": "SANCHEZ MAGALLANES-28", "campo": "MAGALLANES TUCAN PAJONAL", "entidad": "TABASCO", "ubicacin": "TERRESTRE", "clasificac": "DESARROLLO", "estado_act": "CERRADO", "tipo_de_hi": "ACEITE", "fecha_inic": "06-JUL-1960", "fecha_fin_": "06-JUL-1960", "profundida": 1350.0, "profundi_1": 1350.0, "trayectori": "VERTICAL", "disponible": "DISPONIBLE" }, "geometry": { "type": "Point", "coordinates": [ -93.89957688, 18.15378953 ] } },
{ "type": "Feature", "properties": { "pozo": "SANCHEZ MAGALLANES-29", "campo": "MAGALLANES TUCAN PAJONAL", "entidad": "TABASCO", "ubicacin": "TERRESTRE", "clasificac": "DESARROLLO", "estado_act": "CERRADO", "tipo_de_hi": "ACEITE", "fecha_inic": "06-JUN-1960", "fecha_fin_": "06-JUN-1960", "profundida": 1607.2, "profundi_1": 1607.2, "trayectori": "VERTICAL", "disponible": "DISPONIBLE" }, "geometry": { "type": "Point", "coordinates": [ -93.89768731, 18.15378977 ] } },
{ "type": "Feature", "properties": { "pozo": "SANCHEZ MAGALLANES-36", "campo": "MAGALLANES TUCAN PAJONAL", "entidad": "TABASCO", "ubicacin": "TERRESTRE", "clasificac": "DESARROLLO", "estado_act": "CERRADO", "tipo_de_hi": "ACEITE", "fecha_inic": "08-OCT-1973", "fecha_fin_": "08-OCT-1973", "profundida": 1808.0, "profundi_1": 1808.0, "trayectori": "VERTICAL", "disponible": "DISPONIBLE" }, "geometry": { "type": "Point", "coordinates": [ -93.90781313, 18.15621981 ] } },
{ "type": "Feature", "properties": { "pozo": "SANCHEZ MAGALLANES-37", "campo": "MAGALLANES TUCAN PAJONAL", "entidad": "TABASCO", "ubicacin": "TERRESTRE", "clasificac": "DESARROLLO", "estado_act": "CERRADO", "tipo_de_hi": "ACEITE", "fecha_inic": "11-AGO-1958", "fecha_fin_": "11-AGO-1958", "profundida": 1710.0, "profundi_1": 1710.0, "trayectori": "VERTICAL", "disponible": "DISPONIBLE" }, "geometry": { "type": "Point", "coordinates": [ -93.90621241, 18.15531529 ] } },
{ "type": "Feature", "properties": { "pozo": "SANCHEZ MAGALLANES-38", "campo": "MAGALLANES TUCAN PAJONAL", "entidad": "TABASCO", "ubicacin": "TERRESTRE", "clasificac": "DESARROLLO", "estado_act": "SUSPENDIDO", "tipo_de_hi": "ACEITE", "fecha_inic": "30-JUN-1961", "fecha_fin_": "30-JUN-1961", "profundida": 1530.0, "profundi_1": 1530.0, "trayectori": "VERTICAL", "disponible": "DISPONIBLE" }, "geometry": { "type": "Point", "coordinates": [ -93.9043098, 18.15533753 ] } },
{ "type": "Feature", "properties": { "pozo": "SANCHEZ MAGALLANES-40", "campo": "MAGALLANES TUCAN PAJONAL", "entidad": "TABASCO", "ubicacin": "TERRESTRE", "clasificac": "DESARROLLO", "estado_act": "CERRADO", "tipo_de_hi": "ACEITE", "fecha_inic": "27-ABR-1961", "fecha_fin_": "27-ABR-1961", "profundida": 1300.0, "profundi_1": 1300.0, "trayectori": "VERTICAL", "disponible": "DISPONIBLE" }, "geometry": { "type": "Point", "coordinates": [ -93.89673335, 18.15536315 ] } },
{ "type": "Feature", "properties": { "pozo": "SANCHEZ MAGALLANES-48", "campo": "MAGALLANES TUCAN PAJONAL", "entidad": "TABASCO", "ubicacin": "TERRESTRE", "clasificac": "DESARROLLO", "estado_act": "INACTIVO", "tipo_de_hi": "ACEITE", "fecha_inic": "01-SEP-1961", "fecha_fin_": "01-SEP-1961", "profundida": 1600.0, "profundi_1": 1600.0, "trayectori": "VERTICAL", "disponible": "DISPONIBLE" }, "geometry": { "type": "Point", "coordinates": [ -93.90527028, 18.15693339 ] } },
{ "type": "Feature", "properties": { "pozo": "SANCHEZ MAGALLANES-49", "campo": "MAGALLANES TUCAN PAJONAL", "entidad": "TABASCO", "ubicacin": "TERRESTRE", "clasificac": "DESARROLLO", "estado_act": "INACTIVO", "tipo_de_hi": "ACEITE", "fecha_inic": "21-MAR-1961", "fecha_fin_": "21-MAR-1961", "profundida": 1510.0, "profundi_1": 1510.0, "trayectori": "VERTICAL", "disponible": "DISPONIBLE" }, "geometry": { "type": "Point", "coordinates": [ -93.90335826, 18.15689466 ] } },
{ "type": "Feature", "properties": { "pozo": "SANCHEZ MAGALLANES-50", "campo": "MAGALLANES TUCAN PAJONAL", "entidad": "TABASCO", "ubicacin": "TERRESTRE", "clasificac": "DESARROLLO", "estado_act": "INACTIVO", "tipo_de_hi": "ACEITE", "fecha_inic": "30-DIC-1960", "fecha_fin_": "30-DIC-1960", "profundida": 1500.0, "profundi_1": 1500.0, "trayectori": "VERTICAL", "disponible": "DISPONIBLE" }, "geometry": { "type": "Point", "coordinates": [ -93.90147811, 18.15691108 ] } },
{ "type": "Feature", "properties": { "pozo": "SANCHEZ MAGALLANES-51", "campo": "MAGALLANES TUCAN PAJONAL", "entidad": "TABASCO", "ubicacin": "TERRESTRE", "clasificac": "DESARROLLO", "estado_act": "CERRADO", "tipo_de_hi": "ACEITE", "fecha_inic": "16-JUL-1960", "fecha_fin_": "16-JUL-1960", "profundida": 1531.1, "profundi_1": 1531.1, "trayectori": "VERTICAL", "disponible": "DISPONIBLE" }, "geometry": { "type": "Point", "coordinates": [ -93.89959371, 18.15691113 ] } },
{ "type": "Feature", "properties": { "pozo": "SANCHEZ MAGALLANES-52", "campo": "MAGALLANES TUCAN PAJONAL", "entidad": "TABASCO", "ubicacin": "TERRESTRE", "clasificac": "DESARROLLO", "estado_act": "CERRADO", "tipo_de_hi": "ACEITE", "fecha_inic": "18-JUN-1961", "fecha_fin_": "18-JUN-1961", "profundida": 1580.0, "profundi_1": 1580.0, "trayectori": "VERTICAL", "disponible": "DISPONIBLE" }, "geometry": { "type": "Point", "coordinates": [ -93.897686, 18.15692023 ] } },
{ "type": "Feature", "properties": { "pozo": "SANCHEZ MAGALLANES-58", "campo": "MAGALLANES TUCAN PAJONAL", "entidad": "TABASCO", "ubicacin": "TERRESTRE", "clasificac": "DESARROLLO", "estado_act": "CERRADO", "tipo_de_hi": "ACEITE", "fecha_inic": "23-SEP-1958", "fecha_fin_": "21-OCT-1958", "profundida": 1850.0, "profundi_1": 1850.0, "trayectori": "VERTICAL", "disponible": "DISPONIBLE" }, "geometry": { "type": "Point", "coordinates": [ -93.9081009, 18.158453 ] } },
{ "type": "Feature", "properties": { "pozo": "SANCHEZ MAGALLANES-617", "campo": "MAGALLANES TUCAN PAJONAL", "entidad": "TABASCO", "ubicacin": "TERRESTRE", "clasificac": "DESARROLLO", "estado_act": "INACTIVO", "tipo_de_hi": "ACEITE", "fecha_inic": "25-ABR-1972", "fecha_fin_": "25-ABR-1972", "profundida": 3278.0, "profundi_1": 0.0, "trayectori": "VERTICAL", "disponible": "DISPONIBLE" }, "geometry": { "type": "Point", "coordinates": [ -93.86035852, 18.1796553 ] } },
{ "type": "Feature", "properties": { "pozo": "SANCHEZ MAGALLANES-702", "campo": "MAGALLANES TUCAN PAJONAL", "entidad": "TABASCO", "ubicacin": "TERRESTRE", "clasificac": "DESARROLLO", "estado_act": "INACTIVO", "tipo_de_hi": "ACEITE", "fecha_inic": "14-JUN-1970", "fecha_fin_": "20-JUL-1970", "profundida": 2636.0, "profundi_1": 0.0, "trayectori": "VERTICAL", "disponible": "DISPONIBLE" }, "geometry": { "type": "Point", "coordinates": [ -93.88320771, 18.2056517 ] } },
{ "type": "Feature", "properties": { "pozo": "SANCHEZ MAGALLANES-705", "campo": "MAGALLANES TUCAN PAJONAL", "entidad": "TABASCO", "ubicacin": "TERRESTRE", "clasificac": "DESARROLLO", "estado_act": "INACTIVO", "tipo_de_hi": "ACEITE", "fecha_inic": "07-OCT-1979", "fecha_fin_": "07-OCT-1979", "profundida": 3230.0, "profundi_1": 3230.0, "trayectori": "VERTICAL", "disponible": "DISPONIBLE" }, "geometry": { "type": "Point", "coordinates": [ -93.87336315, 18.21109286 ] } },
{ "type": "Feature", "properties": { "pozo": "SANCHEZ MAGALLANES-711", "campo": "MAGALLANES TUCAN PAJONAL", "entidad": "TABASCO", "ubicacin": "TERRESTRE", "clasificac": "DESARROLLO", "estado_act": "INACTIVO", "tipo_de_hi": "ACEITE", "fecha_inic": "18-NOV-1969", "fecha_fin_": "18-NOV-1969", "profundida": 2647.0, "profundi_1": 0.0, "trayectori": "VERTICAL", "disponible": "DISPONIBLE" }, "geometry": { "type": "Point", "coordinates": [ -93.88321268, 18.2093026 ] } },
{ "type": "Feature", "properties": { "pozo": "SANCHEZ MAGALLANES-623", "campo": "MAGALLANES TUCAN PAJONAL", "entidad": "TABASCO", "ubicacin": "TERRESTRE", "clasificac": "DESARROLLO", "estado_act": "INACTIVO", "tipo_de_hi": "ACEITE", "fecha_inic": "14-FEB-1973", "fecha_fin_": "14-FEB-1973", "profundida": 3400.0, "profundi_1": 0.0, "trayectori": "VERTICAL", "disponible": "DISPONIBLE" }, "geometry": { "type": "Point", "coordinates": [ -93.86386497, 18.19806454 ] } },
{ "type": "Feature", "properties": { "pozo": "SANCHEZ MAGALLANES-342D", "campo": "MAGALLANES TUCAN PAJONAL", "entidad": "TABASCO", "ubicacin": "TERRESTRE", "clasificac": "DESARROLLO", "estado_act": "CERRADO", "tipo_de_hi": "ACEITE", "fecha_inic": "15-FEB-1982", "fecha_fin_": "15-FEB-1982", "profundida": 2865.0, "profundi_1": 2865.0, "trayectori": "VERTICAL", "disponible": "DISPONIBLE" }, "geometry": { "type": "Point", "coordinates": [ -93.87331044, 18.16040025 ] } },
{ "type": "Feature", "properties": { "pozo": "CINCO PRESIDENTES-203", "campo": "CINCO PRESIDENTES", "entidad": "TABASCO", "ubicacin": "TERRESTRE", "clasificac": "DESARROLLO", "estado_act": "CERRADO", "tipo_de_hi": "ACEITE", "fecha_inic": "19-NOV-1981", "fecha_fin_": "24-DIC-1981", "profundida": 3250.0, "profundi_1": 0.0, "trayectori": "VERTICAL", "disponible": "DISPONIBLE" }, "geometry": { "type": "Point", "coordinates": [ -93.98969881, 18.1677815 ] } },
{ "type": "Feature", "properties": { "pozo": "SANCHEZ MAGALLANES-59", "campo": "MAGALLANES TUCAN PAJONAL", "entidad": "TABASCO", "ubicacin": "TERRESTRE", "clasificac": "DESARROLLO", "estado_act": "CERRADO", "tipo_de_hi": null, "fecha_inic": "17-JUL-1961", "fecha_fin_": "27-JUL-1961", "profundida": 1750.0, "profundi_1": 1750.0, "trayectori": "VERTICAL", "disponible": "DISPONIBLE" }, "geometry": { "type": "Point", "coordinates": [ -93.90621562, 18.15852299 ] } },
{ "type": "Feature", "properties": { "pozo": "SANCHEZ MAGALLANES-60", "campo": "MAGALLANES TUCAN PAJONAL", "entidad": "TABASCO", "ubicacin": "TERRESTRE", "clasificac": "DESARROLLO", "estado_act": "CERRADO", "tipo_de_hi": "ACEITE", "fecha_inic": "12-SEP-1958", "fecha_fin_": "12-SEP-1958", "profundida": 1681.8, "profundi_1": 1681.8, "trayectori": "VERTICAL", "disponible": "DISPONIBLE" }, "geometry": { "type": "Point", "coordinates": [ -93.90428489, 18.15852629 ] } },
{ "type": "Feature", "properties": { "pozo": "SANCHEZ MAGALLANES-61", "campo": "MAGALLANES TUCAN PAJONAL", "entidad": "TABASCO", "ubicacin": "TERRESTRE", "clasificac": "DESARROLLO", "estado_act": "INACTIVO", "tipo_de_hi": "ACEITE", "fecha_inic": "03-JUN-1961", "fecha_fin_": "03-JUN-1961", "profundida": 1500.0, "profundi_1": 1500.0, "trayectori": "VERTICAL", "disponible": "DISPONIBLE" }, "geometry": { "type": "Point", "coordinates": [ -93.90249656, 18.15845905 ] } },
{ "type": "Feature", "properties": { "pozo": "SANCHEZ MAGALLANES-62", "campo": "MAGALLANES TUCAN PAJONAL", "entidad": "TABASCO", "ubicacin": "TERRESTRE", "clasificac": "DESARROLLO", "estado_act": "INACTIVO", "tipo_de_hi": "ACEITE", "fecha_inic": "03-OCT-1958", "fecha_fin_": "29-OCT-1958", "profundida": 1630.2, "profundi_1": 1630.2, "trayectori": "VERTICAL", "disponible": "DISPONIBLE" }, "geometry": { "type": "Point", "coordinates": [ -93.90046527, 18.15857802 ] } },
{ "type": "Feature", "properties": { "pozo": "SANCHEZ MAGALLANES-64", "campo": "MAGALLANES TUCAN PAJONAL", "entidad": "TABASCO", "ubicacin": "TERRESTRE", "clasificac": "DESARROLLO", "estado_act": "INACTIVO", "tipo_de_hi": "ACEITE", "fecha_inic": "16-NOV-1959", "fecha_fin_": "16-NOV-1959", "profundida": 1697.8, "profundi_1": 1697.8, "trayectori": "VERTICAL", "disponible": "DISPONIBLE" }, "geometry": { "type": "Point", "coordinates": [ -93.89673321, 18.15848673 ] } },
{ "type": "Feature", "properties": { "pozo": "SANCHEZ MAGALLANES-66", "campo": "MAGALLANES TUCAN PAJONAL", "entidad": "TABASCO", "ubicacin": "TERRESTRE", "clasificac": "DESARROLLO", "estado_act": "CERRADO", "tipo_de_hi": "ACEITE", "fecha_inic": "28-MAY-1961", "fecha_fin_": "28-MAY-1961", "profundida": 1650.0, "profundi_1": 1650.0, "trayectori": "VERTICAL", "disponible": "DISPONIBLE" }, "geometry": { "type": "Point", "coordinates": [ -93.89297911, 18.15850456 ] } },
{ "type": "Feature", "properties": { "pozo": "SANCHEZ MAGALLANES-69", "campo": "MAGALLANES TUCAN PAJONAL", "entidad": "TABASCO", "ubicacin": "TERRESTRE", "clasificac": "DESARROLLO", "estado_act": "CERRADO", "tipo_de_hi": "ACEITE", "fecha_inic": "12-FEB-1961", "fecha_fin_": "12-FEB-1961", "profundida": 1950.0, "profundi_1": 1950.0, "trayectori": "VERTICAL", "disponible": "DISPONIBLE" }, "geometry": { "type": "Point", "coordinates": [ -93.90906033, 18.16000049 ] } },
{ "type": "Feature", "properties": { "pozo": "SANCHEZ MAGALLANES-71", "campo": "MAGALLANES TUCAN PAJONAL", "entidad": "TABASCO", "ubicacin": "TERRESTRE", "clasificac": "DESARROLLO", "estado_act": "CERRADO", "tipo_de_hi": "ACEITE", "fecha_inic": "27-JUL-1961", "fecha_fin_": "13-AGO-1961", "profundida": 1695.0, "profundi_1": 1695.0, "trayectori": "VERTICAL", "disponible": "DISPONIBLE" }, "geometry": { "type": "Point", "coordinates": [ -93.9052693, 18.16002751 ] } },
{ "type": "Feature", "properties": { "pozo": "SANCHEZ MAGALLANES-72", "campo": "MAGALLANES TUCAN PAJONAL", "entidad": "TABASCO", "ubicacin": "TERRESTRE", "clasificac": "DESARROLLO", "estado_act": "CERRADO", "tipo_de_hi": "ACEITE", "fecha_inic": "07-AGO-1961", "fecha_fin_": "07-AGO-1961", "profundida": 1575.0, "profundi_1": 1575.0, "trayectori": "VERTICAL", "disponible": "DISPONIBLE" }, "geometry": { "type": "Point", "coordinates": [ -93.90345395, 18.16002294 ] } },
{ "type": "Feature", "properties": { "pozo": "SANCHEZ MAGALLANES-73", "campo": "MAGALLANES TUCAN PAJONAL", "entidad": "TABASCO", "ubicacin": "TERRESTRE", "clasificac": "DESARROLLO", "estado_act": "CERRADO", "tipo_de_hi": "ACEITE", "fecha_inic": "04-AGO-1961", "fecha_fin_": "13-AGO-1961", "profundida": 1550.0, "profundi_1": 1550.0, "trayectori": "VERTICAL", "disponible": "DISPONIBLE" }, "geometry": { "type": "Point", "coordinates": [ -93.90150666, 18.1600084 ] } },
{ "type": "Feature", "properties": { "pozo": "SANCHEZ MAGALLANES-74", "campo": "MAGALLANES TUCAN PAJONAL", "entidad": "TABASCO", "ubicacin": "TERRESTRE", "clasificac": "DESARROLLO", "estado_act": "CERRADO", "tipo_de_hi": "ACEITE", "fecha_inic": "04-JUL-1961", "fecha_fin_": "04-JUL-1961", "profundida": 1530.0, "profundi_1": 1530.0, "trayectori": "VERTICAL", "disponible": "DISPONIBLE" }, "geometry": { "type": "Point", "coordinates": [ -93.89966653, 18.15998313 ] } },
{ "type": "Feature", "properties": { "pozo": "SANCHEZ MAGALLANES-76", "campo": "MAGALLANES TUCAN PAJONAL", "entidad": "TABASCO", "ubicacin": "TERRESTRE", "clasificac": "DESARROLLO", "estado_act": "CERRADO", "tipo_de_hi": "ACEITE", "fecha_inic": "05-MAY-1961", "fecha_fin_": "15-MAY-1961", "profundida": 1600.0, "profundi_1": 1600.0, "trayectori": "VERTICAL", "disponible": "DISPONIBLE" }, "geometry": { "type": "Point", "coordinates": [ -93.89582035, 18.16006137 ] } },
{ "type": "Feature", "properties": { "pozo": "SANCHEZ MAGALLANES-80", "campo": "MAGALLANES TUCAN PAJONAL", "entidad": "TABASCO", "ubicacin": "TERRESTRE", "clasificac": "DESARROLLO", "estado_act": "CERRADO", "tipo_de_hi": null, "fecha_inic": "05-JUL-1961", "fecha_fin_": "05-JUL-1961", "profundida": 1675.0, "profundi_1": 1675.0, "trayectori": "VERTICAL", "disponible": "DISPONIBLE" }, "geometry": { "type": "Point", "coordinates": [ -93.90811481, 18.16158365 ] } },
{ "type": "Feature", "properties": { "pozo": "SANCHEZ MAGALLANES-81", "campo": "MAGALLANES TUCAN PAJONAL", "entidad": "TABASCO", "ubicacin": "TERRESTRE", "clasificac": "DESARROLLO", "estado_act": "CERRADO", "tipo_de_hi": "ACEITE", "fecha_inic": "05-OCT-1958", "fecha_fin_": "05-OCT-1958", "profundida": 1792.7, "profundi_1": 1792.7, "trayectori": "VERTICAL", "disponible": "DISPONIBLE" }, "geometry": { "type": "Point", "coordinates": [ -93.90615579, 18.1614219 ] } },
{ "type": "Feature", "properties": { "pozo": "SANCHEZ MAGALLANES-82", "campo": "MAGALLANES TUCAN PAJONAL", "entidad": "TABASCO", "ubicacin": "TERRESTRE", "clasificac": "DESARROLLO", "estado_act": "CERRADO", "tipo_de_hi": "ACEITE", "fecha_inic": "13-AGO-1961", "fecha_fin_": "13-AGO-1961", "profundida": 1575.0, "profundi_1": 1575.0, "trayectori": "VERTICAL", "disponible": "DISPONIBLE" }, "geometry": { "type": "Point", "coordinates": [ -93.90430982, 18.16164279 ] } },
{ "type": "Feature", "properties": { "pozo": "SANCHEZ MAGALLANES-83", "campo": "MAGALLANES TUCAN PAJONAL", "entidad": "TABASCO", "ubicacin": "TERRESTRE", "clasificac": "DESARROLLO", "estado_act": "INACTIVO", "tipo_de_hi": "ACEITE", "fecha_inic": "09-ABR-1959", "fecha_fin_": "29-ABR-1959", "profundida": 1621.2, "profundi_1": 1621.2, "trayectori": "VERTICAL", "disponible": "DISPONIBLE" }, "geometry": { "type": "Point", "coordinates": [ -93.90244765, 18.16160084 ] } },
{ "type": "Feature", "properties": { "pozo": "SANCHEZ MAGALLANES-84", "campo": "MAGALLANES TUCAN PAJONAL", "entidad": "TABASCO", "ubicacin": "TERRESTRE", "clasificac": "DESARROLLO", "estado_act": "INACTIVO", "tipo_de_hi": "ACEITE", "fecha_inic": "27-NOV-1960", "fecha_fin_": "27-NOV-1960", "profundida": 1575.0, "profundi_1": 1575.0, "trayectori": "VERTICAL", "disponible": "DISPONIBLE" }, "geometry": { "type": "Point", "coordinates": [ -93.90055142, 18.16160765 ] } },
{ "type": "Feature", "properties": { "pozo": "SANCHEZ MAGALLANES-394", "campo": "MAGALLANES TUCAN PAJONAL", "entidad": "TABASCO", "ubicacin": "TERRESTRE", "clasificac": "DESARROLLO", "estado_act": "CERRADO", "tipo_de_hi": "ACEITE", "fecha_inic": "22-MAR-1964", "fecha_fin_": "22-MAR-1964", "profundida": 3206.6, "profundi_1": 3206.6, "trayectori": "VERTICAL", "disponible": "DISPONIBLE" }, "geometry": { "type": "Point", "coordinates": [ -93.86896212, 18.15074467 ] } },
{ "type": "Feature", "properties": { "pozo": "SANCHEZ MAGALLANES-395", "campo": "MAGALLANES TUCAN PAJONAL", "entidad": "TABASCO", "ubicacin": "TERRESTRE", "clasificac": "DESARROLLO", "estado_act": "CERRADO", "tipo_de_hi": "ACEITE", "fecha_inic": "01-DIC-1963", "fecha_fin_": "12-ENE-1964", "profundida": 3250.0, "profundi_1": 3250.0, "trayectori": "VERTICAL", "disponible": "DISPONIBLE" }, "geometry": { "type": "Point", "coordinates": [ -93.87025103, 18.15222129 ] } },
{ "type": "Feature", "properties": { "pozo": "SANCHEZ MAGALLANES-396", "campo": "MAGALLANES TUCAN PAJONAL", "entidad": "TABASCO", "ubicacin": "TERRESTRE", "clasificac": "DESARROLLO", "estado_act": "CERRADO", "tipo_de_hi": "ACEITE", "fecha_inic": "10-DIC-1963", "fecha_fin_": "10-DIC-1963", "profundida": 3000.3, "profundi_1": 3000.3, "trayectori": "VERTICAL", "disponible": "DISPONIBLE" }, "geometry": { "type": "Point", "coordinates": [ -93.87219581, 18.15233775 ] } },
{ "type": "Feature", "properties": { "pozo": "SANCHEZ MAGALLANES-175", "campo": "MAGALLANES TUCAN PAJONAL", "entidad": "TABASCO", "ubicacin": "TERRESTRE", "clasificac": "DESARROLLO", "estado_act": "INACTIVO", "tipo_de_hi": "ACEITE", "fecha_inic": "09-JUN-1962", "fecha_fin_": "09-JUN-1962", "profundida": 2300.0, "profundi_1": 2300.0, "trayectori": "VERTICAL", "disponible": "DISPONIBLE" }, "geometry": { "type": "Point", "coordinates": [ -93.88915378, 18.14600941 ] } },
{ "type": "Feature", "properties": { "pozo": "SANCHEZ MAGALLANES-184", "campo": "MAGALLANES TUCAN PAJONAL", "entidad": "TABASCO", "ubicacin": "TERRESTRE", "clasificac": "DESARROLLO", "estado_act": "CERRADO", "tipo_de_hi": "ACEITE", "fecha_inic": "19-FEB-1960", "fecha_fin_": "19-FEB-1960", "profundida": 2614.0, "profundi_1": 2614.0, "trayectori": "VERTICAL", "disponible": "DISPONIBLE" }, "geometry": { "type": "Point", "coordinates": [ -93.8873191, 18.16166312 ] } },
{ "type": "Feature", "properties": { "pozo": "SANCHEZ MAGALLANES-185", "campo": "MAGALLANES TUCAN PAJONAL", "entidad": "TABASCO", "ubicacin": "TERRESTRE", "clasificac": "DESARROLLO", "estado_act": "CERRADO", "tipo_de_hi": "ACEITE", "fecha_inic": "10-SEP-1961", "fecha_fin_": "10-SEP-1961", "profundida": 2615.9, "profundi_1": 2615.9, "trayectori": "VERTICAL", "disponible": "DISPONIBLE" }, "geometry": { "type": "Point", "coordinates": [ -93.88443965, 18.14443807 ] } },
{ "type": "Feature", "properties": { "pozo": "SANCHEZ MAGALLANES-397", "campo": "MAGALLANES TUCAN PAJONAL", "entidad": "TABASCO", "ubicacin": "TERRESTRE", "clasificac": "DESARROLLO", "estado_act": "CERRADO", "tipo_de_hi": "ACEITE", "fecha_inic": "16-AGO-1963", "fecha_fin_": "16-AGO-1963", "profundida": 3517.8, "profundi_1": 3517.8, "trayectori": "VERTICAL", "disponible": "DISPONIBLE" }, "geometry": { "type": "Point", "coordinates": [ -93.87120465, 18.15385216 ] } },
{ "type": "Feature", "properties": { "pozo": "SANCHEZ MAGALLANES-398", "campo": "MAGALLANES TUCAN PAJONAL", "entidad": "TABASCO", "ubicacin": "TERRESTRE", "clasificac": "DESARROLLO", "estado_act": "CERRADO", "tipo_de_hi": "ACEITE", "fecha_inic": "25-JUL-1963", "fecha_fin_": null, "profundida": 2506.0, "profundi_1": 2506.0, "trayectori": "VERTICAL", "disponible": "DISPONIBLE" }, "geometry": { "type": "Point", "coordinates": [ -93.88608958, 18.12876252 ] } },
{ "type": "Feature", "properties": { "pozo": "SANCHEZ MAGALLANES-399", "campo": "MAGALLANES TUCAN PAJONAL", "entidad": "TABASCO", "ubicacin": "TERRESTRE", "clasificac": "DESARROLLO", "estado_act": "CERRADO", "tipo_de_hi": "ACEITE", "fecha_inic": "16-SEP-1963", "fecha_fin_": "16-SEP-1963", "profundida": 2450.0, "profundi_1": 2450.0, "trayectori": "VERTICAL", "disponible": "DISPONIBLE" }, "geometry": { "type": "Point", "coordinates": [ -93.88521338, 18.12722544 ] } },
{ "type": "Feature", "properties": { "pozo": "SANCHEZ MAGALLANES-401", "campo": "MAGALLANES TUCAN PAJONAL", "entidad": "TABASCO", "ubicacin": "TERRESTRE", "clasificac": "DESARROLLO", "estado_act": "CERRADO", "tipo_de_hi": "ACEITE", "fecha_inic": "22-ABR-1964", "fecha_fin_": "22-ABR-1964", "profundida": 2400.0, "profundi_1": 2400.0, "trayectori": "VERTICAL", "disponible": "DISPONIBLE" }, "geometry": { "type": "Point", "coordinates": [ -93.88800831, 18.12878802 ] } },
{ "type": "Feature", "properties": { "pozo": "SANCHEZ MAGALLANES-402", "campo": "MAGALLANES TUCAN PAJONAL", "entidad": "TABASCO", "ubicacin": "TERRESTRE", "clasificac": "DESARROLLO", "estado_act": "CERRADO", "tipo_de_hi": "ACEITE", "fecha_inic": "24-AGO-1963", "fecha_fin_": "26-SEP-1963", "profundida": 2395.0, "profundi_1": 2395.0, "trayectori": "VERTICAL", "disponible": "DISPONIBLE" }, "geometry": { "type": "Point", "coordinates": [ -93.88895201, 18.12725097 ] } },
{ "type": "Feature", "properties": { "pozo": "SANCHEZ MAGALLANES-403", "campo": "MAGALLANES TUCAN PAJONAL", "entidad": "TABASCO", "ubicacin": "TERRESTRE", "clasificac": "DESARROLLO", "estado_act": "CERRADO", "tipo_de_hi": "ACEITE", "fecha_inic": "10-OCT-1963", "fecha_fin_": "10-OCT-1963", "profundida": 2250.0, "profundi_1": 2250.0, "trayectori": "VERTICAL", "disponible": "DISPONIBLE" }, "geometry": { "type": "Point", "coordinates": [ -93.88989845, 18.1288037 ] } },
{ "type": "Feature", "properties": { "pozo": "SANCHEZ MAGALLANES-405", "campo": "MAGALLANES TUCAN PAJONAL", "entidad": "TABASCO", "ubicacin": "TERRESTRE", "clasificac": "DESARROLLO", "estado_act": "CERRADO", "tipo_de_hi": null, "fecha_inic": "15-DIC-1963", "fecha_fin_": "12-ENE-1964", "profundida": 3225.0, "profundi_1": 3225.0, "trayectori": "VERTICAL", "disponible": "DISPONIBLE" }, "geometry": { "type": "Point", "coordinates": [ -93.8656916, 18.15721214 ] } },
{ "type": "Feature", "properties": { "pozo": "SANCHEZ MAGALLANES-407", "campo": "MAGALLANES TUCAN PAJONAL", "entidad": "TABASCO", "ubicacin": "TERRESTRE", "clasificac": "DESARROLLO", "estado_act": "CERRADO", "tipo_de_hi": "ACEITE", "fecha_inic": "12-DIC-1963", "fecha_fin_": "12-DIC-1963", "profundida": 3164.8, "profundi_1": 3164.8, "trayectori": "VERTICAL", "disponible": "DISPONIBLE" }, "geometry": { "type": "Point", "coordinates": [ -93.87023161, 18.14923488 ] } },
{ "type": "Feature", "properties": { "pozo": "SANCHEZ MAGALLANES-410", "campo": "MAGALLANES TUCAN PAJONAL", "entidad": "TABASCO", "ubicacin": "TERRESTRE", "clasificac": "DESARROLLO", "estado_act": "CERRADO", "tipo_de_hi": "ACEITE", "fecha_inic": "06-MAR-1964", "fecha_fin_": "17-MAY-1964", "profundida": 3543.1, "profundi_1": 3543.1, "trayectori": "VERTICAL", "disponible": "DISPONIBLE" }, "geometry": { "type": "Point", "coordinates": [ -93.86923249, 18.14764822 ] } },
{ "type": "Feature", "properties": { "pozo": "SANCHEZ MAGALLANES-411", "campo": "MAGALLANES TUCAN PAJONAL", "entidad": "TABASCO", "ubicacin": "TERRESTRE", "clasificac": "DESARROLLO", "estado_act": "CERRADO", "tipo_de_hi": "ACEITE", "fecha_inic": "05-ENE-1964", "fecha_fin_": "05-ENE-1964", "profundida": 3580.0, "profundi_1": 3580.0, "trayectori": "VERTICAL", "disponible": "DISPONIBLE" }, "geometry": { "type": "Point", "coordinates": [ -93.87117676, 18.14452224 ] } },
{ "type": "Feature", "properties": { "pozo": "SANCHEZ MAGALLANES-143C", "campo": "MAGALLANES TUCAN PAJONAL", "entidad": "TABASCO", "ubicacin": "TERRESTRE", "clasificac": "DESARROLLO", "estado_act": "INACTIVO", "tipo_de_hi": "ACEITE", "fecha_inic": "27-AGO-1961", "fecha_fin_": "14-SEP-1961", "profundida": 2085.0, "profundi_1": 2085.0, "trayectori": "VERTICAL", "disponible": "DISPONIBLE" }, "geometry": { "type": "Point", "coordinates": [ -93.88721244, 18.14924056 ] } },
{ "type": "Feature", "properties": { "pozo": "SANCHEZ MAGALLANES-143D", "campo": "MAGALLANES TUCAN PAJONAL", "entidad": "TABASCO", "ubicacin": "TERRESTRE", "clasificac": "DESARROLLO", "estado_act": "CERRADO", "tipo_de_hi": "ACEITE", "fecha_inic": "07-JUN-1961", "fecha_fin_": "07-JUN-1961", "profundida": 2230.0, "profundi_1": 2230.0, "trayectori": "VERTICAL", "disponible": "DISPONIBLE" }, "geometry": { "type": "Point", "coordinates": [ -93.88725844, 18.14915847 ] } },
{ "type": "Feature", "properties": { "pozo": "SANCHEZ MAGALLANES-157D", "campo": "MAGALLANES TUCAN PAJONAL", "entidad": "TABASCO", "ubicacin": "TERRESTRE", "clasificac": "DESARROLLO", "estado_act": "CERRADO", "tipo_de_hi": "ACEITE", "fecha_inic": "19-MAR-1963", "fecha_fin_": "10-ABR-1963", "profundida": 2395.0, "profundi_1": 2395.0, "trayectori": "VERTICAL", "disponible": "DISPONIBLE" }, "geometry": { "type": "Point", "coordinates": [ -93.88633964, 18.1506324 ] } },
{ "type": "Feature", "properties": { "pozo": "SANCHEZ MAGALLANES-158D", "campo": "MAGALLANES TUCAN PAJONAL", "entidad": "TABASCO", "ubicacin": "TERRESTRE", "clasificac": "DESARROLLO", "estado_act": "CERRADO", "tipo_de_hi": "ACEITE", "fecha_inic": "20-DIC-1961", "fecha_fin_": "20-DIC-1961", "profundida": 2592.0, "profundi_1": 2592.0, "trayectori": "VERTICAL", "disponible": "DISPONIBLE" }, "geometry": { "type": "Point", "coordinates": [ -93.88444096, 18.15078999 ] } },
{ "type": "Feature", "properties": { "pozo": "SANCHEZ MAGALLANES-159T", "campo": "MAGALLANES TUCAN PAJONAL", "entidad": "TABASCO", "ubicacin": "TERRESTRE", "clasificac": "DESARROLLO", "estado_act": "CERRADO", "tipo_de_hi": "ACEITE", "fecha_inic": "28-ENE-1962", "fecha_fin_": "28-ENE-1962", "profundida": 2625.0, "profundi_1": 2625.0, "trayectori": "VERTICAL", "disponible": "DISPONIBLE" }, "geometry": { "type": "Point", "coordinates": [ -93.88245778, 18.15072273 ] } },
{ "type": "Feature", "properties": { "pozo": "SANCHEZ MAGALLANES-161D", "campo": "MAGALLANES TUCAN PAJONAL", "entidad": "TABASCO", "ubicacin": "TERRESTRE", "clasificac": "DESARROLLO", "estado_act": "INACTIVO", "tipo_de_hi": "ACEITE", "fecha_inic": "14-JUL-1963", "fecha_fin_": "14-JUL-1963", "profundida": 2680.0, "profundi_1": 2680.0, "trayectori": "VERTICAL", "disponible": "DISPONIBLE" }, "geometry": { "type": "Point", "coordinates": [ -93.87696346, 18.15384877 ] } },
{ "type": "Feature", "properties": { "pozo": "SANCHEZ MAGALLANES-164D", "campo": "MAGALLANES TUCAN PAJONAL", "entidad": "TABASCO", "ubicacin": "TERRESTRE", "clasificac": "DESARROLLO", "estado_act": "CERRADO", "tipo_de_hi": "ACEITE", "fecha_inic": "28-JUL-1962", "fecha_fin_": "28-JUL-1962", "profundida": 2665.0, "profundi_1": 2665.0, "trayectori": "VERTICAL", "disponible": "DISPONIBLE" }, "geometry": { "type": "Point", "coordinates": [ -93.87791099, 18.15225725 ] } },
{ "type": "Feature", "properties": { "pozo": "SANCHEZ MAGALLANES-165D", "campo": "MAGALLANES TUCAN PAJONAL", "entidad": "TABASCO", "ubicacin": "TERRESTRE", "clasificac": "DESARROLLO", "estado_act": "CERRADO", "tipo_de_hi": "ACEITE", "fecha_inic": "21-JUL-1962", "fecha_fin_": "21-JUL-1962", "profundida": 1860.0, "profundi_1": 1860.0, "trayectori": "VERTICAL", "disponible": "DISPONIBLE" }, "geometry": { "type": "Point", "coordinates": [ -93.89011885, 18.15065861 ] } },
{ "type": "Feature", "properties": { "pozo": "SANCHEZ MAGALLANES-168T", "campo": "MAGALLANES TUCAN PAJONAL", "entidad": "TABASCO", "ubicacin": "TERRESTRE", "clasificac": "DESARROLLO", "estado_act": "CERRADO", "tipo_de_hi": "ACEITE", "fecha_inic": "17-ABR-1962", "fecha_fin_": "17-ABR-1962", "profundida": 2240.0, "profundi_1": 2240.0, "trayectori": "VERTICAL", "disponible": "DISPONIBLE" }, "geometry": { "type": "Point", "coordinates": [ -93.88905187, 18.14916736 ] } },
{ "type": "Feature", "properties": { "pozo": "SANCHEZ MAGALLANES-207", "campo": "MAGALLANES TUCAN PAJONAL", "entidad": "TABASCO", "ubicacin": "TERRESTRE", "clasificac": "DESARROLLO", "estado_act": "CERRADO", "tipo_de_hi": "ACEITE", "fecha_inic": "20-AGO-1958", "fecha_fin_": "10-SEP-1958", "profundida": 1155.0, "profundi_1": 1155.0, "trayectori": "VERTICAL", "disponible": "DISPONIBLE" }, "geometry": { "type": "Point", "coordinates": [ -93.89868694, 18.15532782 ] } },
{ "type": "Feature", "properties": { "pozo": "SANCHEZ MAGALLANES-802", "campo": "MAGALLANES TUCAN PAJONAL", "entidad": "TABASCO", "ubicacin": "TERRESTRE", "clasificac": "DESARROLLO", "estado_act": "CERRADO", "tipo_de_hi": null, "fecha_inic": "22-AGO-1984", "fecha_fin_": "22-AGO-1984", "profundida": 2916.0, "profundi_1": 0.0, "trayectori": "VERTICAL", "disponible": "DISPONIBLE" }, "geometry": { "type": "Point", "coordinates": [ -93.92325518, 18.12840293 ] } },
{ "type": "Feature", "properties": { "pozo": "SANCHEZ MAGALLANES-773", "campo": "MAGALLANES TUCAN PAJONAL", "entidad": "TABASCO", "ubicacin": "TERRESTRE", "clasificac": "DESARROLLO", "estado_act": "CERRADO", "tipo_de_hi": null, "fecha_inic": "17-SEP-1971", "fecha_fin_": "29-NOV-1971", "profundida": 2639.0, "profundi_1": 0.0, "trayectori": "VERTICAL", "disponible": "DISPONIBLE" }, "geometry": { "type": "Point", "coordinates": [ -93.88976324, 18.21656683 ] } },
{ "type": "Feature", "properties": { "pozo": "SANCHEZ MAGALLANES-781", "campo": "MAGALLANES TUCAN PAJONAL", "entidad": "TABASCO", "ubicacin": "TERRESTRE", "clasificac": "DESARROLLO", "estado_act": "INACTIVO", "tipo_de_hi": "ACEITE", "fecha_inic": "07-SEP-1973", "fecha_fin_": "02-NOV-1973", "profundida": 3330.0, "profundi_1": 0.0, "trayectori": "VERTICAL", "disponible": "DISPONIBLE" }, "geometry": { "type": "Point", "coordinates": [ -93.86675149, 18.20032034 ] } },
{ "type": "Feature", "properties": { "pozo": "SANCHEZ MAGALLANES-783", "campo": "MAGALLANES TUCAN PAJONAL", "entidad": "TABASCO", "ubicacin": "TERRESTRE", "clasificac": "DESARROLLO", "estado_act": "CERRADO", "tipo_de_hi": "ACEITE", "fecha_inic": "29-ABR-1984", "fecha_fin_": "29-ABR-1984", "profundida": 3650.0, "profundi_1": 0.0, "trayectori": "VERTICAL", "disponible": "DISPONIBLE" }, "geometry": { "type": "Point", "coordinates": [ -93.86359923, 18.20165043 ] } },
{ "type": "Feature", "properties": { "pozo": "SANCHEZ MAGALLANES-763", "campo": "MAGALLANES TUCAN PAJONAL", "entidad": "TABASCO", "ubicacin": "TERRESTRE", "clasificac": "DESARROLLO", "estado_act": "CERRADO", "tipo_de_hi": "ACEITE", "fecha_inic": "17-SEP-1972", "fecha_fin_": "25-ENE-1973", "profundida": 3565.0, "profundi_1": 3565.0, "trayectori": "VERTICAL", "disponible": "DISPONIBLE" }, "geometry": { "type": "Point", "coordinates": [ -93.86671305, 18.20381121 ] } },
{ "type": "Feature", "properties": { "pozo": "SANCHEZ MAGALLANES-212", "campo": "MAGALLANES TUCAN PAJONAL", "entidad": "TABASCO", "ubicacin": "TERRESTRE", "clasificac": "DESARROLLO", "estado_act": "CERRADO", "tipo_de_hi": "ACEITE", "fecha_inic": "09-JUL-1962", "fecha_fin_": "09-JUL-1962", "profundida": 2788.0, "profundi_1": 2788.0, "trayectori": "VERTICAL", "disponible": "DISPONIBLE" }, "geometry": { "type": "Point", "coordinates": [ -93.88443003, 18.1413419 ] } },
{ "type": "Feature", "properties": { "pozo": "SANCHEZ MAGALLANES-213", "campo": "MAGALLANES TUCAN PAJONAL", "entidad": "TABASCO", "ubicacin": "TERRESTRE", "clasificac": "DESARROLLO", "estado_act": "CERRADO", "tipo_de_hi": "ACEITE", "fecha_inic": "01-JUN-1962", "fecha_fin_": "30-JUN-1962", "profundida": 2800.0, "profundi_1": 2800.0, "trayectori": "VERTICAL", "disponible": "DISPONIBLE" }, "geometry": { "type": "Point", "coordinates": [ -93.88251597, 18.14133351 ] } },
{ "type": "Feature", "properties": { "pozo": "SANCHEZ MAGALLANES-214", "campo": "MAGALLANES TUCAN PAJONAL", "entidad": "TABASCO", "ubicacin": "TERRESTRE", "clasificac": "DESARROLLO", "estado_act": "CERRADO", "tipo_de_hi": "ACEITE", "fecha_inic": "30-ABR-1961", "fecha_fin_": "30-ABR-1961", "profundida": 2590.0, "profundi_1": 2590.0, "trayectori": "VERTICAL", "disponible": "DISPONIBLE" }, "geometry": { "type": "Point", "coordinates": [ -93.88173451, 18.15541921 ] } },
{ "type": "Feature", "properties": { "pozo": "SANCHEZ MAGALLANES-215", "campo": "MAGALLANES TUCAN PAJONAL", "entidad": "TABASCO", "ubicacin": "TERRESTRE", "clasificac": "DESARROLLO", "estado_act": "CERRADO", "tipo_de_hi": "ACEITE", "fecha_inic": "24-AGO-1960", "fecha_fin_": "24-AGO-1960", "profundida": 2898.7, "profundi_1": 2898.7, "trayectori": "VERTICAL", "disponible": "DISPONIBLE" }, "geometry": { "type": "Point", "coordinates": [ -93.87981054, 18.15555726 ] } },
{ "type": "Feature", "properties": { "pozo": "SANCHEZ MAGALLANES-218", "campo": "MAGALLANES TUCAN PAJONAL", "entidad": "TABASCO", "ubicacin": "TERRESTRE", "clasificac": "DESARROLLO", "estado_act": "CERRADO", "tipo_de_hi": "ACEITE", "fecha_inic": "29-MAY-1963", "fecha_fin_": "29-MAY-1963", "profundida": 2250.0, "profundi_1": 2250.0, "trayectori": "VERTICAL", "disponible": "DISPONIBLE" }, "geometry": { "type": "Point", "coordinates": [ -93.89103704, 18.13973933 ] } },
{ "type": "Feature", "properties": { "pozo": "SANCHEZ MAGALLANES-219", "campo": "MAGALLANES TUCAN PAJONAL", "entidad": "TABASCO", "ubicacin": "TERRESTRE", "clasificac": "DESARROLLO", "estado_act": "CERRADO", "tipo_de_hi": null, "fecha_inic": "11-MAY-1961", "fecha_fin_": "11-MAY-1961", "profundida": 1825.0, "profundi_1": 1825.0, "trayectori": "VERTICAL", "disponible": "DISPONIBLE" }, "geometry": { "type": "Point", "coordinates": [ -93.89198992, 18.15693073 ] } },
{ "type": "Feature", "properties": { "pozo": "SANCHEZ MAGALLANES-220", "campo": "MAGALLANES TUCAN PAJONAL", "entidad": "TABASCO", "ubicacin": "TERRESTRE", "clasificac": "DESARROLLO", "estado_act": "CERRADO", "tipo_de_hi": "ACEITE", "fecha_inic": "28-DIC-1962", "fecha_fin_": "28-DIC-1962", "profundida": 2350.0, "profundi_1": 2350.0, "trayectori": "VERTICAL", "disponible": "DISPONIBLE" }, "geometry": { "type": "Point", "coordinates": [ -93.88914653, 18.13974816 ] } },
{ "type": "Feature", "properties": { "pozo": "SANCHEZ MAGALLANES-221", "campo": "MAGALLANES TUCAN PAJONAL", "entidad": "TABASCO", "ubicacin": "TERRESTRE", "clasificac": "DESARROLLO", "estado_act": "CERRADO", "tipo_de_hi": "ACEITE", "fecha_inic": "05-JUL-1962", "fecha_fin_": "05-JUL-1962", "profundida": 2530.0, "profundi_1": 2530.0, "trayectori": "VERTICAL", "disponible": "DISPONIBLE" }, "geometry": { "type": "Point", "coordinates": [ -93.88722237, 18.139609 ] } },
{ "type": "Feature", "properties": { "pozo": "SANCHEZ MAGALLANES-223A", "campo": "MAGALLANES TUCAN PAJONAL", "entidad": "TABASCO", "ubicacin": "TERRESTRE", "clasificac": "DESARROLLO", "estado_act": "CERRADO", "tipo_de_hi": "ACEITE", "fecha_inic": "27-AGO-1961", "fecha_fin_": "27-AGO-1961", "profundida": 2600.0, "profundi_1": 2600.0, "trayectori": "VERTICAL", "disponible": "DISPONIBLE" }, "geometry": { "type": "Point", "coordinates": [ -93.88454499, 18.1569794 ] } },
{ "type": "Feature", "properties": { "pozo": "SANCHEZ MAGALLANES-224", "campo": "MAGALLANES TUCAN PAJONAL", "entidad": "TABASCO", "ubicacin": "TERRESTRE", "clasificac": "DESARROLLO", "estado_act": "INACTIVO", "tipo_de_hi": "ACEITE", "fecha_inic": "25-NOV-1961", "fecha_fin_": "25-NOV-1961", "profundida": 2845.7, "profundi_1": 2845.7, "trayectori": "VERTICAL", "disponible": "DISPONIBLE" }, "geometry": { "type": "Point", "coordinates": [ -93.88340759, 18.13969993 ] } },
{ "type": "Feature", "properties": { "pozo": "SANCHEZ MAGALLANES-169A", "campo": "MAGALLANES TUCAN PAJONAL", "entidad": "TABASCO", "ubicacin": "TERRESTRE", "clasificac": "DESARROLLO", "estado_act": "CERRADO", "tipo_de_hi": "ACEITE", "fecha_inic": "24-DIC-1961", "fecha_fin_": "24-DIC-1961", "profundida": 2650.0, "profundi_1": 2650.0, "trayectori": "VERTICAL", "disponible": "DISPONIBLE" }, "geometry": { "type": "Point", "coordinates": [ -93.88544244, 18.14917325 ] } },
{ "type": "Feature", "properties": { "pozo": "SANCHEZ MAGALLANES-170D", "campo": "MAGALLANES TUCAN PAJONAL", "entidad": "TABASCO", "ubicacin": "TERRESTRE", "clasificac": "DESARROLLO", "estado_act": "INACTIVO", "tipo_de_hi": "ACEITE", "fecha_inic": "20-MAY-1962", "fecha_fin_": "09-JUN-1962", "profundida": 2500.0, "profundi_1": 2500.0, "trayectori": "VERTICAL", "disponible": "DISPONIBLE" }, "geometry": { "type": "Point", "coordinates": [ -93.88347015, 18.14918159 ] } },
{ "type": "Feature", "properties": { "pozo": "SANCHEZ MAGALLANES-172C", "campo": "MAGALLANES TUCAN PAJONAL", "entidad": "TABASCO", "ubicacin": "TERRESTRE", "clasificac": "DESARROLLO", "estado_act": "CERRADO", "tipo_de_hi": "ACEITE", "fecha_inic": "08-MAR-1962", "fecha_fin_": "08-MAR-1962", "profundida": 2020.0, "profundi_1": 2020.0, "trayectori": "VERTICAL", "disponible": "DISPONIBLE" }, "geometry": { "type": "Point", "coordinates": [ -93.88816589, 18.1473857 ] } },
{ "type": "Feature", "properties": { "pozo": "SANCHEZ MAGALLANES-174D", "campo": "MAGALLANES TUCAN PAJONAL", "entidad": "TABASCO", "ubicacin": "TERRESTRE", "clasificac": "DESARROLLO", "estado_act": "CERRADO", "tipo_de_hi": "ACEITE", "fecha_inic": "17-MAR-1962", "fecha_fin_": "17-MAR-1962", "profundida": 2150.0, "profundi_1": 2150.0, "trayectori": "VERTICAL", "disponible": "DISPONIBLE" }, "geometry": { "type": "Point", "coordinates": [ -93.88446605, 18.14754518 ] } },
{ "type": "Feature", "properties": { "pozo": "SANCHEZ MAGALLANES-175D", "campo": "MAGALLANES TUCAN PAJONAL", "entidad": "TABASCO", "ubicacin": "TERRESTRE", "clasificac": "DESARROLLO", "estado_act": "INACTIVO", "tipo_de_hi": "ACEITE", "fecha_inic": "11-JUL-1962", "fecha_fin_": "27-JUL-1962", "profundida": 2150.0, "profundi_1": 2150.0, "trayectori": "VERTICAL", "disponible": "DISPONIBLE" }, "geometry": { "type": "Point", "coordinates": [ -93.88919784, 18.14601065 ] } },
{ "type": "Feature", "properties": { "pozo": "SANCHEZ MAGALLANES-176D", "campo": "MAGALLANES TUCAN PAJONAL", "entidad": "TABASCO", "ubicacin": "TERRESTRE", "clasificac": "DESARROLLO", "estado_act": "CERRADO", "tipo_de_hi": "ACEITE", "fecha_inic": "06-MAY-1962", "fecha_fin_": "06-MAY-1962", "profundida": 2130.5, "profundi_1": 2130.5, "trayectori": "VERTICAL", "disponible": "DISPONIBLE" }, "geometry": { "type": "Point", "coordinates": [ -93.88730894, 18.14595809 ] } },
{ "type": "Feature", "properties": { "pozo": "SANCHEZ MAGALLANES-193", "campo": "MAGALLANES TUCAN PAJONAL", "entidad": "TABASCO", "ubicacin": "TERRESTRE", "clasificac": "DESARROLLO", "estado_act": "CERRADO", "tipo_de_hi": null, "fecha_inic": "06-MAY-1961", "fecha_fin_": "06-MAY-1961", "profundida": 1650.0, "profundi_1": 1650.0, "trayectori": "VERTICAL", "disponible": "DISPONIBLE" }, "geometry": { "type": "Point", "coordinates": [ -93.8920253, 18.16004611 ] } },
{ "type": "Feature", "properties": { "pozo": "SANCHEZ MAGALLANES-206D", "campo": "MAGALLANES TUCAN PAJONAL", "entidad": "TABASCO", "ubicacin": "TERRESTRE", "clasificac": "DESARROLLO", "estado_act": "CERRADO", "tipo_de_hi": "ACEITE", "fecha_inic": "28-JUL-1961", "fecha_fin_": "28-JUL-1961", "profundida": 2590.0, "profundi_1": 2590.0, "trayectori": "VERTICAL", "disponible": "DISPONIBLE" }, "geometry": { "type": "Point", "coordinates": [ -93.8807401, 18.15377964 ] } },
{ "type": "Feature", "properties": { "pozo": "SANCHEZ MAGALLANES-206T", "campo": "MAGALLANES TUCAN PAJONAL", "entidad": "TABASCO", "ubicacin": "TERRESTRE", "clasificac": "DESARROLLO", "estado_act": "CERRADO", "tipo_de_hi": "ACEITE", "fecha_inic": "19-AGO-1961", "fecha_fin_": "19-AGO-1961", "profundida": 2446.0, "profundi_1": 2446.0, "trayectori": "VERTICAL", "disponible": "DISPONIBLE" }, "geometry": { "type": "Point", "coordinates": [ -93.88077562, 18.15375553 ] } },
{ "type": "Feature", "properties": { "pozo": "CINCO PRESIDENTES-29D", "campo": "CINCO PRESIDENTES", "entidad": "TABASCO", "ubicacin": "TERRESTRE", "clasificac": "DESARROLLO", "estado_act": "INACTIVO", "tipo_de_hi": "ACEITE", "fecha_inic": "28-MAY-1964", "fecha_fin_": "13-JUN-1964", "profundida": 2185.0, "profundi_1": 2185.0, "trayectori": "VERTICAL", "disponible": "DISPONIBLE" }, "geometry": { "type": "Point", "coordinates": [ -94.0083493, 18.20093843 ] } },
{ "type": "Feature", "properties": { "pozo": "CINCO PRESIDENTES-63D", "campo": "CINCO PRESIDENTES", "entidad": "TABASCO", "ubicacin": "TERRESTRE", "clasificac": "DESARROLLO", "estado_act": "INACTIVO", "tipo_de_hi": "ACEITE", "fecha_inic": "06-JUN-1964", "fecha_fin_": "23-JUN-1964", "profundida": 2425.0, "profundi_1": 0.0, "trayectori": "VERTICAL", "disponible": "DISPONIBLE" }, "geometry": { "type": "Point", "coordinates": [ -94.01458828, 18.2083776 ] } },
{ "type": "Feature", "properties": { "pozo": "SANCHEZ MAGALLANES-725", "campo": "MAGALLANES TUCAN PAJONAL", "entidad": "TABASCO", "ubicacin": "TERRESTRE", "clasificac": "DESARROLLO", "estado_act": "INACTIVO", "tipo_de_hi": "ACEITE", "fecha_inic": "03-DIC-1976", "fecha_fin_": "31-MAR-1977", "profundida": 3650.0, "profundi_1": 0.0, "trayectori": "VERTICAL", "disponible": "DISPONIBLE" }, "geometry": { "type": "Point", "coordinates": [ -93.87027563, 18.2093178 ] } },
{ "type": "Feature", "properties": { "pozo": "SANCHEZ MAGALLANES-731", "campo": "MAGALLANES TUCAN PAJONAL", "entidad": "TABASCO", "ubicacin": "TERRESTRE", "clasificac": "DESARROLLO", "estado_act": "INACTIVO", "tipo_de_hi": "ACEITE", "fecha_inic": "19-ENE-1970", "fecha_fin_": "19-ENE-1970", "profundida": 2680.0, "profundi_1": 0.0, "trayectori": "VERTICAL", "disponible": "DISPONIBLE" }, "geometry": { "type": "Point", "coordinates": [ -93.88647689, 18.21109786 ] } },
{ "type": "Feature", "properties": { "pozo": "SANCHEZ MAGALLANES-733", "campo": "MAGALLANES TUCAN PAJONAL", "entidad": "TABASCO", "ubicacin": "TERRESTRE", "clasificac": "DESARROLLO", "estado_act": "INACTIVO", "tipo_de_hi": "ACEITE", "fecha_inic": "12-MAR-1969", "fecha_fin_": "12-MAR-1969", "profundida": 2831.0, "profundi_1": 0.0, "trayectori": "VERTICAL", "disponible": "DISPONIBLE" }, "geometry": { "type": "Point", "coordinates": [ -93.88322922, 18.21292045 ] } },
{ "type": "Feature", "properties": { "pozo": "SANCHEZ MAGALLANES-762", "campo": "MAGALLANES TUCAN PAJONAL", "entidad": "TABASCO", "ubicacin": "TERRESTRE", "clasificac": "DESARROLLO", "estado_act": "CERRADO", "tipo_de_hi": null, "fecha_inic": "18-MAY-1971", "fecha_fin_": "28-JUN-1971", "profundida": 2741.0, "profundi_1": 0.0, "trayectori": "VERTICAL", "disponible": "DISPONIBLE" }, "geometry": { "type": "Point", "coordinates": [ -93.87341617, 18.20023138 ] } },
{ "type": "Feature", "properties": { "pozo": "SANCHEZ MAGALLANES-741", "campo": "MAGALLANES TUCAN PAJONAL", "entidad": "TABASCO", "ubicacin": "TERRESTRE", "clasificac": "DESARROLLO", "estado_act": "INACTIVO", "tipo_de_hi": "ACEITE", "fecha_inic": "01-AGO-1970", "fecha_fin_": "01-SEP-1970", "profundida": 2866.0, "profundi_1": 0.0, "trayectori": "VERTICAL", "disponible": "DISPONIBLE" }, "geometry": { "type": "Point", "coordinates": [ -93.87340205, 18.2038699 ] } },
{ "type": "Feature", "properties": { "pozo": "SANCHEZ MAGALLANES-742", "campo": "MAGALLANES TUCAN PAJONAL", "entidad": "TABASCO", "ubicacin": "TERRESTRE", "clasificac": "DESARROLLO", "estado_act": "INACTIVO", "tipo_de_hi": "ACEITE", "fecha_inic": "25-NOV-1970", "fecha_fin_": "14-DIC-1970", "profundida": 2740.0, "profundi_1": 0.0, "trayectori": "VERTICAL", "disponible": "DISPONIBLE" }, "geometry": { "type": "Point", "coordinates": [ -93.87664126, 18.20204833 ] } },
{ "type": "Feature", "properties": { "pozo": "SANCHEZ MAGALLANES-227", "campo": "MAGALLANES TUCAN PAJONAL", "entidad": "TABASCO", "ubicacin": "TERRESTRE", "clasificac": "DESARROLLO", "estado_act": "INACTIVO", "tipo_de_hi": "ACEITE", "fecha_inic": "26-FEB-1962", "fecha_fin_": "20-MAR-1962", "profundida": 2757.0, "profundi_1": 2757.0, "trayectori": "VERTICAL", "disponible": "DISPONIBLE" }, "geometry": { "type": "Point", "coordinates": [ -93.87694216, 18.15714029 ] } },
{ "type": "Feature", "properties": { "pozo": "SANCHEZ MAGALLANES-229", "campo": "MAGALLANES TUCAN PAJONAL", "entidad": "TABASCO", "ubicacin": "TERRESTRE", "clasificac": "DESARROLLO", "estado_act": "CERRADO", "tipo_de_hi": "ACEITE", "fecha_inic": "15-ABR-1960", "fecha_fin_": "15-ABR-1960", "profundida": 1917.8, "profundi_1": 1917.8, "trayectori": "VERTICAL", "disponible": "DISPONIBLE" }, "geometry": { "type": "Point", "coordinates": [ -93.89106278, 18.15849502 ] } },
{ "type": "Feature", "properties": { "pozo": "SANCHEZ MAGALLANES-231", "campo": "MAGALLANES TUCAN PAJONAL", "entidad": "TABASCO", "ubicacin": "TERRESTRE", "clasificac": "DESARROLLO", "estado_act": "CERRADO", "tipo_de_hi": null, "fecha_inic": "09-NOV-1960", "fecha_fin_": "09-NOV-1960", "profundida": 2341.35, "profundi_1": 2341.4, "trayectori": "VERTICAL", "disponible": "DISPONIBLE" }, "geometry": { "type": "Point", "coordinates": [ -93.88508296, 18.15877306 ] } },
{ "type": "Feature", "properties": { "pozo": "SANCHEZ MAGALLANES-232", "campo": "MAGALLANES TUCAN PAJONAL", "entidad": "TABASCO", "ubicacin": "TERRESTRE", "clasificac": "DESARROLLO", "estado_act": "CERRADO", "tipo_de_hi": "ACEITE", "fecha_inic": "09-MAY-1963", "fecha_fin_": "26-MAY-1963", "profundida": 2275.0, "profundi_1": 2275.0, "trayectori": "VERTICAL", "disponible": "DISPONIBLE" }, "geometry": { "type": "Point", "coordinates": [ -93.89006972, 18.138167 ] } },
{ "type": "Feature", "properties": { "pozo": "SANCHEZ MAGALLANES-233", "campo": "MAGALLANES TUCAN PAJONAL", "entidad": "TABASCO", "ubicacin": "TERRESTRE", "clasificac": "DESARROLLO", "estado_act": "CERRADO", "tipo_de_hi": "ACEITE", "fecha_inic": "12-AGO-1962", "fecha_fin_": "08-SEP-1962", "profundida": 2480.0, "profundi_1": 2480.0, "trayectori": "VERTICAL", "disponible": "DISPONIBLE" }, "geometry": { "type": "Point", "coordinates": [ -93.88825591, 18.13819852 ] } },
{ "type": "Feature", "properties": { "pozo": "SANCHEZ MAGALLANES-235", "campo": "MAGALLANES TUCAN PAJONAL", "entidad": "TABASCO", "ubicacin": "TERRESTRE", "clasificac": "DESARROLLO", "estado_act": "INACTIVO", "tipo_de_hi": "ACEITE", "fecha_inic": "29-JUN-1962", "fecha_fin_": "29-JUN-1962", "profundida": 2590.0, "profundi_1": 2590.0, "trayectori": "VERTICAL", "disponible": "DISPONIBLE" }, "geometry": { "type": "Point", "coordinates": [ -93.88629443, 18.13819003 ] } },
{ "type": "Feature", "properties": { "pozo": "SANCHEZ MAGALLANES-236", "campo": "MAGALLANES TUCAN PAJONAL", "entidad": "TABASCO", "ubicacin": "TERRESTRE", "clasificac": "DESARROLLO", "estado_act": "SUSPENDIDO", "tipo_de_hi": "ACEITE", "fecha_inic": "07-AGO-1962", "fecha_fin_": "07-AGO-1962", "profundida": 2750.0, "profundi_1": 2750.0, "trayectori": "VERTICAL", "disponible": "DISPONIBLE" }, "geometry": { "type": "Point", "coordinates": [ -93.8844056, 18.13821146 ] } },
{ "type": "Feature", "properties": { "pozo": "SANCHEZ MAGALLANES-237", "campo": "MAGALLANES TUCAN PAJONAL", "entidad": "TABASCO", "ubicacin": "TERRESTRE", "clasificac": "DESARROLLO", "estado_act": "INACTIVO", "tipo_de_hi": "ACEITE", "fecha_inic": "24-JUL-1962", "fecha_fin_": "24-JUL-1962", "profundida": 3090.0, "profundi_1": 3090.0, "trayectori": "VERTICAL", "disponible": "DISPONIBLE" }, "geometry": { "type": "Point", "coordinates": [ -93.87690517, 18.16014819 ] } },
{ "type": "Feature", "properties": { "pozo": "SANCHEZ MAGALLANES-238", "campo": "MAGALLANES TUCAN PAJONAL", "entidad": "TABASCO", "ubicacin": "TERRESTRE", "clasificac": "DESARROLLO", "estado_act": "CERRADO", "tipo_de_hi": "ACEITE", "fecha_inic": "19-FEB-1962", "fecha_fin_": "19-FEB-1962", "profundida": 2794.6, "profundi_1": 2794.6, "trayectori": "VERTICAL", "disponible": "DISPONIBLE" }, "geometry": { "type": "Point", "coordinates": [ -93.88426075, 18.13508111 ] } },
{ "type": "Feature", "properties": { "pozo": "SANCHEZ MAGALLANES-239", "campo": "MAGALLANES TUCAN PAJONAL", "entidad": "TABASCO", "ubicacin": "TERRESTRE", "clasificac": "DESARROLLO", "estado_act": "INACTIVO", "tipo_de_hi": "ACEITE", "fecha_inic": "21-MAR-1961", "fecha_fin_": "04-ABR-1961", "profundida": 2040.0, "profundi_1": 2040.0, "trayectori": "VERTICAL", "disponible": "DISPONIBLE" }, "geometry": { "type": "Point", "coordinates": [ -93.88920673, 18.16169236 ] } },
{ "type": "Feature", "properties": { "pozo": "SANCHEZ MAGALLANES-212D", "campo": "MAGALLANES TUCAN PAJONAL", "entidad": "TABASCO", "ubicacin": "TERRESTRE", "clasificac": "DESARROLLO", "estado_act": "CERRADO", "tipo_de_hi": "ACEITE", "fecha_inic": "16-AGO-1962", "fecha_fin_": "02-SEP-1962", "profundida": 2505.0, "profundi_1": 2505.0, "trayectori": "VERTICAL", "disponible": "DISPONIBLE" }, "geometry": { "type": "Point", "coordinates": [ -93.88445425, 18.14132642 ] } },
{ "type": "Feature", "properties": { "pozo": "SANCHEZ MAGALLANES-215C", "campo": "MAGALLANES TUCAN PAJONAL", "entidad": "TABASCO", "ubicacin": "TERRESTRE", "clasificac": "DESARROLLO", "estado_act": "CERRADO", "tipo_de_hi": "ACEITE", "fecha_inic": "18-ENE-1961", "fecha_fin_": "18-ENE-1961", "profundida": 2260.0, "profundi_1": 2260.0, "trayectori": "VERTICAL", "disponible": "DISPONIBLE" }, "geometry": { "type": "Point", "coordinates": [ -93.87982236, 18.15551961 ] } },
{ "type": "Feature", "properties": { "pozo": "SANCHEZ MAGALLANES-215T", "campo": "MAGALLANES TUCAN PAJONAL", "entidad": "TABASCO", "ubicacin": "TERRESTRE", "clasificac": "DESARROLLO", "estado_act": "CERRADO", "tipo_de_hi": "ACEITE", "fecha_inic": "01-DIC-1960", "fecha_fin_": "27-DIC-1960", "profundida": 2405.0, "profundi_1": 2405.0, "trayectori": "VERTICAL", "disponible": "DISPONIBLE" }, "geometry": { "type": "Point", "coordinates": [ -93.87979822, 18.15547562 ] } },
{ "type": "Feature", "properties": { "pozo": "SANCHEZ MAGALLANES-216D", "campo": "MAGALLANES TUCAN PAJONAL", "entidad": "TABASCO", "ubicacin": "TERRESTRE", "clasificac": "DESARROLLO", "estado_act": "CERRADO", "tipo_de_hi": "ACEITE", "fecha_inic": "09-MAR-1964", "fecha_fin_": "09-MAR-1964", "profundida": 2535.0, "profundi_1": 2535.0, "trayectori": "VERTICAL", "disponible": "DISPONIBLE" }, "geometry": { "type": "Point", "coordinates": [ -93.87788912, 18.1554312 ] } },
{ "type": "Feature", "properties": { "pozo": "SANCHEZ MAGALLANES-223", "campo": "MAGALLANES TUCAN PAJONAL", "entidad": "TABASCO", "ubicacin": "TERRESTRE", "clasificac": "DESARROLLO", "estado_act": "CERRADO", "tipo_de_hi": "ACEITE", "fecha_inic": "27-AGO-1961", "fecha_fin_": null, "profundida": 26.8, "profundi_1": 26.8, "trayectori": "VERTICAL", "disponible": "DISPONIBLE" }, "geometry": { "type": "Point", "coordinates": [ -93.88452975, 18.15697504 ] } },
{ "type": "Feature", "properties": { "pozo": "SANCHEZ MAGALLANES-226D", "campo": "MAGALLANES TUCAN PAJONAL", "entidad": "TABASCO", "ubicacin": "TERRESTRE", "clasificac": "DESARROLLO", "estado_act": "CERRADO", "tipo_de_hi": "ACEITE", "fecha_inic": "21-SEP-1961", "fecha_fin_": "21-SEP-1961", "profundida": 2620.0, "profundi_1": 2620.0, "trayectori": "VERTICAL", "disponible": "DISPONIBLE" }, "geometry": { "type": "Point", "coordinates": [ -93.87882678, 18.15699197 ] } },
{ "type": "Feature", "properties": { "pozo": "SANCHEZ MAGALLANES-226T", "campo": "MAGALLANES TUCAN PAJONAL", "entidad": "TABASCO", "ubicacin": "TERRESTRE", "clasificac": "DESARROLLO", "estado_act": "CERRADO", "tipo_de_hi": "ACEITE", "fecha_inic": "26-FEB-1962", "fecha_fin_": "26-FEB-1962", "profundida": 2500.0, "profundi_1": 2500.0, "trayectori": "VERTICAL", "disponible": "DISPONIBLE" }, "geometry": { "type": "Point", "coordinates": [ -93.87884516, 18.15703788 ] } },
{ "type": "Feature", "properties": { "pozo": "SANCHEZ MAGALLANES-228", "campo": "MAGALLANES TUCAN PAJONAL", "entidad": "TABASCO", "ubicacin": "TERRESTRE", "clasificac": "DESARROLLO", "estado_act": "CERRADO", "tipo_de_hi": null, "fecha_inic": "15-ABR-1963", "fecha_fin_": "15-ABR-1963", "profundida": 2100.0, "profundi_1": 2100.0, "trayectori": "VERTICAL", "disponible": "DISPONIBLE" }, "geometry": { "type": "Point", "coordinates": [ -93.8938492, 18.13816964 ] } },
{ "type": "Feature", "properties": { "pozo": "SANCHEZ MAGALLANES-242D", "campo": "MAGALLANES TUCAN PAJONAL", "entidad": "TABASCO", "ubicacin": "TERRESTRE", "clasificac": "DESARROLLO", "estado_act": "CERRADO", "tipo_de_hi": null, "fecha_inic": "31-AGO-1961", "fecha_fin_": "31-AGO-1961", "profundida": 2250.0, "profundi_1": 2250.0, "trayectori": "VERTICAL", "disponible": "DISPONIBLE" }, "geometry": { "type": "Point", "coordinates": [ -93.88169335, 18.16163016 ] } },
{ "type": "Feature", "properties": { "pozo": "SANCHEZ MAGALLANES-247", "campo": "MAGALLANES TUCAN PAJONAL", "entidad": "TABASCO", "ubicacin": "TERRESTRE", "clasificac": "DESARROLLO", "estado_act": "CERRADO", "tipo_de_hi": "ACEITE", "fecha_inic": "21-MAY-1961", "fecha_fin_": "21-MAY-1961", "profundida": 2290.0, "profundi_1": 2290.0, "trayectori": "VERTICAL", "disponible": "DISPONIBLE" }, "geometry": { "type": "Point", "coordinates": [ -93.88825855, 18.16317891 ] } },
{ "type": "Feature", "properties": { "pozo": "SANCHEZ MAGALLANES-744", "campo": "MAGALLANES TUCAN PAJONAL", "entidad": "TABASCO", "ubicacin": "TERRESTRE", "clasificac": "DESARROLLO", "estado_act": "CERRADO", "tipo_de_hi": "ACEITE", "fecha_inic": "08-FEB-1972", "fecha_fin_": "08-MAR-1972", "profundida": 2487.0, "profundi_1": 0.0, "trayectori": "VERTICAL", "disponible": "DISPONIBLE" }, "geometry": { "type": "Point", "coordinates": [ -93.8798386, 18.20062148 ] } },
{ "type": "Feature", "properties": { "pozo": "SANCHEZ MAGALLANES-761", "campo": "MAGALLANES TUCAN PAJONAL", "entidad": "TABASCO", "ubicacin": "TERRESTRE", "clasificac": "DESARROLLO", "estado_act": "INACTIVO", "tipo_de_hi": "ACEITE", "fecha_inic": "17-MAR-1971", "fecha_fin_": "17-MAR-1971", "profundida": 3200.0, "profundi_1": 0.0, "trayectori": "VERTICAL", "disponible": "DISPONIBLE" }, "geometry": { "type": "Point", "coordinates": [ -93.87008509, 18.20206371 ] } },
{ "type": "Feature", "properties": { "pozo": "SANCHEZ MAGALLANES-997", "campo": "MAGALLANES TUCAN PAJONAL", "entidad": "TABASCO", "ubicacin": "TERRESTRE", "clasificac": "DESARROLLO", "estado_act": "CERRADO", "tipo_de_hi": "ACEITE", "fecha_inic": "17-FEB-1970", "fecha_fin_": "24-ABR-1970", "profundida": 4000.0, "profundi_1": 0.0, "trayectori": "VERTICAL", "disponible": "DISPONIBLE" }, "geometry": { "type": "Point", "coordinates": [ -93.87001907, 18.10863995 ] } },
{ "type": "Feature", "properties": { "pozo": "SANCHEZ MAGALLANES-240", "campo": "MAGALLANES TUCAN PAJONAL", "entidad": "TABASCO", "ubicacin": "TERRESTRE", "clasificac": "DESARROLLO", "estado_act": "CERRADO", "tipo_de_hi": "ACEITE", "fecha_inic": "23-JUN-1961", "fecha_fin_": "23-JUN-1961", "profundida": 2620.0, "profundi_1": 2620.0, "trayectori": "VERTICAL", "disponible": "DISPONIBLE" }, "geometry": { "type": "Point", "coordinates": [ -93.88542385, 18.16162269 ] } },
{ "type": "Feature", "properties": { "pozo": "SANCHEZ MAGALLANES-242", "campo": "MAGALLANES TUCAN PAJONAL", "entidad": "TABASCO", "ubicacin": "TERRESTRE", "clasificac": "DESARROLLO", "estado_act": "CERRADO", "tipo_de_hi": "ACEITE", "fecha_inic": "30-JUL-1961", "fecha_fin_": "30-JUL-1961", "profundida": 2814.5, "profundi_1": 2814.5, "trayectori": "VERTICAL", "disponible": "DISPONIBLE" }, "geometry": { "type": "Point", "coordinates": [ -93.88170506, 18.16168424 ] } },
{ "type": "Feature", "properties": { "pozo": "SANCHEZ MAGALLANES-243", "campo": "MAGALLANES TUCAN PAJONAL", "entidad": "TABASCO", "ubicacin": "TERRESTRE", "clasificac": "DESARROLLO", "estado_act": "CERRADO", "tipo_de_hi": "ACEITE", "fecha_inic": "05-FEB-1963", "fecha_fin_": "05-FEB-1963", "profundida": 2610.0, "profundi_1": 2610.0, "trayectori": "VERTICAL", "disponible": "DISPONIBLE" }, "geometry": { "type": "Point", "coordinates": [ -93.87972333, 18.16168627 ] } },
{ "type": "Feature", "properties": { "pozo": "SANCHEZ MAGALLANES-245", "campo": "MAGALLANES TUCAN PAJONAL", "entidad": "TABASCO", "ubicacin": "TERRESTRE", "clasificac": "DESARROLLO", "estado_act": "CERRADO", "tipo_de_hi": "ACEITE", "fecha_inic": "10-JUL-1962", "fecha_fin_": "24-OCT-1962", "profundida": 2900.0, "profundi_1": 2900.0, "trayectori": "VERTICAL", "disponible": "DISPONIBLE" }, "geometry": { "type": "Point", "coordinates": [ -93.87873382, 18.14448346 ] } },
{ "type": "Feature", "properties": { "pozo": "SANCHEZ MAGALLANES-247D", "campo": "MAGALLANES TUCAN PAJONAL", "entidad": "TABASCO", "ubicacin": "TERRESTRE", "clasificac": "DESARROLLO", "estado_act": "CERRADO", "tipo_de_hi": "ACEITE", "fecha_inic": "06-JUN-1961", "fecha_fin_": "06-JUN-1961", "profundida": 1545.0, "profundi_1": 1545.0, "trayectori": "VERTICAL", "disponible": "DISPONIBLE" }, "geometry": { "type": "Point", "coordinates": [ -93.88831017, 18.16317921 ] } },
{ "type": "Feature", "properties": { "pozo": "SANCHEZ MAGALLANES-250A", "campo": "MAGALLANES TUCAN PAJONAL", "entidad": "TABASCO", "ubicacin": "TERRESTRE", "clasificac": "DESARROLLO", "estado_act": "CERRADO", "tipo_de_hi": "ACEITE", "fecha_inic": "23-JUN-1962", "fecha_fin_": "23-JUN-1962", "profundida": 2683.5, "profundi_1": 2683.5, "trayectori": "VERTICAL", "disponible": "DISPONIBLE" }, "geometry": { "type": "Point", "coordinates": [ -93.87600122, 18.14290556 ] } },
{ "type": "Feature", "properties": { "pozo": "SANCHEZ MAGALLANES-259D", "campo": "MAGALLANES TUCAN PAJONAL", "entidad": "TABASCO", "ubicacin": "TERRESTRE", "clasificac": "DESARROLLO", "estado_act": "CERRADO", "tipo_de_hi": "ACEITE", "fecha_inic": "31-MAR-1963", "fecha_fin_": "31-MAR-1963", "profundida": 2580.0, "profundi_1": 2580.0, "trayectori": "VERTICAL", "disponible": "DISPONIBLE" }, "geometry": { "type": "Point", "coordinates": [ -93.88062314, 18.14129781 ] } },
{ "type": "Feature", "properties": { "pozo": "SANCHEZ MAGALLANES-264C", "campo": "MAGALLANES TUCAN PAJONAL", "entidad": "TABASCO", "ubicacin": "TERRESTRE", "clasificac": "DESARROLLO", "estado_act": "CERRADO", "tipo_de_hi": "ACEITE", "fecha_inic": "30-DIC-1960", "fecha_fin_": "30-DIC-1960", "profundida": 2220.0, "profundi_1": 2220.0, "trayectori": "VERTICAL", "disponible": "DISPONIBLE" }, "geometry": { "type": "Point", "coordinates": [ -93.88446212, 18.15396157 ] } },
{ "type": "Feature", "properties": { "pozo": "SANCHEZ MAGALLANES-264D", "campo": "MAGALLANES TUCAN PAJONAL", "entidad": "TABASCO", "ubicacin": "TERRESTRE", "clasificac": "DESARROLLO", "estado_act": "CERRADO", "tipo_de_hi": "ACEITE", "fecha_inic": "22-SEP-1960", "fecha_fin_": "22-SEP-1960", "profundida": 2575.0, "profundi_1": 2575.0, "trayectori": "VERTICAL", "disponible": "DISPONIBLE" }, "geometry": { "type": "Point", "coordinates": [ -93.88446181, 18.15386234 ] } },
{ "type": "Feature", "properties": { "pozo": "SANCHEZ MAGALLANES-264T", "campo": "MAGALLANES TUCAN PAJONAL", "entidad": "TABASCO", "ubicacin": "TERRESTRE", "clasificac": "DESARROLLO", "estado_act": "CERRADO", "tipo_de_hi": "ACEITE", "fecha_inic": "19-NOV-1960", "fecha_fin_": "19-NOV-1960", "profundida": 2365.0, "profundi_1": 2365.0, "trayectori": "VERTICAL", "disponible": "DISPONIBLE" }, "geometry": { "type": "Point", "coordinates": [ -93.88446196, 18.15391195 ] } },
{ "type": "Feature", "properties": { "pozo": "SANCHEZ MAGALLANES-272D", "campo": "MAGALLANES TUCAN PAJONAL", "entidad": "TABASCO", "ubicacin": "TERRESTRE", "clasificac": "DESARROLLO", "estado_act": "INACTIVO", "tipo_de_hi": "ACEITE", "fecha_inic": "15-ENE-1963", "fecha_fin_": "07-FEB-1963", "profundida": 2590.0, "profundi_1": 2590.0, "trayectori": "VERTICAL", "disponible": "DISPONIBLE" }, "geometry": { "type": "Point", "coordinates": [ -93.88072192, 18.15067953 ] } },
{ "type": "Feature", "properties": { "pozo": "SANCHEZ MAGALLANES-276", "campo": "MAGALLANES TUCAN PAJONAL", "entidad": "TABASCO", "ubicacin": "TERRESTRE", "clasificac": "DESARROLLO", "estado_act": "CERRADO", "tipo_de_hi": "ACEITE", "fecha_inic": "07-SEP-1962", "fecha_fin_": "07-SEP-1962", "profundida": 2654.0, "profundi_1": 2654.0, "trayectori": "VERTICAL", "disponible": "DISPONIBLE" }, "geometry": { "type": "Point", "coordinates": [ -93.88067279, 18.14757117 ] } },
{ "type": "Feature", "properties": { "pozo": "CINCO PRESIDENTES-75D", "campo": "CINCO PRESIDENTES", "entidad": "TABASCO", "ubicacin": "TERRESTRE", "clasificac": "DESARROLLO", "estado_act": "INACTIVO", "tipo_de_hi": "ACEITE", "fecha_inic": "10-ENE-1963", "fecha_fin_": "17-FEB-1963", "profundida": 2640.0, "profundi_1": 0.0, "trayectori": "VERTICAL", "disponible": "DISPONIBLE" }, "geometry": { "type": "Point", "coordinates": [ -94.01752247, 18.21751686 ] } },
{ "type": "Feature", "properties": { "pozo": "SANCHEZ MAGALLANES-413", "campo": "MAGALLANES TUCAN PAJONAL", "entidad": "TABASCO", "ubicacin": "TERRESTRE", "clasificac": "DESARROLLO", "estado_act": "CERRADO", "tipo_de_hi": "ACEITE", "fecha_inic": "18-MAR-1964", "fecha_fin_": "18-MAR-1964", "profundida": 2278.0, "profundi_1": 2278.0, "trayectori": "VERTICAL", "disponible": "DISPONIBLE" }, "geometry": { "type": "Point", "coordinates": [ -93.87391211, 18.14294343 ] } },
{ "type": "Feature", "properties": { "pozo": "SANCHEZ MAGALLANES-161", "campo": "MAGALLANES TUCAN PAJONAL", "entidad": "TABASCO", "ubicacin": "TERRESTRE", "clasificac": "DESARROLLO", "estado_act": "INACTIVO", "tipo_de_hi": "ACEITE", "fecha_inic": "23-JUN-1963", "fecha_fin_": "23-JUN-1963", "profundida": 3037.8, "profundi_1": 3037.8, "trayectori": "VERTICAL", "disponible": "DISPONIBLE" }, "geometry": { "type": "Point", "coordinates": [ -93.87688335, 18.15385998 ] } },
{ "type": "Feature", "properties": { "pozo": "SANCHEZ MAGALLANES-168", "campo": "MAGALLANES TUCAN PAJONAL", "entidad": "TABASCO", "ubicacin": "TERRESTRE", "clasificac": "DESARROLLO", "estado_act": "CERRADO", "tipo_de_hi": "ACEITE", "fecha_inic": "14-FEB-1962", "fecha_fin_": "14-FEB-1962", "profundida": 2109.8, "profundi_1": 2109.8, "trayectori": "VERTICAL", "disponible": "DISPONIBLE" }, "geometry": { "type": "Point", "coordinates": [ -93.88912101, 18.14913695 ] } },
{ "type": "Feature", "properties": { "pozo": "SANCHEZ MAGALLANES-346", "campo": "MAGALLANES TUCAN PAJONAL", "entidad": "TABASCO", "ubicacin": "TERRESTRE", "clasificac": "DESARROLLO", "estado_act": "CERRADO", "tipo_de_hi": "ACEITE", "fecha_inic": "26-ABR-1963", "fecha_fin_": "26-ABR-1963", "profundida": 2845.0, "profundi_1": 2845.0, "trayectori": "VERTICAL", "disponible": "DISPONIBLE" }, "geometry": { "type": "Point", "coordinates": [ -93.87034574, 18.15882487 ] } },
{ "type": "Feature", "properties": { "pozo": "SANCHEZ MAGALLANES-347", "campo": "MAGALLANES TUCAN PAJONAL", "entidad": "TABASCO", "ubicacin": "TERRESTRE", "clasificac": "DESARROLLO", "estado_act": "CERRADO", "tipo_de_hi": "ACEITE", "fecha_inic": "30-ABR-1963", "fecha_fin_": "30-ABR-1963", "profundida": 2400.0, "profundi_1": 2400.0, "trayectori": "VERTICAL", "disponible": "DISPONIBLE" }, "geometry": { "type": "Point", "coordinates": [ -93.88520351, 18.1303377 ] } },
{ "type": "Feature", "properties": { "pozo": "SANCHEZ MAGALLANES-348", "campo": "MAGALLANES TUCAN PAJONAL", "entidad": "TABASCO", "ubicacin": "TERRESTRE", "clasificac": "DESARROLLO", "estado_act": "CERRADO", "tipo_de_hi": "ACEITE", "fecha_inic": "29-ABR-1963", "fecha_fin_": "29-ABR-1963", "profundida": 2425.0, "profundi_1": 2425.0, "trayectori": "VERTICAL", "disponible": "DISPONIBLE" }, "geometry": { "type": "Point", "coordinates": [ -93.88706825, 18.1303359 ] } },
{ "type": "Feature", "properties": { "pozo": "SANCHEZ MAGALLANES-349", "campo": "MAGALLANES TUCAN PAJONAL", "entidad": "TABASCO", "ubicacin": "TERRESTRE", "clasificac": "DESARROLLO", "estado_act": "CERRADO", "tipo_de_hi": "ACEITE", "fecha_inic": "09-MAR-1963", "fecha_fin_": "09-MAR-1963", "profundida": 2325.0, "profundi_1": 2325.0, "trayectori": "VERTICAL", "disponible": "DISPONIBLE" }, "geometry": { "type": "Point", "coordinates": [ -93.88811794, 18.13189358 ] } },
{ "type": "Feature", "properties": { "pozo": "SANCHEZ MAGALLANES-350", "campo": "MAGALLANES TUCAN PAJONAL", "entidad": "TABASCO", "ubicacin": "TERRESTRE", "clasificac": "DESARROLLO", "estado_act": "CERRADO", "tipo_de_hi": "ACEITE", "fecha_inic": "02-MAY-1963", "fecha_fin_": "18-MAY-1963", "profundida": 2525.0, "profundi_1": 2525.0, "trayectori": "VERTICAL", "disponible": "DISPONIBLE" }, "geometry": { "type": "Point", "coordinates": [ -93.88709331, 18.13348938 ] } },
{ "type": "Feature", "properties": { "pozo": "SANCHEZ MAGALLANES-351", "campo": "MAGALLANES TUCAN PAJONAL", "entidad": "TABASCO", "ubicacin": "TERRESTRE", "clasificac": "DESARROLLO", "estado_act": "INACTIVO", "tipo_de_hi": "ACEITE", "fecha_inic": "19-ABR-1963", "fecha_fin_": "19-ABR-1963", "profundida": 3366.7, "profundi_1": 3366.7, "trayectori": "VERTICAL", "disponible": "DISPONIBLE" }, "geometry": { "type": "Point", "coordinates": [ -93.87310125, 18.14765177 ] } },
{ "type": "Feature", "properties": { "pozo": "SANCHEZ MAGALLANES-353", "campo": "MAGALLANES TUCAN PAJONAL", "entidad": "TABASCO", "ubicacin": "TERRESTRE", "clasificac": "DESARROLLO", "estado_act": "CERRADO", "tipo_de_hi": "ACEITE", "fecha_inic": "09-MAY-1963", "fecha_fin_": "09-MAY-1963", "profundida": 3275.0, "profundi_1": 3275.0, "trayectori": "VERTICAL", "disponible": "DISPONIBLE" }, "geometry": { "type": "Point", "coordinates": [ -93.87306824, 18.14450536 ] } },
{ "type": "Feature", "properties": { "pozo": "SANCHEZ MAGALLANES-354", "campo": "MAGALLANES TUCAN PAJONAL", "entidad": "TABASCO", "ubicacin": "TERRESTRE", "clasificac": "DESARROLLO", "estado_act": "CERRADO", "tipo_de_hi": "ACEITE", "fecha_inic": "16-MAY-1963", "fecha_fin_": "16-MAY-1963", "profundida": 2940.0, "profundi_1": 2940.0, "trayectori": "VERTICAL", "disponible": "DISPONIBLE" }, "geometry": { "type": "Point", "coordinates": [ -93.87494111, 18.14454909 ] } },
{ "type": "Feature", "properties": { "pozo": "SANCHEZ MAGALLANES-355", "campo": "MAGALLANES TUCAN PAJONAL", "entidad": "TABASCO", "ubicacin": "TERRESTRE", "clasificac": "DESARROLLO", "estado_act": "CERRADO", "tipo_de_hi": null, "fecha_inic": "19-ABR-1963", "fecha_fin_": "19-ABR-1963", "profundida": 2450.0, "profundi_1": 2450.0, "trayectori": "VERTICAL", "disponible": "DISPONIBLE" }, "geometry": { "type": "Point", "coordinates": [ -93.88736923, 18.1679003 ] } },
{ "type": "Feature", "properties": { "pozo": "SANCHEZ MAGALLANES-278D", "campo": "MAGALLANES TUCAN PAJONAL", "entidad": "TABASCO", "ubicacin": "TERRESTRE", "clasificac": "DESARROLLO", "estado_act": "SUSPENDIDO", "tipo_de_hi": "ACEITE", "fecha_inic": "24-ABR-1963", "fecha_fin_": "24-ABR-1963", "profundida": 1945.0, "profundi_1": 1945.0, "trayectori": "VERTICAL", "disponible": "DISPONIBLE" }, "geometry": { "type": "Point", "coordinates": [ -93.89115738, 18.1459554 ] } },
{ "type": "Feature", "properties": { "pozo": "SANCHEZ MAGALLANES-280D", "campo": "MAGALLANES TUCAN PAJONAL", "entidad": "TABASCO", "ubicacin": "TERRESTRE", "clasificac": "DESARROLLO", "estado_act": "CERRADO", "tipo_de_hi": "ACEITE", "fecha_inic": "05-MAR-1963", "fecha_fin_": "05-MAR-1963", "profundida": 2630.0, "profundi_1": 2630.0, "trayectori": "VERTICAL", "disponible": "DISPONIBLE" }, "geometry": { "type": "Point", "coordinates": [ -93.87596422, 18.15231114 ] } },
{ "type": "Feature", "properties": { "pozo": "SANCHEZ MAGALLANES-281D", "campo": "MAGALLANES TUCAN PAJONAL", "entidad": "TABASCO", "ubicacin": "TERRESTRE", "clasificac": "DESARROLLO", "estado_act": "CERRADO", "tipo_de_hi": "ACEITE", "fecha_inic": "23-ABR-1964", "fecha_fin_": "23-ABR-1964", "profundida": 2675.0, "profundi_1": 2675.0, "trayectori": "VERTICAL", "disponible": "DISPONIBLE" }, "geometry": { "type": "Point", "coordinates": [ -93.87693806, 18.15074626 ] } },
{ "type": "Feature", "properties": { "pozo": "SANCHEZ MAGALLANES-282D", "campo": "MAGALLANES TUCAN PAJONAL", "entidad": "TABASCO", "ubicacin": "TERRESTRE", "clasificac": "DESARROLLO", "estado_act": "INACTIVO", "tipo_de_hi": "ACEITE", "fecha_inic": "07-JUL-1962", "fecha_fin_": "07-JUL-1962", "profundida": 2560.0, "profundi_1": 2560.0, "trayectori": "VERTICAL", "disponible": "DISPONIBLE" }, "geometry": { "type": "Point", "coordinates": [ -93.87789662, 18.14919048 ] } },
{ "type": "Feature", "properties": { "pozo": "SANCHEZ MAGALLANES-302", "campo": "MAGALLANES TUCAN PAJONAL", "entidad": "TABASCO", "ubicacin": "TERRESTRE", "clasificac": "DESARROLLO", "estado_act": "CERRADO", "tipo_de_hi": null, "fecha_inic": "07-DIC-1962", "fecha_fin_": "07-DIC-1962", "profundida": 1997.5, "profundi_1": 1997.5, "trayectori": "VERTICAL", "disponible": "DISPONIBLE" }, "geometry": { "type": "Point", "coordinates": [ -93.8882435, 18.15692955 ] } },
{ "type": "Feature", "properties": { "pozo": "SANCHEZ MAGALLANES-317D", "campo": "MAGALLANES TUCAN PAJONAL", "entidad": "TABASCO", "ubicacin": "TERRESTRE", "clasificac": "DESARROLLO", "estado_act": "INACTIVO", "tipo_de_hi": "ACEITE", "fecha_inic": "06-JUL-1964", "fecha_fin_": "06-JUL-1964", "profundida": 2750.0, "profundi_1": 2750.0, "trayectori": "VERTICAL", "disponible": "DISPONIBLE" }, "geometry": { "type": "Point", "coordinates": [ -93.87503715, 18.14762589 ] } },
{ "type": "Feature", "properties": { "pozo": "SANCHEZ MAGALLANES-195", "campo": "MAGALLANES TUCAN PAJONAL", "entidad": "TABASCO", "ubicacin": "TERRESTRE", "clasificac": "DESARROLLO", "estado_act": "CERRADO", "tipo_de_hi": "ACEITE", "fecha_inic": "19-ABR-1961", "fecha_fin_": "19-ABR-1961", "profundida": 1912.9, "profundi_1": 1912.9, "trayectori": "VERTICAL", "disponible": "DISPONIBLE" }, "geometry": { "type": "Point", "coordinates": [ -93.88827146, 18.16014166 ] } },
{ "type": "Feature", "properties": { "pozo": "SANCHEZ MAGALLANES-573", "campo": "MAGALLANES TUCAN PAJONAL", "entidad": "TABASCO", "ubicacin": "TERRESTRE", "clasificac": "DESARROLLO", "estado_act": "INACTIVO", "tipo_de_hi": "ACEITE", "fecha_inic": "06-FEB-1991", "fecha_fin_": "12-MAR-1991", "profundida": 2182.0, "profundi_1": 0.0, "trayectori": "VERTICAL", "disponible": "DISPONIBLE" }, "geometry": { "type": "Point", "coordinates": [ -93.8993477, 18.18779195 ] } },
{ "type": "Feature", "properties": { "pozo": "SANCHEZ MAGALLANES-580", "campo": "MAGALLANES TUCAN PAJONAL", "entidad": "TABASCO", "ubicacin": "TERRESTRE", "clasificac": "DESARROLLO", "estado_act": "INACTIVO", "tipo_de_hi": "ACEITE", "fecha_inic": "19-OCT-1985", "fecha_fin_": "14-ENE-1986", "profundida": 2450.0, "profundi_1": 2450.0, "trayectori": "VERTICAL", "disponible": "DISPONIBLE" }, "geometry": { "type": "Point", "coordinates": [ -93.89909453, 18.19512452 ] } },
{ "type": "Feature", "properties": { "pozo": "SANCHEZ MAGALLANES-169", "campo": "MAGALLANES TUCAN PAJONAL", "entidad": "TABASCO", "ubicacin": "TERRESTRE", "clasificac": "DESARROLLO", "estado_act": "CERRADO", "tipo_de_hi": "ACEITE", "fecha_inic": "04-DIC-1961", "fecha_fin_": "04-DIC-1961", "profundida": 2499.2, "profundi_1": 2499.2, "trayectori": "VERTICAL", "disponible": "DISPONIBLE" }, "geometry": { "type": "Point", "coordinates": [ -93.88533748, 18.14916659 ] } },
{ "type": "Feature", "properties": { "pozo": "CINCO PRESIDENTES-570", "campo": "CINCO PRESIDENTES", "entidad": "TABASCO", "ubicacin": "TERRESTRE", "clasificac": "DESARROLLO", "estado_act": "CERRADO", "tipo_de_hi": "ACEITE", "fecha_inic": "29-ENE-1983", "fecha_fin_": "28-MAR-1983", "profundida": 2869.0, "profundi_1": 0.0, "trayectori": "VERTICAL", "disponible": "DISPONIBLE" }, "geometry": { "type": "Point", "coordinates": [ -93.99578721, 18.17446484 ] } },
{ "type": "Feature", "properties": { "pozo": "CINCO PRESIDENTES-571", "campo": "CINCO PRESIDENTES", "entidad": "TABASCO", "ubicacin": "TERRESTRE", "clasificac": "DESARROLLO", "estado_act": "INACTIVO", "tipo_de_hi": "ACEITE", "fecha_inic": "08-JUL-1983", "fecha_fin_": "10-SEP-1983", "profundida": 2950.0, "profundi_1": 0.0, "trayectori": "VERTICAL", "disponible": "DISPONIBLE" }, "geometry": { "type": "Point", "coordinates": [ -93.99345947, 18.17582346 ] } },
{ "type": "Feature", "properties": { "pozo": "SANCHEZ MAGALLANES-356", "campo": "MAGALLANES TUCAN PAJONAL", "entidad": "TABASCO", "ubicacin": "TERRESTRE", "clasificac": "DESARROLLO", "estado_act": "CERRADO", "tipo_de_hi": null, "fecha_inic": "14-MAY-1963", "fecha_fin_": "14-MAY-1963", "profundida": 2000.0, "profundi_1": 2000.0, "trayectori": "VERTICAL", "disponible": "DISPONIBLE" }, "geometry": { "type": "Point", "coordinates": [ -93.88449864, 18.16634595 ] } },
{ "type": "Feature", "properties": { "pozo": "SANCHEZ MAGALLANES-357", "campo": "MAGALLANES TUCAN PAJONAL", "entidad": "TABASCO", "ubicacin": "TERRESTRE", "clasificac": "DESARROLLO", "estado_act": "CERRADO", "tipo_de_hi": "ACEITE", "fecha_inic": "31-MAY-1963", "fecha_fin_": "31-MAY-1963", "profundida": 2190.0, "profundi_1": 2190.0, "trayectori": "VERTICAL", "disponible": "DISPONIBLE" }, "geometry": { "type": "Point", "coordinates": [ -93.89104784, 18.14282328 ] } },
{ "type": "Feature", "properties": { "pozo": "SANCHEZ MAGALLANES-358", "campo": "MAGALLANES TUCAN PAJONAL", "entidad": "TABASCO", "ubicacin": "TERRESTRE", "clasificac": "DESARROLLO", "estado_act": "SUSPENDIDO", "tipo_de_hi": "ACEITE", "fecha_inic": "28-MAY-1963", "fecha_fin_": "28-MAY-1963", "profundida": 3100.0, "profundi_1": 3100.0, "trayectori": "VERTICAL", "disponible": "DISPONIBLE" }, "geometry": { "type": "Point", "coordinates": [ -93.87313437, 18.15076076 ] } },
{ "type": "Feature", "properties": { "pozo": "SANCHEZ MAGALLANES-360", "campo": "MAGALLANES TUCAN PAJONAL", "entidad": "TABASCO", "ubicacin": "TERRESTRE", "clasificac": "DESARROLLO", "estado_act": "CERRADO", "tipo_de_hi": "ACEITE", "fecha_inic": "14-MAY-1963", "fecha_fin_": "14-MAY-1963", "profundida": 2999.5, "profundi_1": 2999.5, "trayectori": "VERTICAL", "disponible": "DISPONIBLE" }, "geometry": { "type": "Point", "coordinates": [ -93.87211557, 18.14921587 ] } },
{ "type": "Feature", "properties": { "pozo": "SANCHEZ MAGALLANES-361", "campo": "MAGALLANES TUCAN PAJONAL", "entidad": "TABASCO", "ubicacin": "TERRESTRE", "clasificac": "DESARROLLO", "estado_act": "CERRADO", "tipo_de_hi": "ACEITE", "fecha_inic": "28-JUN-1963", "fecha_fin_": "28-JUN-1963", "profundida": 2850.0, "profundi_1": 2850.0, "trayectori": "VERTICAL", "disponible": "DISPONIBLE" }, "geometry": { "type": "Point", "coordinates": [ -93.87128904, 18.15718469 ] } },
{ "type": "Feature", "properties": { "pozo": "SANCHEZ MAGALLANES-362", "campo": "MAGALLANES TUCAN PAJONAL", "entidad": "TABASCO", "ubicacin": "TERRESTRE", "clasificac": "DESARROLLO", "estado_act": "CERRADO", "tipo_de_hi": "ACEITE", "fecha_inic": "16-MAY-1962", "fecha_fin_": "16-MAY-1962", "profundida": 2785.0, "profundi_1": 2785.0, "trayectori": "VERTICAL", "disponible": "DISPONIBLE" }, "geometry": { "type": "Point", "coordinates": [ -93.86939271, 18.15724145 ] } },
{ "type": "Feature", "properties": { "pozo": "SANCHEZ MAGALLANES-363", "campo": "MAGALLANES TUCAN PAJONAL", "entidad": "TABASCO", "ubicacin": "TERRESTRE", "clasificac": "DESARROLLO", "estado_act": "CERRADO", "tipo_de_hi": "ACEITE", "fecha_inic": "20-JUN-1963", "fecha_fin_": "20-JUN-1963", "profundida": 3300.0, "profundi_1": 3300.0, "trayectori": "VERTICAL", "disponible": "DISPONIBLE" }, "geometry": { "type": "Point", "coordinates": [ -93.87444563, 18.14130781 ] } },
{ "type": "Feature", "properties": { "pozo": "SANCHEZ MAGALLANES-364", "campo": "MAGALLANES TUCAN PAJONAL", "entidad": "TABASCO", "ubicacin": "TERRESTRE", "clasificac": "DESARROLLO", "estado_act": "CERRADO", "tipo_de_hi": "ACEITE", "fecha_inic": "24-JUN-1963", "fecha_fin_": "24-JUN-1963", "profundida": 3330.0, "profundi_1": 3330.0, "trayectori": "VERTICAL", "disponible": "DISPONIBLE" }, "geometry": { "type": "Point", "coordinates": [ -93.87486297, 18.13826528 ] } },
{ "type": "Feature", "properties": { "pozo": "SANCHEZ MAGALLANES-365", "campo": "MAGALLANES TUCAN PAJONAL", "entidad": "TABASCO", "ubicacin": "TERRESTRE", "clasificac": "DESARROLLO", "estado_act": "CERRADO", "tipo_de_hi": "ACEITE", "fecha_inic": "15-JUN-1963", "fecha_fin_": "15-JUN-1963", "profundida": 3702.0, "profundi_1": 3702.0, "trayectori": "VERTICAL", "disponible": "DISPONIBLE" }, "geometry": { "type": "Point", "coordinates": [ -93.87582811, 18.13657744 ] } },
{ "type": "Feature", "properties": { "pozo": "SANCHEZ MAGALLANES-366", "campo": "MAGALLANES TUCAN PAJONAL", "entidad": "TABASCO", "ubicacin": "TERRESTRE", "clasificac": "DESARROLLO", "estado_act": "CERRADO", "tipo_de_hi": "ACEITE", "fecha_inic": "01-AGO-1963", "fecha_fin_": "01-AGO-1963", "profundida": 3331.6, "profundi_1": 3331.6, "trayectori": "VERTICAL", "disponible": "DISPONIBLE" }, "geometry": { "type": "Point", "coordinates": [ -93.87674149, 18.13499756 ] } },
{ "type": "Feature", "properties": { "pozo": "SANCHEZ MAGALLANES-641", "campo": "MAGALLANES TUCAN PAJONAL", "entidad": "TABASCO", "ubicacin": "TERRESTRE", "clasificac": "DESARROLLO", "estado_act": "INACTIVO", "tipo_de_hi": "ACEITE", "fecha_inic": "15-NOV-1985", "fecha_fin_": "15-NOV-1985", "profundida": 2900.0, "profundi_1": 0.0, "trayectori": "VERTICAL", "disponible": "DISPONIBLE" }, "geometry": { "type": "Point", "coordinates": [ -93.86757461, 18.18674199 ] } },
{ "type": "Feature", "properties": { "pozo": "SANCHEZ MAGALLANES-704", "campo": "MAGALLANES TUCAN PAJONAL", "entidad": "TABASCO", "ubicacin": "TERRESTRE", "clasificac": "DESARROLLO", "estado_act": "INACTIVO", "tipo_de_hi": "ACEITE", "fecha_inic": "13-JUN-1985", "fecha_fin_": "25-JUL-1985", "profundida": 2550.0, "profundi_1": 0.0, "trayectori": "VERTICAL", "disponible": "DISPONIBLE" }, "geometry": { "type": "Point", "coordinates": [ -93.88643174, 18.20430289 ] } },
{ "type": "Feature", "properties": { "pozo": "SANCHEZ MAGALLANES-706", "campo": "MAGALLANES TUCAN PAJONAL", "entidad": "TABASCO", "ubicacin": "TERRESTRE", "clasificac": "DESARROLLO", "estado_act": "CERRADO", "tipo_de_hi": null, "fecha_inic": "16-SEP-1985", "fecha_fin_": "08-OCT-1985", "profundida": 2414.0, "profundi_1": 0.0, "trayectori": "VERTICAL", "disponible": "DISPONIBLE" }, "geometry": { "type": "Point", "coordinates": [ -93.8889955, 18.20282522 ] } },
{ "type": "Feature", "properties": { "pozo": "SANCHEZ MAGALLANES-721", "campo": "MAGALLANES TUCAN PAJONAL", "entidad": "TABASCO", "ubicacin": "TERRESTRE", "clasificac": "DESARROLLO", "estado_act": "INACTIVO", "tipo_de_hi": "ACEITE", "fecha_inic": "28-MAR-1970", "fecha_fin_": "28-MAR-1970", "profundida": 2900.0, "profundi_1": 0.0, "trayectori": "VERTICAL", "disponible": "DISPONIBLE" }, "geometry": { "type": "Point", "coordinates": [ -93.87615829, 18.20622004 ] } },
{ "type": "Feature", "properties": { "pozo": "SANCHEZ MAGALLANES-724", "campo": "MAGALLANES TUCAN PAJONAL", "entidad": "TABASCO", "ubicacin": "TERRESTRE", "clasificac": "DESARROLLO", "estado_act": "INACTIVO", "tipo_de_hi": "ACEITE", "fecha_inic": "02-SEP-1985", "fecha_fin_": "15-OCT-1985", "profundida": 2512.0, "profundi_1": 0.0, "trayectori": "VERTICAL", "disponible": "DISPONIBLE" }, "geometry": { "type": "Point", "coordinates": [ -93.88294434, 18.20230828 ] } },
{ "type": "Feature", "properties": { "pozo": "SANCHEZ MAGALLANES-763A", "campo": "MAGALLANES TUCAN PAJONAL", "entidad": "TABASCO", "ubicacin": "TERRESTRE", "clasificac": "DESARROLLO", "estado_act": "INACTIVO", "tipo_de_hi": "ACEITE", "fecha_inic": "12-ENE-1980", "fecha_fin_": "12-ENE-1980", "profundida": 3600.0, "profundi_1": 0.0, "trayectori": "VERTICAL", "disponible": "DISPONIBLE" }, "geometry": { "type": "Point", "coordinates": [ -93.86690024, 18.20382022 ] } },
{ "type": "Feature", "properties": { "pozo": "SANCHEZ MAGALLANES-501", "campo": "MAGALLANES TUCAN PAJONAL", "entidad": "TABASCO", "ubicacin": "TERRESTRE", "clasificac": "EXPLORATORIO", "estado_act": "CERRADO", "tipo_de_hi": null, "fecha_inic": "25-ABR-1974", "fecha_fin_": "25-ABR-1974", "profundida": 2798.0, "profundi_1": 2798.0, "trayectori": "VERTICAL", "disponible": "DISPONIBLE" }, "geometry": { "type": "Point", "coordinates": [ -93.91432706, 18.18741801 ] } },
{ "type": "Feature", "properties": { "pozo": "SANCHEZ MAGALLANES-701", "campo": "MAGALLANES TUCAN PAJONAL", "entidad": "TABASCO", "ubicacin": "TERRESTRE", "clasificac": "EXPLORATORIO", "estado_act": "INACTIVO", "tipo_de_hi": "ACEITE", "fecha_inic": "04-SEP-1969", "fecha_fin_": "29-SEP-1969", "profundida": 2883.0, "profundi_1": 0.0, "trayectori": "VERTICAL", "disponible": "DISPONIBLE" }, "geometry": { "type": "Point", "coordinates": [ -93.87995721, 18.20750181 ] } },
{ "type": "Feature", "properties": { "pozo": "SANCHEZ MAGALLANES-801", "campo": "MAGALLANES TUCAN PAJONAL", "entidad": "TABASCO", "ubicacin": "TERRESTRE", "clasificac": "EXPLORATORIO", "estado_act": "CERRADO", "tipo_de_hi": "ACEITE", "fecha_inic": "28-OCT-1971", "fecha_fin_": "01-DIC-1971", "profundida": 2818.0, "profundi_1": 0.0, "trayectori": "VERTICAL", "disponible": "DISPONIBLE" }, "geometry": { "type": "Point", "coordinates": [ -93.91951112, 18.12844 ] } },
{ "type": "Feature", "properties": { "pozo": "CINCO PRESIDENTES-52D", "campo": "CINCO PRESIDENTES", "entidad": "TABASCO", "ubicacin": "TERRESTRE", "clasificac": "DESARROLLO", "estado_act": "INACTIVO", "tipo_de_hi": "ACEITE", "fecha_inic": "13-MAY-1964", "fecha_fin_": "11-JUN-1964", "profundida": 3115.0, "profundi_1": 0.0, "trayectori": "VERTICAL", "disponible": "DISPONIBLE" }, "geometry": { "type": "Point", "coordinates": [ -94.00463761, 18.20988046 ] } },
{ "type": "Feature", "properties": { "pozo": "CINCO PRESIDENTES-65D", "campo": "CINCO PRESIDENTES", "entidad": "TABASCO", "ubicacin": "TERRESTRE", "clasificac": "DESARROLLO", "estado_act": "INACTIVO", "tipo_de_hi": "ACEITE", "fecha_inic": "02-SEP-1964", "fecha_fin_": "23-SEP-1964", "profundida": 2985.0, "profundi_1": 0.0, "trayectori": "VERTICAL", "disponible": "DISPONIBLE" }, "geometry": { "type": "Point", "coordinates": [ -94.00148927, 18.20815001 ] } },
{ "type": "Feature", "properties": { "pozo": "CINCO PRESIDENTES-128D", "campo": "CINCO PRESIDENTES", "entidad": "TABASCO", "ubicacin": "TERRESTRE", "clasificac": "DESARROLLO", "estado_act": "INACTIVO", "tipo_de_hi": "ACEITE", "fecha_inic": "31-AGO-1964", "fecha_fin_": "23-SEP-1964", "profundida": 2775.0, "profundi_1": 0.0, "trayectori": "VERTICAL", "disponible": "DISPONIBLE" }, "geometry": { "type": "Point", "coordinates": [ -93.99615257, 18.1753215 ] } },
{ "type": "Feature", "properties": { "pozo": "SANCHEZ MAGALLANES-369", "campo": "MAGALLANES TUCAN PAJONAL", "entidad": "TABASCO", "ubicacin": "TERRESTRE", "clasificac": "DESARROLLO", "estado_act": "CERRADO", "tipo_de_hi": "ACEITE", "fecha_inic": "23-JUN-1963", "fecha_fin_": "10-JUL-1963", "profundida": 2139.0, "profundi_1": 2139.0, "trayectori": "VERTICAL", "disponible": "DISPONIBLE" }, "geometry": { "type": "Point", "coordinates": [ -93.8758157, 18.1398203 ] } },
{ "type": "Feature", "properties": { "pozo": "SANCHEZ MAGALLANES-370", "campo": "MAGALLANES TUCAN PAJONAL", "entidad": "TABASCO", "ubicacin": "TERRESTRE", "clasificac": "DESARROLLO", "estado_act": "CERRADO", "tipo_de_hi": "ACEITE", "fecha_inic": "30-JUN-1963", "fecha_fin_": "30-JUN-1963", "profundida": 1850.0, "profundi_1": 1850.0, "trayectori": "VERTICAL", "disponible": "DISPONIBLE" }, "geometry": { "type": "Point", "coordinates": [ -93.89391051, 18.14441211 ] } },
{ "type": "Feature", "properties": { "pozo": "SANCHEZ MAGALLANES-371", "campo": "MAGALLANES TUCAN PAJONAL", "entidad": "TABASCO", "ubicacin": "TERRESTRE", "clasificac": "DESARROLLO", "estado_act": "CERRADO", "tipo_de_hi": "ACEITE", "fecha_inic": "24-JUN-1963", "fecha_fin_": "24-JUN-1963", "profundida": 1990.0, "profundi_1": 1990.0, "trayectori": "VERTICAL", "disponible": "DISPONIBLE" }, "geometry": { "type": "Point", "coordinates": [ -93.8929621, 18.1428511 ] } },
{ "type": "Feature", "properties": { "pozo": "SANCHEZ MAGALLANES-372", "campo": "MAGALLANES TUCAN PAJONAL", "entidad": "TABASCO", "ubicacin": "TERRESTRE", "clasificac": "DESARROLLO", "estado_act": "CERRADO", "tipo_de_hi": "ACEITE", "fecha_inic": "01-NOV-1963", "fecha_fin_": "01-NOV-1963", "profundida": 2300.0, "profundi_1": 2300.0, "trayectori": "VERTICAL", "disponible": "DISPONIBLE" }, "geometry": { "type": "Point", "coordinates": [ -93.8889755, 18.13034879 ] } },
{ "type": "Feature", "properties": { "pozo": "SANCHEZ MAGALLANES-373", "campo": "MAGALLANES TUCAN PAJONAL", "entidad": "TABASCO", "ubicacin": "TERRESTRE", "clasificac": "DESARROLLO", "estado_act": "CERRADO", "tipo_de_hi": "ACEITE", "fecha_inic": "19-JUL-1963", "fecha_fin_": "19-JUL-1963", "profundida": 2250.0, "profundi_1": 2250.0, "trayectori": "VERTICAL", "disponible": "DISPONIBLE" }, "geometry": { "type": "Point", "coordinates": [ -93.89089242, 18.13031165 ] } },
{ "type": "Feature", "properties": { "pozo": "SANCHEZ MAGALLANES-374", "campo": "MAGALLANES TUCAN PAJONAL", "entidad": "TABASCO", "ubicacin": "TERRESTRE", "clasificac": "DESARROLLO", "estado_act": "CERRADO", "tipo_de_hi": "ACEITE", "fecha_inic": "04-OCT-1963", "fecha_fin_": "04-OCT-1963", "profundida": 2250.0, "profundi_1": 2250.0, "trayectori": "VERTICAL", "disponible": "DISPONIBLE" }, "geometry": { "type": "Point", "coordinates": [ -93.88992467, 18.13189527 ] } },
{ "type": "Feature", "properties": { "pozo": "SANCHEZ MAGALLANES-376", "campo": "MAGALLANES TUCAN PAJONAL", "entidad": "TABASCO", "ubicacin": "TERRESTRE", "clasificac": "DESARROLLO", "estado_act": "CERRADO", "tipo_de_hi": null, "fecha_inic": "16-ENE-1964", "fecha_fin_": "16-ENE-1964", "profundida": 2890.0, "profundi_1": 2890.0, "trayectori": "VERTICAL", "disponible": "DISPONIBLE" }, "geometry": { "type": "Point", "coordinates": [ -93.87956382, 18.13350088 ] } },
{ "type": "Feature", "properties": { "pozo": "SANCHEZ MAGALLANES-377", "campo": "MAGALLANES TUCAN PAJONAL", "entidad": "TABASCO", "ubicacin": "TERRESTRE", "clasificac": "DESARROLLO", "estado_act": "CERRADO", "tipo_de_hi": null, "fecha_inic": "17-AGO-1963", "fecha_fin_": "17-AGO-1963", "profundida": 2600.0, "profundi_1": 2600.0, "trayectori": "VERTICAL", "disponible": "DISPONIBLE" }, "geometry": { "type": "Point", "coordinates": [ -93.8813938, 18.1303822 ] } },
{ "type": "Feature", "properties": { "pozo": "SANCHEZ MAGALLANES-379", "campo": "MAGALLANES TUCAN PAJONAL", "entidad": "TABASCO", "ubicacin": "TERRESTRE", "clasificac": "DESARROLLO", "estado_act": "CERRADO", "tipo_de_hi": "ACEITE", "fecha_inic": "26-JUL-1963", "fecha_fin_": "26-JUL-1963", "profundida": 2575.0, "profundi_1": 2575.0, "trayectori": "VERTICAL", "disponible": "DISPONIBLE" }, "geometry": { "type": "Point", "coordinates": [ -93.8833002, 18.13037636 ] } },
{ "type": "Feature", "properties": { "pozo": "SANCHEZ MAGALLANES-380", "campo": "MAGALLANES TUCAN PAJONAL", "entidad": "TABASCO", "ubicacin": "TERRESTRE", "clasificac": "DESARROLLO", "estado_act": "CERRADO", "tipo_de_hi": null, "fecha_inic": "28-FEB-1964", "fecha_fin_": "28-FEB-1964", "profundida": 2325.0, "profundi_1": 2325.0, "trayectori": "VERTICAL", "disponible": "DISPONIBLE" }, "geometry": { "type": "Point", "coordinates": [ -93.88427596, 18.12879517 ] } },
{ "type": "Feature", "properties": { "pozo": "CINCO PRESIDENTES-129T", "campo": "CINCO PRESIDENTES", "entidad": "TABASCO", "ubicacin": "TERRESTRE", "clasificac": "DESARROLLO", "estado_act": "INACTIVO", "tipo_de_hi": "ACEITE", "fecha_inic": "10-JUN-1965", "fecha_fin_": "29-JUN-1965", "profundida": 3060.0, "profundi_1": 0.0, "trayectori": "VERTICAL", "disponible": "DISPONIBLE" }, "geometry": { "type": "Point", "coordinates": [ -93.99285752, 18.17363591 ] } },
{ "type": "Feature", "properties": { "pozo": "CINCO PRESIDENTES-138", "campo": "CINCO PRESIDENTES", "entidad": "TABASCO", "ubicacin": "TERRESTRE", "clasificac": "DESARROLLO", "estado_act": "INACTIVO", "tipo_de_hi": "ACEITE", "fecha_inic": "10-DIC-1964", "fecha_fin_": "14-ENE-1965", "profundida": 3129.0, "profundi_1": 3129.0, "trayectori": "VERTICAL", "disponible": "DISPONIBLE" }, "geometry": { "type": "Point", "coordinates": [ -94.0109854, 18.21732912 ] } },
{ "type": "Feature", "properties": { "pozo": "CINCO PRESIDENTES-139T", "campo": "CINCO PRESIDENTES", "entidad": "TABASCO", "ubicacin": "TERRESTRE", "clasificac": "DESARROLLO", "estado_act": "INACTIVO", "tipo_de_hi": "ACEITE", "fecha_inic": "25-AGO-1965", "fecha_fin_": "08-SEP-1965", "profundida": 2485.0, "profundi_1": 2485.0, "trayectori": "VERTICAL", "disponible": "DISPONIBLE" }, "geometry": { "type": "Point", "coordinates": [ -94.01651358, 18.22443123 ] } },
{ "type": "Feature", "properties": { "pozo": "CINCO PRESIDENTES-141D", "campo": "CINCO PRESIDENTES", "entidad": "TABASCO", "ubicacin": "TERRESTRE", "clasificac": "DESARROLLO", "estado_act": "INACTIVO", "tipo_de_hi": "ACEITE", "fecha_inic": "19-DIC-1965", "fecha_fin_": "14-FEB-1966", "profundida": 3220.0, "profundi_1": 0.0, "trayectori": "VERTICAL", "disponible": "DISPONIBLE" }, "geometry": { "type": "Point", "coordinates": [ -94.01400139, 18.22292627 ] } },
{ "type": "Feature", "properties": { "pozo": "CINCO PRESIDENTES-145D", "campo": "CINCO PRESIDENTES", "entidad": "TABASCO", "ubicacin": "TERRESTRE", "clasificac": "DESARROLLO", "estado_act": "INACTIVO", "tipo_de_hi": "ACEITE", "fecha_inic": "28-OCT-1965", "fecha_fin_": "23-NOV-1965", "profundida": 3135.0, "profundi_1": 3135.0, "trayectori": "VERTICAL", "disponible": "DISPONIBLE" }, "geometry": { "type": "Point", "coordinates": [ -94.01419829, 18.21933561 ] } },
{ "type": "Feature", "properties": { "pozo": "CINCO PRESIDENTES-148D", "campo": "CINCO PRESIDENTES", "entidad": "TABASCO", "ubicacin": "TERRESTRE", "clasificac": "DESARROLLO", "estado_act": "INACTIVO", "tipo_de_hi": "ACEITE", "fecha_inic": "25-JUL-1964", "fecha_fin_": "13-AGO-1964", "profundida": 2600.0, "profundi_1": 0.0, "trayectori": "VERTICAL", "disponible": "DISPONIBLE" }, "geometry": { "type": "Point", "coordinates": [ -94.00955241, 18.20925278 ] } },
{ "type": "Feature", "properties": { "pozo": "CINCO PRESIDENTES-151D", "campo": "CINCO PRESIDENTES", "entidad": "TABASCO", "ubicacin": "TERRESTRE", "clasificac": "DESARROLLO", "estado_act": "INACTIVO", "tipo_de_hi": "ACEITE", "fecha_inic": "09-AGO-1964", "fecha_fin_": "02-SEP-1964", "profundida": 2525.0, "profundi_1": 2525.0, "trayectori": "VERTICAL", "disponible": "DISPONIBLE" }, "geometry": { "type": "Point", "coordinates": [ -94.01296613, 18.20763608 ] } },
{ "type": "Feature", "properties": { "pozo": "CINCO PRESIDENTES-162D", "campo": "CINCO PRESIDENTES", "entidad": "TABASCO", "ubicacin": "TERRESTRE", "clasificac": "DESARROLLO", "estado_act": "INACTIVO", "tipo_de_hi": "ACEITE", "fecha_inic": "07-JUL-1964", "fecha_fin_": "27-JUL-1964", "profundida": 2450.0, "profundi_1": 0.0, "trayectori": "VERTICAL", "disponible": "DISPONIBLE" }, "geometry": { "type": "Point", "coordinates": [ -94.01476257, 18.20303924 ] } },
{ "type": "Feature", "properties": { "pozo": "CINCO PRESIDENTES-164D", "campo": "CINCO PRESIDENTES", "entidad": "TABASCO", "ubicacin": "TERRESTRE", "clasificac": "DESARROLLO", "estado_act": "INACTIVO", "tipo_de_hi": "ACEITE", "fecha_inic": "27-JUL-1964", "fecha_fin_": "09-AGO-1964", "profundida": 1975.0, "profundi_1": 1975.0, "trayectori": "VERTICAL", "disponible": "DISPONIBLE" }, "geometry": { "type": "Point", "coordinates": [ -94.01320564, 18.20213741 ] } },
{ "type": "Feature", "properties": { "pozo": "CINCO PRESIDENTES-169A", "campo": "CINCO PRESIDENTES", "entidad": "TABASCO", "ubicacin": "TERRESTRE", "clasificac": "DESARROLLO", "estado_act": "INACTIVO", "tipo_de_hi": "ACEITE", "fecha_inic": "18-OCT-1964", "fecha_fin_": "10-NOV-1964", "profundida": 2775.0, "profundi_1": 2775.0, "trayectori": "VERTICAL", "disponible": "DISPONIBLE" }, "geometry": { "type": "Point", "coordinates": [ -94.00646224, 18.20735039 ] } },
{ "type": "Feature", "properties": { "pozo": "SANCHEZ MAGALLANES-381", "campo": "MAGALLANES TUCAN PAJONAL", "entidad": "TABASCO", "ubicacin": "TERRESTRE", "clasificac": "DESARROLLO", "estado_act": "CERRADO", "tipo_de_hi": null, "fecha_inic": "21-JUL-1963", "fecha_fin_": "21-JUL-1963", "profundida": 3125.9, "profundi_1": 3125.9, "trayectori": "VERTICAL", "disponible": "DISPONIBLE" }, "geometry": { "type": "Point", "coordinates": [ -93.87322369, 18.16347047 ] } },
{ "type": "Feature", "properties": { "pozo": "SANCHEZ MAGALLANES-389", "campo": "MAGALLANES TUCAN PAJONAL", "entidad": "TABASCO", "ubicacin": "TERRESTRE", "clasificac": "DESARROLLO", "estado_act": "CERRADO", "tipo_de_hi": null, "fecha_inic": "21-DIC-1963", "fecha_fin_": "21-DIC-1963", "profundida": 3100.0, "profundi_1": 3100.0, "trayectori": "VERTICAL", "disponible": "DISPONIBLE" }, "geometry": { "type": "Point", "coordinates": [ -93.86844486, 18.15541994 ] } },
{ "type": "Feature", "properties": { "pozo": "SANCHEZ MAGALLANES-390", "campo": "MAGALLANES TUCAN PAJONAL", "entidad": "TABASCO", "ubicacin": "TERRESTRE", "clasificac": "DESARROLLO", "estado_act": "CERRADO", "tipo_de_hi": "ACEITE", "fecha_inic": "12-ENE-1964", "fecha_fin_": "12-ENE-1964", "profundida": 3312.0, "profundi_1": 3312.0, "trayectori": "VERTICAL", "disponible": "DISPONIBLE" }, "geometry": { "type": "Point", "coordinates": [ -93.86745186, 18.15383415 ] } },
{ "type": "Feature", "properties": { "pozo": "SANCHEZ MAGALLANES-391", "campo": "MAGALLANES TUCAN PAJONAL", "entidad": "TABASCO", "ubicacin": "TERRESTRE", "clasificac": "DESARROLLO", "estado_act": "CERRADO", "tipo_de_hi": "ACEITE", "fecha_inic": "04-OCT-1963", "fecha_fin_": "17-NOV-1963", "profundida": 3655.0, "profundi_1": 3655.0, "trayectori": "VERTICAL", "disponible": "DISPONIBLE" }, "geometry": { "type": "Point", "coordinates": [ -93.86553272, 18.15384017 ] } },
{ "type": "Feature", "properties": { "pozo": "SANCHEZ MAGALLANES-392", "campo": "MAGALLANES TUCAN PAJONAL", "entidad": "TABASCO", "ubicacin": "TERRESTRE", "clasificac": "DESARROLLO", "estado_act": "CERRADO", "tipo_de_hi": "ACEITE", "fecha_inic": "15-MAR-1964", "fecha_fin_": "15-MAR-1964", "profundida": 3098.0, "profundi_1": 3098.0, "trayectori": "VERTICAL", "disponible": "DISPONIBLE" }, "geometry": { "type": "Point", "coordinates": [ -93.86820737, 18.15245159 ] } },
{ "type": "Feature", "properties": { "pozo": "SANCHEZ MAGALLANES-246", "campo": "MAGALLANES TUCAN PAJONAL", "entidad": "TABASCO", "ubicacin": "TERRESTRE", "clasificac": "DESARROLLO", "estado_act": "CERRADO", "tipo_de_hi": "ACEITE", "fecha_inic": "01-ABR-1963", "fecha_fin_": "18-ABR-1963", "profundida": 2764.0, "profundi_1": 2764.0, "trayectori": "VERTICAL", "disponible": "DISPONIBLE" }, "geometry": { "type": "Point", "coordinates": [ -93.87775289, 18.14293255 ] } },
{ "type": "Feature", "properties": { "pozo": "SANCHEZ MAGALLANES-248", "campo": "MAGALLANES TUCAN PAJONAL", "entidad": "TABASCO", "ubicacin": "TERRESTRE", "clasificac": "DESARROLLO", "estado_act": "CERRADO", "tipo_de_hi": "ACEITE", "fecha_inic": "07-AGO-1961", "fecha_fin_": "07-AGO-1961", "profundida": 2500.0, "profundi_1": 2500.0, "trayectori": "VERTICAL", "disponible": "DISPONIBLE" }, "geometry": { "type": "Point", "coordinates": [ -93.88639623, 18.16322284 ] } },
{ "type": "Feature", "properties": { "pozo": "SANCHEZ MAGALLANES-250", "campo": "MAGALLANES TUCAN PAJONAL", "entidad": "TABASCO", "ubicacin": "TERRESTRE", "clasificac": "DESARROLLO", "estado_act": "CERRADO", "tipo_de_hi": "ACEITE", "fecha_inic": "09-MAY-1962", "fecha_fin_": "09-MAY-1962", "profundida": 2667.5, "profundi_1": 2667.5, "trayectori": "VERTICAL", "disponible": "DISPONIBLE" }, "geometry": { "type": "Point", "coordinates": [ -93.87580304, 18.14293502 ] } },
{ "type": "Feature", "properties": { "pozo": "SANCHEZ MAGALLANES-251", "campo": "MAGALLANES TUCAN PAJONAL", "entidad": "TABASCO", "ubicacin": "TERRESTRE", "clasificac": "DESARROLLO", "estado_act": "CERRADO", "tipo_de_hi": "ACEITE", "fecha_inic": "31-AGO-1962", "fecha_fin_": "31-AGO-1962", "profundida": 2850.0, "profundi_1": 2850.0, "trayectori": "VERTICAL", "disponible": "DISPONIBLE" }, "geometry": { "type": "Point", "coordinates": [ -93.8816355, 18.14285407 ] } },
{ "type": "Feature", "properties": { "pozo": "SANCHEZ MAGALLANES-252", "campo": "MAGALLANES TUCAN PAJONAL", "entidad": "TABASCO", "ubicacin": "TERRESTRE", "clasificac": "DESARROLLO", "estado_act": "CERRADO", "tipo_de_hi": "ACEITE", "fecha_inic": "26-JUL-1962", "fecha_fin_": "26-JUL-1962", "profundida": 2900.0, "profundi_1": 2900.0, "trayectori": "VERTICAL", "disponible": "DISPONIBLE" }, "geometry": { "type": "Point", "coordinates": [ -93.88064924, 18.14449024 ] } },
{ "type": "Feature", "properties": { "pozo": "CINCO PRESIDENTES-156D", "campo": "CINCO PRESIDENTES", "entidad": "TABASCO", "ubicacin": "TERRESTRE", "clasificac": "DESARROLLO", "estado_act": "INACTIVO", "tipo_de_hi": "ACEITE", "fecha_inic": "20-AGO-1978", "fecha_fin_": "20-SEP-1978", "profundida": 2705.0, "profundi_1": 0.0, "trayectori": "VERTICAL", "disponible": "DISPONIBLE" }, "geometry": { "type": "Point", "coordinates": [ -94.01321005, 18.20561585 ] } },
{ "type": "Feature", "properties": { "pozo": "CINCO PRESIDENTES-169D", "campo": "CINCO PRESIDENTES", "entidad": "TABASCO", "ubicacin": "TERRESTRE", "clasificac": "DESARROLLO", "estado_act": "INACTIVO", "tipo_de_hi": "ACEITE", "fecha_inic": "20-NOV-1964", "fecha_fin_": "04-DIC-1964", "profundida": 2365.0, "profundi_1": 0.0, "trayectori": "VERTICAL", "disponible": "DISPONIBLE" }, "geometry": { "type": "Point", "coordinates": [ -94.00651306, 18.20735735 ] } },
{ "type": "Feature", "properties": { "pozo": "CINCO PRESIDENTES-179", "campo": "CINCO PRESIDENTES", "entidad": "TABASCO", "ubicacin": "TERRESTRE", "clasificac": "DESARROLLO", "estado_act": "INACTIVO", "tipo_de_hi": "ACEITE", "fecha_inic": "10-NOV-1964", "fecha_fin_": "23-NOV-1964", "profundida": 2450.0, "profundi_1": 2450.0, "trayectori": "VERTICAL", "disponible": "DISPONIBLE" }, "geometry": { "type": "Point", "coordinates": [ -94.01646687, 18.20044103 ] } },
{ "type": "Feature", "properties": { "pozo": "SANCHEZ MAGALLANES-61D", "campo": "MAGALLANES TUCAN PAJONAL", "entidad": "TABASCO", "ubicacin": "TERRESTRE", "clasificac": "DESARROLLO", "estado_act": "CERRADO", "tipo_de_hi": "ACEITE", "fecha_inic": "18-JUN-1961", "fecha_fin_": "18-JUN-1961", "profundida": 1200.0, "profundi_1": 1200.0, "trayectori": "VERTICAL", "disponible": "DISPONIBLE" }, "geometry": { "type": "Point", "coordinates": [ -93.90245308, 18.15844127 ] } },
{ "type": "Feature", "properties": { "pozo": "RODADOR-195D", "campo": "RODADOR", "entidad": "TABASCO", "ubicacin": "TERRESTRE", "clasificac": "DESARROLLO", "estado_act": "INACTIVO", "tipo_de_hi": "ACEITE", "fecha_inic": "04-MAR-1997", "fecha_fin_": "14-MAY-1997", "profundida": 3200.0, "profundi_1": 0.0, "trayectori": "VERTICAL", "disponible": "DISPONIBLE" }, "geometry": { "type": "Point", "coordinates": [ -93.97412374, 18.21480046 ] } },
{ "type": "Feature", "properties": { "pozo": "SANCHEZ MAGALLANES-254", "campo": "MAGALLANES TUCAN PAJONAL", "entidad": "TABASCO", "ubicacin": "TERRESTRE", "clasificac": "DESARROLLO", "estado_act": "INACTIVO", "tipo_de_hi": "ACEITE", "fecha_inic": "28-JUN-1962", "fecha_fin_": "17-JUL-1962", "profundida": 2732.0, "profundi_1": 2732.0, "trayectori": "VERTICAL", "disponible": "DISPONIBLE" }, "geometry": { "type": "Point", "coordinates": [ -93.88251962, 18.14445366 ] } },
{ "type": "Feature", "properties": { "pozo": "SANCHEZ MAGALLANES-255", "campo": "MAGALLANES TUCAN PAJONAL", "entidad": "TABASCO", "ubicacin": "TERRESTRE", "clasificac": "DESARROLLO", "estado_act": "CERRADO", "tipo_de_hi": "ACEITE", "fecha_inic": "16-JUL-1962", "fecha_fin_": "16-JUL-1962", "profundida": 1700.0, "profundi_1": 1700.0, "trayectori": "VERTICAL", "disponible": "DISPONIBLE" }, "geometry": { "type": "Point", "coordinates": [ -93.88732981, 18.16477527 ] } },
{ "type": "Feature", "properties": { "pozo": "SANCHEZ MAGALLANES-257", "campo": "MAGALLANES TUCAN PAJONAL", "entidad": "TABASCO", "ubicacin": "TERRESTRE", "clasificac": "DESARROLLO", "estado_act": "CERRADO", "tipo_de_hi": null, "fecha_inic": "29-JUL-1961", "fecha_fin_": "11-AGO-1961", "profundida": 1909.1, "profundi_1": 1909.1, "trayectori": "VERTICAL", "disponible": "DISPONIBLE" }, "geometry": { "type": "Point", "coordinates": [ -93.90046804, 18.13971568 ] } },
{ "type": "Feature", "properties": { "pozo": "SANCHEZ MAGALLANES-259", "campo": "MAGALLANES TUCAN PAJONAL", "entidad": "TABASCO", "ubicacin": "TERRESTRE", "clasificac": "DESARROLLO", "estado_act": "CERRADO", "tipo_de_hi": "ACEITE", "fecha_inic": "02-MAR-1963", "fecha_fin_": null, "profundida": 2750.0, "profundi_1": 2750.0, "trayectori": "VERTICAL", "disponible": "DISPONIBLE" }, "geometry": { "type": "Point", "coordinates": [ -93.88060151, 18.14137654 ] } },
{ "type": "Feature", "properties": { "pozo": "SANCHEZ MAGALLANES-260", "campo": "MAGALLANES TUCAN PAJONAL", "entidad": "TABASCO", "ubicacin": "TERRESTRE", "clasificac": "DESARROLLO", "estado_act": "INACTIVO", "tipo_de_hi": "ACEITE", "fecha_inic": "06-JUN-1963", "fecha_fin_": "06-JUN-1963", "profundida": 2646.5, "profundi_1": 2646.5, "trayectori": "VERTICAL", "disponible": "DISPONIBLE" }, "geometry": { "type": "Point", "coordinates": [ -93.87964885, 18.14604586 ] } },
{ "type": "Feature", "properties": { "pozo": "SANCHEZ MAGALLANES-261", "campo": "MAGALLANES TUCAN PAJONAL", "entidad": "TABASCO", "ubicacin": "TERRESTRE", "clasificac": "DESARROLLO", "estado_act": "CERRADO", "tipo_de_hi": "ACEITE", "fecha_inic": "06-SEP-1962", "fecha_fin_": "06-SEP-1962", "profundida": 2890.0, "profundi_1": 2890.0, "trayectori": "VERTICAL", "disponible": "DISPONIBLE" }, "geometry": { "type": "Point", "coordinates": [ -93.88246194, 18.13821179 ] } },
{ "type": "Feature", "properties": { "pozo": "SANCHEZ MAGALLANES-262", "campo": "MAGALLANES TUCAN PAJONAL", "entidad": "TABASCO", "ubicacin": "TERRESTRE", "clasificac": "DESARROLLO", "estado_act": "CERRADO", "tipo_de_hi": "ACEITE", "fecha_inic": "08-FEB-1963", "fecha_fin_": "08-FEB-1963", "profundida": 3142.5, "profundi_1": 3142.5, "trayectori": "VERTICAL", "disponible": "DISPONIBLE" }, "geometry": { "type": "Point", "coordinates": [ -93.87869128, 18.14136005 ] } },
{ "type": "Feature", "properties": { "pozo": "SANCHEZ MAGALLANES-264", "campo": "MAGALLANES TUCAN PAJONAL", "entidad": "TABASCO", "ubicacin": "TERRESTRE", "clasificac": "DESARROLLO", "estado_act": "CERRADO", "tipo_de_hi": "ACEITE", "fecha_inic": "15-JUL-1960", "fecha_fin_": "15-JUL-1960", "profundida": 2847.6, "profundi_1": 2847.6, "trayectori": "VERTICAL", "disponible": "DISPONIBLE" }, "geometry": { "type": "Point", "coordinates": [ -93.88444181, 18.15385203 ] } },
{ "type": "Feature", "properties": { "pozo": "SANCHEZ MAGALLANES-266", "campo": "MAGALLANES TUCAN PAJONAL", "entidad": "TABASCO", "ubicacin": "TERRESTRE", "clasificac": "DESARROLLO", "estado_act": "INACTIVO", "tipo_de_hi": "ACEITE", "fecha_inic": "09-MAY-1962", "fecha_fin_": "09-MAY-1962", "profundida": 2976.9, "profundi_1": 2976.9, "trayectori": "VERTICAL", "disponible": "DISPONIBLE" }, "geometry": { "type": "Point", "coordinates": [ -93.879659, 18.13977738 ] } },
{ "type": "Feature", "properties": { "pozo": "SANCHEZ MAGALLANES-267", "campo": "MAGALLANES TUCAN PAJONAL", "entidad": "TABASCO", "ubicacin": "TERRESTRE", "clasificac": "DESARROLLO", "estado_act": "CERRADO", "tipo_de_hi": null, "fecha_inic": "07-ENE-1963", "fecha_fin_": "07-ENE-1963", "profundida": 2300.0, "profundi_1": 2300.0, "trayectori": "VERTICAL", "disponible": "DISPONIBLE" }, "geometry": { "type": "Point", "coordinates": [ -93.88261633, 18.16326454 ] } },
{ "type": "Feature", "properties": { "pozo": "SANCHEZ MAGALLANES-318D", "campo": "MAGALLANES TUCAN PAJONAL", "entidad": "TABASCO", "ubicacin": "TERRESTRE", "clasificac": "DESARROLLO", "estado_act": "CERRADO", "tipo_de_hi": "ACEITE", "fecha_inic": "17-MAY-1963", "fecha_fin_": "17-MAY-1963", "profundida": 2653.5, "profundi_1": 2653.5, "trayectori": "VERTICAL", "disponible": "DISPONIBLE" }, "geometry": { "type": "Point", "coordinates": [ -93.87506834, 18.15072251 ] } },
{ "type": "Feature", "properties": { "pozo": "SANCHEZ MAGALLANES-323D", "campo": "MAGALLANES TUCAN PAJONAL", "entidad": "TABASCO", "ubicacin": "TERRESTRE", "clasificac": "DESARROLLO", "estado_act": "CERRADO", "tipo_de_hi": "ACEITE", "fecha_inic": "01-ABR-1963", "fecha_fin_": "01-ABR-1963", "profundida": 1810.0, "profundi_1": 1810.0, "trayectori": "VERTICAL", "disponible": "DISPONIBLE" }, "geometry": { "type": "Point", "coordinates": [ -93.89205738, 18.14434687 ] } },
{ "type": "Feature", "properties": { "pozo": "SANCHEZ MAGALLANES-326D", "campo": "MAGALLANES TUCAN PAJONAL", "entidad": "TABASCO", "ubicacin": "TERRESTRE", "clasificac": "DESARROLLO", "estado_act": "INACTIVO", "tipo_de_hi": "ACEITE", "fecha_inic": "20-ABR-1963", "fecha_fin_": "20-ABR-1963", "profundida": 2681.0, "profundi_1": 2681.0, "trayectori": "VERTICAL", "disponible": "DISPONIBLE" }, "geometry": { "type": "Point", "coordinates": [ -93.87407882, 18.15537291 ] } },
{ "type": "Feature", "properties": { "pozo": "SAN ALFONSO-22", "campo": "SAN ALFONSO", "entidad": "TABASCO", "ubicacin": "TERRESTRE", "clasificac": "DESARROLLO", "estado_act": "CERRADO", "tipo_de_hi": "ACEITE", "fecha_inic": "31-MAR-1974", "fecha_fin_": "22-MAY-1974", "profundida": 3651.0, "profundi_1": 3651.0, "trayectori": "VERTICAL", "disponible": "DISPONIBLE" }, "geometry": { "type": "Point", "coordinates": [ -93.97425691, 18.24625017 ] } },
{ "type": "Feature", "properties": { "pozo": "SANCHEZ MAGALLANES-850", "campo": "MAGALLANES TUCAN PAJONAL", "entidad": "TABASCO", "ubicacin": "TERRESTRE", "clasificac": "EXPLORATORIO", "estado_act": "CERRADO", "tipo_de_hi": null, "fecha_inic": "04-MAR-1984", "fecha_fin_": "15-MAY-1984", "profundida": 3700.0, "profundi_1": 3700.0, "trayectori": "VERTICAL", "disponible": "DISPONIBLE" }, "geometry": { "type": "Point", "coordinates": [ -93.92850928, 18.14303218 ] } },
{ "type": "Feature", "properties": { "pozo": "SANCHEZ MAGALLANES-269", "campo": "MAGALLANES TUCAN PAJONAL", "entidad": "TABASCO", "ubicacin": "TERRESTRE", "clasificac": "DESARROLLO", "estado_act": "INACTIVO", "tipo_de_hi": "ACEITE", "fecha_inic": "10-FEB-1962", "fecha_fin_": "14-MAR-1962", "profundida": 2348.4, "profundi_1": 2348.4, "trayectori": "VERTICAL", "disponible": "DISPONIBLE" }, "geometry": { "type": "Point", "coordinates": [ -93.88732831, 18.15227089 ] } },
{ "type": "Feature", "properties": { "pozo": "SANCHEZ MAGALLANES-270", "campo": "MAGALLANES TUCAN PAJONAL", "entidad": "TABASCO", "ubicacin": "TERRESTRE", "clasificac": "DESARROLLO", "estado_act": "CERRADO", "tipo_de_hi": "ACEITE", "fecha_inic": "10-ABR-1962", "fecha_fin_": "10-ABR-1962", "profundida": 2245.2, "profundi_1": 2245.2, "trayectori": "VERTICAL", "disponible": "DISPONIBLE" }, "geometry": { "type": "Point", "coordinates": [ -93.88729418, 18.15541506 ] } },
{ "type": "Feature", "properties": { "pozo": "SANCHEZ MAGALLANES-272", "campo": "MAGALLANES TUCAN PAJONAL", "entidad": "TABASCO", "ubicacin": "TERRESTRE", "clasificac": "DESARROLLO", "estado_act": "INACTIVO", "tipo_de_hi": "ACEITE", "fecha_inic": "26-JUN-1962", "fecha_fin_": "26-JUN-1962", "profundida": 2915.0, "profundi_1": 2915.0, "trayectori": "VERTICAL", "disponible": "DISPONIBLE" }, "geometry": { "type": "Point", "coordinates": [ -93.88067277, 18.15075739 ] } },
{ "type": "Feature", "properties": { "pozo": "SANCHEZ MAGALLANES-273", "campo": "MAGALLANES TUCAN PAJONAL", "entidad": "TABASCO", "ubicacin": "TERRESTRE", "clasificac": "DESARROLLO", "estado_act": "INACTIVO", "tipo_de_hi": "ACEITE", "fecha_inic": "05-JUL-1962", "fecha_fin_": "05-JUL-1962", "profundida": 2900.0, "profundi_1": 2900.0, "trayectori": "VERTICAL", "disponible": "DISPONIBLE" }, "geometry": { "type": "Point", "coordinates": [ -93.87878419, 18.15057145 ] } },
{ "type": "Feature", "properties": { "pozo": "SANCHEZ MAGALLANES-274", "campo": "MAGALLANES TUCAN PAJONAL", "entidad": "TABASCO", "ubicacin": "TERRESTRE", "clasificac": "DESARROLLO", "estado_act": "CERRADO", "tipo_de_hi": "ACEITE", "fecha_inic": "12-FEB-1963", "fecha_fin_": "12-FEB-1963", "profundida": 2934.0, "profundi_1": 2934.0, "trayectori": "VERTICAL", "disponible": "DISPONIBLE" }, "geometry": { "type": "Point", "coordinates": [ -93.87972116, 18.14916407 ] } },
{ "type": "Feature", "properties": { "pozo": "SANCHEZ MAGALLANES-275", "campo": "MAGALLANES TUCAN PAJONAL", "entidad": "TABASCO", "ubicacin": "TERRESTRE", "clasificac": "DESARROLLO", "estado_act": "CERRADO", "tipo_de_hi": "ACEITE", "fecha_inic": "18-MAY-1962", "fecha_fin_": "27-JUN-1962", "profundida": 2875.0, "profundi_1": 2875.0, "trayectori": "VERTICAL", "disponible": "DISPONIBLE" }, "geometry": { "type": "Point", "coordinates": [ -93.88255982, 18.14752944 ] } },
{ "type": "Feature", "properties": { "pozo": "SANCHEZ MAGALLANES-277", "campo": "MAGALLANES TUCAN PAJONAL", "entidad": "TABASCO", "ubicacin": "TERRESTRE", "clasificac": "DESARROLLO", "estado_act": "CERRADO", "tipo_de_hi": "ACEITE", "fecha_inic": "29-MAY-1962", "fecha_fin_": "29-MAY-1962", "profundida": 2036.4, "profundi_1": 2036.4, "trayectori": "VERTICAL", "disponible": "DISPONIBLE" }, "geometry": { "type": "Point", "coordinates": [ -93.88916444, 18.15226702 ] } },
{ "type": "Feature", "properties": { "pozo": "SANCHEZ MAGALLANES-278", "campo": "MAGALLANES TUCAN PAJONAL", "entidad": "TABASCO", "ubicacin": "TERRESTRE", "clasificac": "DESARROLLO", "estado_act": "CERRADO", "tipo_de_hi": "ACEITE", "fecha_inic": "24-JUN-1962", "fecha_fin_": "22-ABR-1963", "profundida": 2215.0, "profundi_1": 2215.0, "trayectori": "VERTICAL", "disponible": "DISPONIBLE" }, "geometry": { "type": "Point", "coordinates": [ -93.89119578, 18.1459583 ] } },
{ "type": "Feature", "properties": { "pozo": "SANCHEZ MAGALLANES-280", "campo": "MAGALLANES TUCAN PAJONAL", "entidad": "TABASCO", "ubicacin": "TERRESTRE", "clasificac": "DESARROLLO", "estado_act": "CERRADO", "tipo_de_hi": "ACEITE", "fecha_inic": "08-FEB-1963", "fecha_fin_": "08-FEB-1963", "profundida": 2727.0, "profundi_1": 2727.0, "trayectori": "VERTICAL", "disponible": "DISPONIBLE" }, "geometry": { "type": "Point", "coordinates": [ -93.8759332, 18.15232845 ] } },
{ "type": "Feature", "properties": { "pozo": "SANCHEZ MAGALLANES-281", "campo": "MAGALLANES TUCAN PAJONAL", "entidad": "TABASCO", "ubicacin": "TERRESTRE", "clasificac": "DESARROLLO", "estado_act": "INACTIVO", "tipo_de_hi": "ACEITE", "fecha_inic": "03-SEP-1962", "fecha_fin_": "03-SEP-1962", "profundida": 3207.1, "profundi_1": 3207.1, "trayectori": "VERTICAL", "disponible": "DISPONIBLE" }, "geometry": { "type": "Point", "coordinates": [ -93.87689103, 18.15071728 ] } },
{ "type": "Feature", "properties": { "pozo": "SANCHEZ MAGALLANES-328D", "campo": "MAGALLANES TUCAN PAJONAL", "entidad": "TABASCO", "ubicacin": "TERRESTRE", "clasificac": "DESARROLLO", "estado_act": "INACTIVO", "tipo_de_hi": "ACEITE", "fecha_inic": "30-MAY-1963", "fecha_fin_": "30-MAY-1963", "profundida": 2710.0, "profundi_1": 2710.0, "trayectori": "VERTICAL", "disponible": "DISPONIBLE" }, "geometry": { "type": "Point", "coordinates": [ -93.87319777, 18.15383752 ] } },
{ "type": "Feature", "properties": { "pozo": "SANCHEZ MAGALLANES-334", "campo": "MAGALLANES TUCAN PAJONAL", "entidad": "TABASCO", "ubicacin": "TERRESTRE", "clasificac": "DESARROLLO", "estado_act": "CERRADO", "tipo_de_hi": "ACEITE", "fecha_inic": "01-ABR-1963", "fecha_fin_": "01-ABR-1963", "profundida": 2855.9, "profundi_1": 2855.9, "trayectori": "VERTICAL", "disponible": "DISPONIBLE" }, "geometry": { "type": "Point", "coordinates": [ -93.87598737, 18.16164323 ] } },
{ "type": "Feature", "properties": { "pozo": "SANCHEZ MAGALLANES-342", "campo": "MAGALLANES TUCAN PAJONAL", "entidad": "TABASCO", "ubicacin": "TERRESTRE", "clasificac": "DESARROLLO", "estado_act": "CERRADO", "tipo_de_hi": "ACEITE", "fecha_inic": "14-AGO-1963", "fecha_fin_": "14-AGO-1963", "profundida": 3000.0, "profundi_1": 3000.0, "trayectori": "VERTICAL", "disponible": "DISPONIBLE" }, "geometry": { "type": "Point", "coordinates": [ -93.87321851, 18.16025878 ] } },
{ "type": "Feature", "properties": { "pozo": "SANCHEZ MAGALLANES-358D", "campo": "MAGALLANES TUCAN PAJONAL", "entidad": "TABASCO", "ubicacin": "TERRESTRE", "clasificac": "DESARROLLO", "estado_act": "CERRADO", "tipo_de_hi": "ACEITE", "fecha_inic": "16-MAY-1964", "fecha_fin_": "16-MAY-1964", "profundida": 2750.0, "profundi_1": 2750.0, "trayectori": "VERTICAL", "disponible": "DISPONIBLE" }, "geometry": { "type": "Point", "coordinates": [ -93.87316515, 18.15069735 ] } },
{ "type": "Feature", "properties": { "pozo": "SANCHEZ MAGALLANES-395D", "campo": "MAGALLANES TUCAN PAJONAL", "entidad": "TABASCO", "ubicacin": "TERRESTRE", "clasificac": "DESARROLLO", "estado_act": "CERRADO", "tipo_de_hi": "ACEITE", "fecha_inic": "27-ENE-1964", "fecha_fin_": "27-ENE-1964", "profundida": 2850.0, "profundi_1": 2850.0, "trayectori": "VERTICAL", "disponible": "DISPONIBLE" }, "geometry": { "type": "Point", "coordinates": [ -93.8702549, 18.15225869 ] } },
{ "type": "Feature", "properties": { "pozo": "SANCHEZ MAGALLANES-396D", "campo": "MAGALLANES TUCAN PAJONAL", "entidad": "TABASCO", "ubicacin": "TERRESTRE", "clasificac": "DESARROLLO", "estado_act": "CERRADO", "tipo_de_hi": "ACEITE", "fecha_inic": "03-MAR-1964", "fecha_fin_": "03-MAR-1964", "profundida": 2800.0, "profundi_1": 2800.0, "trayectori": "VERTICAL", "disponible": "DISPONIBLE" }, "geometry": { "type": "Point", "coordinates": [ -93.87225575, 18.15233793 ] } },
{ "type": "Feature", "properties": { "pozo": "SANCHEZ MAGALLANES-456", "campo": "MAGALLANES TUCAN PAJONAL", "entidad": "TABASCO", "ubicacin": "TERRESTRE", "clasificac": "DESARROLLO", "estado_act": "CERRADO", "tipo_de_hi": "ACEITE", "fecha_inic": "22-ENE-1969", "fecha_fin_": "22-ENE-1969", "profundida": 2103.0, "profundi_1": 2103.0, "trayectori": "VERTICAL", "disponible": "DISPONIBLE" }, "geometry": { "type": "Point", "coordinates": [ -93.89458413, 18.11157863 ] } },
{ "type": "Feature", "properties": { "pozo": "SANCHEZ MAGALLANES-456A", "campo": "MAGALLANES TUCAN PAJONAL", "entidad": "TABASCO", "ubicacin": "TERRESTRE", "clasificac": "DESARROLLO", "estado_act": "INACTIVO", "tipo_de_hi": "ACEITE", "fecha_inic": "11-FEB-1969", "fecha_fin_": "07-MAR-1969", "profundida": 2583.0, "profundi_1": 2583.0, "trayectori": "VERTICAL", "disponible": "DISPONIBLE" }, "geometry": { "type": "Point", "coordinates": [ -93.89459678, 18.11157541 ] } },
{ "type": "Feature", "properties": { "pozo": "SANCHEZ MAGALLANES-466", "campo": "MAGALLANES TUCAN PAJONAL", "entidad": "TABASCO", "ubicacin": "TERRESTRE", "clasificac": "DESARROLLO", "estado_act": "INACTIVO", "tipo_de_hi": "ACEITE", "fecha_inic": "01-JUN-1969", "fecha_fin_": "12-JUL-1969", "profundida": 3183.0, "profundi_1": 0.0, "trayectori": "VERTICAL", "disponible": "DISPONIBLE" }, "geometry": { "type": "Point", "coordinates": [ -93.90210726, 18.11150904 ] } },
{ "type": "Feature", "properties": { "pozo": "SANCHEZ MAGALLANES-467", "campo": "MAGALLANES TUCAN PAJONAL", "entidad": "TABASCO", "ubicacin": "TERRESTRE", "clasificac": "DESARROLLO", "estado_act": "INACTIVO", "tipo_de_hi": "ACEITE", "fecha_inic": "19-MAR-1969", "fecha_fin_": "23-ABR-1969", "profundida": 3015.0, "profundi_1": 0.0, "trayectori": "VERTICAL", "disponible": "DISPONIBLE" }, "geometry": { "type": "Point", "coordinates": [ -93.90019329, 18.10840199 ] } },
{ "type": "Feature", "properties": { "pozo": "SANCHEZ MAGALLANES-468", "campo": "MAGALLANES TUCAN PAJONAL", "entidad": "TABASCO", "ubicacin": "TERRESTRE", "clasificac": "DESARROLLO", "estado_act": "INACTIVO", "tipo_de_hi": "ACEITE", "fecha_inic": "14-ABR-1969", "fecha_fin_": "16-MAY-1969", "profundida": 2712.0, "profundi_1": 0.0, "trayectori": "VERTICAL", "disponible": "DISPONIBLE" }, "geometry": { "type": "Point", "coordinates": [ -93.89640738, 18.10838312 ] } },
{ "type": "Feature", "properties": { "pozo": "SANCHEZ MAGALLANES-469", "campo": "MAGALLANES TUCAN PAJONAL", "entidad": "TABASCO", "ubicacin": "TERRESTRE", "clasificac": "DESARROLLO", "estado_act": "INACTIVO", "tipo_de_hi": "ACEITE", "fecha_inic": "13-MAY-1969", "fecha_fin_": "07-JUN-1969", "profundida": 3008.0, "profundi_1": 3008.0, "trayectori": "VERTICAL", "disponible": "DISPONIBLE" }, "geometry": { "type": "Point", "coordinates": [ -93.87949324, 18.11158753 ] } },
{ "type": "Feature", "properties": { "pozo": "SANCHEZ MAGALLANES-283", "campo": "MAGALLANES TUCAN PAJONAL", "entidad": "TABASCO", "ubicacin": "TERRESTRE", "clasificac": "DESARROLLO", "estado_act": "INACTIVO", "tipo_de_hi": "ACEITE", "fecha_inic": "09-FEB-1963", "fecha_fin_": "09-FEB-1963", "profundida": 2807.0, "profundi_1": 2807.0, "trayectori": "VERTICAL", "disponible": "DISPONIBLE" }, "geometry": { "type": "Point", "coordinates": [ -93.87875969, 18.14756039 ] } },
{ "type": "Feature", "properties": { "pozo": "SANCHEZ MAGALLANES-284D", "campo": "MAGALLANES TUCAN PAJONAL", "entidad": "TABASCO", "ubicacin": "TERRESTRE", "clasificac": "DESARROLLO", "estado_act": "CERRADO", "tipo_de_hi": "ACEITE", "fecha_inic": "16-MAR-1963", "fecha_fin_": "16-MAR-1963", "profundida": 1915.0, "profundi_1": 1915.0, "trayectori": "VERTICAL", "disponible": "DISPONIBLE" }, "geometry": { "type": "Point", "coordinates": [ -93.89014996, 18.14447834 ] } },
{ "type": "Feature", "properties": { "pozo": "SANCHEZ MAGALLANES-286", "campo": "MAGALLANES TUCAN PAJONAL", "entidad": "TABASCO", "ubicacin": "TERRESTRE", "clasificac": "DESARROLLO", "estado_act": "CERRADO", "tipo_de_hi": "ACEITE", "fecha_inic": "30-JUL-1962", "fecha_fin_": "21-AGO-1962", "profundida": 2665.0, "profundi_1": 2665.0, "trayectori": "VERTICAL", "disponible": "DISPONIBLE" }, "geometry": { "type": "Point", "coordinates": [ -93.88532997, 18.13661278 ] } },
{ "type": "Feature", "properties": { "pozo": "SANCHEZ MAGALLANES-287", "campo": "MAGALLANES TUCAN PAJONAL", "entidad": "TABASCO", "ubicacin": "TERRESTRE", "clasificac": "DESARROLLO", "estado_act": "CERRADO", "tipo_de_hi": "ACEITE", "fecha_inic": "12-JUN-1963", "fecha_fin_": "12-JUN-1963", "profundida": 2800.0, "profundi_1": 2800.0, "trayectori": "VERTICAL", "disponible": "DISPONIBLE" }, "geometry": { "type": "Point", "coordinates": [ -93.88062715, 18.13826457 ] } },
{ "type": "Feature", "properties": { "pozo": "SANCHEZ MAGALLANES-288", "campo": "MAGALLANES TUCAN PAJONAL", "entidad": "TABASCO", "ubicacin": "TERRESTRE", "clasificac": "DESARROLLO", "estado_act": "CERRADO", "tipo_de_hi": "ACEITE", "fecha_inic": "15-MAR-1963", "fecha_fin_": "15-MAR-1963", "profundida": 3128.8, "profundi_1": 3128.8, "trayectori": "VERTICAL", "disponible": "DISPONIBLE" }, "geometry": { "type": "Point", "coordinates": [ -93.87863887, 18.13822937 ] } },
{ "type": "Feature", "properties": { "pozo": "SANCHEZ MAGALLANES-289", "campo": "MAGALLANES TUCAN PAJONAL", "entidad": "TABASCO", "ubicacin": "TERRESTRE", "clasificac": "DESARROLLO", "estado_act": "CERRADO", "tipo_de_hi": "ACEITE", "fecha_inic": "04-NOV-1962", "fecha_fin_": "04-NOV-1962", "profundida": 2675.0, "profundi_1": 2675.0, "trayectori": "VERTICAL", "disponible": "DISPONIBLE" }, "geometry": { "type": "Point", "coordinates": [ -93.88341633, 18.13663929 ] } },
{ "type": "Feature", "properties": { "pozo": "SANCHEZ MAGALLANES-290", "campo": "MAGALLANES TUCAN PAJONAL", "entidad": "TABASCO", "ubicacin": "TERRESTRE", "clasificac": "DESARROLLO", "estado_act": "CERRADO", "tipo_de_hi": "ACEITE", "fecha_inic": "23-MAY-1963", "fecha_fin_": "23-MAY-1963", "profundida": 2700.0, "profundi_1": 2700.0, "trayectori": "VERTICAL", "disponible": "DISPONIBLE" }, "geometry": { "type": "Point", "coordinates": [ -93.88149889, 18.13658789 ] } },
{ "type": "Feature", "properties": { "pozo": "SANCHEZ MAGALLANES-292", "campo": "MAGALLANES TUCAN PAJONAL", "entidad": "TABASCO", "ubicacin": "TERRESTRE", "clasificac": "DESARROLLO", "estado_act": "INACTIVO", "tipo_de_hi": "ACEITE", "fecha_inic": "01-OCT-1962", "fecha_fin_": "01-OCT-1962", "profundida": 2675.0, "profundi_1": 2675.0, "trayectori": "VERTICAL", "disponible": "DISPONIBLE" }, "geometry": { "type": "Point", "coordinates": [ -93.87606704, 18.15873509 ] } },
{ "type": "Feature", "properties": { "pozo": "SANCHEZ MAGALLANES-294", "campo": "MAGALLANES TUCAN PAJONAL", "entidad": "TABASCO", "ubicacin": "TERRESTRE", "clasificac": "DESARROLLO", "estado_act": "CERRADO", "tipo_de_hi": "ACEITE", "fecha_inic": "13-AGO-1962", "fecha_fin_": "13-AGO-1962", "profundida": 2670.0, "profundi_1": 2670.0, "trayectori": "VERTICAL", "disponible": "DISPONIBLE" }, "geometry": { "type": "Point", "coordinates": [ -93.87420027, 18.15878959 ] } },
{ "type": "Feature", "properties": { "pozo": "SANCHEZ MAGALLANES-295", "campo": "MAGALLANES TUCAN PAJONAL", "entidad": "TABASCO", "ubicacin": "TERRESTRE", "clasificac": "DESARROLLO", "estado_act": "CERRADO", "tipo_de_hi": "ACEITE", "fecha_inic": "05-DIC-1962", "fecha_fin_": "05-DIC-1962", "profundida": 2715.0, "profundi_1": 2715.0, "trayectori": "VERTICAL", "disponible": "DISPONIBLE" }, "geometry": { "type": "Point", "coordinates": [ -93.87515561, 18.15718106 ] } },
{ "type": "Feature", "properties": { "pozo": "SANCHEZ MAGALLANES-556", "campo": "MAGALLANES TUCAN PAJONAL", "entidad": "TABASCO", "ubicacin": "TERRESTRE", "clasificac": "DESARROLLO", "estado_act": "CERRADO", "tipo_de_hi": null, "fecha_inic": "20-MAR-1967", "fecha_fin_": null, "profundida": 2227.4, "profundi_1": 0.0, "trayectori": "VERTICAL", "disponible": "DISPONIBLE" }, "geometry": { "type": "Point", "coordinates": [ -93.88939152, 18.1961146 ] } },
{ "type": "Feature", "properties": { "pozo": "SANCHEZ MAGALLANES-62D", "campo": "MAGALLANES TUCAN PAJONAL", "entidad": "TABASCO", "ubicacin": "TERRESTRE", "clasificac": "DESARROLLO", "estado_act": "CERRADO", "tipo_de_hi": "ACEITE", "fecha_inic": "14-NOV-1958", "fecha_fin_": "07-DIC-1958", "profundida": 1505.0, "profundi_1": 1505.0, "trayectori": "VERTICAL", "disponible": "DISPONIBLE" }, "geometry": { "type": "Point", "coordinates": [ -93.90056142, 18.15850527 ] } },
{ "type": "Feature", "properties": { "pozo": "SANCHEZ MAGALLANES-63D", "campo": "MAGALLANES TUCAN PAJONAL", "entidad": "TABASCO", "ubicacin": "TERRESTRE", "clasificac": "DESARROLLO", "estado_act": "CERRADO", "tipo_de_hi": "ACEITE", "fecha_inic": "06-SEP-1960", "fecha_fin_": "06-SEP-1960", "profundida": 1075.0, "profundi_1": 1075.0, "trayectori": "VERTICAL", "disponible": "DISPONIBLE" }, "geometry": { "type": "Point", "coordinates": [ -93.89858267, 18.15867539 ] } },
{ "type": "Feature", "properties": { "pozo": "SANCHEZ MAGALLANES-64D", "campo": "MAGALLANES TUCAN PAJONAL", "entidad": "TABASCO", "ubicacin": "TERRESTRE", "clasificac": "DESARROLLO", "estado_act": "CERRADO", "tipo_de_hi": "ACEITE", "fecha_inic": "13-ENE-1960", "fecha_fin_": "13-ENE-1960", "profundida": 1285.0, "profundi_1": 1285.0, "trayectori": "VERTICAL", "disponible": "DISPONIBLE" }, "geometry": { "type": "Point", "coordinates": [ -93.89682386, 18.15844772 ] } },
{ "type": "Feature", "properties": { "pozo": "SANCHEZ MAGALLANES-74D", "campo": "MAGALLANES TUCAN PAJONAL", "entidad": "TABASCO", "ubicacin": "TERRESTRE", "clasificac": "DESARROLLO", "estado_act": "CERRADO", "tipo_de_hi": "ACEITE", "fecha_inic": "21-JUL-1961", "fecha_fin_": "21-JUL-1961", "profundida": 1180.0, "profundi_1": 1180.0, "trayectori": "VERTICAL", "disponible": "DISPONIBLE" }, "geometry": { "type": "Point", "coordinates": [ -93.89970796, 18.16000607 ] } },
{ "type": "Feature", "properties": { "pozo": "SANCHEZ MAGALLANES-75D", "campo": "MAGALLANES TUCAN PAJONAL", "entidad": "TABASCO", "ubicacin": "TERRESTRE", "clasificac": "DESARROLLO", "estado_act": "CERRADO", "tipo_de_hi": "ACEITE", "fecha_inic": "25-MAR-1961", "fecha_fin_": "25-MAR-1961", "profundida": 1265.0, "profundi_1": 1265.0, "trayectori": "VERTICAL", "disponible": "DISPONIBLE" }, "geometry": { "type": "Point", "coordinates": [ -93.89768913, 18.16010507 ] } },
{ "type": "Feature", "properties": { "pozo": "SANCHEZ MAGALLANES-75T", "campo": "MAGALLANES TUCAN PAJONAL", "entidad": "TABASCO", "ubicacin": "TERRESTRE", "clasificac": "DESARROLLO", "estado_act": "CERRADO", "tipo_de_hi": "ACEITE", "fecha_inic": "05-ABR-1961", "fecha_fin_": "05-ABR-1961", "profundida": 1200.0, "profundi_1": 1200.0, "trayectori": "VERTICAL", "disponible": "DISPONIBLE" }, "geometry": { "type": "Point", "coordinates": [ -93.89766968, 18.1600559 ] } },
{ "type": "Feature", "properties": { "pozo": "SANCHEZ MAGALLANES-76T", "campo": "MAGALLANES TUCAN PAJONAL", "entidad": "TABASCO", "ubicacin": "TERRESTRE", "clasificac": "DESARROLLO", "estado_act": "CERRADO", "tipo_de_hi": "ACEITE", "fecha_inic": "01-JUN-1961", "fecha_fin_": "01-JUN-1961", "profundida": 1190.0, "profundi_1": 1190.0, "trayectori": "VERTICAL", "disponible": "DISPONIBLE" }, "geometry": { "type": "Point", "coordinates": [ -93.89584498, 18.16010978 ] } },
{ "type": "Feature", "properties": { "pozo": "SANCHEZ MAGALLANES-85T", "campo": "MAGALLANES TUCAN PAJONAL", "entidad": "TABASCO", "ubicacin": "TERRESTRE", "clasificac": "DESARROLLO", "estado_act": "CERRADO", "tipo_de_hi": "ACEITE", "fecha_inic": "25-MAR-1959", "fecha_fin_": "25-MAR-1959", "profundida": 1160.0, "profundi_1": 1160.0, "trayectori": "VERTICAL", "disponible": "DISPONIBLE" }, "geometry": { "type": "Point", "coordinates": [ -93.89881248, 18.16155614 ] } },
{ "type": "Feature", "properties": { "pozo": "SANCHEZ MAGALLANES-470", "campo": "MAGALLANES TUCAN PAJONAL", "entidad": "TABASCO", "ubicacin": "TERRESTRE", "clasificac": "DESARROLLO", "estado_act": "INACTIVO", "tipo_de_hi": "ACEITE", "fecha_inic": "18-JUN-1969", "fecha_fin_": "18-JUN-1969", "profundida": 2816.0, "profundi_1": 2816.0, "trayectori": "VERTICAL", "disponible": "DISPONIBLE" }, "geometry": { "type": "Point", "coordinates": [ -93.88329147, 18.11159646 ] } },
{ "type": "Feature", "properties": { "pozo": "SANCHEZ MAGALLANES-472", "campo": "MAGALLANES TUCAN PAJONAL", "entidad": "TABASCO", "ubicacin": "TERRESTRE", "clasificac": "DESARROLLO", "estado_act": "CERRADO", "tipo_de_hi": null, "fecha_inic": "27-JUL-1969", "fecha_fin_": "27-JUL-1969", "profundida": 2619.0, "profundi_1": 2619.0, "trayectori": "VERTICAL", "disponible": "DISPONIBLE" }, "geometry": { "type": "Point", "coordinates": [ -93.89258147, 18.10847398 ] } },
{ "type": "Feature", "properties": { "pozo": "SANCHEZ MAGALLANES-473", "campo": "MAGALLANES TUCAN PAJONAL", "entidad": "TABASCO", "ubicacin": "TERRESTRE", "clasificac": "DESARROLLO", "estado_act": "INACTIVO", "tipo_de_hi": "ACEITE", "fecha_inic": "03-OCT-1969", "fecha_fin_": "14-DIC-1969", "profundida": 3156.0, "profundi_1": 0.0, "trayectori": "VERTICAL", "disponible": "DISPONIBLE" }, "geometry": { "type": "Point", "coordinates": [ -93.87758753, 18.10846538 ] } },
{ "type": "Feature", "properties": { "pozo": "SANCHEZ MAGALLANES-475", "campo": "MAGALLANES TUCAN PAJONAL", "entidad": "TABASCO", "ubicacin": "TERRESTRE", "clasificac": "DESARROLLO", "estado_act": "CERRADO", "tipo_de_hi": null, "fecha_inic": "19-FEB-1970", "fecha_fin_": "19-FEB-1970", "profundida": 3800.0, "profundi_1": 3800.0, "trayectori": "VERTICAL", "disponible": "DISPONIBLE" }, "geometry": { "type": "Point", "coordinates": [ -93.87385786, 18.11474364 ] } },
{ "type": "Feature", "properties": { "pozo": "SANCHEZ MAGALLANES-476", "campo": "MAGALLANES TUCAN PAJONAL", "entidad": "TABASCO", "ubicacin": "TERRESTRE", "clasificac": "DESARROLLO", "estado_act": "INACTIVO", "tipo_de_hi": "ACEITE", "fecha_inic": "25-JUL-1969", "fecha_fin_": "24-AGO-1969", "profundida": 2906.0, "profundi_1": 2906.0, "trayectori": "VERTICAL", "disponible": "DISPONIBLE" }, "geometry": { "type": "Point", "coordinates": [ -93.88140277, 18.10843053 ] } },
{ "type": "Feature", "properties": { "pozo": "SANCHEZ MAGALLANES-477", "campo": "MAGALLANES TUCAN PAJONAL", "entidad": "TABASCO", "ubicacin": "TERRESTRE", "clasificac": "DESARROLLO", "estado_act": "INACTIVO", "tipo_de_hi": "ACEITE", "fecha_inic": "11-MAR-1970", "fecha_fin_": "25-ABR-1970", "profundida": 3496.0, "profundi_1": 0.0, "trayectori": "VERTICAL", "disponible": "DISPONIBLE" }, "geometry": { "type": "Point", "coordinates": [ -93.87390855, 18.10849773 ] } },
{ "type": "Feature", "properties": { "pozo": "SANCHEZ MAGALLANES-489", "campo": "MAGALLANES TUCAN PAJONAL", "entidad": "TABASCO", "ubicacin": "TERRESTRE", "clasificac": "DESARROLLO", "estado_act": "CERRADO", "tipo_de_hi": null, "fecha_inic": "07-NOV-1970", "fecha_fin_": "07-NOV-1970", "profundida": 2898.0, "profundi_1": 0.0, "trayectori": "VERTICAL", "disponible": "DISPONIBLE" }, "geometry": { "type": "Point", "coordinates": [ -93.90209406, 18.11766392 ] } },
{ "type": "Feature", "properties": { "pozo": "SANCHEZ MAGALLANES-492", "campo": "MAGALLANES TUCAN PAJONAL", "entidad": "TABASCO", "ubicacin": "TERRESTRE", "clasificac": "DESARROLLO", "estado_act": "CERRADO", "tipo_de_hi": "ACEITE", "fecha_inic": "24-JUN-1971", "fecha_fin_": "16-JUL-1971", "profundida": 2474.0, "profundi_1": 0.0, "trayectori": "VERTICAL", "disponible": "DISPONIBLE" }, "geometry": { "type": "Point", "coordinates": [ -93.88989712, 18.12251693 ] } },
{ "type": "Feature", "properties": { "pozo": "SANCHEZ MAGALLANES-296", "campo": "MAGALLANES TUCAN PAJONAL", "entidad": "TABASCO", "ubicacin": "TERRESTRE", "clasificac": "DESARROLLO", "estado_act": "CERRADO", "tipo_de_hi": "ACEITE", "fecha_inic": "03-JUN-1963", "fecha_fin_": "03-JUN-1963", "profundida": 2430.0, "profundi_1": 2430.0, "trayectori": "VERTICAL", "disponible": "DISPONIBLE" }, "geometry": { "type": "Point", "coordinates": [ -93.88515117, 18.13350067 ] } },
{ "type": "Feature", "properties": { "pozo": "SANCHEZ MAGALLANES-297", "campo": "MAGALLANES TUCAN PAJONAL", "entidad": "TABASCO", "ubicacin": "TERRESTRE", "clasificac": "DESARROLLO", "estado_act": "CERRADO", "tipo_de_hi": "ACEITE", "fecha_inic": "07-AGO-1962", "fecha_fin_": "07-AGO-1962", "profundida": 2629.9, "profundi_1": 2629.9, "trayectori": "VERTICAL", "disponible": "DISPONIBLE" }, "geometry": { "type": "Point", "coordinates": [ -93.88613286, 18.13193454 ] } },
{ "type": "Feature", "properties": { "pozo": "SANCHEZ MAGALLANES-299", "campo": "MAGALLANES TUCAN PAJONAL", "entidad": "TABASCO", "ubicacin": "TERRESTRE", "clasificac": "DESARROLLO", "estado_act": "CERRADO", "tipo_de_hi": "ACEITE", "fecha_inic": "10-ENE-1963", "fecha_fin_": "10-ENE-1963", "profundida": 2450.0, "profundi_1": 2450.0, "trayectori": "VERTICAL", "disponible": "DISPONIBLE" }, "geometry": { "type": "Point", "coordinates": [ -93.88428299, 18.13188927 ] } },
{ "type": "Feature", "properties": { "pozo": "SANCHEZ MAGALLANES-301", "campo": "MAGALLANES TUCAN PAJONAL", "entidad": "TABASCO", "ubicacin": "TERRESTRE", "clasificac": "DESARROLLO", "estado_act": "CERRADO", "tipo_de_hi": null, "fecha_inic": "03-FEB-1963", "fecha_fin_": "03-FEB-1963", "profundida": 1930.0, "profundi_1": 1930.0, "trayectori": "VERTICAL", "disponible": "DISPONIBLE" }, "geometry": { "type": "Point", "coordinates": [ -93.88917176, 18.15539717 ] } },
{ "type": "Feature", "properties": { "pozo": "SANCHEZ MAGALLANES-304", "campo": "MAGALLANES TUCAN PAJONAL", "entidad": "TABASCO", "ubicacin": "TERRESTRE", "clasificac": "DESARROLLO", "estado_act": "CERRADO", "tipo_de_hi": "ACEITE", "fecha_inic": "03-MAR-1963", "fecha_fin_": "03-MAR-1963", "profundida": 2875.0, "profundi_1": 2875.0, "trayectori": "VERTICAL", "disponible": "DISPONIBLE" }, "geometry": { "type": "Point", "coordinates": [ -93.87682387, 18.14763854 ] } },
{ "type": "Feature", "properties": { "pozo": "SANCHEZ MAGALLANES-305", "campo": "MAGALLANES TUCAN PAJONAL", "entidad": "TABASCO", "ubicacin": "TERRESTRE", "clasificac": "DESARROLLO", "estado_act": "SUSPENDIDO", "tipo_de_hi": "ACEITE", "fecha_inic": "26-JUN-1963", "fecha_fin_": "26-JUN-1963", "profundida": 2950.0, "profundi_1": 2950.0, "trayectori": "VERTICAL", "disponible": "DISPONIBLE" }, "geometry": { "type": "Point", "coordinates": [ -93.87590082, 18.14607399 ] } },
{ "type": "Feature", "properties": { "pozo": "SANCHEZ MAGALLANES-307", "campo": "MAGALLANES TUCAN PAJONAL", "entidad": "TABASCO", "ubicacin": "TERRESTRE", "clasificac": "DESARROLLO", "estado_act": "SUSPENDIDO", "tipo_de_hi": "ACEITE", "fecha_inic": "19-ABR-1963", "fecha_fin_": "13-DIC-1964", "profundida": 2900.0, "profundi_1": 2900.0, "trayectori": "VERTICAL", "disponible": "DISPONIBLE" }, "geometry": { "type": "Point", "coordinates": [ -93.87683519, 18.14452393 ] } },
{ "type": "Feature", "properties": { "pozo": "SANCHEZ MAGALLANES-308", "campo": "MAGALLANES TUCAN PAJONAL", "entidad": "TABASCO", "ubicacin": "TERRESTRE", "clasificac": "DESARROLLO", "estado_act": "CERRADO", "tipo_de_hi": "ACEITE", "fecha_inic": "10-AGO-1962", "fecha_fin_": "10-AGO-1962", "profundida": 1900.0, "profundi_1": 1900.0, "trayectori": "VERTICAL", "disponible": "DISPONIBLE" }, "geometry": { "type": "Point", "coordinates": [ -93.89011996, 18.15384771 ] } },
{ "type": "Feature", "properties": { "pozo": "SANCHEZ MAGALLANES-309", "campo": "MAGALLANES TUCAN PAJONAL", "entidad": "TABASCO", "ubicacin": "TERRESTRE", "clasificac": "DESARROLLO", "estado_act": "CERRADO", "tipo_de_hi": "ACEITE", "fecha_inic": "17-FEB-1963", "fecha_fin_": "17-FEB-1963", "profundida": 2000.0, "profundi_1": 2000.0, "trayectori": "VERTICAL", "disponible": "DISPONIBLE" }, "geometry": { "type": "Point", "coordinates": [ -93.89212776, 18.147524 ] } },
{ "type": "Feature", "properties": { "pozo": "SANCHEZ MAGALLANES-310", "campo": "MAGALLANES TUCAN PAJONAL", "entidad": "TABASCO", "ubicacin": "TERRESTRE", "clasificac": "DESARROLLO", "estado_act": "CERRADO", "tipo_de_hi": "ACEITE", "fecha_inic": "03-ENE-1963", "fecha_fin_": "03-ENE-1963", "profundida": 2784.5, "profundi_1": 2784.5, "trayectori": "VERTICAL", "disponible": "DISPONIBLE" }, "geometry": { "type": "Point", "coordinates": [ -93.87313036, 18.15726301 ] } },
{ "type": "Feature", "properties": { "pozo": "SANCHEZ MAGALLANES-253", "campo": "MAGALLANES TUCAN PAJONAL", "entidad": "TABASCO", "ubicacin": "TERRESTRE", "clasificac": "DESARROLLO", "estado_act": "INACTIVO", "tipo_de_hi": "ACEITE", "fecha_inic": "25-ABR-1963", "fecha_fin_": "25-ABR-1963", "profundida": 3000.0, "profundi_1": 3000.0, "trayectori": "VERTICAL", "disponible": "DISPONIBLE" }, "geometry": { "type": "Point", "coordinates": [ -93.88162199, 18.14602499 ] } },
{ "type": "Feature", "properties": { "pozo": "SANCHEZ MAGALLANES-631", "campo": "MAGALLANES TUCAN PAJONAL", "entidad": "TABASCO", "ubicacin": "TERRESTRE", "clasificac": "DESARROLLO", "estado_act": "INACTIVO", "tipo_de_hi": "ACEITE", "fecha_inic": "16-JUN-1973", "fecha_fin_": "16-JUN-1973", "profundida": 3600.0, "profundi_1": 0.0, "trayectori": "VERTICAL", "disponible": "DISPONIBLE" }, "geometry": { "type": "Point", "coordinates": [ -93.85468672, 18.1827753 ] } },
{ "type": "Feature", "properties": { "pozo": "SANCHEZ MAGALLANES-622", "campo": "MAGALLANES TUCAN PAJONAL", "entidad": "TABASCO", "ubicacin": "TERRESTRE", "clasificac": "DESARROLLO", "estado_act": "INACTIVO", "tipo_de_hi": "ACEITE", "fecha_inic": "19-ENE-1971", "fecha_fin_": "19-ENE-1971", "profundida": 3060.0, "profundi_1": 0.0, "trayectori": "VERTICAL", "disponible": "DISPONIBLE" }, "geometry": { "type": "Point", "coordinates": [ -93.86600301, 18.19529861 ] } },
{ "type": "Feature", "properties": { "pozo": "SANCHEZ MAGALLANES-625", "campo": "MAGALLANES TUCAN PAJONAL", "entidad": "TABASCO", "ubicacin": "TERRESTRE", "clasificac": "DESARROLLO", "estado_act": "INACTIVO", "tipo_de_hi": "ACEITE", "fecha_inic": "01-JUL-1972", "fecha_fin_": "01-JUL-1972", "profundida": 3500.0, "profundi_1": 0.0, "trayectori": "VERTICAL", "disponible": "DISPONIBLE" }, "geometry": { "type": "Point", "coordinates": [ -93.85848318, 18.19530102 ] } },
{ "type": "Feature", "properties": { "pozo": "SANCHEZ MAGALLANES-86D", "campo": "MAGALLANES TUCAN PAJONAL", "entidad": "TABASCO", "ubicacin": "TERRESTRE", "clasificac": "DESARROLLO", "estado_act": "CERRADO", "tipo_de_hi": "ACEITE", "fecha_inic": "09-OCT-1960", "fecha_fin_": "09-OCT-1960", "profundida": 1250.0, "profundi_1": 1250.0, "trayectori": "VERTICAL", "disponible": "DISPONIBLE" }, "geometry": { "type": "Point", "coordinates": [ -93.89678231, 18.16162373 ] } },
{ "type": "Feature", "properties": { "pozo": "SANCHEZ MAGALLANES-87D", "campo": "MAGALLANES TUCAN PAJONAL", "entidad": "TABASCO", "ubicacin": "TERRESTRE", "clasificac": "DESARROLLO", "estado_act": "CERRADO", "tipo_de_hi": "ACEITE", "fecha_inic": "23-JUN-1959", "fecha_fin_": "23-JUN-1959", "profundida": 1392.0, "profundi_1": 1392.0, "trayectori": "VERTICAL", "disponible": "DISPONIBLE" }, "geometry": { "type": "Point", "coordinates": [ -93.89495936, 18.16163467 ] } },
{ "type": "Feature", "properties": { "pozo": "SANCHEZ MAGALLANES-87T", "campo": "MAGALLANES TUCAN PAJONAL", "entidad": "TABASCO", "ubicacin": "TERRESTRE", "clasificac": "DESARROLLO", "estado_act": "CERRADO", "tipo_de_hi": "ACEITE", "fecha_inic": "17-JUL-1959", "fecha_fin_": "17-JUL-1959", "profundida": 1250.0, "profundi_1": 1250.0, "trayectori": "VERTICAL", "disponible": "DISPONIBLE" }, "geometry": { "type": "Point", "coordinates": [ -93.89501417, 18.16162944 ] } },
{ "type": "Feature", "properties": { "pozo": "SANCHEZ MAGALLANES-88D", "campo": "MAGALLANES TUCAN PAJONAL", "entidad": "TABASCO", "ubicacin": "TERRESTRE", "clasificac": "DESARROLLO", "estado_act": "CERRADO", "tipo_de_hi": "ACEITE", "fecha_inic": "21-DIC-1960", "fecha_fin_": "21-DIC-1960", "profundida": 1355.0, "profundi_1": 1355.0, "trayectori": "VERTICAL", "disponible": "DISPONIBLE" }, "geometry": { "type": "Point", "coordinates": [ -93.89299003, 18.16163813 ] } },
{ "type": "Feature", "properties": { "pozo": "SANCHEZ MAGALLANES-102D", "campo": "MAGALLANES TUCAN PAJONAL", "entidad": "TABASCO", "ubicacin": "TERRESTRE", "clasificac": "DESARROLLO", "estado_act": "CERRADO", "tipo_de_hi": "ACEITE", "fecha_inic": "11-JUL-1959", "fecha_fin_": "11-JUL-1959", "profundida": 1285.0, "profundi_1": 1285.0, "trayectori": "VERTICAL", "disponible": "DISPONIBLE" }, "geometry": { "type": "Point", "coordinates": [ -93.90067203, 18.16475769 ] } },
{ "type": "Feature", "properties": { "pozo": "SANCHEZ MAGALLANES-103D", "campo": "MAGALLANES TUCAN PAJONAL", "entidad": "TABASCO", "ubicacin": "TERRESTRE", "clasificac": "DESARROLLO", "estado_act": "CERRADO", "tipo_de_hi": "ACEITE", "fecha_inic": "09-NOV-1960", "fecha_fin_": "09-NOV-1960", "profundida": 1290.0, "profundi_1": 1290.0, "trayectori": "VERTICAL", "disponible": "DISPONIBLE" }, "geometry": { "type": "Point", "coordinates": [ -93.8988005, 18.16475876 ] } },
{ "type": "Feature", "properties": { "pozo": "SANCHEZ MAGALLANES-104D", "campo": "MAGALLANES TUCAN PAJONAL", "entidad": "TABASCO", "ubicacin": "TERRESTRE", "clasificac": "DESARROLLO", "estado_act": "CERRADO", "tipo_de_hi": "ACEITE", "fecha_inic": "09-SEP-1959", "fecha_fin_": "09-SEP-1959", "profundida": 1257.5, "profundi_1": 1257.5, "trayectori": "VERTICAL", "disponible": "DISPONIBLE" }, "geometry": { "type": "Point", "coordinates": [ -93.89687708, 18.16481818 ] } },
{ "type": "Feature", "properties": { "pozo": "SANCHEZ MAGALLANES-122", "campo": "MAGALLANES TUCAN PAJONAL", "entidad": "TABASCO", "ubicacin": "TERRESTRE", "clasificac": "DESARROLLO", "estado_act": "CERRADO", "tipo_de_hi": "ACEITE", "fecha_inic": "17-DIC-1960", "fecha_fin_": "17-DIC-1960", "profundida": 2276.4, "profundi_1": 2276.4, "trayectori": "VERTICAL", "disponible": "DISPONIBLE" }, "geometry": { "type": "Point", "coordinates": [ -93.89308825, 18.1679237 ] } },
{ "type": "Feature", "properties": { "pozo": "SANCHEZ MAGALLANES-502", "campo": "MAGALLANES TUCAN PAJONAL", "entidad": "TABASCO", "ubicacin": "TERRESTRE", "clasificac": "EXPLORATORIO", "estado_act": "INACTIVO", "tipo_de_hi": "ACEITE", "fecha_inic": "06-JUN-1981", "fecha_fin_": "11-JUL-1981", "profundida": 2135.0, "profundi_1": 0.0, "trayectori": "VERTICAL", "disponible": "DISPONIBLE" }, "geometry": { "type": "Point", "coordinates": [ -93.90371915, 18.17509514 ] } },
{ "type": "Feature", "properties": { "pozo": "SANCHEZ MAGALLANES-560", "campo": "MAGALLANES TUCAN PAJONAL", "entidad": "TABASCO", "ubicacin": "TERRESTRE", "clasificac": "DESARROLLO", "estado_act": "CERRADO", "tipo_de_hi": "ACEITE", "fecha_inic": "13-FEB-1968", "fecha_fin_": "13-FEB-1968", "profundida": 2020.0, "profundi_1": 2020.0, "trayectori": "VERTICAL", "disponible": "DISPONIBLE" }, "geometry": { "type": "Point", "coordinates": [ -93.89642766, 18.19326169 ] } },
{ "type": "Feature", "properties": { "pozo": "SANCHEZ MAGALLANES-603", "campo": "MAGALLANES TUCAN PAJONAL", "entidad": "TABASCO", "ubicacin": "TERRESTRE", "clasificac": "DESARROLLO", "estado_act": "INACTIVO", "tipo_de_hi": "ACEITE", "fecha_inic": "06-SEP-1969", "fecha_fin_": "06-SEP-1969", "profundida": 3016.0, "profundi_1": 3016.0, "trayectori": "VERTICAL", "disponible": "DISPONIBLE" }, "geometry": { "type": "Point", "coordinates": [ -93.86606847, 18.18907942 ] } },
{ "type": "Feature", "properties": { "pozo": "SANCHEZ MAGALLANES-604", "campo": "MAGALLANES TUCAN PAJONAL", "entidad": "TABASCO", "ubicacin": "TERRESTRE", "clasificac": "DESARROLLO", "estado_act": "INACTIVO", "tipo_de_hi": "ACEITE", "fecha_inic": "16-FEB-1970", "fecha_fin_": "24-MAY-1970", "profundida": 3050.0, "profundi_1": 0.0, "trayectori": "VERTICAL", "disponible": "DISPONIBLE" }, "geometry": { "type": "Point", "coordinates": [ -93.86603611, 18.18279117 ] } },
{ "type": "Feature", "properties": { "pozo": "SANCHEZ MAGALLANES-605", "campo": "MAGALLANES TUCAN PAJONAL", "entidad": "TABASCO", "ubicacin": "TERRESTRE", "clasificac": "DESARROLLO", "estado_act": "INACTIVO", "tipo_de_hi": "ACEITE", "fecha_inic": "26-DIC-1969", "fecha_fin_": "26-DIC-1969", "profundida": 3100.0, "profundi_1": 3100.0, "trayectori": "VERTICAL", "disponible": "DISPONIBLE" }, "geometry": { "type": "Point", "coordinates": [ -93.86227133, 18.1890599 ] } },
{ "type": "Feature", "properties": { "pozo": "SANCHEZ MAGALLANES-606", "campo": "MAGALLANES TUCAN PAJONAL", "entidad": "TABASCO", "ubicacin": "TERRESTRE", "clasificac": "DESARROLLO", "estado_act": "INACTIVO", "tipo_de_hi": "ACEITE", "fecha_inic": "09-JUN-1970", "fecha_fin_": "09-JUN-1970", "profundida": 3163.0, "profundi_1": 0.0, "trayectori": "VERTICAL", "disponible": "DISPONIBLE" }, "geometry": { "type": "Point", "coordinates": [ -93.86225573, 18.18276768 ] } },
{ "type": "Feature", "properties": { "pozo": "SANCHEZ MAGALLANES-607", "campo": "MAGALLANES TUCAN PAJONAL", "entidad": "TABASCO", "ubicacin": "TERRESTRE", "clasificac": "DESARROLLO", "estado_act": "INACTIVO", "tipo_de_hi": "ACEITE", "fecha_inic": "04-ABR-1970", "fecha_fin_": "04-ABR-1970", "profundida": 3382.0, "profundi_1": 0.0, "trayectori": "VERTICAL", "disponible": "DISPONIBLE" }, "geometry": { "type": "Point", "coordinates": [ -93.8603573, 18.1859439 ] } },
{ "type": "Feature", "properties": { "pozo": "SANCHEZ MAGALLANES-609", "campo": "MAGALLANES TUCAN PAJONAL", "entidad": "TABASCO", "ubicacin": "TERRESTRE", "clasificac": "DESARROLLO", "estado_act": "CERRADO", "tipo_de_hi": "ACEITE", "fecha_inic": "29-MAR-1970", "fecha_fin_": "29-MAR-1970", "profundida": 2760.0, "profundi_1": 0.0, "trayectori": "VERTICAL", "disponible": "DISPONIBLE" }, "geometry": { "type": "Point", "coordinates": [ -93.86793324, 18.19218582 ] } },
{ "type": "Feature", "properties": { "pozo": "SANCHEZ MAGALLANES-611", "campo": "MAGALLANES TUCAN PAJONAL", "entidad": "TABASCO", "ubicacin": "TERRESTRE", "clasificac": "DESARROLLO", "estado_act": "INACTIVO", "tipo_de_hi": "ACEITE", "fecha_inic": "29-JUN-1970", "fecha_fin_": "24-AGO-1970", "profundida": 3300.0, "profundi_1": 0.0, "trayectori": "VERTICAL", "disponible": "DISPONIBLE" }, "geometry": { "type": "Point", "coordinates": [ -93.86072137, 18.19302499 ] } },
{ "type": "Feature", "properties": { "pozo": "SANCHEZ MAGALLANES-313", "campo": "MAGALLANES TUCAN PAJONAL", "entidad": "TABASCO", "ubicacin": "TERRESTRE", "clasificac": "DESARROLLO", "estado_act": "CERRADO", "tipo_de_hi": "ACEITE", "fecha_inic": "15-MAY-1963", "fecha_fin_": "15-MAY-1963", "profundida": 2680.0, "profundi_1": 2680.0, "trayectori": "VERTICAL", "disponible": "DISPONIBLE" }, "geometry": { "type": "Point", "coordinates": [ -93.88237241, 18.13508038 ] } },
{ "type": "Feature", "properties": { "pozo": "SANCHEZ MAGALLANES-314", "campo": "MAGALLANES TUCAN PAJONAL", "entidad": "TABASCO", "ubicacin": "TERRESTRE", "clasificac": "DESARROLLO", "estado_act": "CERRADO", "tipo_de_hi": "ACEITE", "fecha_inic": "12-ABR-1963", "fecha_fin_": "12-ABR-1963", "profundida": 2600.0, "profundi_1": 2600.0, "trayectori": "VERTICAL", "disponible": "DISPONIBLE" }, "geometry": { "type": "Point", "coordinates": [ -93.88045926, 18.1351083 ] } },
{ "type": "Feature", "properties": { "pozo": "SANCHEZ MAGALLANES-315", "campo": "MAGALLANES TUCAN PAJONAL", "entidad": "TABASCO", "ubicacin": "TERRESTRE", "clasificac": "DESARROLLO", "estado_act": "CERRADO", "tipo_de_hi": "ACEITE", "fecha_inic": "20-MAR-1963", "fecha_fin_": "20-MAR-1963", "profundida": 3072.1, "profundi_1": 3072.1, "trayectori": "VERTICAL", "disponible": "DISPONIBLE" }, "geometry": { "type": "Point", "coordinates": [ -93.87594125, 18.14918177 ] } },
{ "type": "Feature", "properties": { "pozo": "SANCHEZ MAGALLANES-316", "campo": "MAGALLANES TUCAN PAJONAL", "entidad": "TABASCO", "ubicacin": "TERRESTRE", "clasificac": "DESARROLLO", "estado_act": "CERRADO", "tipo_de_hi": "ACEITE", "fecha_inic": "09-FEB-1963", "fecha_fin_": "09-FEB-1963", "profundida": 3127.8, "profundi_1": 3127.8, "trayectori": "VERTICAL", "disponible": "DISPONIBLE" }, "geometry": { "type": "Point", "coordinates": [ -93.87399732, 18.14919251 ] } },
{ "type": "Feature", "properties": { "pozo": "SANCHEZ MAGALLANES-317", "campo": "MAGALLANES TUCAN PAJONAL", "entidad": "TABASCO", "ubicacin": "TERRESTRE", "clasificac": "DESARROLLO", "estado_act": "INACTIVO", "tipo_de_hi": "ACEITE", "fecha_inic": "23-MAR-1963", "fecha_fin_": "23-MAR-1963", "profundida": 3253.6, "profundi_1": 3253.6, "trayectori": "VERTICAL", "disponible": "DISPONIBLE" }, "geometry": { "type": "Point", "coordinates": [ -93.87495228, 18.14766911 ] } },
{ "type": "Feature", "properties": { "pozo": "SANCHEZ MAGALLANES-320", "campo": "MAGALLANES TUCAN PAJONAL", "entidad": "TABASCO", "ubicacin": "TERRESTRE", "clasificac": "DESARROLLO", "estado_act": "CERRADO", "tipo_de_hi": "ACEITE", "fecha_inic": "06-MAR-1963", "fecha_fin_": "06-MAR-1963", "profundida": 3300.0, "profundi_1": 3300.0, "trayectori": "VERTICAL", "disponible": "DISPONIBLE" }, "geometry": { "type": "Point", "coordinates": [ -93.8767938, 18.14135894 ] } },
{ "type": "Feature", "properties": { "pozo": "SANCHEZ MAGALLANES-321", "campo": "MAGALLANES TUCAN PAJONAL", "entidad": "TABASCO", "ubicacin": "TERRESTRE", "clasificac": "DESARROLLO", "estado_act": "INACTIVO", "tipo_de_hi": "ACEITE", "fecha_inic": "05-ABR-1963", "fecha_fin_": "05-ABR-1963", "profundida": 3220.0, "profundi_1": 3220.0, "trayectori": "VERTICAL", "disponible": "DISPONIBLE" }, "geometry": { "type": "Point", "coordinates": [ -93.87770677, 18.1397891 ] } },
{ "type": "Feature", "properties": { "pozo": "SANCHEZ MAGALLANES-322", "campo": "MAGALLANES TUCAN PAJONAL", "entidad": "TABASCO", "ubicacin": "TERRESTRE", "clasificac": "DESARROLLO", "estado_act": "CERRADO", "tipo_de_hi": "ACEITE", "fecha_inic": "23-FEB-1963", "fecha_fin_": "23-FEB-1963", "profundida": 3268.2, "profundi_1": 3268.2, "trayectori": "VERTICAL", "disponible": "DISPONIBLE" }, "geometry": { "type": "Point", "coordinates": [ -93.87677119, 18.13826428 ] } },
{ "type": "Feature", "properties": { "pozo": "SANCHEZ MAGALLANES-323", "campo": "MAGALLANES TUCAN PAJONAL", "entidad": "TABASCO", "ubicacin": "TERRESTRE", "clasificac": "DESARROLLO", "estado_act": "CERRADO", "tipo_de_hi": "ACEITE", "fecha_inic": "08-MAR-1963", "fecha_fin_": "08-MAR-1963", "profundida": 2125.0, "profundi_1": 2125.0, "trayectori": "VERTICAL", "disponible": "DISPONIBLE" }, "geometry": { "type": "Point", "coordinates": [ -93.89202629, 18.14440305 ] } },
{ "type": "Feature", "properties": { "pozo": "SANCHEZ MAGALLANES-324", "campo": "MAGALLANES TUCAN PAJONAL", "entidad": "TABASCO", "ubicacin": "TERRESTRE", "clasificac": "DESARROLLO", "estado_act": "CERRADO", "tipo_de_hi": "ACEITE", "fecha_inic": "04-DIC-1962", "fecha_fin_": "04-DIC-1962", "profundida": 1886.0, "profundi_1": 1886.0, "trayectori": "VERTICAL", "disponible": "DISPONIBLE" }, "geometry": { "type": "Point", "coordinates": [ -93.88638153, 18.16636204 ] } },
{ "type": "Feature", "properties": { "pozo": "CINCO PRESIDENTES-17D", "campo": "CINCO PRESIDENTES", "entidad": "TABASCO", "ubicacin": "TERRESTRE", "clasificac": "DESARROLLO", "estado_act": "INACTIVO", "tipo_de_hi": "ACEITE", "fecha_inic": "28-JUN-1963", "fecha_fin_": "12-JUL-1963", "profundida": 2335.0, "profundi_1": 2335.0, "trayectori": "VERTICAL", "disponible": "DISPONIBLE" }, "geometry": { "type": "Point", "coordinates": [ -94.0149145, 18.20137015 ] } },
{ "type": "Feature", "properties": { "pozo": "CINCO PRESIDENTES-18C", "campo": "CINCO PRESIDENTES", "entidad": "TABASCO", "ubicacin": "TERRESTRE", "clasificac": "DESARROLLO", "estado_act": "INACTIVO", "tipo_de_hi": "ACEITE", "fecha_inic": "05-SEP-1964", "fecha_fin_": "22-SEP-1964", "profundida": 2135.0, "profundi_1": 0.0, "trayectori": "VERTICAL", "disponible": "DISPONIBLE" }, "geometry": { "type": "Point", "coordinates": [ -94.01167226, 18.19970903 ] } },
{ "type": "Feature", "properties": { "pozo": "CINCO PRESIDENTES-18T", "campo": "CINCO PRESIDENTES", "entidad": "TABASCO", "ubicacin": "TERRESTRE", "clasificac": "DESARROLLO", "estado_act": "INACTIVO", "tipo_de_hi": "ACEITE", "fecha_inic": "01-JUN-1964", "fecha_fin_": "13-JUN-1964", "profundida": 2075.0, "profundi_1": 0.0, "trayectori": "VERTICAL", "disponible": "DISPONIBLE" }, "geometry": { "type": "Point", "coordinates": [ -94.01164347, 18.19966942 ] } },
{ "type": "Feature", "properties": { "pozo": "CINCO PRESIDENTES-19D", "campo": "CINCO PRESIDENTES", "entidad": "TABASCO", "ubicacin": "TERRESTRE", "clasificac": "DESARROLLO", "estado_act": "INACTIVO", "tipo_de_hi": "ACEITE", "fecha_inic": "08-JUN-1964", "fecha_fin_": "01-JUL-1964", "profundida": 2830.0, "profundi_1": 0.0, "trayectori": "VERTICAL", "disponible": "DISPONIBLE" }, "geometry": { "type": "Point", "coordinates": [ -94.01788732, 18.20658068 ] } },
{ "type": "Feature", "properties": { "pozo": "CINCO PRESIDENTES-19T", "campo": "CINCO PRESIDENTES", "entidad": "TABASCO", "ubicacin": "TERRESTRE", "clasificac": "DESARROLLO", "estado_act": "INACTIVO", "tipo_de_hi": "ACEITE", "fecha_inic": "08-JUL-1964", "fecha_fin_": "24-JUL-1964", "profundida": 2500.0, "profundi_1": 0.0, "trayectori": "VERTICAL", "disponible": "DISPONIBLE" }, "geometry": { "type": "Point", "coordinates": [ -94.01776416, 18.2066708 ] } },
{ "type": "Feature", "properties": { "pozo": "CINCO PRESIDENTES-20T", "campo": "CINCO PRESIDENTES", "entidad": "TABASCO", "ubicacin": "TERRESTRE", "clasificac": "DESARROLLO", "estado_act": "INACTIVO", "tipo_de_hi": "ACEITE", "fecha_inic": "26-ABR-1964", "fecha_fin_": "15-MAY-1964", "profundida": 2245.0, "profundi_1": 0.0, "trayectori": "VERTICAL", "disponible": "DISPONIBLE" }, "geometry": { "type": "Point", "coordinates": [ -94.01478503, 18.20487822 ] } },
{ "type": "Feature", "properties": { "pozo": "CINCO PRESIDENTES-28C", "campo": "CINCO PRESIDENTES", "entidad": "TABASCO", "ubicacin": "TERRESTRE", "clasificac": "DESARROLLO", "estado_act": "INACTIVO", "tipo_de_hi": "ACEITE", "fecha_inic": "15-AGO-1964", "fecha_fin_": "31-AGO-1964", "profundida": 2100.0, "profundi_1": 2100.0, "trayectori": "VERTICAL", "disponible": "DISPONIBLE" }, "geometry": { "type": "Point", "coordinates": [ -94.00844443, 18.19765195 ] } },
{ "type": "Feature", "properties": { "pozo": "CINCO PRESIDENTES-28D", "campo": "CINCO PRESIDENTES", "entidad": "TABASCO", "ubicacin": "TERRESTRE", "clasificac": "DESARROLLO", "estado_act": "INACTIVO", "tipo_de_hi": "ACEITE", "fecha_inic": "04-ABR-1964", "fecha_fin_": "19-ABR-1964", "profundida": 2060.0, "profundi_1": 2060.0, "trayectori": "VERTICAL", "disponible": "DISPONIBLE" }, "geometry": { "type": "Point", "coordinates": [ -94.00837612, 18.19771105 ] } },
{ "type": "Feature", "properties": { "pozo": "CINCO PRESIDENTES-29C", "campo": "CINCO PRESIDENTES", "entidad": "TABASCO", "ubicacin": "TERRESTRE", "clasificac": "DESARROLLO", "estado_act": "INACTIVO", "tipo_de_hi": "ACEITE", "fecha_inic": "09-JUL-1964", "fecha_fin_": "31-JUL-1964", "profundida": 2277.2, "profundi_1": 0.0, "trayectori": "VERTICAL", "disponible": "DISPONIBLE" }, "geometry": { "type": "Point", "coordinates": [ -94.00833606, 18.2009873 ] } },
{ "type": "Feature", "properties": { "pozo": "CINCO PRESIDENTES-29T", "campo": "CINCO PRESIDENTES", "entidad": "TABASCO", "ubicacin": "TERRESTRE", "clasificac": "DESARROLLO", "estado_act": "INACTIVO", "tipo_de_hi": "ACEITE", "fecha_inic": "20-JUN-1964", "fecha_fin_": "02-JUL-1964", "profundida": 1985.0, "profundi_1": 1985.0, "trayectori": "VERTICAL", "disponible": "DISPONIBLE" }, "geometry": { "type": "Point", "coordinates": [ -94.00831382, 18.20101724 ] } },
{ "type": "Feature", "properties": { "pozo": "CINCO PRESIDENTES-147", "campo": "CINCO PRESIDENTES", "entidad": "TABASCO", "ubicacin": "TERRESTRE", "clasificac": "DESARROLLO", "estado_act": "INACTIVO", "tipo_de_hi": "ACEITE", "fecha_inic": "01-OCT-1964", "fecha_fin_": "17-OCT-1964", "profundida": 2511.0, "profundi_1": 0.0, "trayectori": "VERTICAL", "disponible": "DISPONIBLE" }, "geometry": { "type": "Point", "coordinates": [ -94.01289599, 18.20926046 ] } },
{ "type": "Feature", "properties": { "pozo": "SANCHEZ MAGALLANES-249", "campo": "MAGALLANES TUCAN PAJONAL", "entidad": "TABASCO", "ubicacin": "TERRESTRE", "clasificac": "DESARROLLO", "estado_act": "CERRADO", "tipo_de_hi": "ACEITE", "fecha_inic": "25-MAR-1963", "fecha_fin_": "25-MAR-1963", "profundida": 1850.0, "profundi_1": 1850.0, "trayectori": "VERTICAL", "disponible": "DISPONIBLE" }, "geometry": { "type": "Point", "coordinates": [ -93.88445445, 18.16323983 ] } },
{ "type": "Feature", "properties": { "pozo": "SANCHEZ MAGALLANES-298", "campo": "MAGALLANES TUCAN PAJONAL", "entidad": "TABASCO", "ubicacin": "TERRESTRE", "clasificac": "DESARROLLO", "estado_act": "CERRADO", "tipo_de_hi": "ACEITE", "fecha_inic": "27-MAY-1963", "fecha_fin_": "27-MAY-1963", "profundida": 2580.0, "profundi_1": 2580.0, "trayectori": "VERTICAL", "disponible": "DISPONIBLE" }, "geometry": { "type": "Point", "coordinates": [ -93.88326576, 18.13341995 ] } },
{ "type": "Feature", "properties": { "pozo": "SANCHEZ MAGALLANES-386", "campo": "MAGALLANES TUCAN PAJONAL", "entidad": "TABASCO", "ubicacin": "TERRESTRE", "clasificac": "DESARROLLO", "estado_act": "CERRADO", "tipo_de_hi": "ACEITE", "fecha_inic": "26-JUL-1963", "fecha_fin_": "26-JUL-1963", "profundida": 3409.0, "profundi_1": 3409.0, "trayectori": "VERTICAL", "disponible": "DISPONIBLE" }, "geometry": { "type": "Point", "coordinates": [ -93.8683965, 18.15887363 ] } },
{ "type": "Feature", "properties": { "pozo": "SANCHEZ MAGALLANES-458", "campo": "MAGALLANES TUCAN PAJONAL", "entidad": "TABASCO", "ubicacin": "TERRESTRE", "clasificac": "DESARROLLO", "estado_act": "INACTIVO", "tipo_de_hi": "ACEITE", "fecha_inic": "08-SEP-1968", "fecha_fin_": "07-OCT-1968", "profundida": 2832.0, "profundi_1": 0.0, "trayectori": "VERTICAL", "disponible": "DISPONIBLE" }, "geometry": { "type": "Point", "coordinates": [ -93.89832215, 18.1115316 ] } },
{ "type": "Feature", "properties": { "pozo": "SANCHEZ MAGALLANES-73T", "campo": "MAGALLANES TUCAN PAJONAL", "entidad": "TABASCO", "ubicacin": "TERRESTRE", "clasificac": "DESARROLLO", "estado_act": "CERRADO", "tipo_de_hi": "ACEITE", "fecha_inic": "20-MAR-1980", "fecha_fin_": "08-ABR-1980", "profundida": 1560.0, "profundi_1": 1560.0, "trayectori": "VERTICAL", "disponible": "DISPONIBLE" }, "geometry": { "type": "Point", "coordinates": [ -93.90143935, 18.15993461 ] } },
{ "type": "Feature", "properties": { "pozo": "CINCO PRESIDENTES-32", "campo": "CINCO PRESIDENTES", "entidad": "TABASCO", "ubicacin": "TERRESTRE", "clasificac": "DESARROLLO", "estado_act": "INACTIVO", "tipo_de_hi": "ACEITE", "fecha_inic": "18-AGO-1965", "fecha_fin_": "03-SEP-1965", "profundida": 2367.0, "profundi_1": 0.0, "trayectori": "VERTICAL", "disponible": "DISPONIBLE" }, "geometry": { "type": "Point", "coordinates": [ -94.00212354, 18.18992738 ] } },
{ "type": "Feature", "properties": { "pozo": "CINCO PRESIDENTES-33", "campo": "CINCO PRESIDENTES", "entidad": "TABASCO", "ubicacin": "TERRESTRE", "clasificac": "DESARROLLO", "estado_act": "INACTIVO", "tipo_de_hi": "ACEITE", "fecha_inic": "03-OCT-1962", "fecha_fin_": null, "profundida": 2371.14, "profundi_1": 2371.0, "trayectori": "VERTICAL", "disponible": "DISPONIBLE" }, "geometry": { "type": "Point", "coordinates": [ -94.02544779, 18.18556845 ] } },
{ "type": "Feature", "properties": { "pozo": "CINCO PRESIDENTES-36", "campo": "CINCO PRESIDENTES", "entidad": "TABASCO", "ubicacin": "TERRESTRE", "clasificac": "DESARROLLO", "estado_act": "INACTIVO", "tipo_de_hi": "ACEITE", "fecha_inic": "13-JUL-1963", "fecha_fin_": "16-AGO-1963", "profundida": 2350.0, "profundi_1": 0.0, "trayectori": "VERTICAL", "disponible": "DISPONIBLE" }, "geometry": { "type": "Point", "coordinates": [ -94.00162805, 18.20432106 ] } },
{ "type": "Feature", "properties": { "pozo": "CINCO PRESIDENTES-37", "campo": "CINCO PRESIDENTES", "entidad": "TABASCO", "ubicacin": "TERRESTRE", "clasificac": "DESARROLLO", "estado_act": "INACTIVO", "tipo_de_hi": "ACEITE", "fecha_inic": "05-MAY-1964", "fecha_fin_": "23-MAY-1964", "profundida": 2445.0, "profundi_1": 0.0, "trayectori": "VERTICAL", "disponible": "DISPONIBLE" }, "geometry": { "type": "Point", "coordinates": [ -94.00516158, 18.19889825 ] } },
{ "type": "Feature", "properties": { "pozo": "CINCO PRESIDENTES-38", "campo": "CINCO PRESIDENTES", "entidad": "TABASCO", "ubicacin": "TERRESTRE", "clasificac": "DESARROLLO", "estado_act": "INACTIVO", "tipo_de_hi": "ACEITE", "fecha_inic": "28-ENE-1963", "fecha_fin_": "08-FEB-1963", "profundida": 2634.5, "profundi_1": 0.0, "trayectori": "VERTICAL", "disponible": "DISPONIBLE" }, "geometry": { "type": "Point", "coordinates": [ -94.00182048, 18.20078193 ] } },
{ "type": "Feature", "properties": { "pozo": "CINCO PRESIDENTES-39", "campo": "CINCO PRESIDENTES", "entidad": "TABASCO", "ubicacin": "TERRESTRE", "clasificac": "DESARROLLO", "estado_act": "INACTIVO", "tipo_de_hi": "ACEITE", "fecha_inic": "28-FEB-1963", "fecha_fin_": "14-MAR-1963", "profundida": 2555.0, "profundi_1": 2554.7, "trayectori": "VERTICAL", "disponible": "DISPONIBLE" }, "geometry": { "type": "Point", "coordinates": [ -93.99844608, 18.20249131 ] } },
{ "type": "Feature", "properties": { "pozo": "CINCO PRESIDENTES-27", "campo": "CINCO PRESIDENTES", "entidad": "TABASCO", "ubicacin": "TERRESTRE", "clasificac": "DESARROLLO", "estado_act": "INACTIVO", "tipo_de_hi": "ACEITE", "fecha_inic": "23-OCT-1962", "fecha_fin_": "24-NOV-1962", "profundida": 2267.9, "profundi_1": 0.0, "trayectori": "VERTICAL", "disponible": "DISPONIBLE" }, "geometry": { "type": "Point", "coordinates": [ -94.01512697, 18.19397106 ] } },
{ "type": "Feature", "properties": { "pozo": "CINCO PRESIDENTES-28", "campo": "CINCO PRESIDENTES", "entidad": "TABASCO", "ubicacin": "TERRESTRE", "clasificac": "DESARROLLO", "estado_act": "INACTIVO", "tipo_de_hi": "ACEITE", "fecha_inic": "05-MAR-1964", "fecha_fin_": "31-MAR-1964", "profundida": 2275.0, "profundi_1": 0.0, "trayectori": "VERTICAL", "disponible": "DISPONIBLE" }, "geometry": { "type": "Point", "coordinates": [ -94.00850423, 18.19729737 ] } },
{ "type": "Feature", "properties": { "pozo": "CINCO PRESIDENTES-30", "campo": "CINCO PRESIDENTES", "entidad": "TABASCO", "ubicacin": "TERRESTRE", "clasificac": "DESARROLLO", "estado_act": "INACTIVO", "tipo_de_hi": "ACEITE", "fecha_inic": "06-MAY-1964", "fecha_fin_": "01-JUN-1964", "profundida": 2564.8, "profundi_1": 0.0, "trayectori": "VERTICAL", "disponible": "DISPONIBLE" }, "geometry": { "type": "Point", "coordinates": [ -94.00836735, 18.20455236 ] } },
{ "type": "Feature", "properties": { "pozo": "CINCO PRESIDENTES-17", "campo": "CINCO PRESIDENTES", "entidad": "TABASCO", "ubicacin": "TERRESTRE", "clasificac": "DESARROLLO", "estado_act": "INACTIVO", "tipo_de_hi": "ACEITE", "fecha_inic": "30-MAY-1963", "fecha_fin_": "22-JUN-1963", "profundida": 2458.0, "profundi_1": 2458.0, "trayectori": "VERTICAL", "disponible": "DISPONIBLE" }, "geometry": { "type": "Point", "coordinates": [ -94.01486042, 18.20117432 ] } },
{ "type": "Feature", "properties": { "pozo": "SANCHEZ MAGALLANES-118D", "campo": "MAGALLANES TUCAN PAJONAL", "entidad": "TABASCO", "ubicacin": "TERRESTRE", "clasificac": "DESARROLLO", "estado_act": "CERRADO", "tipo_de_hi": "ACEITE", "fecha_inic": "11-JUL-1980", "fecha_fin_": "11-JUL-1980", "profundida": 1630.0, "profundi_1": 1630.0, "trayectori": "VERTICAL", "disponible": "DISPONIBLE" }, "geometry": { "type": "Point", "coordinates": [ -93.89770935, 18.16628354 ] } },
{ "type": "Feature", "properties": { "pozo": "CINCO PRESIDENTES-232", "campo": "CINCO PRESIDENTES", "entidad": "TABASCO", "ubicacin": "TERRESTRE", "clasificac": "DESARROLLO", "estado_act": "INACTIVO", "tipo_de_hi": "ACEITE", "fecha_inic": "12-OCT-1979", "fecha_fin_": "17-NOV-1979", "profundida": 3000.0, "profundi_1": 0.0, "trayectori": "VERTICAL", "disponible": "DISPONIBLE" }, "geometry": { "type": "Point", "coordinates": [ -94.00636605, 18.20904268 ] } },
{ "type": "Feature", "properties": { "pozo": "SANCHEZ MAGALLANES-54", "campo": "MAGALLANES TUCAN PAJONAL", "entidad": "TABASCO", "ubicacin": "TERRESTRE", "clasificac": "DESARROLLO", "estado_act": "CERRADO", "tipo_de_hi": "ACEITE", "fecha_inic": "10-ABR-1961", "fecha_fin_": "10-ABR-1961", "profundida": 1687.8, "profundi_1": 1687.8, "trayectori": "VERTICAL", "disponible": "DISPONIBLE" }, "geometry": { "type": "Point", "coordinates": [ -93.89390507, 18.15691705 ] } },
{ "type": "Feature", "properties": { "pozo": "SANCHEZ MAGALLANES-63", "campo": "MAGALLANES TUCAN PAJONAL", "entidad": "TABASCO", "ubicacin": "TERRESTRE", "clasificac": "DESARROLLO", "estado_act": "CERRADO", "tipo_de_hi": "ACEITE", "fecha_inic": "21-AGO-1960", "fecha_fin_": "01-SEP-1960", "profundida": 1490.0, "profundi_1": 1490.0, "trayectori": "VERTICAL", "disponible": "DISPONIBLE" }, "geometry": { "type": "Point", "coordinates": [ -93.8984893, 18.15849625 ] } },
{ "type": "Feature", "properties": { "pozo": "SANCHEZ MAGALLANES-118", "campo": "MAGALLANES TUCAN PAJONAL", "entidad": "TABASCO", "ubicacin": "TERRESTRE", "clasificac": "DESARROLLO", "estado_act": "CERRADO", "tipo_de_hi": "ACEITE", "fecha_inic": "18-JUL-1961", "fecha_fin_": "18-JUL-1961", "profundida": 1525.0, "profundi_1": 1525.0, "trayectori": "VERTICAL", "disponible": "DISPONIBLE" }, "geometry": { "type": "Point", "coordinates": [ -93.89781877, 18.1663274 ] } },
{ "type": "Feature", "properties": { "pozo": "SANCHEZ MAGALLANES-130", "campo": "MAGALLANES TUCAN PAJONAL", "entidad": "TABASCO", "ubicacin": "TERRESTRE", "clasificac": "DESARROLLO", "estado_act": "CERRADO", "tipo_de_hi": "ACEITE", "fecha_inic": "01-AGO-1961", "fecha_fin_": "01-AGO-1961", "profundida": 2906.9, "profundi_1": 2906.9, "trayectori": "VERTICAL", "disponible": "DISPONIBLE" }, "geometry": { "type": "Point", "coordinates": [ -93.8806917, 18.16012059 ] } },
{ "type": "Feature", "properties": { "pozo": "SANCHEZ MAGALLANES-136", "campo": "MAGALLANES TUCAN PAJONAL", "entidad": "TABASCO", "ubicacin": "TERRESTRE", "clasificac": "DESARROLLO", "estado_act": "CERRADO", "tipo_de_hi": "ACEITE", "fecha_inic": "22-DIC-1960", "fecha_fin_": "22-DIC-1960", "profundida": 2750.0, "profundi_1": 2750.0, "trayectori": "VERTICAL", "disponible": "DISPONIBLE" }, "geometry": { "type": "Point", "coordinates": [ -93.88349563, 18.15543698 ] } },
{ "type": "Feature", "properties": { "pozo": "SANCHEZ MAGALLANES-142", "campo": "MAGALLANES TUCAN PAJONAL", "entidad": "TABASCO", "ubicacin": "TERRESTRE", "clasificac": "DESARROLLO", "estado_act": "CERRADO", "tipo_de_hi": "ACEITE", "fecha_inic": "24-MAR-1962", "fecha_fin_": "24-MAR-1962", "profundida": 3053.1, "profundi_1": 3053.1, "trayectori": "VERTICAL", "disponible": "DISPONIBLE" }, "geometry": { "type": "Point", "coordinates": [ -93.88160077, 18.14916459 ] } },
{ "type": "Feature", "properties": { "pozo": "SANCHEZ MAGALLANES-152", "campo": "MAGALLANES TUCAN PAJONAL", "entidad": "TABASCO", "ubicacin": "TERRESTRE", "clasificac": "DESARROLLO", "estado_act": "CERRADO", "tipo_de_hi": null, "fecha_inic": "31-AGO-1961", "fecha_fin_": "31-AGO-1961", "profundida": 1650.0, "profundi_1": 1650.0, "trayectori": "VERTICAL", "disponible": "DISPONIBLE" }, "geometry": { "type": "Point", "coordinates": [ -93.9053055, 18.16628352 ] } },
{ "type": "Feature", "properties": { "pozo": "SANCHEZ MAGALLANES-158", "campo": "MAGALLANES TUCAN PAJONAL", "entidad": "TABASCO", "ubicacin": "TERRESTRE", "clasificac": "DESARROLLO", "estado_act": "INACTIVO", "tipo_de_hi": "ACEITE", "fecha_inic": "17-SEP-1961", "fecha_fin_": "17-SEP-1961", "profundida": 2868.0, "profundi_1": 2868.0, "trayectori": "VERTICAL", "disponible": "DISPONIBLE" }, "geometry": { "type": "Point", "coordinates": [ -93.8844225, 18.15074751 ] } },
{ "type": "Feature", "properties": { "pozo": "SANCHEZ MAGALLANES-163D", "campo": "MAGALLANES TUCAN PAJONAL", "entidad": "TABASCO", "ubicacin": "TERRESTRE", "clasificac": "DESARROLLO", "estado_act": "INACTIVO", "tipo_de_hi": "ACEITE", "fecha_inic": "25-FEB-1962", "fecha_fin_": "25-FEB-1962", "profundida": 2710.0, "profundi_1": 2710.0, "trayectori": "VERTICAL", "disponible": "DISPONIBLE" }, "geometry": { "type": "Point", "coordinates": [ -93.87974898, 18.15230597 ] } },
{ "type": "Feature", "properties": { "pozo": "SANCHEZ MAGALLANES-171", "campo": "MAGALLANES TUCAN PAJONAL", "entidad": "TABASCO", "ubicacin": "TERRESTRE", "clasificac": "DESARROLLO", "estado_act": "CERRADO", "tipo_de_hi": "ACEITE", "fecha_inic": "17-ABR-1962", "fecha_fin_": "17-ABR-1962", "profundida": 2200.0, "profundi_1": 2200.0, "trayectori": "VERTICAL", "disponible": "DISPONIBLE" }, "geometry": { "type": "Point", "coordinates": [ -93.89013754, 18.14753448 ] } },
{ "type": "Feature", "properties": { "pozo": "SANCHEZ MAGALLANES-174", "campo": "MAGALLANES TUCAN PAJONAL", "entidad": "TABASCO", "ubicacin": "TERRESTRE", "clasificac": "DESARROLLO", "estado_act": "CERRADO", "tipo_de_hi": "ACEITE", "fecha_inic": "27-ENE-1962", "fecha_fin_": "27-ENE-1962", "profundida": 2700.0, "profundi_1": 2700.0, "trayectori": "VERTICAL", "disponible": "DISPONIBLE" }, "geometry": { "type": "Point", "coordinates": [ -93.88443047, 18.14757526 ] } },
{ "type": "Feature", "properties": { "pozo": "SANCHEZ MAGALLANES-185D", "campo": "MAGALLANES TUCAN PAJONAL", "entidad": "TABASCO", "ubicacin": "TERRESTRE", "clasificac": "DESARROLLO", "estado_act": "CERRADO", "tipo_de_hi": "ACEITE", "fecha_inic": "25-FEB-1962", "fecha_fin_": "12-MAR-1962", "profundida": 2505.0, "profundi_1": 2505.0, "trayectori": "VERTICAL", "disponible": "DISPONIBLE" }, "geometry": { "type": "Point", "coordinates": [ -93.88451597, 18.14442615 ] } },
{ "type": "Feature", "properties": { "pozo": "SANCHEZ MAGALLANES-192", "campo": "MAGALLANES TUCAN PAJONAL", "entidad": "TABASCO", "ubicacin": "TERRESTRE", "clasificac": "DESARROLLO", "estado_act": "INACTIVO", "tipo_de_hi": "ACEITE", "fecha_inic": "19-ENE-1961", "fecha_fin_": "19-ENE-1961", "profundida": 1825.0, "profundi_1": 1825.0, "trayectori": "VERTICAL", "disponible": "DISPONIBLE" }, "geometry": { "type": "Point", "coordinates": [ -93.89393158, 18.16006482 ] } },
{ "type": "Feature", "properties": { "pozo": "CINCO PRESIDENTES-143", "campo": "CINCO PRESIDENTES", "entidad": "TABASCO", "ubicacin": "TERRESTRE", "clasificac": "DESARROLLO", "estado_act": "INACTIVO", "tipo_de_hi": "ACEITE", "fecha_inic": "24-DIC-1967", "fecha_fin_": "18-FEB-1968", "profundida": 3312.0, "profundi_1": 0.0, "trayectori": "VERTICAL", "disponible": "DISPONIBLE" }, "geometry": { "type": "Point", "coordinates": [ -94.01117652, 18.22124307 ] } },
{ "type": "Feature", "properties": { "pozo": "CINCO PRESIDENTES-216", "campo": "CINCO PRESIDENTES", "entidad": "TABASCO", "ubicacin": "TERRESTRE", "clasificac": "DESARROLLO", "estado_act": "INACTIVO", "tipo_de_hi": "ACEITE", "fecha_inic": "18-ENE-1969", "fecha_fin_": "11-MAR-1969", "profundida": 3801.0, "profundi_1": 0.0, "trayectori": "VERTICAL", "disponible": "DISPONIBLE" }, "geometry": { "type": "Point", "coordinates": [ -94.02374513, 18.22509766 ] } },
{ "type": "Feature", "properties": { "pozo": "CINCO PRESIDENTES-19", "campo": "CINCO PRESIDENTES", "entidad": "TABASCO", "ubicacin": "TERRESTRE", "clasificac": "DESARROLLO", "estado_act": "INACTIVO", "tipo_de_hi": "ACEITE", "fecha_inic": "06-AGO-1961", "fecha_fin_": "11-SEP-1961", "profundida": 2919.4, "profundi_1": 0.0, "trayectori": "VERTICAL", "disponible": "DISPONIBLE" }, "geometry": { "type": "Point", "coordinates": [ -94.01790697, 18.20667547 ] } },
{ "type": "Feature", "properties": { "pozo": "CINCO PRESIDENTES-26", "campo": "CINCO PRESIDENTES", "entidad": "TABASCO", "ubicacin": "TERRESTRE", "clasificac": "DESARROLLO", "estado_act": "TAPONAMIENTO PERMANENTE", "tipo_de_hi": "ACEITE", "fecha_inic": "09-AGO-1962", "fecha_fin_": null, "profundida": 2400.0, "profundi_1": 0.0, "trayectori": "VERTICAL", "disponible": "DISPONIBLE" }, "geometry": { "type": "Point", "coordinates": [ -94.01845724, 18.19227339 ] } },
{ "type": "Feature", "properties": { "pozo": "CINCO PRESIDENTES-115", "campo": "CINCO PRESIDENTES", "entidad": "TABASCO", "ubicacin": "TERRESTRE", "clasificac": "DESARROLLO", "estado_act": "INACTIVO", "tipo_de_hi": "ACEITE", "fecha_inic": "19-ENE-1982", "fecha_fin_": "17-FEB-1982", "profundida": 2041.0, "profundi_1": 0.0, "trayectori": "VERTICAL", "disponible": "DISPONIBLE" }, "geometry": { "type": "Point", "coordinates": [ -94.00523897, 18.18819942 ] } },
{ "type": "Feature", "properties": { "pozo": "CINCO PRESIDENTES-116", "campo": "CINCO PRESIDENTES", "entidad": "TABASCO", "ubicacin": "TERRESTRE", "clasificac": "DESARROLLO", "estado_act": "INACTIVO", "tipo_de_hi": "ACEITE", "fecha_inic": "19-DIC-1964", "fecha_fin_": "05-ENE-1965", "profundida": 2413.6, "profundi_1": 0.0, "trayectori": "VERTICAL", "disponible": "DISPONIBLE" }, "geometry": { "type": "Point", "coordinates": [ -93.99918814, 18.18079053 ] } },
{ "type": "Feature", "properties": { "pozo": "CINCO PRESIDENTES-12", "campo": "CINCO PRESIDENTES", "entidad": "TABASCO", "ubicacin": "TERRESTRE", "clasificac": "DESARROLLO", "estado_act": "PRODUCTOR", "tipo_de_hi": "ACEITE", "fecha_inic": "18-OCT-1961", "fecha_fin_": "20-NOV-1961", "profundida": 2600.0, "profundi_1": 0.0, "trayectori": "VERTICAL", "disponible": "DISPONIBLE" }, "geometry": { "type": "Point", "coordinates": [ -94.02150016, 18.19777812 ] } },
{ "type": "Feature", "properties": { "pozo": "CINCO PRESIDENTES-13", "campo": "CINCO PRESIDENTES", "entidad": "TABASCO", "ubicacin": "TERRESTRE", "clasificac": "DESARROLLO", "estado_act": "INACTIVO", "tipo_de_hi": "ACEITE", "fecha_inic": "26-DIC-1962", "fecha_fin_": "08-ENE-1963", "profundida": 2400.0, "profundi_1": 0.0, "trayectori": "VERTICAL", "disponible": "DISPONIBLE" }, "geometry": { "type": "Point", "coordinates": [ -94.01832644, 18.19588359 ] } },
{ "type": "Feature", "properties": { "pozo": "CINCO PRESIDENTES-15", "campo": "CINCO PRESIDENTES", "entidad": "TABASCO", "ubicacin": "TERRESTRE", "clasificac": "DESARROLLO", "estado_act": "CERRADO", "tipo_de_hi": null, "fecha_inic": "15-SEP-1963", "fecha_fin_": "28-SEP-1963", "profundida": 2052.0, "profundi_1": 0.0, "trayectori": "VERTICAL", "disponible": "NO DISPONIBLE. SIN DOCUMENTOS" }, "geometry": { "type": "Point", "coordinates": [ -94.01160266, 18.19566158 ] } },
{ "type": "Feature", "properties": { "pozo": "CINCO PRESIDENTES-10", "campo": "CINCO PRESIDENTES", "entidad": "TABASCO", "ubicacin": "TERRESTRE", "clasificac": "DESARROLLO", "estado_act": "CERRADO", "tipo_de_hi": "ACEITE", "fecha_inic": "17-NOV-1965", "fecha_fin_": "05-DIC-1965", "profundida": 2665.0, "profundi_1": 0.0, "trayectori": "VERTICAL", "disponible": "DISPONIBLE" }, "geometry": { "type": "Point", "coordinates": [ -94.02487576, 18.19608732 ] } },
{ "type": "Feature", "properties": { "pozo": "CINCO PRESIDENTES-108", "campo": "CINCO PRESIDENTES", "entidad": "TABASCO", "ubicacin": "TERRESTRE", "clasificac": "DESARROLLO", "estado_act": "INACTIVO", "tipo_de_hi": "ACEITE", "fecha_inic": "22-JUN-1963", "fecha_fin_": "08-JUL-1963", "profundida": 2400.0, "profundi_1": 0.0, "trayectori": "VERTICAL", "disponible": "DISPONIBLE" }, "geometry": { "type": "Point", "coordinates": [ -93.99932169, 18.1771794 ] } },
{ "type": "Feature", "properties": { "pozo": "CINCO PRESIDENTES-109", "campo": "CINCO PRESIDENTES", "entidad": "TABASCO", "ubicacin": "TERRESTRE", "clasificac": "DESARROLLO", "estado_act": "INACTIVO", "tipo_de_hi": "ACEITE", "fecha_inic": "15-NOV-1981", "fecha_fin_": "09-DIC-1981", "profundida": 2012.0, "profundi_1": 0.0, "trayectori": "VERTICAL", "disponible": "DISPONIBLE" }, "geometry": { "type": "Point", "coordinates": [ -94.01190753, 18.18861717 ] } },
{ "type": "Feature", "properties": { "pozo": "CINCO PRESIDENTES-112", "campo": "CINCO PRESIDENTES", "entidad": "TABASCO", "ubicacin": "TERRESTRE", "clasificac": "DESARROLLO", "estado_act": "INACTIVO", "tipo_de_hi": "ACEITE", "fecha_inic": "14-MAR-1965", "fecha_fin_": "04-ABR-1965", "profundida": 2605.0, "profundi_1": 0.0, "trayectori": "VERTICAL", "disponible": "DISPONIBLE" }, "geometry": { "type": "Point", "coordinates": [ -93.99893507, 18.18802265 ] } },
{ "type": "Feature", "properties": { "pozo": "SANCHEZ MAGALLANES-412", "campo": "MAGALLANES TUCAN PAJONAL", "entidad": "TABASCO", "ubicacin": "TERRESTRE", "clasificac": "DESARROLLO", "estado_act": "CERRADO", "tipo_de_hi": "ACEITE", "fecha_inic": "07-OCT-1963", "fecha_fin_": "07-OCT-1963", "profundida": 3618.4, "profundi_1": 3618.4, "trayectori": "VERTICAL", "disponible": "DISPONIBLE" }, "geometry": { "type": "Point", "coordinates": [ -93.87209489, 18.14293017 ] } },
{ "type": "Feature", "properties": { "pozo": "SANCHEZ MAGALLANES-415", "campo": "MAGALLANES TUCAN PAJONAL", "entidad": "TABASCO", "ubicacin": "TERRESTRE", "clasificac": "DESARROLLO", "estado_act": "CERRADO", "tipo_de_hi": "ACEITE", "fecha_inic": "21-MAR-1964", "fecha_fin_": "21-MAR-1964", "profundida": 3400.0, "profundi_1": 3400.0, "trayectori": "VERTICAL", "disponible": "DISPONIBLE" }, "geometry": { "type": "Point", "coordinates": [ -93.87391254, 18.13661642 ] } },
{ "type": "Feature", "properties": { "pozo": "SANCHEZ MAGALLANES-417", "campo": "MAGALLANES TUCAN PAJONAL", "entidad": "TABASCO", "ubicacin": "TERRESTRE", "clasificac": "DESARROLLO", "estado_act": "CERRADO", "tipo_de_hi": "ACEITE", "fecha_inic": "12-MAR-1964", "fecha_fin_": "12-MAR-1964", "profundida": 3375.0, "profundi_1": 3375.0, "trayectori": "VERTICAL", "disponible": "DISPONIBLE" }, "geometry": { "type": "Point", "coordinates": [ -93.87495342, 18.13506751 ] } },
{ "type": "Feature", "properties": { "pozo": "SANCHEZ MAGALLANES-420", "campo": "MAGALLANES TUCAN PAJONAL", "entidad": "TABASCO", "ubicacin": "TERRESTRE", "clasificac": "DESARROLLO", "estado_act": "CERRADO", "tipo_de_hi": null, "fecha_inic": "25-FEB-1964", "fecha_fin_": "08-MAR-1964", "profundida": 2200.0, "profundi_1": 2200.0, "trayectori": "VERTICAL", "disponible": "DISPONIBLE" }, "geometry": { "type": "Point", "coordinates": [ -93.89378057, 18.1318766 ] } },
{ "type": "Feature", "properties": { "pozo": "SANCHEZ MAGALLANES-421", "campo": "MAGALLANES TUCAN PAJONAL", "entidad": "TABASCO", "ubicacin": "TERRESTRE", "clasificac": "DESARROLLO", "estado_act": "CERRADO", "tipo_de_hi": "ACEITE", "fecha_inic": "25-OCT-1963", "fecha_fin_": "25-OCT-1963", "profundida": 2154.0, "profundi_1": 2154.0, "trayectori": "VERTICAL", "disponible": "DISPONIBLE" }, "geometry": { "type": "Point", "coordinates": [ -93.89284226, 18.13031626 ] } },
{ "type": "Feature", "properties": { "pozo": "SANCHEZ MAGALLANES-422", "campo": "MAGALLANES TUCAN PAJONAL", "entidad": "TABASCO", "ubicacin": "TERRESTRE", "clasificac": "DESARROLLO", "estado_act": "CERRADO", "tipo_de_hi": null, "fecha_inic": "01-ABR-1964", "fecha_fin_": "01-ABR-1964", "profundida": 3300.0, "profundi_1": 3300.0, "trayectori": "VERTICAL", "disponible": "DISPONIBLE" }, "geometry": { "type": "Point", "coordinates": [ -93.87308086, 18.14135368 ] } },
{ "type": "Feature", "properties": { "pozo": "SANCHEZ MAGALLANES-424", "campo": "MAGALLANES TUCAN PAJONAL", "entidad": "TABASCO", "ubicacin": "TERRESTRE", "clasificac": "DESARROLLO", "estado_act": "CERRADO", "tipo_de_hi": "ACEITE", "fecha_inic": "14-MAR-1964", "fecha_fin_": "14-MAR-1964", "profundida": 2379.9, "profundi_1": 2379.9, "trayectori": "VERTICAL", "disponible": "DISPONIBLE" }, "geometry": { "type": "Point", "coordinates": [ -93.88993155, 18.12566576 ] } },
{ "type": "Feature", "properties": { "pozo": "SANCHEZ MAGALLANES-426", "campo": "MAGALLANES TUCAN PAJONAL", "entidad": "TABASCO", "ubicacin": "TERRESTRE", "clasificac": "DESARROLLO", "estado_act": "CERRADO", "tipo_de_hi": null, "fecha_inic": "20-ABR-1964", "fecha_fin_": "20-ABR-1964", "profundida": 2250.0, "profundi_1": 2250.0, "trayectori": "VERTICAL", "disponible": "DISPONIBLE" }, "geometry": { "type": "Point", "coordinates": [ -93.89087513, 18.12717593 ] } },
{ "type": "Feature", "properties": { "pozo": "SANCHEZ MAGALLANES-427", "campo": "MAGALLANES TUCAN PAJONAL", "entidad": "TABASCO", "ubicacin": "TERRESTRE", "clasificac": "DESARROLLO", "estado_act": "CERRADO", "tipo_de_hi": null, "fecha_inic": "14-ABR-1964", "fecha_fin_": "14-ABR-1964", "profundida": 2225.0, "profundi_1": 2225.0, "trayectori": "VERTICAL", "disponible": "DISPONIBLE" }, "geometry": { "type": "Point", "coordinates": [ -93.89270983, 18.12722202 ] } },
{ "type": "Feature", "properties": { "pozo": "SANCHEZ MAGALLANES-433", "campo": "MAGALLANES TUCAN PAJONAL", "entidad": "TABASCO", "ubicacin": "TERRESTRE", "clasificac": "DESARROLLO", "estado_act": "CERRADO", "tipo_de_hi": null, "fecha_inic": "08-ABR-1964", "fecha_fin_": "08-ABR-1964", "profundida": 3267.0, "profundi_1": 3267.0, "trayectori": "VERTICAL", "disponible": "DISPONIBLE" }, "geometry": { "type": "Point", "coordinates": [ -93.86367316, 18.15383154 ] } },
{ "type": "Feature", "properties": { "pozo": "SANCHEZ MAGALLANES-107", "campo": "MAGALLANES TUCAN PAJONAL", "entidad": "TABASCO", "ubicacin": "TERRESTRE", "clasificac": "DESARROLLO", "estado_act": "CERRADO", "tipo_de_hi": "ACEITE", "fecha_inic": "11-JUL-1960", "fecha_fin_": "11-JUL-1960", "profundida": 2393.3, "profundi_1": 2393.3, "trayectori": "VERTICAL", "disponible": "DISPONIBLE" }, "geometry": { "type": "Point", "coordinates": [ -93.89107686, 18.16481298 ] } },
{ "type": "Feature", "properties": { "pozo": "SANCHEZ MAGALLANES-465", "campo": "MAGALLANES TUCAN PAJONAL", "entidad": "TABASCO", "ubicacin": "TERRESTRE", "clasificac": "DESARROLLO", "estado_act": "INACTIVO", "tipo_de_hi": "ACEITE", "fecha_inic": "22-ENE-1969", "fecha_fin_": "22-ENE-1969", "profundida": 3440.0, "profundi_1": 3440.0, "trayectori": "VERTICAL", "disponible": "DISPONIBLE" }, "geometry": { "type": "Point", "coordinates": [ -93.87572467, 18.11787071 ] } },
{ "type": "Feature", "properties": { "pozo": "SANCHEZ MAGALLANES-256", "campo": "MAGALLANES TUCAN PAJONAL", "entidad": "TABASCO", "ubicacin": "TERRESTRE", "clasificac": "DESARROLLO", "estado_act": "CERRADO", "tipo_de_hi": "ACEITE", "fecha_inic": "06-FEB-1963", "fecha_fin_": "06-FEB-1963", "profundida": 2575.1, "profundi_1": 2575.1, "trayectori": "VERTICAL", "disponible": "DISPONIBLE" }, "geometry": { "type": "Point", "coordinates": [ -93.88627888, 18.14444885 ] } },
{ "type": "Feature", "properties": { "pozo": "SANCHEZ MAGALLANES-265", "campo": "MAGALLANES TUCAN PAJONAL", "entidad": "TABASCO", "ubicacin": "TERRESTRE", "clasificac": "DESARROLLO", "estado_act": "CERRADO", "tipo_de_hi": "ACEITE", "fecha_inic": "04-ABR-1962", "fecha_fin_": "04-ABR-1962", "profundida": 3300.3, "profundi_1": 3300.3, "trayectori": "VERTICAL", "disponible": "DISPONIBLE" }, "geometry": { "type": "Point", "coordinates": [ -93.87775807, 18.1460545 ] } },
{ "type": "Feature", "properties": { "pozo": "SANCHEZ MAGALLANES-271", "campo": "MAGALLANES TUCAN PAJONAL", "entidad": "TABASCO", "ubicacin": "TERRESTRE", "clasificac": "DESARROLLO", "estado_act": "CERRADO", "tipo_de_hi": "ACEITE", "fecha_inic": "09-MAY-1962", "fecha_fin_": "09-MAY-1962", "profundida": 2125.0, "profundi_1": 2125.0, "trayectori": "VERTICAL", "disponible": "DISPONIBLE" }, "geometry": { "type": "Point", "coordinates": [ -93.8882051, 18.1538196 ] } },
{ "type": "Feature", "properties": { "pozo": "SANCHEZ MAGALLANES-279", "campo": "MAGALLANES TUCAN PAJONAL", "entidad": "TABASCO", "ubicacin": "TERRESTRE", "clasificac": "DESARROLLO", "estado_act": "INACTIVO", "tipo_de_hi": "ACEITE", "fecha_inic": "28-ABR-1963", "fecha_fin_": "28-ABR-1963", "profundida": 2770.0, "profundi_1": 2770.0, "trayectori": "VERTICAL", "disponible": "DISPONIBLE" }, "geometry": { "type": "Point", "coordinates": [ -93.87597305, 18.1553933 ] } },
{ "type": "Feature", "properties": { "pozo": "CINCO PRESIDENTES-30D", "campo": "CINCO PRESIDENTES", "entidad": "TABASCO", "ubicacin": "TERRESTRE", "clasificac": "DESARROLLO", "estado_act": "INACTIVO", "tipo_de_hi": "ACEITE", "fecha_inic": "11-JUN-1964", "fecha_fin_": "29-JUN-1964", "profundida": 2320.0, "profundi_1": 2320.0, "trayectori": "VERTICAL", "disponible": "DISPONIBLE" }, "geometry": { "type": "Point", "coordinates": [ -94.00809505, 18.2047237 ] } },
{ "type": "Feature", "properties": { "pozo": "CINCO PRESIDENTES-30T", "campo": "CINCO PRESIDENTES", "entidad": "TABASCO", "ubicacin": "TERRESTRE", "clasificac": "DESARROLLO", "estado_act": "INACTIVO", "tipo_de_hi": "ACEITE", "fecha_inic": "10-JUL-1964", "fecha_fin_": "30-JUL-1964", "profundida": 2460.0, "profundi_1": 2460.0, "trayectori": "VERTICAL", "disponible": "DISPONIBLE" }, "geometry": { "type": "Point", "coordinates": [ -94.00806471, 18.2047582 ] } },
{ "type": "Feature", "properties": { "pozo": "CINCO PRESIDENTES-31C", "campo": "CINCO PRESIDENTES", "entidad": "TABASCO", "ubicacin": "TERRESTRE", "clasificac": "DESARROLLO", "estado_act": "INACTIVO", "tipo_de_hi": "ACEITE", "fecha_inic": "19-FEB-1962", "fecha_fin_": "11-MAR-1962", "profundida": 2320.0, "profundi_1": 2320.0, "trayectori": "VERTICAL", "disponible": "DISPONIBLE" }, "geometry": { "type": "Point", "coordinates": [ -94.01249366, 18.20663091 ] } },
{ "type": "Feature", "properties": { "pozo": "CINCO PRESIDENTES-31D", "campo": "CINCO PRESIDENTES", "entidad": "TABASCO", "ubicacin": "TERRESTRE", "clasificac": "DESARROLLO", "estado_act": "INACTIVO", "tipo_de_hi": "ACEITE", "fecha_inic": "19-NOV-1961", "fecha_fin_": "15-DIC-1961", "profundida": 2550.0, "profundi_1": 0.0, "trayectori": "VERTICAL", "disponible": "DISPONIBLE" }, "geometry": { "type": "Point", "coordinates": [ -94.01243922, 18.20655348 ] } },
{ "type": "Feature", "properties": { "pozo": "CINCO PRESIDENTES-31T", "campo": "CINCO PRESIDENTES", "entidad": "TABASCO", "ubicacin": "TERRESTRE", "clasificac": "DESARROLLO", "estado_act": "INACTIVO", "tipo_de_hi": "ACEITE", "fecha_inic": "14-ENE-1962", "fecha_fin_": "07-FEB-1962", "profundida": 2415.0, "profundi_1": 0.0, "trayectori": "VERTICAL", "disponible": "DISPONIBLE" }, "geometry": { "type": "Point", "coordinates": [ -94.012463, 18.20659 ] } },
{ "type": "Feature", "properties": { "pozo": "CINCO PRESIDENTES-35T", "campo": "CINCO PRESIDENTES", "entidad": "TABASCO", "ubicacin": "TERRESTRE", "clasificac": "DESARROLLO", "estado_act": "INACTIVO", "tipo_de_hi": "ACEITE", "fecha_inic": "25-FEB-1962", "fecha_fin_": "12-MAR-1962", "profundida": 2350.0, "profundi_1": 0.0, "trayectori": "VERTICAL", "disponible": "DISPONIBLE" }, "geometry": { "type": "Point", "coordinates": [ -94.00508886, 18.20265726 ] } },
{ "type": "Feature", "properties": { "pozo": "CINCO PRESIDENTES-36D", "campo": "CINCO PRESIDENTES", "entidad": "TABASCO", "ubicacin": "TERRESTRE", "clasificac": "DESARROLLO", "estado_act": "INACTIVO", "tipo_de_hi": "ACEITE", "fecha_inic": "23-SEP-1964", "fecha_fin_": "26-OCT-1964", "profundida": 3015.0, "profundi_1": 3015.0, "trayectori": "VERTICAL", "disponible": "DISPONIBLE" }, "geometry": { "type": "Point", "coordinates": [ -94.00163103, 18.20446293 ] } },
{ "type": "Feature", "properties": { "pozo": "CINCO PRESIDENTES-37D", "campo": "CINCO PRESIDENTES", "entidad": "TABASCO", "ubicacin": "TERRESTRE", "clasificac": "DESARROLLO", "estado_act": "INACTIVO", "tipo_de_hi": "ACEITE", "fecha_inic": "17-JUN-1964", "fecha_fin_": "01-JUL-1964", "profundida": 2100.0, "profundi_1": 2100.0, "trayectori": "VERTICAL", "disponible": "DISPONIBLE" }, "geometry": { "type": "Point", "coordinates": [ -94.00513021, 18.19895083 ] } },
{ "type": "Feature", "properties": { "pozo": "CINCO PRESIDENTES-37T", "campo": "CINCO PRESIDENTES", "entidad": "TABASCO", "ubicacin": "TERRESTRE", "clasificac": "DESARROLLO", "estado_act": "INACTIVO", "tipo_de_hi": "ACEITE", "fecha_inic": "08-NOV-1964", "fecha_fin_": "01-DIC-1964", "profundida": 2430.0, "profundi_1": 2430.0, "trayectori": "VERTICAL", "disponible": "DISPONIBLE" }, "geometry": { "type": "Point", "coordinates": [ -94.00508204, 18.19904417 ] } },
{ "type": "Feature", "properties": { "pozo": "CINCO PRESIDENTES-38D", "campo": "CINCO PRESIDENTES", "entidad": "TABASCO", "ubicacin": "TERRESTRE", "clasificac": "DESARROLLO", "estado_act": "INACTIVO", "tipo_de_hi": "ACEITE", "fecha_inic": "18-AGO-1964", "fecha_fin_": "01-SEP-1964", "profundida": 2150.0, "profundi_1": 0.0, "trayectori": "VERTICAL", "disponible": "DISPONIBLE" }, "geometry": { "type": "Point", "coordinates": [ -94.00177233, 18.20091051 ] } },
{ "type": "Feature", "properties": { "pozo": "SANCHEZ MAGALLANES-434", "campo": "MAGALLANES TUCAN PAJONAL", "entidad": "TABASCO", "ubicacin": "TERRESTRE", "clasificac": "DESARROLLO", "estado_act": "CERRADO", "tipo_de_hi": null, "fecha_inic": "30-MAR-1964", "fecha_fin_": "22-ABR-1964", "profundida": 3254.0, "profundi_1": 3254.0, "trayectori": "VERTICAL", "disponible": "DISPONIBLE" }, "geometry": { "type": "Point", "coordinates": [ -93.86176163, 18.15382999 ] } },
{ "type": "Feature", "properties": { "pozo": "SANCHEZ MAGALLANES-438", "campo": "MAGALLANES TUCAN PAJONAL", "entidad": "TABASCO", "ubicacin": "TERRESTRE", "clasificac": "DESARROLLO", "estado_act": "CERRADO", "tipo_de_hi": null, "fecha_inic": "29-MAR-1964", "fecha_fin_": "29-MAR-1964", "profundida": 3117.7, "profundi_1": 3117.7, "trayectori": "VERTICAL", "disponible": "DISPONIBLE" }, "geometry": { "type": "Point", "coordinates": [ -93.86652885, 18.15228835 ] } },
{ "type": "Feature", "properties": { "pozo": "SANCHEZ MAGALLANES-449", "campo": "MAGALLANES TUCAN PAJONAL", "entidad": "TABASCO", "ubicacin": "TERRESTRE", "clasificac": "DESARROLLO", "estado_act": "INACTIVO", "tipo_de_hi": "ACEITE", "fecha_inic": "04-MAY-1968", "fecha_fin_": "12-JUN-1968", "profundida": 3017.0, "profundi_1": 3017.0, "trayectori": "VERTICAL", "disponible": "DISPONIBLE" }, "geometry": { "type": "Point", "coordinates": [ -93.87953721, 18.11787955 ] } },
{ "type": "Feature", "properties": { "pozo": "SANCHEZ MAGALLANES-451", "campo": "MAGALLANES TUCAN PAJONAL", "entidad": "TABASCO", "ubicacin": "TERRESTRE", "clasificac": "DESARROLLO", "estado_act": "CERRADO", "tipo_de_hi": null, "fecha_inic": "25-NOV-1968", "fecha_fin_": "25-NOV-1968", "profundida": 2588.0, "profundi_1": 2588.0, "trayectori": "VERTICAL", "disponible": "DISPONIBLE" }, "geometry": { "type": "Point", "coordinates": [ -93.88516321, 18.12096627 ] } },
{ "type": "Feature", "properties": { "pozo": "SANCHEZ MAGALLANES-457", "campo": "MAGALLANES TUCAN PAJONAL", "entidad": "TABASCO", "ubicacin": "TERRESTRE", "clasificac": "DESARROLLO", "estado_act": "INACTIVO", "tipo_de_hi": "ACEITE", "fecha_inic": "09-FEB-1969", "fecha_fin_": "11-FEB-1969", "profundida": 2479.0, "profundi_1": 0.0, "trayectori": "VERTICAL", "disponible": "DISPONIBLE" }, "geometry": { "type": "Point", "coordinates": [ -93.89272651, 18.11464179 ] } },
{ "type": "Feature", "properties": { "pozo": "SANCHEZ MAGALLANES-459", "campo": "MAGALLANES TUCAN PAJONAL", "entidad": "TABASCO", "ubicacin": "TERRESTRE", "clasificac": "DESARROLLO", "estado_act": "CERRADO", "tipo_de_hi": null, "fecha_inic": "27-NOV-1968", "fecha_fin_": "27-NOV-1968", "profundida": 2475.0, "profundi_1": 2475.0, "trayectori": "VERTICAL", "disponible": "DISPONIBLE" }, "geometry": { "type": "Point", "coordinates": [ -93.89448547, 18.11777929 ] } },
{ "type": "Feature", "properties": { "pozo": "SANCHEZ MAGALLANES-460", "campo": "MAGALLANES TUCAN PAJONAL", "entidad": "TABASCO", "ubicacin": "TERRESTRE", "clasificac": "DESARROLLO", "estado_act": "INACTIVO", "tipo_de_hi": "ACEITE", "fecha_inic": "03-DIC-1968", "fecha_fin_": "03-DIC-1968", "profundida": 2643.0, "profundi_1": 0.0, "trayectori": "VERTICAL", "disponible": "DISPONIBLE" }, "geometry": { "type": "Point", "coordinates": [ -93.89828226, 18.11772267 ] } },
{ "type": "Feature", "properties": { "pozo": "SANCHEZ MAGALLANES-461", "campo": "MAGALLANES TUCAN PAJONAL", "entidad": "TABASCO", "ubicacin": "TERRESTRE", "clasificac": "DESARROLLO", "estado_act": "INACTIVO", "tipo_de_hi": "ACEITE", "fecha_inic": "23-SEP-1968", "fecha_fin_": "11-NOV-1968", "profundida": 2882.0, "profundi_1": 2882.0, "trayectori": "VERTICAL", "disponible": "DISPONIBLE" }, "geometry": { "type": "Point", "coordinates": [ -93.90020224, 18.11453779 ] } },
{ "type": "Feature", "properties": { "pozo": "SANCHEZ MAGALLANES-463", "campo": "MAGALLANES TUCAN PAJONAL", "entidad": "TABASCO", "ubicacin": "TERRESTRE", "clasificac": "DESARROLLO", "estado_act": "INACTIVO", "tipo_de_hi": "ACEITE", "fecha_inic": "08-DIC-1968", "fecha_fin_": "08-ENE-1969", "profundida": 3002.0, "profundi_1": 0.0, "trayectori": "VERTICAL", "disponible": "DISPONIBLE" }, "geometry": { "type": "Point", "coordinates": [ -93.87765359, 18.11470913 ] } },
{ "type": "Feature", "properties": { "pozo": "SANCHEZ MAGALLANES-202D", "campo": "MAGALLANES TUCAN PAJONAL", "entidad": "TABASCO", "ubicacin": "TERRESTRE", "clasificac": "DESARROLLO", "estado_act": "CERRADO", "tipo_de_hi": "ACEITE", "fecha_inic": "12-MAY-1962", "fecha_fin_": "12-MAY-1962", "profundida": 2520.0, "profundi_1": 2520.0, "trayectori": "VERTICAL", "disponible": "DISPONIBLE" }, "geometry": { "type": "Point", "coordinates": [ -93.88351999, 18.14286314 ] } },
{ "type": "Feature", "properties": { "pozo": "SANCHEZ MAGALLANES-285", "campo": "MAGALLANES TUCAN PAJONAL", "entidad": "TABASCO", "ubicacin": "TERRESTRE", "clasificac": "DESARROLLO", "estado_act": "CERRADO", "tipo_de_hi": "ACEITE", "fecha_inic": "12-DIC-1962", "fecha_fin_": "12-DIC-1962", "profundida": 2641.9, "profundi_1": 2641.9, "trayectori": "VERTICAL", "disponible": "DISPONIBLE" }, "geometry": { "type": "Point", "coordinates": [ -93.88622485, 18.13509142 ] } },
{ "type": "Feature", "properties": { "pozo": "SANCHEZ MAGALLANES-291", "campo": "MAGALLANES TUCAN PAJONAL", "entidad": "TABASCO", "ubicacin": "TERRESTRE", "clasificac": "DESARROLLO", "estado_act": "CERRADO", "tipo_de_hi": "ACEITE", "fecha_inic": "29-ABR-1963", "fecha_fin_": "29-ABR-1963", "profundida": 2950.0, "profundi_1": 2950.0, "trayectori": "VERTICAL", "disponible": "DISPONIBLE" }, "geometry": { "type": "Point", "coordinates": [ -93.87960822, 18.13659672 ] } },
{ "type": "Feature", "properties": { "pozo": "SANCHEZ MAGALLANES-312", "campo": "MAGALLANES TUCAN PAJONAL", "entidad": "TABASCO", "ubicacin": "TERRESTRE", "clasificac": "DESARROLLO", "estado_act": "CERRADO", "tipo_de_hi": "ACEITE", "fecha_inic": "17-ABR-1963", "fecha_fin_": "08-MAY-1963", "profundida": 2700.0, "profundi_1": 2700.0, "trayectori": "VERTICAL", "disponible": "DISPONIBLE" }, "geometry": { "type": "Point", "coordinates": [ -93.88235928, 18.13197121 ] } },
{ "type": "Feature", "properties": { "pozo": "SANCHEZ MAGALLANES-319", "campo": "MAGALLANES TUCAN PAJONAL", "entidad": "TABASCO", "ubicacin": "TERRESTRE", "clasificac": "DESARROLLO", "estado_act": "CERRADO", "tipo_de_hi": "ACEITE", "fecha_inic": "16-FEB-1963", "fecha_fin_": "16-FEB-1963", "profundida": 1855.0, "profundi_1": 1855.0, "trayectori": "VERTICAL", "disponible": "DISPONIBLE" }, "geometry": { "type": "Point", "coordinates": [ -93.89296669, 18.14911751 ] } },
{ "type": "Feature", "properties": { "pozo": "SANCHEZ MAGALLANES-368", "campo": "MAGALLANES TUCAN PAJONAL", "entidad": "TABASCO", "ubicacin": "TERRESTRE", "clasificac": "DESARROLLO", "estado_act": "CERRADO", "tipo_de_hi": "ACEITE", "fecha_inic": "16-JUN-1963", "fecha_fin_": "16-JUN-1963", "profundida": 3156.8, "profundi_1": 3156.8, "trayectori": "VERTICAL", "disponible": "DISPONIBLE" }, "geometry": { "type": "Point", "coordinates": [ -93.87871253, 18.13507254 ] } },
{ "type": "Feature", "properties": { "pozo": "SANCHEZ MAGALLANES-375", "campo": "MAGALLANES TUCAN PAJONAL", "entidad": "TABASCO", "ubicacin": "TERRESTRE", "clasificac": "DESARROLLO", "estado_act": "CERRADO", "tipo_de_hi": "ACEITE", "fecha_inic": "21-JUN-1963", "fecha_fin_": "21-JUN-1963", "profundida": 2313.2, "profundi_1": 2313.2, "trayectori": "VERTICAL", "disponible": "DISPONIBLE" }, "geometry": { "type": "Point", "coordinates": [ -93.89188365, 18.13187355 ] } },
{ "type": "Feature", "properties": { "pozo": "SANCHEZ MAGALLANES-393", "campo": "MAGALLANES TUCAN PAJONAL", "entidad": "TABASCO", "ubicacin": "TERRESTRE", "clasificac": "DESARROLLO", "estado_act": "CERRADO", "tipo_de_hi": "ACEITE", "fecha_inic": "25-OCT-1963", "fecha_fin_": "25-OCT-1963", "profundida": 3805.6, "profundi_1": 3805.6, "trayectori": "VERTICAL", "disponible": "DISPONIBLE" }, "geometry": { "type": "Point", "coordinates": [ -93.86709192, 18.15096839 ] } },
{ "type": "Feature", "properties": { "pozo": "SANCHEZ MAGALLANES-400", "campo": "MAGALLANES TUCAN PAJONAL", "entidad": "TABASCO", "ubicacin": "TERRESTRE", "clasificac": "DESARROLLO", "estado_act": "CERRADO", "tipo_de_hi": "ACEITE", "fecha_inic": "26-FEB-1964", "fecha_fin_": "26-FEB-1964", "profundida": 2516.8, "profundi_1": 2516.8, "trayectori": "VERTICAL", "disponible": "DISPONIBLE" }, "geometry": { "type": "Point", "coordinates": [ -93.88706147, 18.12722733 ] } },
{ "type": "Feature", "properties": { "pozo": "SANCHEZ MAGALLANES-408", "campo": "MAGALLANES TUCAN PAJONAL", "entidad": "TABASCO", "ubicacin": "TERRESTRE", "clasificac": "DESARROLLO", "estado_act": "CERRADO", "tipo_de_hi": null, "fecha_inic": "17-MAR-1964", "fecha_fin_": "17-MAR-1964", "profundida": 3200.0, "profundi_1": 3200.0, "trayectori": "VERTICAL", "disponible": "DISPONIBLE" }, "geometry": { "type": "Point", "coordinates": [ -93.86861803, 18.14925537 ] } },
{ "type": "Feature", "properties": { "pozo": "SANCHEZ MAGALLANES-416", "campo": "MAGALLANES TUCAN PAJONAL", "entidad": "TABASCO", "ubicacin": "TERRESTRE", "clasificac": "DESARROLLO", "estado_act": "CERRADO", "tipo_de_hi": null, "fecha_inic": "08-MAR-1964", "fecha_fin_": "09-MAR-1964", "profundida": 3294.0, "profundi_1": 3294.0, "trayectori": "VERTICAL", "disponible": "DISPONIBLE" }, "geometry": { "type": "Point", "coordinates": [ -93.87303704, 18.13505543 ] } },
{ "type": "Feature", "properties": { "pozo": "SANCHEZ MAGALLANES-46", "campo": "MAGALLANES TUCAN PAJONAL", "entidad": "TABASCO", "ubicacin": "TERRESTRE", "clasificac": "DESARROLLO", "estado_act": "CERRADO", "tipo_de_hi": null, "fecha_inic": "06-MAR-1961", "fecha_fin_": "06-MAR-1961", "profundida": 1850.0, "profundi_1": 1850.0, "trayectori": "VERTICAL", "disponible": "DISPONIBLE" }, "geometry": { "type": "Point", "coordinates": [ -93.90911656, 18.15685207 ] } },
{ "type": "Feature", "properties": { "pozo": "SANCHEZ MAGALLANES-287D", "campo": "MAGALLANES TUCAN PAJONAL", "entidad": "TABASCO", "ubicacin": "TERRESTRE", "clasificac": "DESARROLLO", "estado_act": "CERRADO", "tipo_de_hi": "ACEITE", "fecha_inic": "12-ENE-1981", "fecha_fin_": "12-ENE-1981", "profundida": 2800.0, "profundi_1": 2800.0, "trayectori": "VERTICAL", "disponible": "DISPONIBLE" }, "geometry": { "type": "Point", "coordinates": [ -93.88065196, 18.13825614 ] } },
{ "type": "Feature", "properties": { "pozo": "SANCHEZ MAGALLANES-141T", "campo": "MAGALLANES TUCAN PAJONAL", "entidad": "TABASCO", "ubicacin": "TERRESTRE", "clasificac": "DESARROLLO", "estado_act": "INACTIVO", "tipo_de_hi": "ACEITE", "fecha_inic": "15-JUL-1961", "fecha_fin_": "15-JUL-1961", "profundida": 2635.0, "profundi_1": 2635.0, "trayectori": "VERTICAL", "disponible": "DISPONIBLE" }, "geometry": { "type": "Point", "coordinates": [ -93.87886763, 18.15400574 ] } },
{ "type": "Feature", "properties": { "pozo": "SANCHEZ MAGALLANES-486", "campo": "MAGALLANES TUCAN PAJONAL", "entidad": "TABASCO", "ubicacin": "TERRESTRE", "clasificac": "DESARROLLO", "estado_act": "CERRADO", "tipo_de_hi": null, "fecha_inic": "26-JUN-1973", "fecha_fin_": "26-JUN-1973", "profundida": 2794.0, "profundi_1": 2794.0, "trayectori": "VERTICAL", "disponible": "DISPONIBLE" }, "geometry": { "type": "Point", "coordinates": [ -93.88525657, 18.10830216 ] } },
{ "type": "Feature", "properties": { "pozo": "CINCO PRESIDENTES-43D", "campo": "CINCO PRESIDENTES", "entidad": "TABASCO", "ubicacin": "TERRESTRE", "clasificac": "DESARROLLO", "estado_act": "INACTIVO", "tipo_de_hi": "ACEITE", "fecha_inic": "17-ABR-1963", "fecha_fin_": "29-ABR-1963", "profundida": 2025.0, "profundi_1": 2025.0, "trayectori": "VERTICAL", "disponible": "DISPONIBLE" }, "geometry": { "type": "Point", "coordinates": [ -94.00204842, 18.19357616 ] } },
{ "type": "Feature", "properties": { "pozo": "CEDRO-1D", "campo": "CINCO PRESIDENTES", "entidad": "TABASCO", "ubicacin": "TERRESTRE", "clasificac": "DESARROLLO", "estado_act": "INACTIVO", "tipo_de_hi": "ACEITE", "fecha_inic": "13-JUN-1961", "fecha_fin_": "30-JUN-1961", "profundida": 2300.0, "profundi_1": 2300.0, "trayectori": "VERTICAL", "disponible": "DISPONIBLE" }, "geometry": { "type": "Point", "coordinates": [ -94.00413066, 18.19667594 ] } },
{ "type": "Feature", "properties": { "pozo": "CINCO PRESIDENTES-48D", "campo": "CINCO PRESIDENTES", "entidad": "TABASCO", "ubicacin": "TERRESTRE", "clasificac": "DESARROLLO", "estado_act": "INACTIVO", "tipo_de_hi": "ACEITE", "fecha_inic": "04-AGO-1964", "fecha_fin_": "29-AGO-1964", "profundida": 3125.0, "profundi_1": 0.0, "trayectori": "VERTICAL", "disponible": "DISPONIBLE" }, "geometry": { "type": "Point", "coordinates": [ -94.02442262, 18.20711615 ] } },
{ "type": "Feature", "properties": { "pozo": "CINCO PRESIDENTES-50C", "campo": "CINCO PRESIDENTES", "entidad": "TABASCO", "ubicacin": "TERRESTRE", "clasificac": "DESARROLLO", "estado_act": "INACTIVO", "tipo_de_hi": "ACEITE", "fecha_inic": "09-JUL-1964", "fecha_fin_": "09-AGO-1964", "profundida": 3029.5, "profundi_1": 0.0, "trayectori": "VERTICAL", "disponible": "DISPONIBLE" }, "geometry": { "type": "Point", "coordinates": [ -94.01820903, 18.21050569 ] } },
{ "type": "Feature", "properties": { "pozo": "CINCO PRESIDENTES-60D", "campo": "CINCO PRESIDENTES", "entidad": "TABASCO", "ubicacin": "TERRESTRE", "clasificac": "DESARROLLO", "estado_act": "INACTIVO", "tipo_de_hi": "ACEITE", "fecha_inic": "12-ABR-1964", "fecha_fin_": "27-ABR-1964", "profundida": 2496.0, "profundi_1": 0.0, "trayectori": "VERTICAL", "disponible": "DISPONIBLE" }, "geometry": { "type": "Point", "coordinates": [ -94.01118384, 18.21017684 ] } },
{ "type": "Feature", "properties": { "pozo": "CINCO PRESIDENTES-60T", "campo": "CINCO PRESIDENTES", "entidad": "TABASCO", "ubicacin": "TERRESTRE", "clasificac": "DESARROLLO", "estado_act": "INACTIVO", "tipo_de_hi": "ACEITE", "fecha_inic": "03-MAY-1964", "fecha_fin_": "28-MAY-1964", "profundida": 2375.0, "profundi_1": 0.0, "trayectori": "VERTICAL", "disponible": "DISPONIBLE" }, "geometry": { "type": "Point", "coordinates": [ -94.01115103, 18.21012911 ] } },
{ "type": "Feature", "properties": { "pozo": "CINCO PRESIDENTES-62D", "campo": "CINCO PRESIDENTES", "entidad": "TABASCO", "ubicacin": "TERRESTRE", "clasificac": "DESARROLLO", "estado_act": "INACTIVO", "tipo_de_hi": "ACEITE", "fecha_inic": "07-JUN-1964", "fecha_fin_": "26-JUN-1964", "profundida": 2695.0, "profundi_1": 0.0, "trayectori": "VERTICAL", "disponible": "DISPONIBLE" }, "geometry": { "type": "Point", "coordinates": [ -94.00800606, 18.20824059 ] } },
{ "type": "Feature", "properties": { "pozo": "CINCO PRESIDENTES-64T", "campo": "CINCO PRESIDENTES", "entidad": "TABASCO", "ubicacin": "TERRESTRE", "clasificac": "DESARROLLO", "estado_act": "INACTIVO", "tipo_de_hi": "ACEITE", "fecha_inic": "06-NOV-1964", "fecha_fin_": "30-NOV-1964", "profundida": 2474.0, "profundi_1": 0.0, "trayectori": "VERTICAL", "disponible": "DISPONIBLE" }, "geometry": { "type": "Point", "coordinates": [ -94.00473773, 18.2063138 ] } },
{ "type": "Feature", "properties": { "pozo": "CINCO PRESIDENTES-65T", "campo": "CINCO PRESIDENTES", "entidad": "TABASCO", "ubicacin": "TERRESTRE", "clasificac": "DESARROLLO", "estado_act": "INACTIVO", "tipo_de_hi": "ACEITE", "fecha_inic": "07-NOV-1964", "fecha_fin_": "26-NOV-1964", "profundida": 2490.0, "profundi_1": 0.0, "trayectori": "VERTICAL", "disponible": "DISPONIBLE" }, "geometry": { "type": "Point", "coordinates": [ -94.0015128, 18.20819778 ] } },
{ "type": "Feature", "properties": { "pozo": "CINCO PRESIDENTES-66D", "campo": "CINCO PRESIDENTES", "entidad": "TABASCO", "ubicacin": "TERRESTRE", "clasificac": "DESARROLLO", "estado_act": "INACTIVO", "tipo_de_hi": "ACEITE", "fecha_inic": "22-AGO-1964", "fecha_fin_": "27-SEP-1964", "profundida": 3360.0, "profundi_1": 0.0, "trayectori": "VERTICAL", "disponible": "DISPONIBLE" }, "geometry": { "type": "Point", "coordinates": [ -94.00138068, 18.21166972 ] } },
{ "type": "Feature", "properties": { "pozo": "CINCO PRESIDENTES-161", "campo": "CINCO PRESIDENTES", "entidad": "TABASCO", "ubicacin": "TERRESTRE", "clasificac": "DESARROLLO", "estado_act": "INACTIVO", "tipo_de_hi": "ACEITE", "fecha_inic": "23-JUN-1964", "fecha_fin_": "08-JUL-1964", "profundida": 2500.0, "profundi_1": 0.0, "trayectori": "VERTICAL", "disponible": "DISPONIBLE" }, "geometry": { "type": "Point", "coordinates": [ -94.00987834, 18.20380064 ] } },
{ "type": "Feature", "properties": { "pozo": "CINCO PRESIDENTES-162", "campo": "CINCO PRESIDENTES", "entidad": "TABASCO", "ubicacin": "TERRESTRE", "clasificac": "DESARROLLO", "estado_act": "INACTIVO", "tipo_de_hi": "ACEITE", "fecha_inic": "10-JUN-1964", "fecha_fin_": "28-JUN-1964", "profundida": 2650.0, "profundi_1": 2650.0, "trayectori": "VERTICAL", "disponible": "DISPONIBLE" }, "geometry": { "type": "Point", "coordinates": [ -94.01479079, 18.20299842 ] } },
{ "type": "Feature", "properties": { "pozo": "CINCO PRESIDENTES-164", "campo": "CINCO PRESIDENTES", "entidad": "TABASCO", "ubicacin": "TERRESTRE", "clasificac": "DESARROLLO", "estado_act": "INACTIVO", "tipo_de_hi": "ACEITE", "fecha_inic": "20-JUN-1981", "fecha_fin_": null, "profundida": 2593.5, "profundi_1": 0.0, "trayectori": "VERTICAL", "disponible": "DISPONIBLE" }, "geometry": { "type": "Point", "coordinates": [ -94.01323778, 18.20208753 ] } },
{ "type": "Feature", "properties": { "pozo": "CINCO PRESIDENTES-166", "campo": "CINCO PRESIDENTES", "entidad": "TABASCO", "ubicacin": "TERRESTRE", "clasificac": "DESARROLLO", "estado_act": "INACTIVO", "tipo_de_hi": "ACEITE", "fecha_inic": "29-JUN-1964", "fecha_fin_": "18-JUL-1964", "profundida": 2430.0, "profundi_1": 2430.0, "trayectori": "VERTICAL", "disponible": "DISPONIBLE" }, "geometry": { "type": "Point", "coordinates": [ -94.00990413, 18.20192526 ] } },
{ "type": "Feature", "properties": { "pozo": "CINCO PRESIDENTES-168", "campo": "CINCO PRESIDENTES", "entidad": "TABASCO", "ubicacin": "TERRESTRE", "clasificac": "DESARROLLO", "estado_act": "INACTIVO", "tipo_de_hi": "ACEITE", "fecha_inic": "19-SEP-1964", "fecha_fin_": "23-OCT-1964", "profundida": 2634.0, "profundi_1": 0.0, "trayectori": "VERTICAL", "disponible": "DISPONIBLE" }, "geometry": { "type": "Point", "coordinates": [ -94.00654089, 18.20545394 ] } },
{ "type": "Feature", "properties": { "pozo": "CINCO PRESIDENTES-170", "campo": "CINCO PRESIDENTES", "entidad": "TABASCO", "ubicacin": "TERRESTRE", "clasificac": "DESARROLLO", "estado_act": "INACTIVO", "tipo_de_hi": "ACEITE", "fecha_inic": "30-AGO-1964", "fecha_fin_": "28-SEP-1964", "profundida": 3100.0, "profundi_1": 0.0, "trayectori": "VERTICAL", "disponible": "DISPONIBLE" }, "geometry": { "type": "Point", "coordinates": [ -94.00476035, 18.20808139 ] } },
{ "type": "Feature", "properties": { "pozo": "CINCO PRESIDENTES-172", "campo": "CINCO PRESIDENTES", "entidad": "TABASCO", "ubicacin": "TERRESTRE", "clasificac": "DESARROLLO", "estado_act": "INACTIVO", "tipo_de_hi": "ACEITE", "fecha_inic": "05-NOV-1964", "fecha_fin_": "08-DIC-1964", "profundida": 3150.0, "profundi_1": 0.0, "trayectori": "VERTICAL", "disponible": "DISPONIBLE" }, "geometry": { "type": "Point", "coordinates": [ -94.00627723, 18.21084971 ] } },
{ "type": "Feature", "properties": { "pozo": "CINCO PRESIDENTES-173", "campo": "CINCO PRESIDENTES", "entidad": "TABASCO", "ubicacin": "TERRESTRE", "clasificac": "DESARROLLO", "estado_act": "INACTIVO", "tipo_de_hi": "ACEITE", "fecha_inic": "03-SEP-1964", "fecha_fin_": "25-SEP-1964", "profundida": 2850.0, "profundi_1": 2850.0, "trayectori": "VERTICAL", "disponible": "DISPONIBLE" }, "geometry": { "type": "Point", "coordinates": [ -94.00796887, 18.20981419 ] } },
{ "type": "Feature", "properties": { "pozo": "CINCO PRESIDENTES-174", "campo": "CINCO PRESIDENTES", "entidad": "TABASCO", "ubicacin": "TERRESTRE", "clasificac": "DESARROLLO", "estado_act": "INACTIVO", "tipo_de_hi": "ACEITE", "fecha_inic": "13-AGO-1964", "fecha_fin_": "01-SEP-1964", "profundida": 2555.0, "profundi_1": 0.0, "trayectori": "VERTICAL", "disponible": "DISPONIBLE" }, "geometry": { "type": "Point", "coordinates": [ -94.0095911, 18.21097961 ] } },
{ "type": "Feature", "properties": { "pozo": "CINCO PRESIDENTES-175", "campo": "CINCO PRESIDENTES", "entidad": "TABASCO", "ubicacin": "TERRESTRE", "clasificac": "DESARROLLO", "estado_act": "INACTIVO", "tipo_de_hi": "ACEITE", "fecha_inic": "20-AGO-1964", "fecha_fin_": "11-SEP-1964", "profundida": 2590.0, "profundi_1": 2590.0, "trayectori": "VERTICAL", "disponible": "DISPONIBLE" }, "geometry": { "type": "Point", "coordinates": [ -94.01283881, 18.21106461 ] } },
{ "type": "Feature", "properties": { "pozo": "SANCHEZ MAGALLANES-423", "campo": "MAGALLANES TUCAN PAJONAL", "entidad": "TABASCO", "ubicacin": "TERRESTRE", "clasificac": "DESARROLLO", "estado_act": "CERRADO", "tipo_de_hi": "ACEITE", "fecha_inic": "23-ENE-1964", "fecha_fin_": "23-ENE-1964", "profundida": 3600.0, "profundi_1": 3600.0, "trayectori": "VERTICAL", "disponible": "DISPONIBLE" }, "geometry": { "type": "Point", "coordinates": [ -93.87402074, 18.13978924 ] } },
{ "type": "Feature", "properties": { "pozo": "SANCHEZ MAGALLANES-436", "campo": "MAGALLANES TUCAN PAJONAL", "entidad": "TABASCO", "ubicacin": "TERRESTRE", "clasificac": "DESARROLLO", "estado_act": "CERRADO", "tipo_de_hi": null, "fecha_inic": "07-ABR-1964", "fecha_fin_": "07-ABR-1964", "profundida": 3200.0, "profundi_1": 3200.0, "trayectori": "VERTICAL", "disponible": "DISPONIBLE" }, "geometry": { "type": "Point", "coordinates": [ -93.86459521, 18.15226496 ] } },
{ "type": "Feature", "properties": { "pozo": "CINCO PRESIDENTES-200", "campo": "CINCO PRESIDENTES", "entidad": "TABASCO", "ubicacin": "TERRESTRE", "clasificac": "DESARROLLO", "estado_act": "CERRADO", "tipo_de_hi": "ACEITE", "fecha_inic": "03-DIC-1967", "fecha_fin_": "15-ENE-1968", "profundida": 3255.0, "profundi_1": 0.0, "trayectori": "VERTICAL", "disponible": "DISPONIBLE" }, "geometry": { "type": "Point", "coordinates": [ -93.98625572, 18.17316652 ] } },
{ "type": "Feature", "properties": { "pozo": "CINCO PRESIDENTES-210", "campo": "CINCO PRESIDENTES", "entidad": "TABASCO", "ubicacin": "TERRESTRE", "clasificac": "DESARROLLO", "estado_act": "INACTIVO", "tipo_de_hi": "ACEITE", "fecha_inic": "29-ENE-1968", "fecha_fin_": "14-MAR-1968", "profundida": 3491.0, "profundi_1": 0.0, "trayectori": "VERTICAL", "disponible": "DISPONIBLE" }, "geometry": { "type": "Point", "coordinates": [ -94.01369283, 18.22630966 ] } },
{ "type": "Feature", "properties": { "pozo": "CINCO PRESIDENTES-219", "campo": "CINCO PRESIDENTES", "entidad": "TABASCO", "ubicacin": "TERRESTRE", "clasificac": "DESARROLLO", "estado_act": "INACTIVO", "tipo_de_hi": "ACEITE", "fecha_inic": "10-JUL-1969", "fecha_fin_": "28-AGO-1969", "profundida": 4052.0, "profundi_1": 0.0, "trayectori": "VERTICAL", "disponible": "DISPONIBLE" }, "geometry": { "type": "Point", "coordinates": [ -94.02011621, 18.23401421 ] } },
{ "type": "Feature", "properties": { "pozo": "CINCO PRESIDENTES-323", "campo": "CINCO PRESIDENTES", "entidad": "TABASCO", "ubicacin": "TERRESTRE", "clasificac": "DESARROLLO", "estado_act": "INACTIVO", "tipo_de_hi": "ACEITE", "fecha_inic": "18-NOV-1973", "fecha_fin_": "30-DIC-1973", "profundida": 2392.0, "profundi_1": 0.0, "trayectori": "VERTICAL", "disponible": "DISPONIBLE" }, "geometry": { "type": "Point", "coordinates": [ -94.01895203, 18.17781464 ] } },
{ "type": "Feature", "properties": { "pozo": "SANCHEZ MAGALLANES-24", "campo": "MAGALLANES TUCAN PAJONAL", "entidad": "TABASCO", "ubicacin": "TERRESTRE", "clasificac": "DESARROLLO", "estado_act": "CERRADO", "tipo_de_hi": "ACEITE", "fecha_inic": "11-OCT-1961", "fecha_fin_": "11-OCT-1961", "profundida": 1550.0, "profundi_1": 1550.0, "trayectori": "VERTICAL", "disponible": "DISPONIBLE" }, "geometry": { "type": "Point", "coordinates": [ -93.90711532, 18.15375792 ] } },
{ "type": "Feature", "properties": { "pozo": "SANCHEZ MAGALLANES-35", "campo": "MAGALLANES TUCAN PAJONAL", "entidad": "TABASCO", "ubicacin": "TERRESTRE", "clasificac": "DESARROLLO", "estado_act": "CERRADO", "tipo_de_hi": null, "fecha_inic": "25-NOV-1958", "fecha_fin_": "25-NOV-1958", "profundida": 1850.0, "profundi_1": 1850.0, "trayectori": "VERTICAL", "disponible": "DISPONIBLE" }, "geometry": { "type": "Point", "coordinates": [ -93.91002575, 18.15525192 ] } },
{ "type": "Feature", "properties": { "pozo": "SANCHEZ MAGALLANES-41", "campo": "MAGALLANES TUCAN PAJONAL", "entidad": "TABASCO", "ubicacin": "TERRESTRE", "clasificac": "DESARROLLO", "estado_act": "CERRADO", "tipo_de_hi": null, "fecha_inic": "05-NOV-1959", "fecha_fin_": "05-NOV-1959", "profundida": 1568.6, "profundi_1": 1568.6, "trayectori": "VERTICAL", "disponible": "DISPONIBLE" }, "geometry": { "type": "Point", "coordinates": [ -93.89481108, 18.15529456 ] } },
{ "type": "Feature", "properties": { "pozo": "SAN ALFONSO-2", "campo": "SAN ALFONSO", "entidad": "TABASCO", "ubicacin": "TERRESTRE", "clasificac": "EXPLORATORIO", "estado_act": "CERRADO", "tipo_de_hi": "ACEITE", "fecha_inic": "12-ENE-1973", "fecha_fin_": "05-MAR-1973", "profundida": 3733.0, "profundi_1": 3733.0, "trayectori": "VERTICAL", "disponible": "DISPONIBLE" }, "geometry": { "type": "Point", "coordinates": [ -93.97424451, 18.24977825 ] } },
{ "type": "Feature", "properties": { "pozo": "CINCO PRESIDENTES-67D", "campo": "CINCO PRESIDENTES", "entidad": "TABASCO", "ubicacin": "TERRESTRE", "clasificac": "DESARROLLO", "estado_act": "INACTIVO", "tipo_de_hi": "ACEITE", "fecha_inic": "01-AGO-1964", "fecha_fin_": "29-SEP-1964", "profundida": 3455.0, "profundi_1": 0.0, "trayectori": "VERTICAL", "disponible": "DISPONIBLE" }, "geometry": { "type": "Point", "coordinates": [ -94.00457382, 18.21346501 ] } },
{ "type": "Feature", "properties": { "pozo": "CINCO PRESIDENTES-67T", "campo": "CINCO PRESIDENTES", "entidad": "TABASCO", "ubicacin": "TERRESTRE", "clasificac": "DESARROLLO", "estado_act": "INACTIVO", "tipo_de_hi": "ACEITE", "fecha_inic": "05-NOV-1964", "fecha_fin_": "10-DIC-1964", "profundida": 3280.0, "profundi_1": 3280.0, "trayectori": "VERTICAL", "disponible": "DISPONIBLE" }, "geometry": { "type": "Point", "coordinates": [ -94.00448466, 18.21363266 ] } },
{ "type": "Feature", "properties": { "pozo": "CINCO PRESIDENTES-68T", "campo": "CINCO PRESIDENTES", "entidad": "TABASCO", "ubicacin": "TERRESTRE", "clasificac": "DESARROLLO", "estado_act": "INACTIVO", "tipo_de_hi": "ACEITE", "fecha_inic": "29-ABR-1964", "fecha_fin_": "19-MAY-1964", "profundida": 2700.0, "profundi_1": 0.0, "trayectori": "VERTICAL", "disponible": "DISPONIBLE" }, "geometry": { "type": "Point", "coordinates": [ -94.00784821, 18.21178586 ] } },
{ "type": "Feature", "properties": { "pozo": "CINCO PRESIDENTES-71D", "campo": "CINCO PRESIDENTES", "entidad": "TABASCO", "ubicacin": "TERRESTRE", "clasificac": "DESARROLLO", "estado_act": "INACTIVO", "tipo_de_hi": "ACEITE", "fecha_inic": "19-NOV-1963", "fecha_fin_": "11-DIC-1963", "profundida": 2575.0, "profundi_1": 0.0, "trayectori": "VERTICAL", "disponible": "DISPONIBLE" }, "geometry": { "type": "Point", "coordinates": [ -94.02111762, 18.20867463 ] } },
{ "type": "Feature", "properties": { "pozo": "CINCO PRESIDENTES-71T", "campo": "CINCO PRESIDENTES", "entidad": "TABASCO", "ubicacin": "TERRESTRE", "clasificac": "DESARROLLO", "estado_act": "INACTIVO", "tipo_de_hi": "ACEITE", "fecha_inic": "04-SEP-1964", "fecha_fin_": "07-OCT-1964", "profundida": 3005.0, "profundi_1": 0.0, "trayectori": "VERTICAL", "disponible": "DISPONIBLE" }, "geometry": { "type": "Point", "coordinates": [ -94.02104449, 18.20858826 ] } },
{ "type": "Feature", "properties": { "pozo": "CINCO PRESIDENTES-72C", "campo": "CINCO PRESIDENTES", "entidad": "TABASCO", "ubicacin": "TERRESTRE", "clasificac": "DESARROLLO", "estado_act": "INACTIVO", "tipo_de_hi": "ACEITE", "fecha_inic": "05-NOV-1964", "fecha_fin_": "03-DIC-1964", "profundida": 3045.0, "profundi_1": 0.0, "trayectori": "VERTICAL", "disponible": "DISPONIBLE" }, "geometry": { "type": "Point", "coordinates": [ -94.02131416, 18.21225055 ] } },
{ "type": "Feature", "properties": { "pozo": "CINCO PRESIDENTES-72D", "campo": "CINCO PRESIDENTES", "entidad": "TABASCO", "ubicacin": "TERRESTRE", "clasificac": "DESARROLLO", "estado_act": "INACTIVO", "tipo_de_hi": "ACEITE", "fecha_inic": "08-MAR-1964", "fecha_fin_": "23-MAR-1964", "profundida": 2615.0, "profundi_1": 0.0, "trayectori": "VERTICAL", "disponible": "DISPONIBLE" }, "geometry": { "type": "Point", "coordinates": [ -94.02136052, 18.21220692 ] } },
{ "type": "Feature", "properties": { "pozo": "CINCO PRESIDENTES-73D", "campo": "CINCO PRESIDENTES", "entidad": "TABASCO", "ubicacin": "TERRESTRE", "clasificac": "DESARROLLO", "estado_act": "INACTIVO", "tipo_de_hi": "ACEITE", "fecha_inic": "13-SEP-1962", "fecha_fin_": "05-OCT-1962", "profundida": 2607.0, "profundi_1": 0.0, "trayectori": "VERTICAL", "disponible": "DISPONIBLE" }, "geometry": { "type": "Point", "coordinates": [ -94.01839351, 18.21398498 ] } },
{ "type": "Feature", "properties": { "pozo": "CINCO PRESIDENTES-73Q", "campo": "CINCO PRESIDENTES", "entidad": "TABASCO", "ubicacin": "TERRESTRE", "clasificac": "DESARROLLO", "estado_act": "INACTIVO", "tipo_de_hi": "ACEITE", "fecha_inic": "20-SEP-1964", "fecha_fin_": "20-OCT-1964", "profundida": 3100.0, "profundi_1": 0.0, "trayectori": "VERTICAL", "disponible": "DISPONIBLE" }, "geometry": { "type": "Point", "coordinates": [ -94.01828932, 18.21436238 ] } },
{ "type": "Feature", "properties": { "pozo": "CINCO PRESIDENTES-74C", "campo": "CINCO PRESIDENTES", "entidad": "TABASCO", "ubicacin": "TERRESTRE", "clasificac": "DESARROLLO", "estado_act": "INACTIVO", "tipo_de_hi": "ACEITE", "fecha_inic": "18-AGO-1964", "fecha_fin_": "27-SEP-1964", "profundida": 2568.1, "profundi_1": 0.0, "trayectori": "VERTICAL", "disponible": "DISPONIBLE" }, "geometry": { "type": "Point", "coordinates": [ -94.01481722, 18.21229769 ] } },
{ "type": "Feature", "properties": { "pozo": "CINCO PRESIDENTES-178", "campo": "CINCO PRESIDENTES", "entidad": "TABASCO", "ubicacin": "TERRESTRE", "clasificac": "DESARROLLO", "estado_act": "INACTIVO", "tipo_de_hi": "ACEITE", "fecha_inic": "05-SEP-1964", "fecha_fin_": "11-OCT-1964", "profundida": 2655.0, "profundi_1": 0.0, "trayectori": "VERTICAL", "disponible": "DISPONIBLE" }, "geometry": { "type": "Point", "coordinates": [ -94.01644336, 18.20214378 ] } },
{ "type": "Feature", "properties": { "pozo": "CINCO PRESIDENTES-180", "campo": "CINCO PRESIDENTES", "entidad": "TABASCO", "ubicacin": "TERRESTRE", "clasificac": "DESARROLLO", "estado_act": "INACTIVO", "tipo_de_hi": "ACEITE", "fecha_inic": "04-SEP-1964", "fecha_fin_": "28-SEP-1964", "profundida": 2450.0, "profundi_1": 0.0, "trayectori": "VERTICAL", "disponible": "DISPONIBLE" }, "geometry": { "type": "Point", "coordinates": [ -94.01329172, 18.20023008 ] } },
{ "type": "Feature", "properties": { "pozo": "CINCO PRESIDENTES-181", "campo": "CINCO PRESIDENTES", "entidad": "TABASCO", "ubicacin": "TERRESTRE", "clasificac": "DESARROLLO", "estado_act": "INACTIVO", "tipo_de_hi": "ACEITE", "fecha_inic": "06-OCT-1964", "fecha_fin_": "23-OCT-1964", "profundida": 2125.0, "profundi_1": 0.0, "trayectori": "VERTICAL", "disponible": "DISPONIBLE" }, "geometry": { "type": "Point", "coordinates": [ -94.00999967, 18.20015886 ] } },
{ "type": "Feature", "properties": { "pozo": "CINCO PRESIDENTES-187", "campo": "CINCO PRESIDENTES", "entidad": "TABASCO", "ubicacin": "TERRESTRE", "clasificac": "DESARROLLO", "estado_act": "INACTIVO", "tipo_de_hi": "ACEITE", "fecha_inic": "30-OCT-1964", "fecha_fin_": "18-NOV-1964", "profundida": 2300.0, "profundi_1": 0.0, "trayectori": "VERTICAL", "disponible": "DISPONIBLE" }, "geometry": { "type": "Point", "coordinates": [ -94.00841894, 18.19910529 ] } },
{ "type": "Feature", "properties": { "pozo": "CINCO PRESIDENTES-189", "campo": "CINCO PRESIDENTES", "entidad": "TABASCO", "ubicacin": "TERRESTRE", "clasificac": "DESARROLLO", "estado_act": "INACTIVO", "tipo_de_hi": "ACEITE", "fecha_inic": "01-NOV-1964", "fecha_fin_": "18-NOV-1964", "profundida": 2300.0, "profundi_1": 2300.0, "trayectori": "VERTICAL", "disponible": "DISPONIBLE" }, "geometry": { "type": "Point", "coordinates": [ -94.01166774, 18.19750033 ] } },
{ "type": "Feature", "properties": { "pozo": "CINCO PRESIDENTES-195", "campo": "CINCO PRESIDENTES", "entidad": "TABASCO", "ubicacin": "TERRESTRE", "clasificac": "DESARROLLO", "estado_act": "INACTIVO", "tipo_de_hi": "ACEITE", "fecha_inic": "15-OCT-1964", "fecha_fin_": "06-NOV-1964", "profundida": 2700.0, "profundi_1": 0.0, "trayectori": "VERTICAL", "disponible": "DISPONIBLE" }, "geometry": { "type": "Point", "coordinates": [ -94.01611868, 18.21118372 ] } },
{ "type": "Feature", "properties": { "pozo": "CINCO PRESIDENTES-198", "campo": "CINCO PRESIDENTES", "entidad": "TABASCO", "ubicacin": "TERRESTRE", "clasificac": "DESARROLLO", "estado_act": "INACTIVO", "tipo_de_hi": "ACEITE", "fecha_inic": "13-AGO-1967", "fecha_fin_": "25-SEP-1967", "profundida": 3150.0, "profundi_1": 0.0, "trayectori": "VERTICAL", "disponible": "DISPONIBLE" }, "geometry": { "type": "Point", "coordinates": [ -93.98968745, 18.17145256 ] } },
{ "type": "Feature", "properties": { "pozo": "CINCO PRESIDENTES-199", "campo": "CINCO PRESIDENTES", "entidad": "TABASCO", "ubicacin": "TERRESTRE", "clasificac": "DESARROLLO", "estado_act": "INACTIVO", "tipo_de_hi": "ACEITE", "fecha_inic": "10-MAR-1967", "fecha_fin_": "15-ABR-1967", "profundida": 3254.0, "profundi_1": 0.0, "trayectori": "VERTICAL", "disponible": "DISPONIBLE" }, "geometry": { "type": "Point", "coordinates": [ -93.98955711, 18.17506638 ] } },
{ "type": "Feature", "properties": { "pozo": "CINCO PRESIDENTES-201", "campo": "CINCO PRESIDENTES", "entidad": "TABASCO", "ubicacin": "TERRESTRE", "clasificac": "DESARROLLO", "estado_act": "INACTIVO", "tipo_de_hi": "ACEITE", "fecha_inic": "08-OCT-1967", "fecha_fin_": "18-NOV-1967", "profundida": 3250.0, "profundi_1": 0.0, "trayectori": "VERTICAL", "disponible": "DISPONIBLE" }, "geometry": { "type": "Point", "coordinates": [ -93.98647644, 18.16954048 ] } },
{ "type": "Feature", "properties": { "pozo": "CINCO PRESIDENTES-209", "campo": "CINCO PRESIDENTES", "entidad": "TABASCO", "ubicacin": "TERRESTRE", "clasificac": "DESARROLLO", "estado_act": "INACTIVO", "tipo_de_hi": "ACEITE", "fecha_inic": "03-FEB-1968", "fecha_fin_": "15-MAR-1968", "profundida": 3712.0, "profundi_1": 0.0, "trayectori": "VERTICAL", "disponible": "DISPONIBLE" }, "geometry": { "type": "Point", "coordinates": [ -94.02039765, 18.22679282 ] } },
{ "type": "Feature", "properties": { "pozo": "SANCHEZ MAGALLANES-138D", "campo": "MAGALLANES TUCAN PAJONAL", "entidad": "TABASCO", "ubicacin": "TERRESTRE", "clasificac": "DESARROLLO", "estado_act": "CERRADO", "tipo_de_hi": "ACEITE", "fecha_inic": "08-MAY-1961", "fecha_fin_": "08-MAY-1961", "profundida": 2405.0, "profundi_1": 2405.0, "trayectori": "VERTICAL", "disponible": "DISPONIBLE" }, "geometry": { "type": "Point", "coordinates": [ -93.88262317, 18.15382117 ] } },
{ "type": "Feature", "properties": { "pozo": "SANCHEZ MAGALLANES-253D", "campo": "MAGALLANES TUCAN PAJONAL", "entidad": "TABASCO", "ubicacin": "TERRESTRE", "clasificac": "DESARROLLO", "estado_act": "INACTIVO", "tipo_de_hi": "ACEITE", "fecha_inic": "31-MAY-1964", "fecha_fin_": "31-MAY-1964", "profundida": 2575.0, "profundi_1": 2575.0, "trayectori": "VERTICAL", "disponible": "DISPONIBLE" }, "geometry": { "type": "Point", "coordinates": [ -93.88156403, 18.14602345 ] } },
{ "type": "Feature", "properties": { "pozo": "SANCHEZ MAGALLANES-559", "campo": "MAGALLANES TUCAN PAJONAL", "entidad": "TABASCO", "ubicacin": "TERRESTRE", "clasificac": "DESARROLLO", "estado_act": "CERRADO", "tipo_de_hi": null, "fecha_inic": "29-DIC-1967", "fecha_fin_": "29-DIC-1967", "profundida": 2193.0, "profundi_1": 0.0, "trayectori": "VERTICAL", "disponible": "DISPONIBLE" }, "geometry": { "type": "Point", "coordinates": [ -93.89266158, 18.18683308 ] } },
{ "type": "Feature", "properties": { "pozo": "CINCO PRESIDENTES-40D", "campo": "CINCO PRESIDENTES", "entidad": "TABASCO", "ubicacin": "TERRESTRE", "clasificac": "DESARROLLO", "estado_act": "INACTIVO", "tipo_de_hi": "ACEITE", "fecha_inic": "14-JUN-1963", "fecha_fin_": "25-JUN-1963", "profundida": 1880.0, "profundi_1": 1880.0, "trayectori": "VERTICAL", "disponible": "DISPONIBLE" }, "geometry": { "type": "Point", "coordinates": [ -94.00849543, 18.19389214 ] } },
{ "type": "Feature", "properties": { "pozo": "CINCO PRESIDENTES-50D", "campo": "CINCO PRESIDENTES", "entidad": "TABASCO", "ubicacin": "TERRESTRE", "clasificac": "DESARROLLO", "estado_act": "INACTIVO", "tipo_de_hi": "ACEITE", "fecha_inic": "05-MAY-1962", "fecha_fin_": "27-MAY-1962", "profundida": 2715.0, "profundi_1": 0.0, "trayectori": "VERTICAL", "disponible": "DISPONIBLE" }, "geometry": { "type": "Point", "coordinates": [ -94.01806155, 18.21030042 ] } },
{ "type": "Feature", "properties": { "pozo": "CINCO PRESIDENTES-62T", "campo": "CINCO PRESIDENTES", "entidad": "TABASCO", "ubicacin": "TERRESTRE", "clasificac": "DESARROLLO", "estado_act": "INACTIVO", "tipo_de_hi": "ACEITE", "fecha_inic": "01-JUL-1964", "fecha_fin_": "16-JUL-1964", "profundida": 2450.0, "profundi_1": 0.0, "trayectori": "VERTICAL", "disponible": "DISPONIBLE" }, "geometry": { "type": "Point", "coordinates": [ -94.00797051, 18.20820734 ] } },
{ "type": "Feature", "properties": { "pozo": "SANCHEZ MAGALLANES-107D", "campo": "MAGALLANES TUCAN PAJONAL", "entidad": "TABASCO", "ubicacin": "TERRESTRE", "clasificac": "DESARROLLO", "estado_act": "CERRADO", "tipo_de_hi": "ACEITE", "fecha_inic": "23-AGO-1960", "fecha_fin_": "23-AGO-1960", "profundida": 1550.0, "profundi_1": 1550.0, "trayectori": "VERTICAL", "disponible": "DISPONIBLE" }, "geometry": { "type": "Point", "coordinates": [ -93.89118842, 18.1648515 ] } },
{ "type": "Feature", "properties": { "pozo": "SANCHEZ MAGALLANES-141D", "campo": "MAGALLANES TUCAN PAJONAL", "entidad": "TABASCO", "ubicacin": "TERRESTRE", "clasificac": "DESARROLLO", "estado_act": "INACTIVO", "tipo_de_hi": "ACEITE", "fecha_inic": "20-JUN-1961", "fecha_fin_": "20-JUN-1961", "profundida": 2692.0, "profundi_1": 2692.0, "trayectori": "VERTICAL", "disponible": "DISPONIBLE" }, "geometry": { "type": "Point", "coordinates": [ -93.87884993, 18.15396452 ] } },
{ "type": "Feature", "properties": { "pozo": "SANCHEZ MAGALLANES-156D", "campo": "MAGALLANES TUCAN PAJONAL", "entidad": "TABASCO", "ubicacin": "TERRESTRE", "clasificac": "DESARROLLO", "estado_act": "CERRADO", "tipo_de_hi": "ACEITE", "fecha_inic": "22-MAY-1962", "fecha_fin_": "22-MAY-1962", "profundida": 2535.0, "profundi_1": 2535.0, "trayectori": "VERTICAL", "disponible": "DISPONIBLE" }, "geometry": { "type": "Point", "coordinates": [ -93.88166019, 18.15217422 ] } },
{ "type": "Feature", "properties": { "pozo": "SANCHEZ MAGALLANES-159C", "campo": "MAGALLANES TUCAN PAJONAL", "entidad": "TABASCO", "ubicacin": "TERRESTRE", "clasificac": "DESARROLLO", "estado_act": "CERRADO", "tipo_de_hi": "ACEITE", "fecha_inic": "03-MAR-1962", "fecha_fin_": null, "profundida": 2500.0, "profundi_1": 2500.0, "trayectori": "VERTICAL", "disponible": "DISPONIBLE" }, "geometry": { "type": "Point", "coordinates": [ -93.88240897, 18.15073543 ] } },
{ "type": "Feature", "properties": { "pozo": "SANCHEZ MAGALLANES-168D", "campo": "MAGALLANES TUCAN PAJONAL", "entidad": "TABASCO", "ubicacin": "TERRESTRE", "clasificac": "DESARROLLO", "estado_act": "INACTIVO", "tipo_de_hi": "ACEITE", "fecha_inic": "14-MAR-1962", "fecha_fin_": "14-MAR-1962", "profundida": 2250.0, "profundi_1": 2250.0, "trayectori": "VERTICAL", "disponible": "DISPONIBLE" }, "geometry": { "type": "Point", "coordinates": [ -93.88909695, 18.14914664 ] } },
{ "type": "Feature", "properties": { "pozo": "SANCHEZ MAGALLANES-179D", "campo": "MAGALLANES TUCAN PAJONAL", "entidad": "TABASCO", "ubicacin": "TERRESTRE", "clasificac": "DESARROLLO", "estado_act": "CERRADO", "tipo_de_hi": "ACEITE", "fecha_inic": "24-ENE-1962", "fecha_fin_": "09-FEB-1962", "profundida": 2220.0, "profundi_1": 2220.0, "trayectori": "VERTICAL", "disponible": "DISPONIBLE" }, "geometry": { "type": "Point", "coordinates": [ -93.88815761, 18.14439772 ] } },
{ "type": "Feature", "properties": { "pozo": "SANCHEZ MAGALLANES-214D", "campo": "MAGALLANES TUCAN PAJONAL", "entidad": "TABASCO", "ubicacin": "TERRESTRE", "clasificac": "DESARROLLO", "estado_act": "CERRADO", "tipo_de_hi": "ACEITE", "fecha_inic": "23-MAY-1961", "fecha_fin_": "23-MAY-1961", "profundida": 2470.0, "profundi_1": 2470.0, "trayectori": "VERTICAL", "disponible": "DISPONIBLE" }, "geometry": { "type": "Point", "coordinates": [ -93.8816775, 18.15536019 ] } },
{ "type": "Feature", "properties": { "pozo": "SANCHEZ MAGALLANES-224D", "campo": "MAGALLANES TUCAN PAJONAL", "entidad": "TABASCO", "ubicacin": "TERRESTRE", "clasificac": "DESARROLLO", "estado_act": "INACTIVO", "tipo_de_hi": "ACEITE", "fecha_inic": "04-MAR-1962", "fecha_fin_": "04-MAR-1962", "profundida": 2840.0, "profundi_1": 2840.0, "trayectori": "VERTICAL", "disponible": "DISPONIBLE" }, "geometry": { "type": "Point", "coordinates": [ -93.88351837, 18.13979342 ] } },
{ "type": "Feature", "properties": { "pozo": "SANCHEZ MAGALLANES-232D", "campo": "MAGALLANES TUCAN PAJONAL", "entidad": "TABASCO", "ubicacin": "TERRESTRE", "clasificac": "DESARROLLO", "estado_act": "CERRADO", "tipo_de_hi": "ACEITE", "fecha_inic": "02-JUN-1963", "fecha_fin_": "18-JUN-1963", "profundida": 2160.0, "profundi_1": 2160.0, "trayectori": "VERTICAL", "disponible": "DISPONIBLE" }, "geometry": { "type": "Point", "coordinates": [ -93.89013732, 18.13815078 ] } },
{ "type": "Feature", "properties": { "pozo": "SANCHEZ MAGALLANES-269D", "campo": "MAGALLANES TUCAN PAJONAL", "entidad": "TABASCO", "ubicacin": "TERRESTRE", "clasificac": "DESARROLLO", "estado_act": "CERRADO", "tipo_de_hi": "ACEITE", "fecha_inic": "15-MAR-1962", "fecha_fin_": "15-MAR-1962", "profundida": 2130.0, "profundi_1": 2130.0, "trayectori": "VERTICAL", "disponible": "DISPONIBLE" }, "geometry": { "type": "Point", "coordinates": [ -93.88724191, 18.15225195 ] } },
{ "type": "Feature", "properties": { "pozo": "CINCO PRESIDENTES-211", "campo": "CINCO PRESIDENTES", "entidad": "TABASCO", "ubicacin": "TERRESTRE", "clasificac": "DESARROLLO", "estado_act": "INACTIVO", "tipo_de_hi": "ACEITE", "fecha_inic": "10-JUN-1968", "fecha_fin_": "03-JUL-1968", "profundida": 3030.0, "profundi_1": 0.0, "trayectori": "VERTICAL", "disponible": "DISPONIBLE" }, "geometry": { "type": "Point", "coordinates": [ -93.99549148, 18.19333101 ] } },
{ "type": "Feature", "properties": { "pozo": "CINCO PRESIDENTES-213", "campo": "CINCO PRESIDENTES", "entidad": "TABASCO", "ubicacin": "TERRESTRE", "clasificac": "DESARROLLO", "estado_act": "CERRADO", "tipo_de_hi": "ACEITE", "fecha_inic": "23-SEP-1973", "fecha_fin_": "25-OCT-1973", "profundida": 3615.0, "profundi_1": 0.0, "trayectori": "VERTICAL", "disponible": "DISPONIBLE" }, "geometry": { "type": "Point", "coordinates": [ -93.98318993, 18.16758987 ] } },
{ "type": "Feature", "properties": { "pozo": "CINCO PRESIDENTES-215", "campo": "CINCO PRESIDENTES", "entidad": "TABASCO", "ubicacin": "TERRESTRE", "clasificac": "DESARROLLO", "estado_act": "INACTIVO", "tipo_de_hi": "ACEITE", "fecha_inic": "13-JUL-1968", "fecha_fin_": "17-AGO-1968", "profundida": 3850.0, "profundi_1": 0.0, "trayectori": "VERTICAL", "disponible": "DISPONIBLE" }, "geometry": { "type": "Point", "coordinates": [ -94.02359712, 18.22871878 ] } },
{ "type": "Feature", "properties": { "pozo": "CINCO PRESIDENTES-218", "campo": "CINCO PRESIDENTES", "entidad": "TABASCO", "ubicacin": "TERRESTRE", "clasificac": "DESARROLLO", "estado_act": "INACTIVO", "tipo_de_hi": "ACEITE", "fecha_inic": "15-ABR-1969", "fecha_fin_": "18-JUN-1969", "profundida": 3410.0, "profundi_1": 0.0, "trayectori": "VERTICAL", "disponible": "DISPONIBLE" }, "geometry": { "type": "Point", "coordinates": [ -94.02346105, 18.232329 ] } },
{ "type": "Feature", "properties": { "pozo": "CINCO PRESIDENTES-220", "campo": "CINCO PRESIDENTES", "entidad": "TABASCO", "ubicacin": "TERRESTRE", "clasificac": "DESARROLLO", "estado_act": "INACTIVO", "tipo_de_hi": "ACEITE", "fecha_inic": "16-SEP-1969", "fecha_fin_": "27-OCT-1969", "profundida": 3905.0, "profundi_1": 0.0, "trayectori": "VERTICAL", "disponible": "DISPONIBLE" }, "geometry": { "type": "Point", "coordinates": [ -94.02694211, 18.22703441 ] } },
{ "type": "Feature", "properties": { "pozo": "CINCO PRESIDENTES-221", "campo": "CINCO PRESIDENTES", "entidad": "TABASCO", "ubicacin": "TERRESTRE", "clasificac": "DESARROLLO", "estado_act": "CERRADO", "tipo_de_hi": "ACEITE", "fecha_inic": "03-FEB-1973", "fecha_fin_": "13-FEB-1973", "profundida": 1510.0, "profundi_1": 0.0, "trayectori": "VERTICAL", "disponible": "DISPONIBLE" }, "geometry": { "type": "Point", "coordinates": [ -94.02697494, 18.23042231 ] } },
{ "type": "Feature", "properties": { "pozo": "CINCO PRESIDENTES-343", "campo": "CINCO PRESIDENTES", "entidad": "TABASCO", "ubicacin": "TERRESTRE", "clasificac": "DESARROLLO", "estado_act": "INACTIVO", "tipo_de_hi": "ACEITE", "fecha_inic": "15-FEB-1976", "fecha_fin_": "30-MAR-1976", "profundida": 2499.0, "profundi_1": 0.0, "trayectori": "VERTICAL", "disponible": "DISPONIBLE" }, "geometry": { "type": "Point", "coordinates": [ -94.0190483, 18.1741522 ] } },
{ "type": "Feature", "properties": { "pozo": "CINCO PRESIDENTES-365", "campo": "CINCO PRESIDENTES", "entidad": "TABASCO", "ubicacin": "TERRESTRE", "clasificac": "DESARROLLO", "estado_act": "INACTIVO", "tipo_de_hi": "ACEITE", "fecha_inic": "29-JUL-1976", "fecha_fin_": "25-AGO-1976", "profundida": 2486.0, "profundi_1": 0.0, "trayectori": "VERTICAL", "disponible": "DISPONIBLE" }, "geometry": { "type": "Point", "coordinates": [ -94.01587304, 18.17230371 ] } },
{ "type": "Feature", "properties": { "pozo": "CINCO PRESIDENTES-367", "campo": "CINCO PRESIDENTES", "entidad": "TABASCO", "ubicacin": "TERRESTRE", "clasificac": "DESARROLLO", "estado_act": "INACTIVO", "tipo_de_hi": "ACEITE", "fecha_inic": "29-ABR-1976", "fecha_fin_": "06-JUL-1976", "profundida": 2330.0, "profundi_1": 0.0, "trayectori": "VERTICAL", "disponible": "DISPONIBLE" }, "geometry": { "type": "Point", "coordinates": [ -94.0124003, 18.17417288 ] } },
{ "type": "Feature", "properties": { "pozo": "CINCO PRESIDENTES-66T", "campo": "CINCO PRESIDENTES", "entidad": "TABASCO", "ubicacin": "TERRESTRE", "clasificac": "DESARROLLO", "estado_act": "INACTIVO", "tipo_de_hi": "ACEITE", "fecha_inic": "10-OCT-1964", "fecha_fin_": "29-OCT-1964", "profundida": 2400.0, "profundi_1": 0.0, "trayectori": "VERTICAL", "disponible": "DISPONIBLE" }, "geometry": { "type": "Point", "coordinates": [ -94.00142016, 18.2116433 ] } },
{ "type": "Feature", "properties": { "pozo": "CINCO PRESIDENTES-73C", "campo": "CINCO PRESIDENTES", "entidad": "TABASCO", "ubicacin": "TERRESTRE", "clasificac": "DESARROLLO", "estado_act": "INACTIVO", "tipo_de_hi": "ACEITE", "fecha_inic": "16-AGO-1964", "fecha_fin_": "09-SEP-1964", "profundida": 3141.3, "profundi_1": 0.0, "trayectori": "VERTICAL", "disponible": "DISPONIBLE" }, "geometry": { "type": "Point", "coordinates": [ -94.01832209, 18.21432245 ] } },
{ "type": "Feature", "properties": { "pozo": "CINCO PRESIDENTES-81T", "campo": "CINCO PRESIDENTES", "entidad": "TABASCO", "ubicacin": "TERRESTRE", "clasificac": "DESARROLLO", "estado_act": "INACTIVO", "tipo_de_hi": "ACEITE", "fecha_inic": "02-AGO-1964", "fecha_fin_": "22-AGO-1964", "profundida": 3080.0, "profundi_1": 3080.0, "trayectori": "VERTICAL", "disponible": "DISPONIBLE" }, "geometry": { "type": "Point", "coordinates": [ -94.01432035, 18.21567214 ] } },
{ "type": "Feature", "properties": { "pozo": "SANCHEZ MAGALLANES-224T", "campo": "MAGALLANES TUCAN PAJONAL", "entidad": "TABASCO", "ubicacin": "TERRESTRE", "clasificac": "DESARROLLO", "estado_act": "CERRADO", "tipo_de_hi": "ACEITE", "fecha_inic": "07-NOV-1980", "fecha_fin_": "07-NOV-1980", "profundida": 2605.0, "profundi_1": 2605.0, "trayectori": "VERTICAL", "disponible": "DISPONIBLE" }, "geometry": { "type": "Point", "coordinates": [ -93.88345978, 18.13979703 ] } },
{ "type": "Feature", "properties": { "pozo": "SANCHEZ MAGALLANES-192D", "campo": "MAGALLANES TUCAN PAJONAL", "entidad": "TABASCO", "ubicacin": "TERRESTRE", "clasificac": "DESARROLLO", "estado_act": "INACTIVO", "tipo_de_hi": "ACEITE", "fecha_inic": "21-FEB-1961", "fecha_fin_": "21-FEB-1961", "profundida": 1458.0, "profundi_1": 1458.0, "trayectori": "VERTICAL", "disponible": "DISPONIBLE" }, "geometry": { "type": "Point", "coordinates": [ -93.89394762, 18.16007731 ] } },
{ "type": "Feature", "properties": { "pozo": "SANCHEZ MAGALLANES-189D", "campo": "MAGALLANES TUCAN PAJONAL", "entidad": "TABASCO", "ubicacin": "TERRESTRE", "clasificac": "DESARROLLO", "estado_act": "CERRADO", "tipo_de_hi": "ACEITE", "fecha_inic": "31-AGO-1960", "fecha_fin_": "31-AGO-1960", "profundida": 1230.0, "profundi_1": 1230.0, "trayectori": "VERTICAL", "disponible": "DISPONIBLE" }, "geometry": { "type": "Point", "coordinates": [ -93.89389595, 18.1632259 ] } },
{ "type": "Feature", "properties": { "pozo": "CINCO PRESIDENTES-134A", "campo": "CINCO PRESIDENTES", "entidad": "TABASCO", "ubicacin": "TERRESTRE", "clasificac": "DESARROLLO", "estado_act": "INACTIVO", "tipo_de_hi": "ACEITE", "fecha_inic": "14-MAY-1965", "fecha_fin_": "28-MAY-1965", "profundida": 2395.0, "profundi_1": 0.0, "trayectori": "VERTICAL", "disponible": "DISPONIBLE" }, "geometry": { "type": "Point", "coordinates": [ -94.00269772, 18.1755405 ] } },
{ "type": "Feature", "properties": { "pozo": "SANCHEZ MAGALLANES-83D", "campo": "MAGALLANES TUCAN PAJONAL", "entidad": "TABASCO", "ubicacin": "TERRESTRE", "clasificac": "DESARROLLO", "estado_act": "CERRADO", "tipo_de_hi": "ACEITE", "fecha_inic": "14-MAY-1959", "fecha_fin_": "14-MAY-1959", "profundida": 1275.0, "profundi_1": 1275.0, "trayectori": "VERTICAL", "disponible": "DISPONIBLE" }, "geometry": { "type": "Point", "coordinates": [ -93.90257453, 18.16160169 ] } },
{ "type": "Feature", "properties": { "pozo": "SANCHEZ MAGALLANES-279D", "campo": "MAGALLANES TUCAN PAJONAL", "entidad": "TABASCO", "ubicacin": "TERRESTRE", "clasificac": "DESARROLLO", "estado_act": "INACTIVO", "tipo_de_hi": "ACEITE", "fecha_inic": "08-JUN-1963", "fecha_fin_": "08-JUN-1963", "profundida": 2645.0, "profundi_1": 2645.0, "trayectori": "VERTICAL", "disponible": "DISPONIBLE" }, "geometry": { "type": "Point", "coordinates": [ -93.87601099, 18.15534351 ] } },
{ "type": "Feature", "properties": { "pozo": "SANCHEZ MAGALLANES-316D", "campo": "MAGALLANES TUCAN PAJONAL", "entidad": "TABASCO", "ubicacin": "TERRESTRE", "clasificac": "DESARROLLO", "estado_act": "CERRADO", "tipo_de_hi": "ACEITE", "fecha_inic": "28-FEB-1963", "fecha_fin_": "28-FEB-1963", "profundida": 2680.0, "profundi_1": 2680.0, "trayectori": "VERTICAL", "disponible": "DISPONIBLE" }, "geometry": { "type": "Point", "coordinates": [ -93.87410258, 18.14912533 ] } },
{ "type": "Feature", "properties": { "pozo": "SANCHEZ MAGALLANES-359D", "campo": "MAGALLANES TUCAN PAJONAL", "entidad": "TABASCO", "ubicacin": "TERRESTRE", "clasificac": "DESARROLLO", "estado_act": "CERRADO", "tipo_de_hi": "ACEITE", "fecha_inic": "16-AGO-1963", "fecha_fin_": "16-AGO-1963", "profundida": 2825.0, "profundi_1": 2825.0, "trayectori": "VERTICAL", "disponible": "DISPONIBLE" }, "geometry": { "type": "Point", "coordinates": [ -93.87125117, 18.15072645 ] } },
{ "type": "Feature", "properties": { "pozo": "SANCHEZ MAGALLANES-450", "campo": "MAGALLANES TUCAN PAJONAL", "entidad": "TABASCO", "ubicacin": "TERRESTRE", "clasificac": "DESARROLLO", "estado_act": "INACTIVO", "tipo_de_hi": "ACEITE", "fecha_inic": "28-JUL-1968", "fecha_fin_": "27-AGO-1968", "profundida": 2786.0, "profundi_1": 2786.0, "trayectori": "VERTICAL", "disponible": "DISPONIBLE" }, "geometry": { "type": "Point", "coordinates": [ -93.88331073, 18.11787151 ] } },
{ "type": "Feature", "properties": { "pozo": "SANCHEZ MAGALLANES-65D", "campo": "MAGALLANES TUCAN PAJONAL", "entidad": "TABASCO", "ubicacin": "TERRESTRE", "clasificac": "DESARROLLO", "estado_act": "CERRADO", "tipo_de_hi": "ACEITE", "fecha_inic": "12-MAR-1960", "fecha_fin_": "13-MAR-1960", "profundida": 1340.0, "profundi_1": 1340.0, "trayectori": "VERTICAL", "disponible": "DISPONIBLE" }, "geometry": { "type": "Point", "coordinates": [ -93.895048, 18.15832242 ] } },
{ "type": "Feature", "properties": { "pozo": "SANCHEZ MAGALLANES-76D", "campo": "MAGALLANES TUCAN PAJONAL", "entidad": "TABASCO", "ubicacin": "TERRESTRE", "clasificac": "DESARROLLO", "estado_act": "CERRADO", "tipo_de_hi": "ACEITE", "fecha_inic": "19-MAY-1961", "fecha_fin_": "19-MAY-1961", "profundida": 1390.0, "profundi_1": 1390.0, "trayectori": "VERTICAL", "disponible": "DISPONIBLE" }, "geometry": { "type": "Point", "coordinates": [ -93.89586115, 18.16010971 ] } },
{ "type": "Feature", "properties": { "pozo": "SANCHEZ MAGALLANES-86T", "campo": "MAGALLANES TUCAN PAJONAL", "entidad": "TABASCO", "ubicacin": "TERRESTRE", "clasificac": "DESARROLLO", "estado_act": "CERRADO", "tipo_de_hi": "ACEITE", "fecha_inic": "24-OCT-1960", "fecha_fin_": "24-OCT-1960", "profundida": 1175.0, "profundi_1": 1175.0, "trayectori": "VERTICAL", "disponible": "DISPONIBLE" }, "geometry": { "type": "Point", "coordinates": [ -93.89673161, 18.16161936 ] } },
{ "type": "Feature", "properties": { "pozo": "SANCHEZ MAGALLANES-106D", "campo": "MAGALLANES TUCAN PAJONAL", "entidad": "TABASCO", "ubicacin": "TERRESTRE", "clasificac": "DESARROLLO", "estado_act": "CERRADO", "tipo_de_hi": "ACEITE", "fecha_inic": "21-ENE-1960", "fecha_fin_": "21-ENE-1960", "profundida": 1495.0, "profundi_1": 1495.0, "trayectori": "VERTICAL", "disponible": "DISPONIBLE" }, "geometry": { "type": "Point", "coordinates": [ -93.89310013, 18.16483106 ] } },
{ "type": "Feature", "properties": { "pozo": "SANCHEZ MAGALLANES-209D", "campo": "MAGALLANES TUCAN PAJONAL", "entidad": "TABASCO", "ubicacin": "TERRESTRE", "clasificac": "DESARROLLO", "estado_act": "CERRADO", "tipo_de_hi": "ACEITE", "fecha_inic": "09-MAR-1981", "fecha_fin_": "02-ABR-1981", "profundida": 2375.0, "profundi_1": 2375.0, "trayectori": "VERTICAL", "disponible": "DISPONIBLE" }, "geometry": { "type": "Point", "coordinates": [ -93.88803221, 18.14124298 ] } },
{ "type": "Feature", "properties": { "pozo": "SANCHEZ MAGALLANES-213D", "campo": "MAGALLANES TUCAN PAJONAL", "entidad": "TABASCO", "ubicacin": "TERRESTRE", "clasificac": "DESARROLLO", "estado_act": "INACTIVO", "tipo_de_hi": "ACEITE", "fecha_inic": "02-MAY-1980", "fecha_fin_": "02-MAY-1980", "profundida": 2675.0, "profundi_1": 2675.0, "trayectori": "VERTICAL", "disponible": "DISPONIBLE" }, "geometry": { "type": "Point", "coordinates": [ -93.88246503, 18.14131667 ] } },
{ "type": "Feature", "properties": { "pozo": "SANCHEZ MAGALLANES-5", "campo": "MAGALLANES TUCAN PAJONAL", "entidad": "TABASCO", "ubicacin": "TERRESTRE", "clasificac": "DESARROLLO", "estado_act": "CERRADO", "tipo_de_hi": "ACEITE", "fecha_inic": "19-JUN-1958", "fecha_fin_": "19-JUN-1958", "profundida": 1600.0, "profundi_1": 1600.0, "trayectori": "VERTICAL", "disponible": "DISPONIBLE" }, "geometry": { "type": "Point", "coordinates": [ -93.90434551, 18.15222607 ] } },
{ "type": "Feature", "properties": { "pozo": "SANCHEZ MAGALLANES-194", "campo": "MAGALLANES TUCAN PAJONAL", "entidad": "TABASCO", "ubicacin": "TERRESTRE", "clasificac": "DESARROLLO", "estado_act": "CERRADO", "tipo_de_hi": null, "fecha_inic": "29-AGO-1961", "fecha_fin_": "29-AGO-1961", "profundida": 1750.0, "profundi_1": 1750.0, "trayectori": "VERTICAL", "disponible": "DISPONIBLE" }, "geometry": { "type": "Point", "coordinates": [ -93.89004302, 18.1601971 ] } },
{ "type": "Feature", "properties": { "pozo": "SANCHEZ MAGALLANES-196", "campo": "MAGALLANES TUCAN PAJONAL", "entidad": "TABASCO", "ubicacin": "TERRESTRE", "clasificac": "DESARROLLO", "estado_act": "CERRADO", "tipo_de_hi": "ACEITE", "fecha_inic": "03-FEB-1963", "fecha_fin_": "03-FEB-1963", "profundida": 2344.9, "profundi_1": 2344.9, "trayectori": "VERTICAL", "disponible": "DISPONIBLE" }, "geometry": { "type": "Point", "coordinates": [ -93.88637062, 18.16009567 ] } },
{ "type": "Feature", "properties": { "pozo": "SANCHEZ MAGALLANES-198", "campo": "MAGALLANES TUCAN PAJONAL", "entidad": "TABASCO", "ubicacin": "TERRESTRE", "clasificac": "DESARROLLO", "estado_act": "CERRADO", "tipo_de_hi": "ACEITE", "fecha_inic": "16-AGO-1962", "fecha_fin_": "16-AGO-1962", "profundida": 2310.0, "profundi_1": 2310.0, "trayectori": "VERTICAL", "disponible": "DISPONIBLE" }, "geometry": { "type": "Point", "coordinates": [ -93.88907388, 18.14290001 ] } },
{ "type": "Feature", "properties": { "pozo": "SANCHEZ MAGALLANES-199", "campo": "MAGALLANES TUCAN PAJONAL", "entidad": "TABASCO", "ubicacin": "TERRESTRE", "clasificac": "DESARROLLO", "estado_act": "CERRADO", "tipo_de_hi": "ACEITE", "fecha_inic": "03-JUN-1962", "fecha_fin_": "03-JUN-1962", "profundida": 2480.0, "profundi_1": 2480.0, "trayectori": "VERTICAL", "disponible": "DISPONIBLE" }, "geometry": { "type": "Point", "coordinates": [ -93.88724506, 18.14287131 ] } },
{ "type": "Feature", "properties": { "pozo": "SANCHEZ MAGALLANES-200", "campo": "MAGALLANES TUCAN PAJONAL", "entidad": "TABASCO", "ubicacin": "TERRESTRE", "clasificac": "DESARROLLO", "estado_act": "CERRADO", "tipo_de_hi": "ACEITE", "fecha_inic": "19-DIC-1962", "fecha_fin_": "19-DIC-1962", "profundida": 2700.0, "profundi_1": 2700.0, "trayectori": "VERTICAL", "disponible": "DISPONIBLE" }, "geometry": { "type": "Point", "coordinates": [ -93.8788118, 18.1601403 ] } },
{ "type": "Feature", "properties": { "pozo": "SANCHEZ MAGALLANES-201", "campo": "MAGALLANES TUCAN PAJONAL", "entidad": "TABASCO", "ubicacin": "TERRESTRE", "clasificac": "DESARROLLO", "estado_act": "INACTIVO", "tipo_de_hi": "ACEITE", "fecha_inic": "15-ENE-1963", "fecha_fin_": "30-ENE-1963", "profundida": 2620.0, "profundi_1": 2620.0, "trayectori": "VERTICAL", "disponible": "DISPONIBLE" }, "geometry": { "type": "Point", "coordinates": [ -93.88533553, 18.14288363 ] } },
{ "type": "Feature", "properties": { "pozo": "SANCHEZ MAGALLANES-202", "campo": "MAGALLANES TUCAN PAJONAL", "entidad": "TABASCO", "ubicacin": "TERRESTRE", "clasificac": "DESARROLLO", "estado_act": "INACTIVO", "tipo_de_hi": "ACEITE", "fecha_inic": "20-MAR-1962", "fecha_fin_": "20-MAR-1962", "profundida": 2734.0, "profundi_1": 2734.0, "trayectori": "VERTICAL", "disponible": "DISPONIBLE" }, "geometry": { "type": "Point", "coordinates": [ -93.88349255, 18.14287782 ] } },
{ "type": "Feature", "properties": { "pozo": "SANCHEZ MAGALLANES-86", "campo": "MAGALLANES TUCAN PAJONAL", "entidad": "TABASCO", "ubicacin": "TERRESTRE", "clasificac": "DESARROLLO", "estado_act": "CERRADO", "tipo_de_hi": "ACEITE", "fecha_inic": "24-SEP-1960", "fecha_fin_": "24-SEP-1960", "profundida": 1600.0, "profundi_1": 1600.0, "trayectori": "VERTICAL", "disponible": "DISPONIBLE" }, "geometry": { "type": "Point", "coordinates": [ -93.89683528, 18.16162918 ] } },
{ "type": "Feature", "properties": { "pozo": "SANCHEZ MAGALLANES-87", "campo": "MAGALLANES TUCAN PAJONAL", "entidad": "TABASCO", "ubicacin": "TERRESTRE", "clasificac": "DESARROLLO", "estado_act": "TAPONAMIENTO TEMPORAL", "tipo_de_hi": "ACEITE", "fecha_inic": "30-ABR-1959", "fecha_fin_": "30-ABR-1959", "profundida": 1910.0, "profundi_1": 1907.0, "trayectori": "VERTICAL", "disponible": "DISPONIBLE" }, "geometry": { "type": "Point", "coordinates": [ -93.89484634, 18.16162543 ] } },
{ "type": "Feature", "properties": { "pozo": "CINCO PRESIDENTES-77T", "campo": "CINCO PRESIDENTES", "entidad": "TABASCO", "ubicacin": "TERRESTRE", "clasificac": "DESARROLLO", "estado_act": "INACTIVO", "tipo_de_hi": "ACEITE", "fecha_inic": "18-OCT-1964", "fecha_fin_": "03-NOV-1964", "profundida": 2650.0, "profundi_1": 0.0, "trayectori": "VERTICAL", "disponible": "DISPONIBLE" }, "geometry": { "type": "Point", "coordinates": [ -94.02095982, 18.21591616 ] } },
{ "type": "Feature", "properties": { "pozo": "CINCO PRESIDENTES-139D", "campo": "CINCO PRESIDENTES", "entidad": "TABASCO", "ubicacin": "TERRESTRE", "clasificac": "DESARROLLO", "estado_act": "INACTIVO", "tipo_de_hi": "ACEITE", "fecha_inic": "29-JUL-1965", "fecha_fin_": "17-AGO-1965", "profundida": 2684.0, "profundi_1": 0.0, "trayectori": "VERTICAL", "disponible": "DISPONIBLE" }, "geometry": { "type": "Point", "coordinates": [ -94.01655613, 18.22446173 ] } },
{ "type": "Feature", "properties": { "pozo": "CINCO PRESIDENTES-160D", "campo": "CINCO PRESIDENTES", "entidad": "TABASCO", "ubicacin": "TERRESTRE", "clasificac": "DESARROLLO", "estado_act": "INACTIVO", "tipo_de_hi": "ACEITE", "fecha_inic": "31-JUL-1964", "fecha_fin_": "12-AGO-1964", "profundida": 1925.0, "profundi_1": 0.0, "trayectori": "VERTICAL", "disponible": "DISPONIBLE" }, "geometry": { "type": "Point", "coordinates": [ -94.01300457, 18.2039143 ] } },
{ "type": "Feature", "properties": { "pozo": "CINCO PRESIDENTES-170D", "campo": "CINCO PRESIDENTES", "entidad": "TABASCO", "ubicacin": "TERRESTRE", "clasificac": "DESARROLLO", "estado_act": "INACTIVO", "tipo_de_hi": "ACEITE", "fecha_inic": "21-OCT-1964", "fecha_fin_": "26-NOV-1964", "profundida": 2707.0, "profundi_1": 0.0, "trayectori": "VERTICAL", "disponible": "DISPONIBLE" }, "geometry": { "type": "Point", "coordinates": [ -94.00475704, 18.20821426 ] } },
{ "type": "Feature", "properties": { "pozo": "SANCHEZ MAGALLANES-159D", "campo": "MAGALLANES TUCAN PAJONAL", "entidad": "TABASCO", "ubicacin": "TERRESTRE", "clasificac": "DESARROLLO", "estado_act": "CERRADO", "tipo_de_hi": "ACEITE", "fecha_inic": "18-NOV-1961", "fecha_fin_": "18-NOV-1961", "profundida": 2950.0, "profundi_1": 30.3, "trayectori": "VERTICAL", "disponible": "DISPONIBLE" }, "geometry": { "type": "Point", "coordinates": [ -93.88249454, 18.15073892 ] } },
{ "type": "Feature", "properties": { "pozo": "SANCHEZ MAGALLANES-169D", "campo": "MAGALLANES TUCAN PAJONAL", "entidad": "TABASCO", "ubicacin": "TERRESTRE", "clasificac": "DESARROLLO", "estado_act": "CERRADO", "tipo_de_hi": "ACEITE", "fecha_inic": "09-MAR-1962", "fecha_fin_": "09-MAR-1962", "profundida": 2450.0, "profundi_1": 2450.0, "trayectori": "VERTICAL", "disponible": "DISPONIBLE" }, "geometry": { "type": "Point", "coordinates": [ -93.88548981, 18.14921298 ] } },
{ "type": "Feature", "properties": { "pozo": "SANCHEZ MAGALLANES-185A", "campo": "MAGALLANES TUCAN PAJONAL", "entidad": "TABASCO", "ubicacin": "TERRESTRE", "clasificac": "DESARROLLO", "estado_act": "INACTIVO", "tipo_de_hi": "ACEITE", "fecha_inic": "13-OCT-1961", "fecha_fin_": "13-OCT-1961", "profundida": 2645.9, "profundi_1": 2645.9, "trayectori": "VERTICAL", "disponible": "DISPONIBLE" }, "geometry": { "type": "Point", "coordinates": [ -93.88448635, 18.14443984 ] } },
{ "type": "Feature", "properties": { "pozo": "SANCHEZ MAGALLANES-214T", "campo": "MAGALLANES TUCAN PAJONAL", "entidad": "TABASCO", "ubicacin": "TERRESTRE", "clasificac": "DESARROLLO", "estado_act": "INACTIVO", "tipo_de_hi": "ACEITE", "fecha_inic": "17-JUN-1961", "fecha_fin_": "17-JUN-1961", "profundida": 2375.0, "profundi_1": 2375.0, "trayectori": "VERTICAL", "disponible": "DISPONIBLE" }, "geometry": { "type": "Point", "coordinates": [ -93.88172385, 18.15542378 ] } },
{ "type": "Feature", "properties": { "pozo": "SANCHEZ MAGALLANES-227D", "campo": "MAGALLANES TUCAN PAJONAL", "entidad": "TABASCO", "ubicacin": "TERRESTRE", "clasificac": "DESARROLLO", "estado_act": "INACTIVO", "tipo_de_hi": "ACEITE", "fecha_inic": "01-ABR-1962", "fecha_fin_": "01-ABR-1962", "profundida": 3172.2, "profundi_1": 3172.2, "trayectori": "VERTICAL", "disponible": "DISPONIBLE" }, "geometry": { "type": "Point", "coordinates": [ -93.87698623, 18.15712382 ] } },
{ "type": "Feature", "properties": { "pozo": "SANCHEZ MAGALLANES-104", "campo": "MAGALLANES TUCAN PAJONAL", "entidad": "TABASCO", "ubicacin": "TERRESTRE", "clasificac": "DESARROLLO", "estado_act": "INACTIVO", "tipo_de_hi": "ACEITE", "fecha_inic": "11-AGO-1959", "fecha_fin_": "11-AGO-1959", "profundida": 1939.3, "profundi_1": 1939.3, "trayectori": "VERTICAL", "disponible": "DISPONIBLE" }, "geometry": { "type": "Point", "coordinates": [ -93.89678116, 18.16475111 ] } },
{ "type": "Feature", "properties": { "pozo": "SANCHEZ MAGALLANES-129", "campo": "MAGALLANES TUCAN PAJONAL", "entidad": "TABASCO", "ubicacin": "TERRESTRE", "clasificac": "DESARROLLO", "estado_act": "CERRADO", "tipo_de_hi": "ACEITE", "fecha_inic": "05-FEB-1963", "fecha_fin_": "05-FEB-1963", "profundida": 2500.0, "profundi_1": 2500.0, "trayectori": "VERTICAL", "disponible": "DISPONIBLE" }, "geometry": { "type": "Point", "coordinates": [ -93.88258216, 18.16013307 ] } },
{ "type": "Feature", "properties": { "pozo": "SANCHEZ MAGALLANES-214C", "campo": "MAGALLANES TUCAN PAJONAL", "entidad": "TABASCO", "ubicacin": "TERRESTRE", "clasificac": "DESARROLLO", "estado_act": "CERRADO", "tipo_de_hi": "ACEITE", "fecha_inic": "18-JUL-1961", "fecha_fin_": "30-JUL-1961", "profundida": 2200.0, "profundi_1": 2200.0, "trayectori": "VERTICAL", "disponible": "DISPONIBLE" }, "geometry": { "type": "Point", "coordinates": [ -93.88176783, 18.15544527 ] } },
{ "type": "Feature", "properties": { "pozo": "SANCHEZ MAGALLANES-306", "campo": "MAGALLANES TUCAN PAJONAL", "entidad": "TABASCO", "ubicacin": "TERRESTRE", "clasificac": "DESARROLLO", "estado_act": "CERRADO", "tipo_de_hi": "ACEITE", "fecha_inic": "31-JUL-1962", "fecha_fin_": "31-JUL-1962", "profundida": 3495.0, "profundi_1": 3495.0, "trayectori": "VERTICAL", "disponible": "DISPONIBLE" }, "geometry": { "type": "Point", "coordinates": [ -93.8740455, 18.14612264 ] } },
{ "type": "Feature", "properties": { "pozo": "SANCHEZ MAGALLANES-172T", "campo": "MAGALLANES TUCAN PAJONAL", "entidad": "TABASCO", "ubicacin": "TERRESTRE", "clasificac": "DESARROLLO", "estado_act": "INACTIVO", "tipo_de_hi": "ACEITE", "fecha_inic": "13-FEB-1962", "fecha_fin_": "02-MAR-1962", "profundida": 2110.0, "profundi_1": 2110.0, "trayectori": "VERTICAL", "disponible": "DISPONIBLE" }, "geometry": { "type": "Point", "coordinates": [ -93.88818784, 18.14742745 ] } },
{ "type": "Feature", "properties": { "pozo": "CINCO PRESIDENTES-74T", "campo": "CINCO PRESIDENTES", "entidad": "TABASCO", "ubicacin": "TERRESTRE", "clasificac": "DESARROLLO", "estado_act": "INACTIVO", "tipo_de_hi": "ACEITE", "fecha_inic": "19-JUL-1964", "fecha_fin_": null, "profundida": 2860.0, "profundi_1": 0.0, "trayectori": "VERTICAL", "disponible": "DISPONIBLE" }, "geometry": { "type": "Point", "coordinates": [ -94.01479957, 18.2122544 ] } },
{ "type": "Feature", "properties": { "pozo": "CINCO PRESIDENTES-75C", "campo": "CINCO PRESIDENTES", "entidad": "TABASCO", "ubicacin": "TERRESTRE", "clasificac": "DESARROLLO", "estado_act": "INACTIVO", "tipo_de_hi": "ACEITE", "fecha_inic": "31-JUL-1964", "fecha_fin_": "27-AGO-1964", "profundida": 3175.0, "profundi_1": 3175.0, "trayectori": "VERTICAL", "disponible": "DISPONIBLE" }, "geometry": { "type": "Point", "coordinates": [ -94.01805531, 18.21755651 ] } },
{ "type": "Feature", "properties": { "pozo": "CINCO PRESIDENTES-75Q", "campo": "CINCO PRESIDENTES", "entidad": "TABASCO", "ubicacin": "TERRESTRE", "clasificac": "DESARROLLO", "estado_act": "INACTIVO", "tipo_de_hi": "ACEITE", "fecha_inic": "28-AGO-1964", "fecha_fin_": "22-SEP-1964", "profundida": 2725.0, "profundi_1": 2725.0, "trayectori": "VERTICAL", "disponible": "DISPONIBLE" }, "geometry": { "type": "Point", "coordinates": [ -94.01800484, 18.21754683 ] } },
{ "type": "Feature", "properties": { "pozo": "CINCO PRESIDENTES-77D", "campo": "CINCO PRESIDENTES", "entidad": "TABASCO", "ubicacin": "TERRESTRE", "clasificac": "DESARROLLO", "estado_act": "INACTIVO", "tipo_de_hi": "ACEITE", "fecha_inic": "12-JUL-1964", "fecha_fin_": "10-AGO-1964", "profundida": 3175.0, "profundi_1": 0.0, "trayectori": "VERTICAL", "disponible": "DISPONIBLE" }, "geometry": { "type": "Point", "coordinates": [ -94.02090383, 18.21589929 ] } },
{ "type": "Feature", "properties": { "pozo": "CINCO PRESIDENTES-81D", "campo": "CINCO PRESIDENTES", "entidad": "TABASCO", "ubicacin": "TERRESTRE", "clasificac": "DESARROLLO", "estado_act": "INACTIVO", "tipo_de_hi": "ACEITE", "fecha_inic": "06-JUL-1964", "fecha_fin_": "25-JUL-1964", "profundida": 3027.2, "profundi_1": 0.0, "trayectori": "VERTICAL", "disponible": "DISPONIBLE" }, "geometry": { "type": "Point", "coordinates": [ -94.01430479, 18.21571289 ] } },
{ "type": "Feature", "properties": { "pozo": "SANCHEZ MAGALLANES-88", "campo": "MAGALLANES TUCAN PAJONAL", "entidad": "TABASCO", "ubicacin": "TERRESTRE", "clasificac": "DESARROLLO", "estado_act": "CERRADO", "tipo_de_hi": "ACEITE", "fecha_inic": "01-DIC-1960", "fecha_fin_": "01-DIC-1960", "profundida": 1500.0, "profundi_1": 1500.0, "trayectori": "VERTICAL", "disponible": "DISPONIBLE" }, "geometry": { "type": "Point", "coordinates": [ -93.89299025, 18.16162638 ] } },
{ "type": "Feature", "properties": { "pozo": "SANCHEZ MAGALLANES-89", "campo": "MAGALLANES TUCAN PAJONAL", "entidad": "TABASCO", "ubicacin": "TERRESTRE", "clasificac": "DESARROLLO", "estado_act": "CERRADO", "tipo_de_hi": "ACEITE", "fecha_inic": "07-ABR-1960", "fecha_fin_": "07-ABR-1960", "profundida": 1800.0, "profundi_1": 1800.0, "trayectori": "VERTICAL", "disponible": "DISPONIBLE" }, "geometry": { "type": "Point", "coordinates": [ -93.89115325, 18.16166301 ] } },
{ "type": "Feature", "properties": { "pozo": "SANCHEZ MAGALLANES-89D", "campo": "MAGALLANES TUCAN PAJONAL", "entidad": "TABASCO", "ubicacin": "TERRESTRE", "clasificac": "DESARROLLO", "estado_act": "CERRADO", "tipo_de_hi": "ACEITE", "fecha_inic": "13-MAY-1960", "fecha_fin_": "13-MAY-1960", "profundida": 1510.0, "profundi_1": 1510.0, "trayectori": "VERTICAL", "disponible": "DISPONIBLE" }, "geometry": { "type": "Point", "coordinates": [ -93.89112266, 18.16168972 ] } },
{ "type": "Feature", "properties": { "pozo": "SANCHEZ MAGALLANES-92", "campo": "MAGALLANES TUCAN PAJONAL", "entidad": "TABASCO", "ubicacin": "TERRESTRE", "clasificac": "DESARROLLO", "estado_act": "CERRADO", "tipo_de_hi": "ACEITE", "fecha_inic": "18-JUN-1961", "fecha_fin_": "18-JUN-1961", "profundida": 1680.0, "profundi_1": 1680.0, "trayectori": "VERTICAL", "disponible": "DISPONIBLE" }, "geometry": { "type": "Point", "coordinates": [ -93.90520979, 18.16317658 ] } },
{ "type": "Feature", "properties": { "pozo": "SANCHEZ MAGALLANES-93", "campo": "MAGALLANES TUCAN PAJONAL", "entidad": "TABASCO", "ubicacin": "TERRESTRE", "clasificac": "DESARROLLO", "estado_act": "CERRADO", "tipo_de_hi": "ACEITE", "fecha_inic": "28-JUN-1961", "fecha_fin_": "28-JUN-1961", "profundida": 1670.0, "profundi_1": 1670.0, "trayectori": "VERTICAL", "disponible": "DISPONIBLE" }, "geometry": { "type": "Point", "coordinates": [ -93.90347442, 18.16315925 ] } },
{ "type": "Feature", "properties": { "pozo": "SANCHEZ MAGALLANES-94", "campo": "MAGALLANES TUCAN PAJONAL", "entidad": "TABASCO", "ubicacin": "TERRESTRE", "clasificac": "DESARROLLO", "estado_act": "CERRADO", "tipo_de_hi": "ACEITE", "fecha_inic": "01-JUL-1962", "fecha_fin_": "01-JUL-1962", "profundida": 1480.0, "profundi_1": 1480.0, "trayectori": "VERTICAL", "disponible": "DISPONIBLE" }, "geometry": { "type": "Point", "coordinates": [ -93.90146033, 18.16312117 ] } },
{ "type": "Feature", "properties": { "pozo": "SANCHEZ MAGALLANES-95", "campo": "MAGALLANES TUCAN PAJONAL", "entidad": "TABASCO", "ubicacin": "TERRESTRE", "clasificac": "DESARROLLO", "estado_act": "INACTIVO", "tipo_de_hi": "ACEITE", "fecha_inic": "11-NOV-1960", "fecha_fin_": "11-NOV-1960", "profundida": 1500.0, "profundi_1": 1500.0, "trayectori": "VERTICAL", "disponible": "DISPONIBLE" }, "geometry": { "type": "Point", "coordinates": [ -93.89960961, 18.16317647 ] } },
{ "type": "Feature", "properties": { "pozo": "SANCHEZ MAGALLANES-96", "campo": "MAGALLANES TUCAN PAJONAL", "entidad": "TABASCO", "ubicacin": "TERRESTRE", "clasificac": "DESARROLLO", "estado_act": "CERRADO", "tipo_de_hi": null, "fecha_inic": "23-FEB-1959", "fecha_fin_": "23-FEB-1959", "profundida": 2250.0, "profundi_1": 2250.0, "trayectori": "VERTICAL", "disponible": "DISPONIBLE" }, "geometry": { "type": "Point", "coordinates": [ -93.91184342, 18.16465902 ] } },
{ "type": "Feature", "properties": { "pozo": "SANCHEZ MAGALLANES-99", "campo": "MAGALLANES TUCAN PAJONAL", "entidad": "TABASCO", "ubicacin": "TERRESTRE", "clasificac": "DESARROLLO", "estado_act": "CERRADO", "tipo_de_hi": null, "fecha_inic": "16-JUL-1961", "fecha_fin_": "16-JUL-1961", "profundida": 1675.0, "profundi_1": 1675.0, "trayectori": "VERTICAL", "disponible": "DISPONIBLE" }, "geometry": { "type": "Point", "coordinates": [ -93.90623266, 18.16470499 ] } },
{ "type": "Feature", "properties": { "pozo": "SANCHEZ MAGALLANES-101", "campo": "MAGALLANES TUCAN PAJONAL", "entidad": "TABASCO", "ubicacin": "TERRESTRE", "clasificac": "DESARROLLO", "estado_act": "CERRADO", "tipo_de_hi": "ACEITE", "fecha_inic": "15-DIC-1960", "fecha_fin_": "15-DIC-1960", "profundida": 1665.0, "profundi_1": 1665.0, "trayectori": "VERTICAL", "disponible": "DISPONIBLE" }, "geometry": { "type": "Point", "coordinates": [ -93.90296055, 18.16475048 ] } },
{ "type": "Feature", "properties": { "pozo": "SANCHEZ MAGALLANES-256D", "campo": "MAGALLANES TUCAN PAJONAL", "entidad": "TABASCO", "ubicacin": "TERRESTRE", "clasificac": "DESARROLLO", "estado_act": "CERRADO", "tipo_de_hi": "ACEITE", "fecha_inic": "25-FEB-1963", "fecha_fin_": "25-FEB-1963", "profundida": 2350.0, "profundi_1": 2350.0, "trayectori": "VERTICAL", "disponible": "DISPONIBLE" }, "geometry": { "type": "Point", "coordinates": [ -93.88631647, 18.14447914 ] } },
{ "type": "Feature", "properties": { "pozo": "SANCHEZ MAGALLANES-273D", "campo": "MAGALLANES TUCAN PAJONAL", "entidad": "TABASCO", "ubicacin": "TERRESTRE", "clasificac": "DESARROLLO", "estado_act": "CERRADO", "tipo_de_hi": "ACEITE", "fecha_inic": "18-AGO-1962", "fecha_fin_": "18-AGO-1962", "profundida": 2580.0, "profundi_1": 2580.0, "trayectori": "VERTICAL", "disponible": "DISPONIBLE" }, "geometry": { "type": "Point", "coordinates": [ -93.87880371, 18.15078763 ] } },
{ "type": "Feature", "properties": { "pozo": "SANCHEZ MAGALLANES-284", "campo": "MAGALLANES TUCAN PAJONAL", "entidad": "TABASCO", "ubicacin": "TERRESTRE", "clasificac": "DESARROLLO", "estado_act": "SUSPENDIDO", "tipo_de_hi": "ACEITE", "fecha_inic": "12-FEB-1963", "fecha_fin_": "12-FEB-1963", "profundida": 2230.0, "profundi_1": 2230.0, "trayectori": "VERTICAL", "disponible": "DISPONIBLE" }, "geometry": { "type": "Point", "coordinates": [ -93.89010025, 18.14442597 ] } },
{ "type": "Feature", "properties": { "pozo": "SANCHEZ MAGALLANES-331", "campo": "MAGALLANES TUCAN PAJONAL", "entidad": "TABASCO", "ubicacin": "TERRESTRE", "clasificac": "DESARROLLO", "estado_act": "CERRADO", "tipo_de_hi": "ACEITE", "fecha_inic": "30-MAR-1963", "fecha_fin_": "30-MAR-1963", "profundida": 2703.2, "profundi_1": 2703.2, "trayectori": "VERTICAL", "disponible": "DISPONIBLE" }, "geometry": { "type": "Point", "coordinates": [ -93.87028978, 18.1460304 ] } },
{ "type": "Feature", "properties": { "pozo": "SANCHEZ MAGALLANES-404", "campo": "MAGALLANES TUCAN PAJONAL", "entidad": "TABASCO", "ubicacin": "TERRESTRE", "clasificac": "DESARROLLO", "estado_act": "CERRADO", "tipo_de_hi": "ACEITE", "fecha_inic": "19-MAY-1958", "fecha_fin_": "19-MAY-1958", "profundida": 1065.0, "profundi_1": 1065.0, "trayectori": "VERTICAL", "disponible": "DISPONIBLE" }, "geometry": { "type": "Point", "coordinates": [ -93.90249575, 18.15544836 ] } },
{ "type": "Feature", "properties": { "pozo": "SANCHEZ MAGALLANES-618", "campo": "MAGALLANES TUCAN PAJONAL", "entidad": "TABASCO", "ubicacin": "TERRESTRE", "clasificac": "DESARROLLO", "estado_act": "INACTIVO", "tipo_de_hi": "ACEITE", "fecha_inic": "22-ENE-1972", "fecha_fin_": "22-ENE-1972", "profundida": 3527.0, "profundi_1": 3527.0, "trayectori": "VERTICAL", "disponible": "DISPONIBLE" }, "geometry": { "type": "Point", "coordinates": [ -93.85657592, 18.18592447 ] } },
{ "type": "Feature", "properties": { "pozo": "SANCHEZ MAGALLANES-726", "campo": "MAGALLANES TUCAN PAJONAL", "entidad": "TABASCO", "ubicacin": "TERRESTRE", "clasificac": "DESARROLLO", "estado_act": "INACTIVO", "tipo_de_hi": "ACEITE", "fecha_inic": "15-JUL-1985", "fecha_fin_": "15-JUL-1985", "profundida": 2396.0, "profundi_1": 0.0, "trayectori": "VERTICAL", "disponible": "DISPONIBLE" }, "geometry": { "type": "Point", "coordinates": [ -93.88635386, 18.20085097 ] } },
{ "type": "Feature", "properties": { "pozo": "SANCHEZ MAGALLANES-127D", "campo": "MAGALLANES TUCAN PAJONAL", "entidad": "TABASCO", "ubicacin": "TERRESTRE", "clasificac": "DESARROLLO", "estado_act": "CERRADO", "tipo_de_hi": "ACEITE", "fecha_inic": "28-JUN-1961", "fecha_fin_": "28-JUN-1961", "profundida": 2500.0, "profundi_1": 2500.0, "trayectori": "VERTICAL", "disponible": "DISPONIBLE" }, "geometry": { "type": "Point", "coordinates": [ -93.88530753, 18.13962902 ] } },
{ "type": "Feature", "properties": { "pozo": "SANCHEZ MAGALLANES-143T", "campo": "MAGALLANES TUCAN PAJONAL", "entidad": "TABASCO", "ubicacin": "TERRESTRE", "clasificac": "DESARROLLO", "estado_act": "CERRADO", "tipo_de_hi": "ACEITE", "fecha_inic": "25-JUL-1961", "fecha_fin_": "25-JUL-1961", "profundida": 2210.0, "profundi_1": 2210.0, "trayectori": "VERTICAL", "disponible": "DISPONIBLE" }, "geometry": { "type": "Point", "coordinates": [ -93.8872352, 18.14919952 ] } },
{ "type": "Feature", "properties": { "pozo": "SANCHEZ MAGALLANES-722", "campo": "MAGALLANES TUCAN PAJONAL", "entidad": "TABASCO", "ubicacin": "TERRESTRE", "clasificac": "DESARROLLO", "estado_act": "INACTIVO", "tipo_de_hi": "ACEITE", "fecha_inic": "10-SEP-1970", "fecha_fin_": "10-SEP-1970", "profundida": 2700.0, "profundi_1": 0.0, "trayectori": "VERTICAL", "disponible": "DISPONIBLE" }, "geometry": { "type": "Point", "coordinates": [ -93.87980034, 18.20358618 ] } },
{ "type": "Feature", "properties": { "pozo": "CINCO PRESIDENTES-572", "campo": "CINCO PRESIDENTES", "entidad": "TABASCO", "ubicacin": "TERRESTRE", "clasificac": "DESARROLLO", "estado_act": "INACTIVO", "tipo_de_hi": "ACEITE", "fecha_inic": "22-DIC-1982", "fecha_fin_": "15-ENE-1983", "profundida": 2250.0, "profundi_1": 0.0, "trayectori": "VERTICAL", "disponible": "DISPONIBLE" }, "geometry": { "type": "Point", "coordinates": [ -94.00484025, 18.17944882 ] } },
{ "type": "Feature", "properties": { "pozo": "SANCHEZ MAGALLANES-268", "campo": "MAGALLANES TUCAN PAJONAL", "entidad": "TABASCO", "ubicacin": "TERRESTRE", "clasificac": "DESARROLLO", "estado_act": "CERRADO", "tipo_de_hi": "ACEITE", "fecha_inic": "17-AGO-1962", "fecha_fin_": "17-AGO-1962", "profundida": 2839.2, "profundi_1": 2839.2, "trayectori": "VERTICAL", "disponible": "DISPONIBLE" }, "geometry": { "type": "Point", "coordinates": [ -93.88072055, 18.16325525 ] } },
{ "type": "Feature", "properties": { "pozo": "SANCHEZ MAGALLANES-282", "campo": "MAGALLANES TUCAN PAJONAL", "entidad": "TABASCO", "ubicacin": "TERRESTRE", "clasificac": "DESARROLLO", "estado_act": "CERRADO", "tipo_de_hi": "ACEITE", "fecha_inic": "02-JUN-1962", "fecha_fin_": "02-JUN-1962", "profundida": 2852.0, "profundi_1": 2852.0, "trayectori": "VERTICAL", "disponible": "DISPONIBLE" }, "geometry": { "type": "Point", "coordinates": [ -93.8778193, 18.14923123 ] } },
{ "type": "Feature", "properties": { "pozo": "CINCO PRESIDENTES-96D", "campo": "CINCO PRESIDENTES", "entidad": "TABASCO", "ubicacin": "TERRESTRE", "clasificac": "DESARROLLO", "estado_act": "INACTIVO", "tipo_de_hi": "ACEITE", "fecha_inic": "04-AGO-1964", "fecha_fin_": "05-SEP-1964", "profundida": 3135.3, "profundi_1": 3135.3, "trayectori": "VERTICAL", "disponible": "DISPONIBLE" }, "geometry": { "type": "Point", "coordinates": [ -94.02429837, 18.21059437 ] } },
{ "type": "Feature", "properties": { "pozo": "CINCO PRESIDENTES-152", "campo": "CINCO PRESIDENTES", "entidad": "TABASCO", "ubicacin": "TERRESTRE", "clasificac": "DESARROLLO", "estado_act": "INACTIVO", "tipo_de_hi": "ACEITE", "fecha_inic": "29-MAY-1964", "fecha_fin_": "20-JUN-1964", "profundida": 2800.0, "profundi_1": 2800.0, "trayectori": "VERTICAL", "disponible": "DISPONIBLE" }, "geometry": { "type": "Point", "coordinates": [ -94.00970319, 18.20739029 ] } },
{ "type": "Feature", "properties": { "pozo": "CINCO PRESIDENTES-153", "campo": "CINCO PRESIDENTES", "entidad": "TABASCO", "ubicacin": "TERRESTRE", "clasificac": "DESARROLLO", "estado_act": "INACTIVO", "tipo_de_hi": "ACEITE", "fecha_inic": "13-SEP-1964", "fecha_fin_": "01-OCT-1964", "profundida": 2450.0, "profundi_1": 0.0, "trayectori": "VERTICAL", "disponible": "DISPONIBLE" }, "geometry": { "type": "Point", "coordinates": [ -94.01463484, 18.20663587 ] } },
{ "type": "Feature", "properties": { "pozo": "CINCO PRESIDENTES-153D", "campo": "CINCO PRESIDENTES", "entidad": "TABASCO", "ubicacin": "TERRESTRE", "clasificac": "DESARROLLO", "estado_act": "INACTIVO", "tipo_de_hi": "ACEITE", "fecha_inic": "24-OCT-1964", "fecha_fin_": "18-NOV-1964", "profundida": 2110.0, "profundi_1": 0.0, "trayectori": "VERTICAL", "disponible": "DISPONIBLE" }, "geometry": { "type": "Point", "coordinates": [ -94.01458699, 18.20673463 ] } },
{ "type": "Feature", "properties": { "pozo": "CINCO PRESIDENTES-153T", "campo": "CINCO PRESIDENTES", "entidad": "TABASCO", "ubicacin": "TERRESTRE", "clasificac": "DESARROLLO", "estado_act": "INACTIVO", "tipo_de_hi": "ACEITE", "fecha_inic": "06-ABR-1978", "fecha_fin_": "15-MAY-1978", "profundida": 2772.0, "profundi_1": 2772.0, "trayectori": "VERTICAL", "disponible": "DISPONIBLE" }, "geometry": { "type": "Point", "coordinates": [ -94.01464107, 18.20673344 ] } },
{ "type": "Feature", "properties": { "pozo": "CINCO PRESIDENTES-155", "campo": "CINCO PRESIDENTES", "entidad": "TABASCO", "ubicacin": "TERRESTRE", "clasificac": "DESARROLLO", "estado_act": "INACTIVO", "tipo_de_hi": "ACEITE", "fecha_inic": "30-MAY-1964", "fecha_fin_": "17-JUN-1964", "profundida": 2780.0, "profundi_1": 0.0, "trayectori": "VERTICAL", "disponible": "DISPONIBLE" }, "geometry": { "type": "Point", "coordinates": [ -94.01633007, 18.20576202 ] } },
{ "type": "Feature", "properties": { "pozo": "CINCO PRESIDENTES-156", "campo": "CINCO PRESIDENTES", "entidad": "TABASCO", "ubicacin": "TERRESTRE", "clasificac": "DESARROLLO", "estado_act": "INACTIVO", "tipo_de_hi": "ACEITE", "fecha_inic": "30-ENE-1965", "fecha_fin_": "24-FEB-1965", "profundida": 2325.0, "profundi_1": 0.0, "trayectori": "VERTICAL", "disponible": "DISPONIBLE" }, "geometry": { "type": "Point", "coordinates": [ -94.01300034, 18.20575071 ] } },
{ "type": "Feature", "properties": { "pozo": "CINCO PRESIDENTES-157", "campo": "CINCO PRESIDENTES", "entidad": "TABASCO", "ubicacin": "TERRESTRE", "clasificac": "DESARROLLO", "estado_act": "INACTIVO", "tipo_de_hi": "ACEITE", "fecha_inic": "12-JUN-1964", "fecha_fin_": "03-JUL-1964", "profundida": 2620.0, "profundi_1": 0.0, "trayectori": "VERTICAL", "disponible": "DISPONIBLE" }, "geometry": { "type": "Point", "coordinates": [ -94.00980922, 18.20550816 ] } },
{ "type": "Feature", "properties": { "pozo": "CINCO PRESIDENTES-158", "campo": "CINCO PRESIDENTES", "entidad": "TABASCO", "ubicacin": "TERRESTRE", "clasificac": "DESARROLLO", "estado_act": "INACTIVO", "tipo_de_hi": "ACEITE", "fecha_inic": "20-JUN-1964", "fecha_fin_": "13-JUL-1964", "profundida": 2550.0, "profundi_1": 0.0, "trayectori": "VERTICAL", "disponible": "DISPONIBLE" }, "geometry": { "type": "Point", "coordinates": [ -94.01139649, 18.20471807 ] } },
{ "type": "Feature", "properties": { "pozo": "CINCO PRESIDENTES-158D", "campo": "CINCO PRESIDENTES", "entidad": "TABASCO", "ubicacin": "TERRESTRE", "clasificac": "DESARROLLO", "estado_act": "INACTIVO", "tipo_de_hi": "ACEITE", "fecha_inic": "16-AGO-1964", "fecha_fin_": "31-AGO-1964", "profundida": 2050.0, "profundi_1": 0.0, "trayectori": "VERTICAL", "disponible": "DISPONIBLE" }, "geometry": { "type": "Point", "coordinates": [ -94.01139009, 18.20482203 ] } },
{ "type": "Feature", "properties": { "pozo": "SANCHEZ MAGALLANES-102", "campo": "MAGALLANES TUCAN PAJONAL", "entidad": "TABASCO", "ubicacin": "TERRESTRE", "clasificac": "DESARROLLO", "estado_act": "CERRADO", "tipo_de_hi": "ACEITE", "fecha_inic": "11-JUN-1959", "fecha_fin_": "11-JUN-1959", "profundida": 1744.2, "profundi_1": 1744.2, "trayectori": "VERTICAL", "disponible": "DISPONIBLE" }, "geometry": { "type": "Point", "coordinates": [ -93.90053926, 18.16471403 ] } },
{ "type": "Feature", "properties": { "pozo": "SANCHEZ MAGALLANES-103", "campo": "MAGALLANES TUCAN PAJONAL", "entidad": "TABASCO", "ubicacin": "TERRESTRE", "clasificac": "DESARROLLO", "estado_act": "CERRADO", "tipo_de_hi": "ACEITE", "fecha_inic": "25-OCT-1960", "fecha_fin_": "25-OCT-1960", "profundida": 1510.0, "profundi_1": 1510.0, "trayectori": "VERTICAL", "disponible": "DISPONIBLE" }, "geometry": { "type": "Point", "coordinates": [ -93.89867063, 18.164746 ] } },
{ "type": "Feature", "properties": { "pozo": "SANCHEZ MAGALLANES-105", "campo": "MAGALLANES TUCAN PAJONAL", "entidad": "TABASCO", "ubicacin": "TERRESTRE", "clasificac": "DESARROLLO", "estado_act": "CERRADO", "tipo_de_hi": "ACEITE", "fecha_inic": "06-OCT-1960", "fecha_fin_": "06-OCT-1960", "profundida": 1530.0, "profundi_1": 1530.0, "trayectori": "VERTICAL", "disponible": "DISPONIBLE" }, "geometry": { "type": "Point", "coordinates": [ -93.89489538, 18.16475827 ] } },
{ "type": "Feature", "properties": { "pozo": "SANCHEZ MAGALLANES-106", "campo": "MAGALLANES TUCAN PAJONAL", "entidad": "TABASCO", "ubicacin": "TERRESTRE", "clasificac": "DESARROLLO", "estado_act": "CERRADO", "tipo_de_hi": "ACEITE", "fecha_inic": "22-DIC-1959", "fecha_fin_": "13-ENE-1960", "profundida": 1850.0, "profundi_1": 1850.0, "trayectori": "VERTICAL", "disponible": "DISPONIBLE" }, "geometry": { "type": "Point", "coordinates": [ -93.89299985, 18.16476185 ] } },
{ "type": "Feature", "properties": { "pozo": "SANCHEZ MAGALLANES-108", "campo": "MAGALLANES TUCAN PAJONAL", "entidad": "TABASCO", "ubicacin": "TERRESTRE", "clasificac": "DESARROLLO", "estado_act": "CERRADO", "tipo_de_hi": "ACEITE", "fecha_inic": "11-JUL-1961", "fecha_fin_": "11-JUL-1961", "profundida": 1700.0, "profundi_1": 1700.0, "trayectori": "VERTICAL", "disponible": "DISPONIBLE" }, "geometry": { "type": "Point", "coordinates": [ -93.88920483, 18.16477176 ] } },
{ "type": "Feature", "properties": { "pozo": "SANCHEZ MAGALLANES-113", "campo": "MAGALLANES TUCAN PAJONAL", "entidad": "TABASCO", "ubicacin": "TERRESTRE", "clasificac": "DESARROLLO", "estado_act": "CERRADO", "tipo_de_hi": "ACEITE", "fecha_inic": "03-MAR-1963", "fecha_fin_": "14-MAR-1963", "profundida": 1856.0, "profundi_1": 1856.0, "trayectori": "VERTICAL", "disponible": "DISPONIBLE" }, "geometry": { "type": "Point", "coordinates": [ -93.8920326, 18.15073614 ] } },
{ "type": "Feature", "properties": { "pozo": "SANCHEZ MAGALLANES-114", "campo": "MAGALLANES TUCAN PAJONAL", "entidad": "TABASCO", "ubicacin": "TERRESTRE", "clasificac": "DESARROLLO", "estado_act": "CERRADO", "tipo_de_hi": null, "fecha_inic": "05-JUL-1962", "fecha_fin_": "05-JUL-1962", "profundida": 1796.8, "profundi_1": 1796.8, "trayectori": "VERTICAL", "disponible": "DISPONIBLE" }, "geometry": { "type": "Point", "coordinates": [ -93.90178199, 18.16664586 ] } },
{ "type": "Feature", "properties": { "pozo": "SANCHEZ MAGALLANES-116", "campo": "MAGALLANES TUCAN PAJONAL", "entidad": "TABASCO", "ubicacin": "TERRESTRE", "clasificac": "DESARROLLO", "estado_act": "CERRADO", "tipo_de_hi": "ACEITE", "fecha_inic": "06-NOV-1961", "fecha_fin_": "06-NOV-1961", "profundida": 1555.0, "profundi_1": 1555.0, "trayectori": "VERTICAL", "disponible": "DISPONIBLE" }, "geometry": { "type": "Point", "coordinates": [ -93.89958658, 18.16626717 ] } },
{ "type": "Feature", "properties": { "pozo": "SANCHEZ MAGALLANES-119", "campo": "MAGALLANES TUCAN PAJONAL", "entidad": "TABASCO", "ubicacin": "TERRESTRE", "clasificac": "DESARROLLO", "estado_act": "CERRADO", "tipo_de_hi": null, "fecha_inic": "02-MAR-1959", "fecha_fin_": "17-MAR-1959", "profundida": 1575.0, "profundi_1": 1575.0, "trayectori": "VERTICAL", "disponible": "DISPONIBLE" }, "geometry": { "type": "Point", "coordinates": [ -93.90622244, 18.14902651 ] } },
{ "type": "Feature", "properties": { "pozo": "SANCHEZ MAGALLANES-120", "campo": "MAGALLANES TUCAN PAJONAL", "entidad": "TABASCO", "ubicacin": "TERRESTRE", "clasificac": "DESARROLLO", "estado_act": "CERRADO", "tipo_de_hi": "ACEITE", "fecha_inic": "12-JUN-1961", "fecha_fin_": "12-JUN-1961", "profundida": 1525.0, "profundi_1": 1525.0, "trayectori": "VERTICAL", "disponible": "DISPONIBLE" }, "geometry": { "type": "Point", "coordinates": [ -93.89588255, 18.16632803 ] } },
{ "type": "Feature", "properties": { "pozo": "SANCHEZ MAGALLANES-471", "campo": "MAGALLANES TUCAN PAJONAL", "entidad": "TABASCO", "ubicacin": "TERRESTRE", "clasificac": "DESARROLLO", "estado_act": "INACTIVO", "tipo_de_hi": "ACEITE", "fecha_inic": "04-FEB-1970", "fecha_fin_": "31-MAR-1970", "profundida": 3400.0, "profundi_1": 0.0, "trayectori": "VERTICAL", "disponible": "DISPONIBLE" }, "geometry": { "type": "Point", "coordinates": [ -93.87569504, 18.1116051 ] } },
{ "type": "Feature", "properties": { "pozo": "SANCHEZ MAGALLANES-553", "campo": "MAGALLANES TUCAN PAJONAL", "entidad": "TABASCO", "ubicacin": "TERRESTRE", "clasificac": "DESARROLLO", "estado_act": "CERRADO", "tipo_de_hi": null, "fecha_inic": "07-DIC-1966", "fecha_fin_": "07-DIC-1966", "profundida": 2207.65, "profundi_1": 0.0, "trayectori": "VERTICAL", "disponible": "DISPONIBLE" }, "geometry": { "type": "Point", "coordinates": [ -93.88972648, 18.1925798 ] } },
{ "type": "Feature", "properties": { "pozo": "SANCHEZ MAGALLANES-608", "campo": "MAGALLANES TUCAN PAJONAL", "entidad": "TABASCO", "ubicacin": "TERRESTRE", "clasificac": "DESARROLLO", "estado_act": "INACTIVO", "tipo_de_hi": "ACEITE", "fecha_inic": "14-SEP-1970", "fecha_fin_": "14-SEP-1970", "profundida": 3133.0, "profundi_1": 0.0, "trayectori": "VERTICAL", "disponible": "DISPONIBLE" }, "geometry": { "type": "Point", "coordinates": [ -93.86412374, 18.19220409 ] } },
{ "type": "Feature", "properties": { "pozo": "SANCHEZ MAGALLANES-367", "campo": "MAGALLANES TUCAN PAJONAL", "entidad": "TABASCO", "ubicacin": "TERRESTRE", "clasificac": "DESARROLLO", "estado_act": "CERRADO", "tipo_de_hi": "ACEITE", "fecha_inic": "01-JUL-1963", "fecha_fin_": "01-JUL-1963", "profundida": 3270.0, "profundi_1": 3270.0, "trayectori": "VERTICAL", "disponible": "DISPONIBLE" }, "geometry": { "type": "Point", "coordinates": [ -93.87771546, 18.13666049 ] } },
{ "type": "Feature", "properties": { "pozo": "SANCHEZ MAGALLANES-388", "campo": "MAGALLANES TUCAN PAJONAL", "entidad": "TABASCO", "ubicacin": "TERRESTRE", "clasificac": "DESARROLLO", "estado_act": "CERRADO", "tipo_de_hi": "ACEITE", "fecha_inic": "21-AGO-1963", "fecha_fin_": "21-AGO-1963", "profundida": 3200.0, "profundi_1": 3200.0, "trayectori": "VERTICAL", "disponible": "DISPONIBLE" }, "geometry": { "type": "Point", "coordinates": [ -93.87026292, 18.15540576 ] } },
{ "type": "Feature", "properties": { "pozo": "CINCO PRESIDENTES-58D", "campo": "CINCO PRESIDENTES", "entidad": "TABASCO", "ubicacin": "TERRESTRE", "clasificac": "DESARROLLO", "estado_act": "CERRADO", "tipo_de_hi": "ACEITE", "fecha_inic": "05-MAR-1982", "fecha_fin_": "28-MAR-1982", "profundida": 2412.0, "profundi_1": 0.0, "trayectori": "VERTICAL", "disponible": "DISPONIBLE" }, "geometry": { "type": "Point", "coordinates": [ -93.99945373, 18.18406221 ] } },
{ "type": "Feature", "properties": { "pozo": "RODADOR-1", "campo": "RODADOR", "entidad": "TABASCO", "ubicacin": "TERRESTRE", "clasificac": "EXPLORATORIO", "estado_act": "INACTIVO", "tipo_de_hi": "ACEITE", "fecha_inic": "14-ENE-1971", "fecha_fin_": "29-MAR-1971", "profundida": 3647.0, "profundi_1": 3647.0, "trayectori": "VERTICAL", "disponible": "DISPONIBLE" }, "geometry": { "type": "Point", "coordinates": [ -93.98008739, 18.2291125 ] } },
{ "type": "Feature", "properties": { "pozo": "RODADOR-175", "campo": "RODADOR", "entidad": "TABASCO", "ubicacin": "TERRESTRE", "clasificac": "DESARROLLO", "estado_act": "INACTIVO", "tipo_de_hi": "ACEITE", "fecha_inic": "16-MAY-1978", "fecha_fin_": "02-OCT-1978", "profundida": 3456.0, "profundi_1": 3456.0, "trayectori": "VERTICAL", "disponible": "DISPONIBLE" }, "geometry": { "type": "Point", "coordinates": [ -93.97366314, 18.21114843 ] } },
{ "type": "Feature", "properties": { "pozo": "RODADOR-177", "campo": "RODADOR", "entidad": "TABASCO", "ubicacin": "TERRESTRE", "clasificac": "DESARROLLO", "estado_act": "INACTIVO", "tipo_de_hi": "ACEITE", "fecha_inic": "07-MAR-1978", "fecha_fin_": "29-ABR-1978", "profundida": 3566.0, "profundi_1": 3566.0, "trayectori": "VERTICAL", "disponible": "DISPONIBLE" }, "geometry": { "type": "Point", "coordinates": [ -93.97054358, 18.21303065 ] } },
{ "type": "Feature", "properties": { "pozo": "CINCO PRESIDENTES-159", "campo": "CINCO PRESIDENTES", "entidad": "TABASCO", "ubicacin": "TERRESTRE", "clasificac": "DESARROLLO", "estado_act": "INACTIVO", "tipo_de_hi": "ACEITE", "fecha_inic": "04-JUN-1964", "fecha_fin_": "10-JUL-1964", "profundida": 2675.0, "profundi_1": 0.0, "trayectori": "VERTICAL", "disponible": "DISPONIBLE" }, "geometry": { "type": "Point", "coordinates": [ -94.01639247, 18.20393344 ] } },
{ "type": "Feature", "properties": { "pozo": "CINCO PRESIDENTES-159D", "campo": "CINCO PRESIDENTES", "entidad": "TABASCO", "ubicacin": "TERRESTRE", "clasificac": "DESARROLLO", "estado_act": "INACTIVO", "tipo_de_hi": "ACEITE", "fecha_inic": "28-OCT-1964", "fecha_fin_": "17-NOV-1964", "profundida": 2591.0, "profundi_1": 0.0, "trayectori": "VERTICAL", "disponible": "DISPONIBLE" }, "geometry": { "type": "Point", "coordinates": [ -94.01630889, 18.20406583 ] } },
{ "type": "Feature", "properties": { "pozo": "SANCHEZ MAGALLANES-7", "campo": "MAGALLANES TUCAN PAJONAL", "entidad": "TABASCO", "ubicacin": "TERRESTRE", "clasificac": "DESARROLLO", "estado_act": "CERRADO", "tipo_de_hi": "ACEITE", "fecha_inic": "06-JUL-1958", "fecha_fin_": "06-JUL-1958", "profundida": 1560.0, "profundi_1": 1560.0, "trayectori": "VERTICAL", "disponible": "DISPONIBLE" }, "geometry": { "type": "Point", "coordinates": [ -93.89861915, 18.15534423 ] } },
{ "type": "Feature", "properties": { "pozo": "SANCHEZ MAGALLANES-27D", "campo": "MAGALLANES TUCAN PAJONAL", "entidad": "TABASCO", "ubicacin": "TERRESTRE", "clasificac": "DESARROLLO", "estado_act": "CERRADO", "tipo_de_hi": "ACEITE", "fecha_inic": "15-JUN-1961", "fecha_fin_": "02-JUL-1961", "profundida": 1247.0, "profundi_1": 1247.0, "trayectori": "VERTICAL", "disponible": "DISPONIBLE" }, "geometry": { "type": "Point", "coordinates": [ -93.90139834, 18.15378172 ] } },
{ "type": "Feature", "properties": { "pozo": "SANCHEZ MAGALLANES-28D", "campo": "MAGALLANES TUCAN PAJONAL", "entidad": "TABASCO", "ubicacin": "TERRESTRE", "clasificac": "DESARROLLO", "estado_act": "CERRADO", "tipo_de_hi": "ACEITE", "fecha_inic": "02-AGO-1960", "fecha_fin_": "10-AGO-1960", "profundida": 1175.0, "profundi_1": 1175.0, "trayectori": "VERTICAL", "disponible": "DISPONIBLE" }, "geometry": { "type": "Point", "coordinates": [ -93.89958981, 18.15374907 ] } },
{ "type": "Feature", "properties": { "pozo": "SANCHEZ MAGALLANES-38D", "campo": "MAGALLANES TUCAN PAJONAL", "entidad": "TABASCO", "ubicacin": "TERRESTRE", "clasificac": "DESARROLLO", "estado_act": "CERRADO", "tipo_de_hi": "ACEITE", "fecha_inic": "14-JUL-1961", "fecha_fin_": "14-JUL-1961", "profundida": 1180.0, "profundi_1": 1180.0, "trayectori": "VERTICAL", "disponible": "DISPONIBLE" }, "geometry": { "type": "Point", "coordinates": [ -93.90424451, 18.1553616 ] } },
{ "type": "Feature", "properties": { "pozo": "SANCHEZ MAGALLANES-50D", "campo": "MAGALLANES TUCAN PAJONAL", "entidad": "TABASCO", "ubicacin": "TERRESTRE", "clasificac": "DESARROLLO", "estado_act": "INACTIVO", "tipo_de_hi": "ACEITE", "fecha_inic": "26-ENE-1961", "fecha_fin_": "03-FEB-1961", "profundida": 1130.0, "profundi_1": 1130.0, "trayectori": "VERTICAL", "disponible": "DISPONIBLE" }, "geometry": { "type": "Point", "coordinates": [ -93.90156442, 18.15685509 ] } },
{ "type": "Feature", "properties": { "pozo": "SANCHEZ MAGALLANES-51D", "campo": "MAGALLANES TUCAN PAJONAL", "entidad": "TABASCO", "ubicacin": "TERRESTRE", "clasificac": "DESARROLLO", "estado_act": "CERRADO", "tipo_de_hi": "ACEITE", "fecha_inic": "03-AGO-1960", "fecha_fin_": "03-AGO-1960", "profundida": 1175.0, "profundi_1": 1175.0, "trayectori": "VERTICAL", "disponible": "DISPONIBLE" }, "geometry": { "type": "Point", "coordinates": [ -93.89964478, 18.15691586 ] } },
{ "type": "Feature", "properties": { "pozo": "SANCHEZ MAGALLANES-52D", "campo": "MAGALLANES TUCAN PAJONAL", "entidad": "TABASCO", "ubicacin": "TERRESTRE", "clasificac": "DESARROLLO", "estado_act": "CERRADO", "tipo_de_hi": "ACEITE", "fecha_inic": "02-JUL-1961", "fecha_fin_": "02-JUL-1961", "profundida": 1250.0, "profundi_1": 1250.0, "trayectori": "VERTICAL", "disponible": "DISPONIBLE" }, "geometry": { "type": "Point", "coordinates": [ -93.89778264, 18.15688751 ] } },
{ "type": "Feature", "properties": { "pozo": "SANCHEZ MAGALLANES-422D", "campo": "MAGALLANES TUCAN PAJONAL", "entidad": "TABASCO", "ubicacin": "TERRESTRE", "clasificac": "DESARROLLO", "estado_act": "CERRADO", "tipo_de_hi": "ACEITE", "fecha_inic": "10-SEP-1981", "fecha_fin_": "14-NOV-1981", "profundida": 3205.0, "profundi_1": 3205.0, "trayectori": "VERTICAL", "disponible": "DISPONIBLE" }, "geometry": { "type": "Point", "coordinates": [ -93.87312729, 18.1413569 ] } },
{ "type": "Feature", "properties": { "pozo": "SANCHEZ MAGALLANES-126", "campo": "MAGALLANES TUCAN PAJONAL", "entidad": "TABASCO", "ubicacin": "TERRESTRE", "clasificac": "DESARROLLO", "estado_act": "CERRADO", "tipo_de_hi": "ACEITE", "fecha_inic": "15-NOV-1960", "fecha_fin_": "15-NOV-1960", "profundida": 2128.7, "profundi_1": 2128.7, "trayectori": "VERTICAL", "disponible": "DISPONIBLE" }, "geometry": { "type": "Point", "coordinates": [ -93.8929119, 18.1397394 ] } },
{ "type": "Feature", "properties": { "pozo": "SANCHEZ MAGALLANES-127", "campo": "MAGALLANES TUCAN PAJONAL", "entidad": "TABASCO", "ubicacin": "TERRESTRE", "clasificac": "DESARROLLO", "estado_act": "CERRADO", "tipo_de_hi": "ACEITE", "fecha_inic": "11-ABR-1961", "fecha_fin_": "11-ABR-1961", "profundida": 2673.4, "profundi_1": 2673.4, "trayectori": "VERTICAL", "disponible": "DISPONIBLE" }, "geometry": { "type": "Point", "coordinates": [ -93.88531928, 18.13969052 ] } },
{ "type": "Feature", "properties": { "pozo": "SANCHEZ MAGALLANES-128", "campo": "MAGALLANES TUCAN PAJONAL", "entidad": "TABASCO", "ubicacin": "TERRESTRE", "clasificac": "DESARROLLO", "estado_act": "CERRADO", "tipo_de_hi": null, "fecha_inic": "05-JUL-1961", "fecha_fin_": "05-JUL-1961", "profundida": 1600.0, "profundi_1": 1600.0, "trayectori": "VERTICAL", "disponible": "DISPONIBLE" }, "geometry": { "type": "Point", "coordinates": [ -93.8920437, 18.16635139 ] } },
{ "type": "Feature", "properties": { "pozo": "SANCHEZ MAGALLANES-131", "campo": "MAGALLANES TUCAN PAJONAL", "entidad": "TABASCO", "ubicacin": "TERRESTRE", "clasificac": "DESARROLLO", "estado_act": "CERRADO", "tipo_de_hi": "ACEITE", "fecha_inic": "29-NOV-1961", "fecha_fin_": "29-NOV-1961", "profundida": 3061.2, "profundi_1": 3061.2, "trayectori": "VERTICAL", "disponible": "DISPONIBLE" }, "geometry": { "type": "Point", "coordinates": [ -93.87972665, 18.15862837 ] } },
{ "type": "Feature", "properties": { "pozo": "SANCHEZ MAGALLANES-132", "campo": "MAGALLANES TUCAN PAJONAL", "entidad": "TABASCO", "ubicacin": "TERRESTRE", "clasificac": "DESARROLLO", "estado_act": "CERRADO", "tipo_de_hi": "ACEITE", "fecha_inic": "20-FEB-1963", "fecha_fin_": null, "profundida": 2440.0, "profundi_1": 2440.0, "trayectori": "VERTICAL", "disponible": "DISPONIBLE" }, "geometry": { "type": "Point", "coordinates": [ -93.88349459, 18.15855877 ] } },
{ "type": "Feature", "properties": { "pozo": "SANCHEZ MAGALLANES-133", "campo": "MAGALLANES TUCAN PAJONAL", "entidad": "TABASCO", "ubicacin": "TERRESTRE", "clasificac": "DESARROLLO", "estado_act": "CERRADO", "tipo_de_hi": "ACEITE", "fecha_inic": "18-MAR-1961", "fecha_fin_": "18-MAR-1961", "profundida": 2670.0, "profundi_1": 2670.0, "trayectori": "VERTICAL", "disponible": "DISPONIBLE" }, "geometry": { "type": "Point", "coordinates": [ -93.88259985, 18.15700975 ] } },
{ "type": "Feature", "properties": { "pozo": "SANCHEZ MAGALLANES-134", "campo": "MAGALLANES TUCAN PAJONAL", "entidad": "TABASCO", "ubicacin": "TERRESTRE", "clasificac": "DESARROLLO", "estado_act": "CERRADO", "tipo_de_hi": "ACEITE", "fecha_inic": "10-SEP-1961", "fecha_fin_": "10-SEP-1961", "profundida": 2740.0, "profundi_1": 2740.0, "trayectori": "VERTICAL", "disponible": "DISPONIBLE" }, "geometry": { "type": "Point", "coordinates": [ -93.88069397, 18.15704452 ] } },
{ "type": "Feature", "properties": { "pozo": "SANCHEZ MAGALLANES-135", "campo": "MAGALLANES TUCAN PAJONAL", "entidad": "TABASCO", "ubicacin": "TERRESTRE", "clasificac": "DESARROLLO", "estado_act": "CERRADO", "tipo_de_hi": "ACEITE", "fecha_inic": "07-ENE-1961", "fecha_fin_": "07-ENE-1961", "profundida": 2348.89, "profundi_1": 2348.9, "trayectori": "VERTICAL", "disponible": "DISPONIBLE" }, "geometry": { "type": "Point", "coordinates": [ -93.88540671, 18.1554055 ] } },
{ "type": "Feature", "properties": { "pozo": "SANCHEZ MAGALLANES-137", "campo": "MAGALLANES TUCAN PAJONAL", "entidad": "TABASCO", "ubicacin": "TERRESTRE", "clasificac": "DESARROLLO", "estado_act": "CERRADO", "tipo_de_hi": "ACEITE", "fecha_inic": "11-AGO-1961", "fecha_fin_": "11-AGO-1961", "profundida": 2321.6, "profundi_1": 2321.6, "trayectori": "VERTICAL", "disponible": "DISPONIBLE" }, "geometry": { "type": "Point", "coordinates": [ -93.88636749, 18.15385103 ] } },
{ "type": "Feature", "properties": { "pozo": "SANCHEZ MAGALLANES-137D", "campo": "MAGALLANES TUCAN PAJONAL", "entidad": "TABASCO", "ubicacin": "TERRESTRE", "clasificac": "DESARROLLO", "estado_act": "CERRADO", "tipo_de_hi": "ACEITE", "fecha_inic": "16-SEP-1961", "fecha_fin_": "04-OCT-1961", "profundida": 2200.0, "profundi_1": 2200.0, "trayectori": "VERTICAL", "disponible": "DISPONIBLE" }, "geometry": { "type": "Point", "coordinates": [ -93.88624825, 18.15384508 ] } },
{ "type": "Feature", "properties": { "pozo": "SANCHEZ MAGALLANES-772", "campo": "MAGALLANES TUCAN PAJONAL", "entidad": "TABASCO", "ubicacin": "TERRESTRE", "clasificac": "DESARROLLO", "estado_act": "INACTIVO", "tipo_de_hi": "ACEITE", "fecha_inic": "10-JUL-1971", "fecha_fin_": "07-OCT-1971", "profundida": 2605.0, "profundi_1": 0.0, "trayectori": "VERTICAL", "disponible": "DISPONIBLE" }, "geometry": { "type": "Point", "coordinates": [ -93.89617113, 18.21277484 ] } },
{ "type": "Feature", "properties": { "pozo": "SANCHEZ MAGALLANES-803", "campo": "MAGALLANES TUCAN PAJONAL", "entidad": "TABASCO", "ubicacin": "TERRESTRE", "clasificac": "DESARROLLO", "estado_act": "CERRADO", "tipo_de_hi": null, "fecha_inic": "17-AGO-1973", "fecha_fin_": "17-AGO-1973", "profundida": 3150.0, "profundi_1": 0.0, "trayectori": "VERTICAL", "disponible": "DISPONIBLE" }, "geometry": { "type": "Point", "coordinates": [ -93.92140708, 18.13155776 ] } },
{ "type": "Feature", "properties": { "pozo": "SANCHEZ MAGALLANES-723", "campo": "MAGALLANES TUCAN PAJONAL", "entidad": "TABASCO", "ubicacin": "TERRESTRE", "clasificac": "DESARROLLO", "estado_act": "INACTIVO", "tipo_de_hi": "ACEITE", "fecha_inic": "09-AGO-1970", "fecha_fin_": "11-OCT-1970", "profundida": 3358.0, "profundi_1": 0.0, "trayectori": "VERTICAL", "disponible": "DISPONIBLE" }, "geometry": { "type": "Point", "coordinates": [ -93.87260021, 18.20703401 ] } },
{ "type": "Feature", "properties": { "pozo": "SANCHEZ MAGALLANES-743", "campo": "MAGALLANES TUCAN PAJONAL", "entidad": "TABASCO", "ubicacin": "TERRESTRE", "clasificac": "DESARROLLO", "estado_act": "INACTIVO", "tipo_de_hi": "ACEITE", "fecha_inic": "14-JUN-1971", "fecha_fin_": "25-AGO-1971", "profundida": 3242.0, "profundi_1": 0.0, "trayectori": "VERTICAL", "disponible": "DISPONIBLE" }, "geometry": { "type": "Point", "coordinates": [ -93.87025077, 18.20566391 ] } },
{ "type": "Feature", "properties": { "pozo": "RODADOR-179", "campo": "RODADOR", "entidad": "TABASCO", "ubicacin": "TERRESTRE", "clasificac": "DESARROLLO", "estado_act": "INACTIVO", "tipo_de_hi": "ACEITE", "fecha_inic": "29-ENE-1979", "fecha_fin_": "23-MAR-1979", "profundida": 3500.0, "profundi_1": 3500.0, "trayectori": "VERTICAL", "disponible": "DISPONIBLE" }, "geometry": { "type": "Point", "coordinates": [ -93.96696447, 18.21484808 ] } },
{ "type": "Feature", "properties": { "pozo": "RODADOR-193", "campo": "RODADOR", "entidad": "TABASCO", "ubicacin": "TERRESTRE", "clasificac": "DESARROLLO", "estado_act": "INACTIVO", "tipo_de_hi": "ACEITE", "fecha_inic": "06-SEP-1977", "fecha_fin_": "09-NOV-1977", "profundida": 3613.0, "profundi_1": 0.0, "trayectori": "VERTICAL", "disponible": "DISPONIBLE" }, "geometry": { "type": "Point", "coordinates": [ -93.97709193, 18.21301042 ] } },
{ "type": "Feature", "properties": { "pozo": "PAILEBOT-1", "campo": "PAILEBOT", "entidad": "TABASCO", "ubicacin": "TERRESTRE", "clasificac": "EXPLORATORIO", "estado_act": "CERRADO", "tipo_de_hi": "ACEITE", "fecha_inic": "15-ENE-1958", "fecha_fin_": "21-MAR-1958", "profundida": 3154.0, "profundi_1": 3153.6, "trayectori": "VERTICAL", "disponible": "DISPONIBLE" }, "geometry": { "type": "Point", "coordinates": [ -93.94181721, 18.21376897 ] } },
{ "type": "Feature", "properties": { "pozo": "PAILEBOT-2", "campo": "PAILEBOT", "entidad": "TABASCO", "ubicacin": "TERRESTRE", "clasificac": "EXPLORATORIO", "estado_act": "CERRADO", "tipo_de_hi": "ACEITE", "fecha_inic": "03-JUN-1958", "fecha_fin_": "14-SEP-1958", "profundida": 2772.0, "profundi_1": 2771.5, "trayectori": "VERTICAL", "disponible": "DISPONIBLE" }, "geometry": { "type": "Point", "coordinates": [ -93.94190945, 18.20612281 ] } },
{ "type": "Feature", "properties": { "pozo": "PAILEBOT-3", "campo": "PAILEBOT", "entidad": "TABASCO", "ubicacin": "TERRESTRE", "clasificac": "EXPLORATORIO", "estado_act": "CERRADO", "tipo_de_hi": "ACEITE", "fecha_inic": "07-OCT-1959", "fecha_fin_": "01-DIC-1959", "profundida": 3015.0, "profundi_1": 3015.0, "trayectori": "VERTICAL", "disponible": "DISPONIBLE" }, "geometry": { "type": "Point", "coordinates": [ -93.94842458, 18.21708931 ] } },
{ "type": "Feature", "properties": { "pozo": "PAILEBOT-6", "campo": "PAILEBOT", "entidad": "TABASCO", "ubicacin": "TERRESTRE", "clasificac": "EXPLORATORIO", "estado_act": "CERRADO", "tipo_de_hi": "ACEITE", "fecha_inic": "08-ENE-1965", "fecha_fin_": "19-FEB-1965", "profundida": 2999.0, "profundi_1": 2999.0, "trayectori": "VERTICAL", "disponible": "DISPONIBLE" }, "geometry": { "type": "Point", "coordinates": [ -93.94264785, 18.22402242 ] } },
{ "type": "Feature", "properties": { "pozo": "RODADOR-197", "campo": "RODADOR", "entidad": "TABASCO", "ubicacin": "TERRESTRE", "clasificac": "DESARROLLO", "estado_act": "INACTIVO", "tipo_de_hi": "ACEITE", "fecha_inic": "08-ABR-1978", "fecha_fin_": "27-MAY-1978", "profundida": 3550.0, "profundi_1": 3550.0, "trayectori": "VERTICAL", "disponible": "DISPONIBLE" }, "geometry": { "type": "Point", "coordinates": [ -93.97055524, 18.21663742 ] } },
{ "type": "Feature", "properties": { "pozo": "RODADOR-199", "campo": "RODADOR", "entidad": "TABASCO", "ubicacin": "TERRESTRE", "clasificac": "DESARROLLO", "estado_act": "INACTIVO", "tipo_de_hi": "ACEITE", "fecha_inic": "01-SEP-1979", "fecha_fin_": "21-OCT-1979", "profundida": 3540.0, "profundi_1": 3540.0, "trayectori": "VERTICAL", "disponible": "DISPONIBLE" }, "geometry": { "type": "Point", "coordinates": [ -93.9671171, 18.21846228 ] } },
{ "type": "Feature", "properties": { "pozo": "SANCHEZ MAGALLANES-114D", "campo": "MAGALLANES TUCAN PAJONAL", "entidad": "TABASCO", "ubicacin": "TERRESTRE", "clasificac": "DESARROLLO", "estado_act": "CERRADO", "tipo_de_hi": "ACEITE", "fecha_inic": "26-JUL-1981", "fecha_fin_": "26-JUL-1981", "profundida": 1850.0, "profundi_1": 1850.0, "trayectori": "VERTICAL", "disponible": "DISPONIBLE" }, "geometry": { "type": "Point", "coordinates": [ -93.90183983, 18.16660483 ] } },
{ "type": "Feature", "properties": { "pozo": "SANCHEZ MAGALLANES-215D", "campo": "MAGALLANES TUCAN PAJONAL", "entidad": "TABASCO", "ubicacin": "TERRESTRE", "clasificac": "DESARROLLO", "estado_act": "CERRADO", "tipo_de_hi": "ACEITE", "fecha_inic": "30-OCT-1960", "fecha_fin_": "30-OCT-1960", "profundida": 2530.0, "profundi_1": 2530.0, "trayectori": "VERTICAL", "disponible": "DISPONIBLE" }, "geometry": { "type": "Point", "coordinates": [ -93.87977294, 18.15542946 ] } },
{ "type": "Feature", "properties": { "pozo": "SANCHEZ MAGALLANES-215Q", "campo": "MAGALLANES TUCAN PAJONAL", "entidad": "TABASCO", "ubicacin": "TERRESTRE", "clasificac": "DESARROLLO", "estado_act": "CERRADO", "tipo_de_hi": "ACEITE", "fecha_inic": "03-DIC-1981", "fecha_fin_": "03-DIC-1981", "profundida": 2797.0, "profundi_1": 2797.0, "trayectori": "VERTICAL", "disponible": "DISPONIBLE" }, "geometry": { "type": "Point", "coordinates": [ -93.87984886, 18.15554516 ] } },
{ "type": "Feature", "properties": { "pozo": "SANCHEZ MAGALLANES-215QA", "campo": "MAGALLANES TUCAN PAJONAL", "entidad": "TABASCO", "ubicacin": "TERRESTRE", "clasificac": "DESARROLLO", "estado_act": "INACTIVO", "tipo_de_hi": "ACEITE-GAS", "fecha_inic": "19-ENE-1982", "fecha_fin_": "19-ENE-1982", "profundida": 2855.0, "profundi_1": 2855.0, "trayectori": "VERTICAL", "disponible": "DISPONIBLE" }, "geometry": { "type": "Point", "coordinates": [ -93.87987043, 18.15558555 ] } },
{ "type": "Feature", "properties": { "pozo": "SANCHEZ MAGALLANES-216T", "campo": "MAGALLANES TUCAN PAJONAL", "entidad": "TABASCO", "ubicacin": "TERRESTRE", "clasificac": "DESARROLLO", "estado_act": "INACTIVO", "tipo_de_hi": "ACEITE", "fecha_inic": "28-ABR-1980", "fecha_fin_": "28-ABR-1980", "profundida": 2605.0, "profundi_1": 2605.0, "trayectori": "VERTICAL", "disponible": "DISPONIBLE" }, "geometry": { "type": "Point", "coordinates": [ -93.87787778, 18.1554148 ] } },
{ "type": "Feature", "properties": { "pozo": "SANCHEZ MAGALLANES-250D", "campo": "MAGALLANES TUCAN PAJONAL", "entidad": "TABASCO", "ubicacin": "TERRESTRE", "clasificac": "DESARROLLO", "estado_act": "INACTIVO", "tipo_de_hi": "ACEITE", "fecha_inic": "28-JUL-1980", "fecha_fin_": "24-AGO-1980", "profundida": 2912.0, "profundi_1": 2912.0, "trayectori": "VERTICAL", "disponible": "DISPONIBLE" }, "geometry": { "type": "Point", "coordinates": [ -93.87585327, 18.14290352 ] } },
{ "type": "Feature", "properties": { "pozo": "SANCHEZ MAGALLANES-305D", "campo": "MAGALLANES TUCAN PAJONAL", "entidad": "TABASCO", "ubicacin": "TERRESTRE", "clasificac": "DESARROLLO", "estado_act": "CERRADO", "tipo_de_hi": "ACEITE", "fecha_inic": "13-SEP-1980", "fecha_fin_": "13-SEP-1980", "profundida": 2700.0, "profundi_1": 2700.0, "trayectori": "VERTICAL", "disponible": "DISPONIBLE" }, "geometry": { "type": "Point", "coordinates": [ -93.87598326, 18.14603882 ] } },
{ "type": "Feature", "properties": { "pozo": "SANCHEZ MAGALLANES-317T", "campo": "MAGALLANES TUCAN PAJONAL", "entidad": "TABASCO", "ubicacin": "TERRESTRE", "clasificac": "DESARROLLO", "estado_act": "CERRADO", "tipo_de_hi": "ACEITE", "fecha_inic": "16-JUN-1980", "fecha_fin_": "16-JUN-1980", "profundida": 2655.0, "profundi_1": 2655.0, "trayectori": "VERTICAL", "disponible": "DISPONIBLE" }, "geometry": { "type": "Point", "coordinates": [ -93.87508474, 18.14759576 ] } },
{ "type": "Feature", "properties": { "pozo": "SANCHEZ MAGALLANES-334D", "campo": "MAGALLANES TUCAN PAJONAL", "entidad": "TABASCO", "ubicacin": "TERRESTRE", "clasificac": "DESARROLLO", "estado_act": "CERRADO", "tipo_de_hi": "CONDENSADO", "fecha_inic": "15-ABR-1981", "fecha_fin_": "15-ABR-1981", "profundida": 2855.0, "profundi_1": 2855.0, "trayectori": "VERTICAL", "disponible": "DISPONIBLE" }, "geometry": { "type": "Point", "coordinates": [ -93.87626456, 18.16162271 ] } },
{ "type": "Feature", "properties": { "pozo": "SANCHEZ MAGALLANES-62T", "campo": "MAGALLANES TUCAN PAJONAL", "entidad": "TABASCO", "ubicacin": "TERRESTRE", "clasificac": "DESARROLLO", "estado_act": "CERRADO", "tipo_de_hi": "ACEITE", "fecha_inic": "03-DIC-1981", "fecha_fin_": "03-DIC-1981", "profundida": 1509.0, "profundi_1": 1509.0, "trayectori": "VERTICAL", "disponible": "DISPONIBLE" }, "geometry": { "type": "Point", "coordinates": [ -93.90057579, 18.15846706 ] } },
{ "type": "Feature", "properties": { "pozo": "SANCHEZ MAGALLANES-138", "campo": "MAGALLANES TUCAN PAJONAL", "entidad": "TABASCO", "ubicacin": "TERRESTRE", "clasificac": "DESARROLLO", "estado_act": "CERRADO", "tipo_de_hi": "ACEITE", "fecha_inic": "10-ABR-1961", "fecha_fin_": "10-ABR-1961", "profundida": 2620.0, "profundi_1": 2620.0, "trayectori": "VERTICAL", "disponible": "DISPONIBLE" }, "geometry": { "type": "Point", "coordinates": [ -93.88256179, 18.15385299 ] } },
{ "type": "Feature", "properties": { "pozo": "SANCHEZ MAGALLANES-139", "campo": "MAGALLANES TUCAN PAJONAL", "entidad": "TABASCO", "ubicacin": "TERRESTRE", "clasificac": "DESARROLLO", "estado_act": "CERRADO", "tipo_de_hi": "ACEITE", "fecha_inic": "06-MAR-1962", "fecha_fin_": "06-MAR-1962", "profundida": 2500.0, "profundi_1": 2500.0, "trayectori": "VERTICAL", "disponible": "DISPONIBLE" }, "geometry": { "type": "Point", "coordinates": [ -93.88540505, 18.1522032 ] } },
{ "type": "Feature", "properties": { "pozo": "SANCHEZ MAGALLANES-141", "campo": "MAGALLANES TUCAN PAJONAL", "entidad": "TABASCO", "ubicacin": "TERRESTRE", "clasificac": "DESARROLLO", "estado_act": "CERRADO", "tipo_de_hi": "ACEITE", "fecha_inic": "17-MAR-1961", "fecha_fin_": "17-MAR-1961", "profundida": 2955.0, "profundi_1": 2955.0, "trayectori": "VERTICAL", "disponible": "DISPONIBLE" }, "geometry": { "type": "Point", "coordinates": [ -93.87878244, 18.15392822 ] } },
{ "type": "Feature", "properties": { "pozo": "SANCHEZ MAGALLANES-143", "campo": "MAGALLANES TUCAN PAJONAL", "entidad": "TABASCO", "ubicacin": "TERRESTRE", "clasificac": "DESARROLLO", "estado_act": "INACTIVO", "tipo_de_hi": "ACEITE", "fecha_inic": "13-ABR-1961", "fecha_fin_": "13-ABR-1961", "profundida": 2462.0, "profundi_1": 2462.0, "trayectori": "VERTICAL", "disponible": "DISPONIBLE" }, "geometry": { "type": "Point", "coordinates": [ -93.88729286, 18.14910408 ] } },
{ "type": "Feature", "properties": { "pozo": "SANCHEZ MAGALLANES-144", "campo": "MAGALLANES TUCAN PAJONAL", "entidad": "TABASCO", "ubicacin": "TERRESTRE", "clasificac": "DESARROLLO", "estado_act": "CERRADO", "tipo_de_hi": "ACEITE", "fecha_inic": "27-MAR-1963", "fecha_fin_": "27-MAR-1963", "profundida": 2390.0, "profundi_1": 2390.0, "trayectori": "VERTICAL", "disponible": "DISPONIBLE" }, "geometry": { "type": "Point", "coordinates": [ -93.8910309, 18.13356248 ] } },
{ "type": "Feature", "properties": { "pozo": "SANCHEZ MAGALLANES-147", "campo": "MAGALLANES TUCAN PAJONAL", "entidad": "TABASCO", "ubicacin": "TERRESTRE", "clasificac": "DESARROLLO", "estado_act": "INACTIVO", "tipo_de_hi": "ACEITE", "fecha_inic": "01-SEP-1961", "fecha_fin_": "01-SEP-1961", "profundida": 2300.0, "profundi_1": 2300.0, "trayectori": "VERTICAL", "disponible": "DISPONIBLE" }, "geometry": { "type": "Point", "coordinates": [ -93.89100986, 18.13661342 ] } },
{ "type": "Feature", "properties": { "pozo": "SANCHEZ MAGALLANES-148", "campo": "MAGALLANES TUCAN PAJONAL", "entidad": "TABASCO", "ubicacin": "TERRESTRE", "clasificac": "DESARROLLO", "estado_act": "CERRADO", "tipo_de_hi": "ACEITE", "fecha_inic": "08-AGO-1962", "fecha_fin_": "08-AGO-1962", "profundida": 2450.0, "profundi_1": 2450.0, "trayectori": "VERTICAL", "disponible": "DISPONIBLE" }, "geometry": { "type": "Point", "coordinates": [ -93.88911695, 18.13664594 ] } },
{ "type": "Feature", "properties": { "pozo": "SANCHEZ MAGALLANES-149", "campo": "MAGALLANES TUCAN PAJONAL", "entidad": "TABASCO", "ubicacin": "TERRESTRE", "clasificac": "DESARROLLO", "estado_act": "SUSPENDIDO", "tipo_de_hi": "ACEITE", "fecha_inic": "20-NOV-1961", "fecha_fin_": "20-NOV-1961", "profundida": 2605.0, "profundi_1": 2605.0, "trayectori": "VERTICAL", "disponible": "DISPONIBLE" }, "geometry": { "type": "Point", "coordinates": [ -93.88719812, 18.13661783 ] } },
{ "type": "Feature", "properties": { "pozo": "SANCHEZ MAGALLANES-151", "campo": "MAGALLANES TUCAN PAJONAL", "entidad": "TABASCO", "ubicacin": "TERRESTRE", "clasificac": "DESARROLLO", "estado_act": "CERRADO", "tipo_de_hi": null, "fecha_inic": "22-AGO-1961", "fecha_fin_": "22-AGO-1961", "profundida": 1300.0, "profundi_1": 1300.0, "trayectori": "VERTICAL", "disponible": "DISPONIBLE" }, "geometry": { "type": "Point", "coordinates": [ -93.90144606, 18.15066163 ] } },
{ "type": "Feature", "properties": { "pozo": "SANCHEZ MAGALLANES-154", "campo": "MAGALLANES TUCAN PAJONAL", "entidad": "TABASCO", "ubicacin": "TERRESTRE", "clasificac": "DESARROLLO", "estado_act": "CERRADO", "tipo_de_hi": "ACEITE", "fecha_inic": "03-AGO-1961", "fecha_fin_": "03-AGO-1961", "profundida": 1500.0, "profundi_1": 1500.0, "trayectori": "VERTICAL", "disponible": "DISPONIBLE" }, "geometry": { "type": "Point", "coordinates": [ -93.90333687, 18.15065285 ] } },
{ "type": "Feature", "properties": { "pozo": "CINCO PRESIDENTES-231", "campo": "CINCO PRESIDENTES", "entidad": "TABASCO", "ubicacin": "TERRESTRE", "clasificac": "DESARROLLO", "estado_act": "INACTIVO", "tipo_de_hi": "ACEITE", "fecha_inic": "21-ABR-1980", "fecha_fin_": "03-JUL-1980", "profundida": 3435.0, "profundi_1": 0.0, "trayectori": "VERTICAL", "disponible": "DISPONIBLE" }, "geometry": { "type": "Point", "coordinates": [ -94.0062352, 18.21265378 ] } },
{ "type": "Feature", "properties": { "pozo": "SANCHEZ MAGALLANES-131D", "campo": "MAGALLANES TUCAN PAJONAL", "entidad": "TABASCO", "ubicacin": "TERRESTRE", "clasificac": "DESARROLLO", "estado_act": "CERRADO", "tipo_de_hi": "ACEITE", "fecha_inic": "01-FEB-1962", "fecha_fin_": "01-FEB-1962", "profundida": 2635.0, "profundi_1": 2635.0, "trayectori": "VERTICAL", "disponible": "DISPONIBLE" }, "geometry": { "type": "Point", "coordinates": [ -93.87981146, 18.15857402 ] } },
{ "type": "Feature", "properties": { "pozo": "SANCHEZ MAGALLANES-201D", "campo": "MAGALLANES TUCAN PAJONAL", "entidad": "TABASCO", "ubicacin": "TERRESTRE", "clasificac": "DESARROLLO", "estado_act": "INACTIVO", "tipo_de_hi": "ACEITE", "fecha_inic": "06-FEB-1963", "fecha_fin_": "06-FEB-1963", "profundida": 2454.0, "profundi_1": 2454.0, "trayectori": "VERTICAL", "disponible": "DISPONIBLE" }, "geometry": { "type": "Point", "coordinates": [ -93.88530454, 18.14284934 ] } },
{ "type": "Feature", "properties": { "pozo": "SANCHEZ MAGALLANES-327D", "campo": "MAGALLANES TUCAN PAJONAL", "entidad": "TABASCO", "ubicacin": "TERRESTRE", "clasificac": "DESARROLLO", "estado_act": "CERRADO", "tipo_de_hi": "ACEITE", "fecha_inic": "01-JUN-1963", "fecha_fin_": "21-JUN-1963", "profundida": 2710.0, "profundi_1": 2710.0, "trayectori": "VERTICAL", "disponible": "DISPONIBLE" }, "geometry": { "type": "Point", "coordinates": [ -93.87223887, 18.15545302 ] } },
{ "type": "Feature", "properties": { "pozo": "CINCO PRESIDENTES-28T", "campo": "CINCO PRESIDENTES", "entidad": "TABASCO", "ubicacin": "TERRESTRE", "clasificac": "DESARROLLO", "estado_act": "INACTIVO", "tipo_de_hi": "ACEITE", "fecha_inic": "04-JUL-1964", "fecha_fin_": "25-JUL-1964", "profundida": 2170.0, "profundi_1": 2170.0, "trayectori": "VERTICAL", "disponible": "DISPONIBLE" }, "geometry": { "type": "Point", "coordinates": [ -94.00840797, 18.19767473 ] } },
{ "type": "Feature", "properties": { "pozo": "CINCO PRESIDENTES-39D", "campo": "CINCO PRESIDENTES", "entidad": "TABASCO", "ubicacin": "TERRESTRE", "clasificac": "DESARROLLO", "estado_act": "INACTIVO", "tipo_de_hi": "ACEITE", "fecha_inic": "26-NOV-1964", "fecha_fin_": "27-DIC-1964", "profundida": 3015.0, "profundi_1": 3015.0, "trayectori": "VERTICAL", "disponible": "DISPONIBLE" }, "geometry": { "type": "Point", "coordinates": [ -93.99840486, 18.20260901 ] } },
{ "type": "Feature", "properties": { "pozo": "CINCO PRESIDENTES-50T", "campo": "CINCO PRESIDENTES", "entidad": "TABASCO", "ubicacin": "TERRESTRE", "clasificac": "DESARROLLO", "estado_act": "INACTIVO", "tipo_de_hi": "ACEITE", "fecha_inic": "22-MAY-1964", "fecha_fin_": "14-JUN-1964", "profundida": 2585.0, "profundi_1": 0.0, "trayectori": "VERTICAL", "disponible": "DISPONIBLE" }, "geometry": { "type": "Point", "coordinates": [ -94.01816267, 18.21050051 ] } },
{ "type": "Feature", "properties": { "pozo": "CINCO PRESIDENTES-64D", "campo": "CINCO PRESIDENTES", "entidad": "TABASCO", "ubicacin": "TERRESTRE", "clasificac": "DESARROLLO", "estado_act": "INACTIVO", "tipo_de_hi": "ACEITE", "fecha_inic": "19-ABR-1964", "fecha_fin_": "05-MAY-1964", "profundida": 2390.0, "profundi_1": 0.0, "trayectori": "VERTICAL", "disponible": "DISPONIBLE" }, "geometry": { "type": "Point", "coordinates": [ -94.00476623, 18.20635342 ] } },
{ "type": "Feature", "properties": { "pozo": "CINCO PRESIDENTES-68D", "campo": "CINCO PRESIDENTES", "entidad": "TABASCO", "ubicacin": "TERRESTRE", "clasificac": "DESARROLLO", "estado_act": "INACTIVO", "tipo_de_hi": "ACEITE", "fecha_inic": "23-MAR-1964", "fecha_fin_": "17-ABR-1964", "profundida": 3075.0, "profundi_1": 0.0, "trayectori": "VERTICAL", "disponible": "DISPONIBLE" }, "geometry": { "type": "Point", "coordinates": [ -94.00786124, 18.21184815 ] } },
{ "type": "Feature", "properties": { "pozo": "RODADOR-258", "campo": "RODADOR", "entidad": "TABASCO", "ubicacin": "TERRESTRE", "clasificac": "DESARROLLO", "estado_act": "INACTIVO", "tipo_de_hi": "ACEITE", "fecha_inic": "16-ENE-1981", "fecha_fin_": "02-MAR-1981", "profundida": 3472.0, "profundi_1": 3472.0, "trayectori": "VERTICAL", "disponible": "DISPONIBLE" }, "geometry": { "type": "Point", "coordinates": [ -93.96398099, 18.2130454 ] } },
{ "type": "Feature", "properties": { "pozo": "RODADOR-278", "campo": "RODADOR", "entidad": "TABASCO", "ubicacin": "TERRESTRE", "clasificac": "DESARROLLO", "estado_act": "INACTIVO", "tipo_de_hi": "ACEITE", "fecha_inic": "21-MAR-1981", "fecha_fin_": "09-MAY-1981", "profundida": 3700.0, "profundi_1": 3700.0, "trayectori": "VERTICAL", "disponible": "DISPONIBLE" }, "geometry": { "type": "Point", "coordinates": [ -93.96400388, 18.21665456 ] } },
{ "type": "Feature", "properties": { "pozo": "RODADOR-298", "campo": "RODADOR", "entidad": "TABASCO", "ubicacin": "TERRESTRE", "clasificac": "DESARROLLO", "estado_act": "PRODUCTOR", "tipo_de_hi": "ACEITE", "fecha_inic": "08-JUN-1980", "fecha_fin_": "24-JUL-1980", "profundida": 3582.0, "profundi_1": 3582.0, "trayectori": "VERTICAL", "disponible": "DISPONIBLE" }, "geometry": { "type": "Point", "coordinates": [ -93.96379826, 18.21989678 ] } },
{ "type": "Feature", "properties": { "pozo": "RODADOR-4", "campo": "RODADOR", "entidad": "TABASCO", "ubicacin": "TERRESTRE", "clasificac": "DESARROLLO", "estado_act": "INACTIVO", "tipo_de_hi": "ACEITE", "fecha_inic": "23-SEP-1973", "fecha_fin_": "27-NOV-1973", "profundida": 3558.0, "profundi_1": 3558.0, "trayectori": "VERTICAL", "disponible": "DISPONIBLE" }, "geometry": { "type": "Point", "coordinates": [ -93.98041179, 18.22565413 ] } },
{ "type": "Feature", "properties": { "pozo": "SANCHEZ MAGALLANES-74T", "campo": "MAGALLANES TUCAN PAJONAL", "entidad": "TABASCO", "ubicacin": "TERRESTRE", "clasificac": "DESARROLLO", "estado_act": "CERRADO", "tipo_de_hi": "ACEITE", "fecha_inic": "02-AGO-1979", "fecha_fin_": "02-AGO-1979", "profundida": 1550.0, "profundi_1": 1550.0, "trayectori": "VERTICAL", "disponible": "DISPONIBLE" }, "geometry": { "type": "Point", "coordinates": [ -93.89973449, 18.15998109 ] } },
{ "type": "Feature", "properties": { "pozo": "CINCO PRESIDENTES-198D", "campo": "CINCO PRESIDENTES", "entidad": "TABASCO", "ubicacin": "TERRESTRE", "clasificac": "DESARROLLO", "estado_act": "INACTIVO", "tipo_de_hi": "ACEITE", "fecha_inic": "31-DIC-1981", "fecha_fin_": "17-FEB-1982", "profundida": 3150.0, "profundi_1": 0.0, "trayectori": "VERTICAL", "disponible": "DISPONIBLE" }, "geometry": { "type": "Point", "coordinates": [ -93.98975665, 18.17148528 ] } },
{ "type": "Feature", "properties": { "pozo": "SANCHEZ MAGALLANES-155", "campo": "MAGALLANES TUCAN PAJONAL", "entidad": "TABASCO", "ubicacin": "TERRESTRE", "clasificac": "DESARROLLO", "estado_act": "CERRADO", "tipo_de_hi": "ACEITE", "fecha_inic": "06-MAR-1963", "fecha_fin_": "06-MAR-1963", "profundida": 2000.0, "profundi_1": 2000.0, "trayectori": "VERTICAL", "disponible": "DISPONIBLE" }, "geometry": { "type": "Point", "coordinates": [ -93.89307462, 18.14583454 ] } },
{ "type": "Feature", "properties": { "pozo": "SANCHEZ MAGALLANES-156", "campo": "MAGALLANES TUCAN PAJONAL", "entidad": "TABASCO", "ubicacin": "TERRESTRE", "clasificac": "DESARROLLO", "estado_act": "CERRADO", "tipo_de_hi": "ACEITE", "fecha_inic": "28-MAR-1962", "fecha_fin_": "28-MAR-1962", "profundida": 2980.6, "profundi_1": 2980.6, "trayectori": "VERTICAL", "disponible": "DISPONIBLE" }, "geometry": { "type": "Point", "coordinates": [ -93.88160367, 18.15230715 ] } },
{ "type": "Feature", "properties": { "pozo": "SANCHEZ MAGALLANES-157", "campo": "MAGALLANES TUCAN PAJONAL", "entidad": "TABASCO", "ubicacin": "TERRESTRE", "clasificac": "DESARROLLO", "estado_act": "CERRADO", "tipo_de_hi": "ACEITE", "fecha_inic": "15-FEB-1963", "fecha_fin_": "13-MAR-1963", "profundida": 2515.0, "profundi_1": 2515.0, "trayectori": "VERTICAL", "disponible": "DISPONIBLE" }, "geometry": { "type": "Point", "coordinates": [ -93.88634742, 18.15062008 ] } },
{ "type": "Feature", "properties": { "pozo": "SANCHEZ MAGALLANES-159", "campo": "MAGALLANES TUCAN PAJONAL", "entidad": "TABASCO", "ubicacin": "TERRESTRE", "clasificac": "DESARROLLO", "estado_act": "CERRADO", "tipo_de_hi": "ACEITE", "fecha_inic": "25-AGO-1961", "fecha_fin_": "25-AGO-1961", "profundida": 2993.5, "profundi_1": 2993.5, "trayectori": "VERTICAL", "disponible": "DISPONIBLE" }, "geometry": { "type": "Point", "coordinates": [ -93.88255231, 18.15072239 ] } },
{ "type": "Feature", "properties": { "pozo": "SANCHEZ MAGALLANES-159DA", "campo": "MAGALLANES TUCAN PAJONAL", "entidad": "TABASCO", "ubicacin": "TERRESTRE", "clasificac": "DESARROLLO", "estado_act": "INACTIVO", "tipo_de_hi": "ACEITE-GAS", "fecha_inic": "22-NOV-1961", "fecha_fin_": "22-NOV-1961", "profundida": 2950.0, "profundi_1": 2950.0, "trayectori": "VERTICAL", "disponible": "DISPONIBLE" }, "geometry": { "type": "Point", "coordinates": [ -93.88250885, 18.15070885 ] } },
{ "type": "Feature", "properties": { "pozo": "SANCHEZ MAGALLANES-162", "campo": "MAGALLANES TUCAN PAJONAL", "entidad": "TABASCO", "ubicacin": "TERRESTRE", "clasificac": "DESARROLLO", "estado_act": "CERRADO", "tipo_de_hi": "ACEITE", "fecha_inic": "16-JUN-1962", "fecha_fin_": "16-JUN-1962", "profundida": 3402.4, "profundi_1": 3402.4, "trayectori": "VERTICAL", "disponible": "DISPONIBLE" }, "geometry": { "type": "Point", "coordinates": [ -93.87498182, 18.15387045 ] } },
{ "type": "Feature", "properties": { "pozo": "SANCHEZ MAGALLANES-163", "campo": "MAGALLANES TUCAN PAJONAL", "entidad": "TABASCO", "ubicacin": "TERRESTRE", "clasificac": "DESARROLLO", "estado_act": "INACTIVO", "tipo_de_hi": "ACEITE", "fecha_inic": "19-SEP-1961", "fecha_fin_": "19-SEP-1961", "profundida": 3141.7, "profundi_1": 3141.7, "trayectori": "VERTICAL", "disponible": "DISPONIBLE" }, "geometry": { "type": "Point", "coordinates": [ -93.87974015, 18.15226056 ] } },
{ "type": "Feature", "properties": { "pozo": "SANCHEZ MAGALLANES-164", "campo": "MAGALLANES TUCAN PAJONAL", "entidad": "TABASCO", "ubicacin": "TERRESTRE", "clasificac": "DESARROLLO", "estado_act": "INACTIVO", "tipo_de_hi": "ACEITE", "fecha_inic": "18-JUN-1962", "fecha_fin_": "18-JUN-1962", "profundida": 2963.7, "profundi_1": 2963.7, "trayectori": "VERTICAL", "disponible": "DISPONIBLE" }, "geometry": { "type": "Point", "coordinates": [ -93.87783501, 18.15228318 ] } },
{ "type": "Feature", "properties": { "pozo": "SANCHEZ MAGALLANES-165", "campo": "MAGALLANES TUCAN PAJONAL", "entidad": "TABASCO", "ubicacin": "TERRESTRE", "clasificac": "DESARROLLO", "estado_act": "CERRADO", "tipo_de_hi": "ACEITE", "fecha_inic": "27-JUN-1962", "fecha_fin_": "27-JUN-1962", "profundida": 2100.0, "profundi_1": 2100.0, "trayectori": "VERTICAL", "disponible": "DISPONIBLE" }, "geometry": { "type": "Point", "coordinates": [ -93.89014511, 18.15069183 ] } },
{ "type": "Feature", "properties": { "pozo": "SANCHEZ MAGALLANES-166", "campo": "MAGALLANES TUCAN PAJONAL", "entidad": "TABASCO", "ubicacin": "TERRESTRE", "clasificac": "DESARROLLO", "estado_act": "INACTIVO", "tipo_de_hi": "ACEITE", "fecha_inic": "26-OCT-1961", "fecha_fin_": "26-OCT-1961", "profundida": 2368.2, "profundi_1": 2368.2, "trayectori": "VERTICAL", "disponible": "DISPONIBLE" }, "geometry": { "type": "Point", "coordinates": [ -93.88822856, 18.15067973 ] } },
{ "type": "Feature", "properties": { "pozo": "CINCO PRESIDENTES-72T", "campo": "CINCO PRESIDENTES", "entidad": "TABASCO", "ubicacin": "TERRESTRE", "clasificac": "DESARROLLO", "estado_act": "INACTIVO", "tipo_de_hi": "ACEITE", "fecha_inic": "26-SEP-1964", "fecha_fin_": "25-OCT-1964", "profundida": 3125.0, "profundi_1": 3125.0, "trayectori": "VERTICAL", "disponible": "DISPONIBLE" }, "geometry": { "type": "Point", "coordinates": [ -94.02134536, 18.21226665 ] } },
{ "type": "Feature", "properties": { "pozo": "SANCHEZ MAGALLANES-208", "campo": "MAGALLANES TUCAN PAJONAL", "entidad": "TABASCO", "ubicacin": "TERRESTRE", "clasificac": "DESARROLLO", "estado_act": "CERRADO", "tipo_de_hi": "ACEITE", "fecha_inic": "28-FEB-1962", "fecha_fin_": "28-FEB-1962", "profundida": 2300.0, "profundi_1": 2300.0, "trayectori": "VERTICAL", "disponible": "DISPONIBLE" }, "geometry": { "type": "Point", "coordinates": [ -93.89010333, 18.14131683 ] } },
{ "type": "Feature", "properties": { "pozo": "SANCHEZ MAGALLANES-216", "campo": "MAGALLANES TUCAN PAJONAL", "entidad": "TABASCO", "ubicacin": "TERRESTRE", "clasificac": "DESARROLLO", "estado_act": "CERRADO", "tipo_de_hi": "ACEITE", "fecha_inic": "09-OCT-1962", "fecha_fin_": "09-OCT-1962", "profundida": 2902.6, "profundi_1": 2902.6, "trayectori": "VERTICAL", "disponible": "DISPONIBLE" }, "geometry": { "type": "Point", "coordinates": [ -93.87786007, 18.15538913 ] } },
{ "type": "Feature", "properties": { "pozo": "SANCHEZ MAGALLANES-225", "campo": "MAGALLANES TUCAN PAJONAL", "entidad": "TABASCO", "ubicacin": "TERRESTRE", "clasificac": "DESARROLLO", "estado_act": "CERRADO", "tipo_de_hi": "ACEITE", "fecha_inic": "15-JUL-1963", "fecha_fin_": "15-JUL-1963", "profundida": 2964.6, "profundi_1": 2964.6, "trayectori": "VERTICAL", "disponible": "DISPONIBLE" }, "geometry": { "type": "Point", "coordinates": [ -93.88148878, 18.13979649 ] } },
{ "type": "Feature", "properties": { "pozo": "SANCHEZ MAGALLANES-234", "campo": "MAGALLANES TUCAN PAJONAL", "entidad": "TABASCO", "ubicacin": "TERRESTRE", "clasificac": "DESARROLLO", "estado_act": "CERRADO", "tipo_de_hi": "ACEITE", "fecha_inic": "27-OCT-1962", "fecha_fin_": "27-OCT-1962", "profundida": 2760.0, "profundi_1": 2760.0, "trayectori": "VERTICAL", "disponible": "DISPONIBLE" }, "geometry": { "type": "Point", "coordinates": [ -93.87788306, 18.15857136 ] } },
{ "type": "Feature", "properties": { "pozo": "SANCHEZ MAGALLANES-241", "campo": "MAGALLANES TUCAN PAJONAL", "entidad": "TABASCO", "ubicacin": "TERRESTRE", "clasificac": "DESARROLLO", "estado_act": "CERRADO", "tipo_de_hi": null, "fecha_inic": "22-SEP-1961", "fecha_fin_": "22-SEP-1961", "profundida": 2675.0, "profundi_1": 2675.0, "trayectori": "VERTICAL", "disponible": "DISPONIBLE" }, "geometry": { "type": "Point", "coordinates": [ -93.88353833, 18.16171162 ] } },
{ "type": "Feature", "properties": { "pozo": "SANCHEZ MAGALLANES-293", "campo": "MAGALLANES TUCAN PAJONAL", "entidad": "TABASCO", "ubicacin": "TERRESTRE", "clasificac": "DESARROLLO", "estado_act": "CERRADO", "tipo_de_hi": "ACEITE", "fecha_inic": "28-FEB-1963", "fecha_fin_": "28-FEB-1963", "profundida": 2725.0, "profundi_1": 2725.0, "trayectori": "VERTICAL", "disponible": "DISPONIBLE" }, "geometry": { "type": "Point", "coordinates": [ -93.87512622, 18.16029801 ] } },
{ "type": "Feature", "properties": { "pozo": "SANCHEZ MAGALLANES-303", "campo": "MAGALLANES TUCAN PAJONAL", "entidad": "TABASCO", "ubicacin": "TERRESTRE", "clasificac": "DESARROLLO", "estado_act": "CERRADO", "tipo_de_hi": "ACEITE", "fecha_inic": "06-FEB-1963", "fecha_fin_": "06-FEB-1963", "profundida": 2250.0, "profundi_1": 2250.0, "trayectori": "VERTICAL", "disponible": "DISPONIBLE" }, "geometry": { "type": "Point", "coordinates": [ -93.88634025, 18.15696047 ] } },
{ "type": "Feature", "properties": { "pozo": "SANCHEZ MAGALLANES-311", "campo": "MAGALLANES TUCAN PAJONAL", "entidad": "TABASCO", "ubicacin": "TERRESTRE", "clasificac": "DESARROLLO", "estado_act": "CERRADO", "tipo_de_hi": null, "fecha_inic": "18-NOV-1962", "fecha_fin_": "18-NOV-1962", "profundida": 2904.8, "profundi_1": 2904.8, "trayectori": "VERTICAL", "disponible": "DISPONIBLE" }, "geometry": { "type": "Point", "coordinates": [ -93.88142479, 18.1334762 ] } },
{ "type": "Feature", "properties": { "pozo": "SANCHEZ MAGALLANES-318", "campo": "MAGALLANES TUCAN PAJONAL", "entidad": "TABASCO", "ubicacin": "TERRESTRE", "clasificac": "DESARROLLO", "estado_act": "CERRADO", "tipo_de_hi": "ACEITE", "fecha_inic": "27-ABR-1963", "fecha_fin_": "27-ABR-1963", "profundida": 3118.0, "profundi_1": 3118.0, "trayectori": "VERTICAL", "disponible": "DISPONIBLE" }, "geometry": { "type": "Point", "coordinates": [ -93.87496726, 18.15073724 ] } },
{ "type": "Feature", "properties": { "pozo": "CINCO PRESIDENTES-113", "campo": "CINCO PRESIDENTES", "entidad": "TABASCO", "ubicacin": "TERRESTRE", "clasificac": "DESARROLLO", "estado_act": "INACTIVO", "tipo_de_hi": "ACEITE", "fecha_inic": "06-SEP-1981", "fecha_fin_": "30-SEP-1981", "profundida": 2056.0, "profundi_1": 0.0, "trayectori": "VERTICAL", "disponible": "DISPONIBLE" }, "geometry": { "type": "Point", "coordinates": [ -94.00846676, 18.19092895 ] } },
{ "type": "Feature", "properties": { "pozo": "AJI-1", "campo": "RODADOR", "entidad": "TABASCO", "ubicacin": "TERRESTRE", "clasificac": "EXPLORATORIO", "estado_act": "INACTIVO", "tipo_de_hi": "ACEITE", "fecha_inic": "04-DIC-1973", "fecha_fin_": "01-MAR-1974", "profundida": 3870.0, "profundi_1": 3870.0, "trayectori": "VERTICAL", "disponible": "DISPONIBLE" }, "geometry": { "type": "Point", "coordinates": [ -93.98630547, 18.21805618 ] } },
{ "type": "Feature", "properties": { "pozo": "CINCO PRESIDENTES-82", "campo": "CINCO PRESIDENTES", "entidad": "TABASCO", "ubicacin": "TERRESTRE", "clasificac": "DESARROLLO", "estado_act": "INACTIVO", "tipo_de_hi": "ACEITE", "fecha_inic": "02-MAY-1968", "fecha_fin_": "18-JUN-1968", "profundida": 3723.0, "profundi_1": 0.0, "trayectori": "VERTICAL", "disponible": "DISPONIBLE" }, "geometry": { "type": "Point", "coordinates": [ -94.00146937, 18.21528961 ] } },
{ "type": "Feature", "properties": { "pozo": "CINCO PRESIDENTES-84", "campo": "CINCO PRESIDENTES", "entidad": "TABASCO", "ubicacin": "TERRESTRE", "clasificac": "DESARROLLO", "estado_act": "CERRADO", "tipo_de_hi": "ACEITE", "fecha_inic": "31-MAY-1976", "fecha_fin_": "09-JUL-1976", "profundida": 3300.0, "profundi_1": 0.0, "trayectori": "VERTICAL", "disponible": "DISPONIBLE" }, "geometry": { "type": "Point", "coordinates": [ -94.02436112, 18.21566576 ] } },
{ "type": "Feature", "properties": { "pozo": "CINCO PRESIDENTES-85", "campo": "CINCO PRESIDENTES", "entidad": "TABASCO", "ubicacin": "TERRESTRE", "clasificac": "DESARROLLO", "estado_act": "CERRADO", "tipo_de_hi": "ACEITE", "fecha_inic": "28-MAR-1976", "fecha_fin_": "12-MAY-1976", "profundida": 3278.0, "profundi_1": 0.0, "trayectori": "VERTICAL", "disponible": "DISPONIBLE" }, "geometry": { "type": "Point", "coordinates": [ -94.02164648, 18.21818809 ] } },
{ "type": "Feature", "properties": { "pozo": "SANCHEZ MAGALLANES-552", "campo": "MAGALLANES TUCAN PAJONAL", "entidad": "TABASCO", "ubicacin": "TERRESTRE", "clasificac": "DESARROLLO", "estado_act": "CERRADO", "tipo_de_hi": null, "fecha_inic": "30-ABR-1966", "fecha_fin_": "30-ABR-1966", "profundida": 2383.0, "profundi_1": 2383.0, "trayectori": "VERTICAL", "disponible": "DISPONIBLE" }, "geometry": { "type": "Point", "coordinates": [ -93.8907141, 18.17907195 ] } },
{ "type": "Feature", "properties": { "pozo": "SANCHEZ MAGALLANES-712", "campo": "MAGALLANES TUCAN PAJONAL", "entidad": "TABASCO", "ubicacin": "TERRESTRE", "clasificac": "DESARROLLO", "estado_act": "INACTIVO", "tipo_de_hi": "ACEITE", "fecha_inic": "09-OCT-1970", "fecha_fin_": "08-NOV-1970", "profundida": 2678.0, "profundi_1": 0.0, "trayectori": "VERTICAL", "disponible": "DISPONIBLE" }, "geometry": { "type": "Point", "coordinates": [ -93.88647949, 18.20748001 ] } },
{ "type": "Feature", "properties": { "pozo": "SANCHEZ MAGALLANES-166T", "campo": "MAGALLANES TUCAN PAJONAL", "entidad": "TABASCO", "ubicacin": "TERRESTRE", "clasificac": "DESARROLLO", "estado_act": "CERRADO", "tipo_de_hi": "ACEITE", "fecha_inic": "11-FEB-1962", "fecha_fin_": "24-FEB-1962", "profundida": 1997.0, "profundi_1": 1997.0, "trayectori": "VERTICAL", "disponible": "DISPONIBLE" }, "geometry": { "type": "Point", "coordinates": [ -93.88834161, 18.15065842 ] } },
{ "type": "Feature", "properties": { "pozo": "SANCHEZ MAGALLANES-170", "campo": "MAGALLANES TUCAN PAJONAL", "entidad": "TABASCO", "ubicacin": "TERRESTRE", "clasificac": "DESARROLLO", "estado_act": "CERRADO", "tipo_de_hi": "ACEITE", "fecha_inic": "25-ABR-1962", "fecha_fin_": "08-SEP-1962", "profundida": 2836.4, "profundi_1": 2836.4, "trayectori": "VERTICAL", "disponible": "DISPONIBLE" }, "geometry": { "type": "Point", "coordinates": [ -93.88375101, 18.1491071 ] } },
{ "type": "Feature", "properties": { "pozo": "SANCHEZ MAGALLANES-171D", "campo": "MAGALLANES TUCAN PAJONAL", "entidad": "TABASCO", "ubicacin": "TERRESTRE", "clasificac": "DESARROLLO", "estado_act": "SUSPENDIDO", "tipo_de_hi": "ACEITE", "fecha_inic": "12-MAY-1962", "fecha_fin_": "12-MAY-1962", "profundida": 1930.0, "profundi_1": 1930.0, "trayectori": "VERTICAL", "disponible": "DISPONIBLE" }, "geometry": { "type": "Point", "coordinates": [ -93.89015458, 18.14752057 ] } },
{ "type": "Feature", "properties": { "pozo": "SANCHEZ MAGALLANES-172", "campo": "MAGALLANES TUCAN PAJONAL", "entidad": "TABASCO", "ubicacin": "TERRESTRE", "clasificac": "DESARROLLO", "estado_act": "INACTIVO", "tipo_de_hi": "ACEITE", "fecha_inic": "24-OCT-1961", "fecha_fin_": "25-NOV-1961", "profundida": 2408.0, "profundi_1": 2408.0, "trayectori": "VERTICAL", "disponible": "DISPONIBLE" }, "geometry": { "type": "Point", "coordinates": [ -93.8882355, 18.14752411 ] } },
{ "type": "Feature", "properties": { "pozo": "SANCHEZ MAGALLANES-172D", "campo": "MAGALLANES TUCAN PAJONAL", "entidad": "TABASCO", "ubicacin": "TERRESTRE", "clasificac": "DESARROLLO", "estado_act": "CERRADO", "tipo_de_hi": "ACEITE", "fecha_inic": "15-ENE-1962", "fecha_fin_": null, "profundida": 2310.0, "profundi_1": 2310.0, "trayectori": "VERTICAL", "disponible": "DISPONIBLE" }, "geometry": { "type": "Point", "coordinates": [ -93.88821085, 18.14747244 ] } },
{ "type": "Feature", "properties": { "pozo": "SANCHEZ MAGALLANES-173", "campo": "MAGALLANES TUCAN PAJONAL", "entidad": "TABASCO", "ubicacin": "TERRESTRE", "clasificac": "DESARROLLO", "estado_act": "SUSPENDIDO", "tipo_de_hi": "ACEITE", "fecha_inic": "01-MAY-1962", "fecha_fin_": "01-MAY-1962", "profundida": 2500.0, "profundi_1": 2500.0, "trayectori": "VERTICAL", "disponible": "DISPONIBLE" }, "geometry": { "type": "Point", "coordinates": [ -93.88633407, 18.14755891 ] } },
{ "type": "Feature", "properties": { "pozo": "SANCHEZ MAGALLANES-173D", "campo": "MAGALLANES TUCAN PAJONAL", "entidad": "TABASCO", "ubicacin": "TERRESTRE", "clasificac": "DESARROLLO", "estado_act": "INACTIVO", "tipo_de_hi": "ACEITE", "fecha_inic": "02-JUN-1962", "fecha_fin_": "20-JUN-1962", "profundida": 2280.0, "profundi_1": 2280.0, "trayectori": "VERTICAL", "disponible": "DISPONIBLE" }, "geometry": { "type": "Point", "coordinates": [ -93.88630237, 18.14760822 ] } },
{ "type": "Feature", "properties": { "pozo": "SANCHEZ MAGALLANES-177", "campo": "MAGALLANES TUCAN PAJONAL", "entidad": "TABASCO", "ubicacin": "TERRESTRE", "clasificac": "DESARROLLO", "estado_act": "CERRADO", "tipo_de_hi": "ACEITE", "fecha_inic": "09-MAY-1962", "fecha_fin_": "09-MAY-1962", "profundida": 2580.0, "profundi_1": 2580.0, "trayectori": "VERTICAL", "disponible": "DISPONIBLE" }, "geometry": { "type": "Point", "coordinates": [ -93.88538905, 18.14600462 ] } },
{ "type": "Feature", "properties": { "pozo": "SANCHEZ MAGALLANES-178", "campo": "MAGALLANES TUCAN PAJONAL", "entidad": "TABASCO", "ubicacin": "TERRESTRE", "clasificac": "DESARROLLO", "estado_act": "CERRADO", "tipo_de_hi": "ACEITE", "fecha_inic": "31-MAR-1962", "fecha_fin_": "31-MAR-1962", "profundida": 2750.0, "profundi_1": 2750.0, "trayectori": "VERTICAL", "disponible": "DISPONIBLE" }, "geometry": { "type": "Point", "coordinates": [ -93.88354026, 18.14601321 ] } },
{ "type": "Feature", "properties": { "pozo": "SANCHEZ MAGALLANES-179", "campo": "MAGALLANES TUCAN PAJONAL", "entidad": "TABASCO", "ubicacin": "TERRESTRE", "clasificac": "DESARROLLO", "estado_act": "CERRADO", "tipo_de_hi": "ACEITE", "fecha_inic": "12-NOV-1961", "fecha_fin_": "12-NOV-1961", "profundida": 2395.0, "profundi_1": 2395.0, "trayectori": "VERTICAL", "disponible": "DISPONIBLE" }, "geometry": { "type": "Point", "coordinates": [ -93.88820277, 18.14441206 ] } },
{ "type": "Feature", "properties": { "pozo": "SANCHEZ MAGALLANES-326", "campo": "MAGALLANES TUCAN PAJONAL", "entidad": "TABASCO", "ubicacin": "TERRESTRE", "clasificac": "DESARROLLO", "estado_act": "CERRADO", "tipo_de_hi": "ACEITE", "fecha_inic": "30-MAR-1963", "fecha_fin_": "30-MAR-1963", "profundida": 3050.0, "profundi_1": 3050.0, "trayectori": "VERTICAL", "disponible": "DISPONIBLE" }, "geometry": { "type": "Point", "coordinates": [ -93.8740339, 18.15539073 ] } },
{ "type": "Feature", "properties": { "pozo": "SANCHEZ MAGALLANES-333", "campo": "MAGALLANES TUCAN PAJONAL", "entidad": "TABASCO", "ubicacin": "TERRESTRE", "clasificac": "DESARROLLO", "estado_act": "CERRADO", "tipo_de_hi": null, "fecha_inic": "19-MAR-1963", "fecha_fin_": "19-MAR-1963", "profundida": 2885.0, "profundi_1": 2885.0, "trayectori": "VERTICAL", "disponible": "DISPONIBLE" }, "geometry": { "type": "Point", "coordinates": [ -93.87699001, 18.16333737 ] } },
{ "type": "Feature", "properties": { "pozo": "SANCHEZ MAGALLANES-345", "campo": "MAGALLANES TUCAN PAJONAL", "entidad": "TABASCO", "ubicacin": "TERRESTRE", "clasificac": "DESARROLLO", "estado_act": "INACTIVO", "tipo_de_hi": "ACEITE", "fecha_inic": "02-JUN-1963", "fecha_fin_": "02-JUN-1963", "profundida": 2830.2, "profundi_1": 2830.2, "trayectori": "VERTICAL", "disponible": "DISPONIBLE" }, "geometry": { "type": "Point", "coordinates": [ -93.87221167, 18.15882998 ] } },
{ "type": "Feature", "properties": { "pozo": "SANCHEZ MAGALLANES-352", "campo": "MAGALLANES TUCAN PAJONAL", "entidad": "TABASCO", "ubicacin": "TERRESTRE", "clasificac": "DESARROLLO", "estado_act": "CERRADO", "tipo_de_hi": "ACEITE", "fecha_inic": "25-JUL-1963", "fecha_fin_": "29-JUL-1963", "profundida": 3250.0, "profundi_1": 3250.0, "trayectori": "VERTICAL", "disponible": "DISPONIBLE" }, "geometry": { "type": "Point", "coordinates": [ -93.87220332, 18.14609422 ] } },
{ "type": "Feature", "properties": { "pozo": "SANCHEZ MAGALLANES-359", "campo": "MAGALLANES TUCAN PAJONAL", "entidad": "TABASCO", "ubicacin": "TERRESTRE", "clasificac": "DESARROLLO", "estado_act": "CERRADO", "tipo_de_hi": "ACEITE", "fecha_inic": "22-JUN-1963", "fecha_fin_": "22-JUN-1963", "profundida": 3443.5, "profundi_1": 3443.5, "trayectori": "VERTICAL", "disponible": "DISPONIBLE" }, "geometry": { "type": "Point", "coordinates": [ -93.87116881, 18.15079904 ] } },
{ "type": "Feature", "properties": { "pozo": "SANCHEZ MAGALLANES-409", "campo": "MAGALLANES TUCAN PAJONAL", "entidad": "TABASCO", "ubicacin": "TERRESTRE", "clasificac": "DESARROLLO", "estado_act": "CERRADO", "tipo_de_hi": "ACEITE", "fecha_inic": "30-MAR-1964", "fecha_fin_": "30-MAR-1964", "profundida": 3010.0, "profundi_1": 3010.0, "trayectori": "VERTICAL", "disponible": "DISPONIBLE" }, "geometry": { "type": "Point", "coordinates": [ -93.87121479, 18.14767658 ] } },
{ "type": "Feature", "properties": { "pozo": "SANCHEZ MAGALLANES-419", "campo": "MAGALLANES TUCAN PAJONAL", "entidad": "TABASCO", "ubicacin": "TERRESTRE", "clasificac": "DESARROLLO", "estado_act": "CERRADO", "tipo_de_hi": "ACEITE", "fecha_inic": "07-FEB-1964", "fecha_fin_": "07-FEB-1964", "profundida": 3388.2, "profundi_1": 3388.2, "trayectori": "VERTICAL", "disponible": "DISPONIBLE" }, "geometry": { "type": "Point", "coordinates": [ -93.87581395, 18.13346601 ] } },
{ "type": "Feature", "properties": { "pozo": "SANCHEZ MAGALLANES-428", "campo": "MAGALLANES TUCAN PAJONAL", "entidad": "TABASCO", "ubicacin": "TERRESTRE", "clasificac": "DESARROLLO", "estado_act": "CERRADO", "tipo_de_hi": "ACEITE", "fecha_inic": "25-ABR-1964", "fecha_fin_": "25-ABR-1964", "profundida": 2250.0, "profundi_1": 2250.0, "trayectori": "VERTICAL", "disponible": "DISPONIBLE" }, "geometry": { "type": "Point", "coordinates": [ -93.89185661, 18.12877395 ] } },
{ "type": "Feature", "properties": { "pozo": "SANCHEZ MAGALLANES-454", "campo": "MAGALLANES TUCAN PAJONAL", "entidad": "TABASCO", "ubicacin": "TERRESTRE", "clasificac": "DESARROLLO", "estado_act": "CERRADO", "tipo_de_hi": null, "fecha_inic": "24-JUN-1968", "fecha_fin_": "24-JUN-1968", "profundida": 2845.0, "profundi_1": 2845.0, "trayectori": "VERTICAL", "disponible": "DISPONIBLE" }, "geometry": { "type": "Point", "coordinates": [ -93.87950615, 18.12411326 ] } },
{ "type": "Feature", "properties": { "pozo": "CINCO PRESIDENTES-165", "campo": "CINCO PRESIDENTES", "entidad": "TABASCO", "ubicacin": "TERRESTRE", "clasificac": "DESARROLLO", "estado_act": "INACTIVO", "tipo_de_hi": "ACEITE", "fecha_inic": "04-OCT-1964", "fecha_fin_": "20-OCT-1964", "profundida": 2375.0, "profundi_1": 2375.0, "trayectori": "VERTICAL", "disponible": "DISPONIBLE" }, "geometry": { "type": "Point", "coordinates": [ -94.01161175, 18.20103784 ] } },
{ "type": "Feature", "properties": { "pozo": "CINCO PRESIDENTES-9", "campo": "CINCO PRESIDENTES", "entidad": "TABASCO", "ubicacin": "TERRESTRE", "clasificac": "DESARROLLO", "estado_act": "INACTIVO", "tipo_de_hi": "ACEITE", "fecha_inic": "27-NOV-1964", "fecha_fin_": "22-DIC-1964", "profundida": 2780.0, "profundi_1": 0.0, "trayectori": "VERTICAL", "disponible": "DISPONIBLE" }, "geometry": { "type": "Point", "coordinates": [ -94.02138158, 18.20149308 ] } },
{ "type": "Feature", "properties": { "pozo": "CINCO PRESIDENTES-94", "campo": "CINCO PRESIDENTES", "entidad": "TABASCO", "ubicacin": "TERRESTRE", "clasificac": "DESARROLLO", "estado_act": "INACTIVO", "tipo_de_hi": "ACEITE", "fecha_inic": "03-ABR-1968", "fecha_fin_": "11-MAY-1968", "profundida": 3446.8, "profundi_1": 3446.8, "trayectori": "VERTICAL", "disponible": "DISPONIBLE" }, "geometry": { "type": "Point", "coordinates": [ -94.00793323, 18.21561725 ] } },
{ "type": "Feature", "properties": { "pozo": "CINCO PRESIDENTES-96", "campo": "CINCO PRESIDENTES", "entidad": "TABASCO", "ubicacin": "TERRESTRE", "clasificac": "DESARROLLO", "estado_act": "INACTIVO", "tipo_de_hi": "ACEITE", "fecha_inic": "20-JUL-1963", "fecha_fin_": "19-AGO-1963", "profundida": 3232.6, "profundi_1": 0.0, "trayectori": "VERTICAL", "disponible": "DISPONIBLE" }, "geometry": { "type": "Point", "coordinates": [ -94.02429276, 18.21063868 ] } },
{ "type": "Feature", "properties": { "pozo": "CINCO PRESIDENTES-75", "campo": "CINCO PRESIDENTES", "entidad": "TABASCO", "ubicacin": "TERRESTRE", "clasificac": "DESARROLLO", "estado_act": "INACTIVO", "tipo_de_hi": "ACEITE", "fecha_inic": "09-DIC-1962", "fecha_fin_": "08-ENE-1963", "profundida": 3300.0, "profundi_1": 3300.0, "trayectori": "VERTICAL", "disponible": "DISPONIBLE" }, "geometry": { "type": "Point", "coordinates": [ -94.01811094, 18.21765833 ] } },
{ "type": "Feature", "properties": { "pozo": "CINCO PRESIDENTES-79", "campo": "CINCO PRESIDENTES", "entidad": "TABASCO", "ubicacin": "TERRESTRE", "clasificac": "DESARROLLO", "estado_act": "INACTIVO", "tipo_de_hi": "ACEITE", "fecha_inic": "03-OCT-1963", "fecha_fin_": "27-NOV-1963", "profundida": 3400.0, "profundi_1": 0.0, "trayectori": "VERTICAL", "disponible": "DISPONIBLE" }, "geometry": { "type": "Point", "coordinates": [ -94.02068035, 18.21951359 ] } },
{ "type": "Feature", "properties": { "pozo": "CINCO PRESIDENTES-8", "campo": "CINCO PRESIDENTES", "entidad": "TABASCO", "ubicacin": "TERRESTRE", "clasificac": "DESARROLLO", "estado_act": "INACTIVO", "tipo_de_hi": "ACEITE", "fecha_inic": "25-OCT-1960", "fecha_fin_": "06-DIC-1960", "profundida": 2742.5, "profundi_1": 2742.5, "trayectori": "VERTICAL", "disponible": "DISPONIBLE" }, "geometry": { "type": "Point", "coordinates": [ -94.01803608, 18.20314824 ] } },
{ "type": "Feature", "properties": { "pozo": "CINCO PRESIDENTES-80", "campo": "CINCO PRESIDENTES", "entidad": "TABASCO", "ubicacin": "TERRESTRE", "clasificac": "DESARROLLO", "estado_act": "INACTIVO", "tipo_de_hi": "ACEITE", "fecha_inic": "28-JUN-1963", "fecha_fin_": "26-AGO-1963", "profundida": 3580.8, "profundi_1": 3580.8, "trayectori": "VERTICAL", "disponible": "DISPONIBLE" }, "geometry": { "type": "Point", "coordinates": [ -94.01737796, 18.22115966 ] } },
{ "type": "Feature", "properties": { "pozo": "CINCO PRESIDENTES-81", "campo": "CINCO PRESIDENTES", "entidad": "TABASCO", "ubicacin": "TERRESTRE", "clasificac": "DESARROLLO", "estado_act": "INACTIVO", "tipo_de_hi": "ACEITE", "fecha_inic": "23-OCT-1963", "fecha_fin_": "22-NOV-1963", "profundida": 3105.0, "profundi_1": 3105.0, "trayectori": "VERTICAL", "disponible": "DISPONIBLE" }, "geometry": { "type": "Point", "coordinates": [ -94.01432595, 18.21566036 ] } },
{ "type": "Feature", "properties": { "pozo": "CINCO PRESIDENTES-71", "campo": "CINCO PRESIDENTES", "entidad": "TABASCO", "ubicacin": "TERRESTRE", "clasificac": "DESARROLLO", "estado_act": "INACTIVO", "tipo_de_hi": "ACEITE", "fecha_inic": "12-OCT-1963", "fecha_fin_": "11-NOV-1963", "profundida": 3050.0, "profundi_1": 3050.0, "trayectori": "VERTICAL", "disponible": "DISPONIBLE" }, "geometry": { "type": "Point", "coordinates": [ -94.02116663, 18.20856683 ] } },
{ "type": "Feature", "properties": { "pozo": "SANCHEZ MAGALLANES-754", "campo": "MAGALLANES TUCAN PAJONAL", "entidad": "TABASCO", "ubicacin": "TERRESTRE", "clasificac": "DESARROLLO", "estado_act": "CERRADO", "tipo_de_hi": "ACEITE", "fecha_inic": "26-MAY-1971", "fecha_fin_": "26-AGO-1971", "profundida": 2700.0, "profundi_1": 0.0, "trayectori": "VERTICAL", "disponible": "DISPONIBLE" }, "geometry": { "type": "Point", "coordinates": [ -93.89615264, 18.2091599 ] } },
{ "type": "Feature", "properties": { "pozo": "SANCHEZ MAGALLANES-754A", "campo": "MAGALLANES TUCAN PAJONAL", "entidad": "TABASCO", "ubicacin": "TERRESTRE", "clasificac": "DESARROLLO", "estado_act": "INACTIVO", "tipo_de_hi": "ACEITE", "fecha_inic": "23-JUL-1979", "fecha_fin_": "19-SEP-1979", "profundida": 2507.0, "profundi_1": 0.0, "trayectori": "VERTICAL", "disponible": "DISPONIBLE" }, "geometry": { "type": "Point", "coordinates": [ -93.89611334, 18.2091665 ] } },
{ "type": "Feature", "properties": { "pozo": "SANCHEZ MAGALLANES-158T", "campo": "MAGALLANES TUCAN PAJONAL", "entidad": "TABASCO", "ubicacin": "TERRESTRE", "clasificac": "DESARROLLO", "estado_act": "CERRADO", "tipo_de_hi": "ACEITE", "fecha_inic": "13-FEB-1962", "fecha_fin_": "13-FEB-1962", "profundida": 2575.0, "profundi_1": 2575.0, "trayectori": "VERTICAL", "disponible": "DISPONIBLE" }, "geometry": { "type": "Point", "coordinates": [ -93.8844759, 18.15083746 ] } },
{ "type": "Feature", "properties": { "pozo": "SANCHEZ MAGALLANES-166D", "campo": "MAGALLANES TUCAN PAJONAL", "entidad": "TABASCO", "ubicacin": "TERRESTRE", "clasificac": "DESARROLLO", "estado_act": "CERRADO", "tipo_de_hi": "ACEITE", "fecha_inic": "15-ENE-1962", "fecha_fin_": "05-FEB-1962", "profundida": 2367.4, "profundi_1": 2367.4, "trayectori": "VERTICAL", "disponible": "DISPONIBLE" }, "geometry": { "type": "Point", "coordinates": [ -93.88825662, 18.15063875 ] } },
{ "type": "Feature", "properties": { "pozo": "SANCHEZ MAGALLANES-173T", "campo": "MAGALLANES TUCAN PAJONAL", "entidad": "TABASCO", "ubicacin": "TERRESTRE", "clasificac": "DESARROLLO", "estado_act": "CERRADO", "tipo_de_hi": "ACEITE", "fecha_inic": "06-JUL-1962", "fecha_fin_": "06-JUL-1962", "profundida": 2060.0, "profundi_1": 2060.0, "trayectori": "VERTICAL", "disponible": "DISPONIBLE" }, "geometry": { "type": "Point", "coordinates": [ -93.88640447, 18.14760946 ] } },
{ "type": "Feature", "properties": { "pozo": "SANCHEZ MAGALLANES-183", "campo": "MAGALLANES TUCAN PAJONAL", "entidad": "TABASCO", "ubicacin": "TERRESTRE", "clasificac": "DESARROLLO", "estado_act": "CERRADO", "tipo_de_hi": null, "fecha_inic": "18-JUN-1960", "fecha_fin_": null, "profundida": 1720.7, "profundi_1": 1720.7, "trayectori": "VERTICAL", "disponible": "DISPONIBLE" }, "geometry": { "type": "Point", "coordinates": [ -93.89105707, 18.15539071 ] } },
{ "type": "Feature", "properties": { "pozo": "SANCHEZ MAGALLANES-186", "campo": "MAGALLANES TUCAN PAJONAL", "entidad": "TABASCO", "ubicacin": "TERRESTRE", "clasificac": "DESARROLLO", "estado_act": "CERRADO", "tipo_de_hi": "ACEITE", "fecha_inic": "20-MAR-1960", "fecha_fin_": "10-ABR-1960", "profundida": 1679.5, "profundi_1": 1679.5, "trayectori": "VERTICAL", "disponible": "DISPONIBLE" }, "geometry": { "type": "Point", "coordinates": [ -93.89868501, 18.1678715 ] } },
{ "type": "Feature", "properties": { "pozo": "SANCHEZ MAGALLANES-187D", "campo": "MAGALLANES TUCAN PAJONAL", "entidad": "TABASCO", "ubicacin": "TERRESTRE", "clasificac": "DESARROLLO", "estado_act": "CERRADO", "tipo_de_hi": "ACEITE", "fecha_inic": "10-JUL-1960", "fecha_fin_": "10-JUL-1960", "profundida": 1265.0, "profundi_1": 1265.0, "trayectori": "VERTICAL", "disponible": "DISPONIBLE" }, "geometry": { "type": "Point", "coordinates": [ -93.89766828, 18.16316801 ] } },
{ "type": "Feature", "properties": { "pozo": "SANCHEZ MAGALLANES-188", "campo": "MAGALLANES TUCAN PAJONAL", "entidad": "TABASCO", "ubicacin": "TERRESTRE", "clasificac": "DESARROLLO", "estado_act": "CERRADO", "tipo_de_hi": "ACEITE", "fecha_inic": "27-JUL-1960", "fecha_fin_": "27-JUL-1960", "profundida": 1520.0, "profundi_1": 1520.0, "trayectori": "VERTICAL", "disponible": "DISPONIBLE" }, "geometry": { "type": "Point", "coordinates": [ -93.89583696, 18.16319047 ] } },
{ "type": "Feature", "properties": { "pozo": "SANCHEZ MAGALLANES-189", "campo": "MAGALLANES TUCAN PAJONAL", "entidad": "TABASCO", "ubicacin": "TERRESTRE", "clasificac": "DESARROLLO", "estado_act": "CERRADO", "tipo_de_hi": "ACEITE", "fecha_inic": "16-AGO-1960", "fecha_fin_": "16-AGO-1960", "profundida": 1625.0, "profundi_1": 1625.0, "trayectori": "VERTICAL", "disponible": "DISPONIBLE" }, "geometry": { "type": "Point", "coordinates": [ -93.89394639, 18.16319927 ] } },
{ "type": "Feature", "properties": { "pozo": "SANCHEZ MAGALLANES-190", "campo": "MAGALLANES TUCAN PAJONAL", "entidad": "TABASCO", "ubicacin": "TERRESTRE", "clasificac": "DESARROLLO", "estado_act": "CERRADO", "tipo_de_hi": "ACEITE", "fecha_inic": "17-SEP-1960", "fecha_fin_": "17-SEP-1960", "profundida": 1600.0, "profundi_1": 1600.0, "trayectori": "VERTICAL", "disponible": "DISPONIBLE" }, "geometry": { "type": "Point", "coordinates": [ -93.89205636, 18.16320272 ] } },
{ "type": "Feature", "properties": { "pozo": "CINCO PRESIDENTES-801", "campo": "CINCO PRESIDENTES", "entidad": "TABASCO", "ubicacin": "TERRESTRE", "clasificac": "DESARROLLO", "estado_act": "CERRADO", "tipo_de_hi": "ACEITE", "fecha_inic": "21-ABR-1981", "fecha_fin_": "01-SEP-1981", "profundida": 2058.0, "profundi_1": 0.0, "trayectori": "VERTICAL", "disponible": "DISPONIBLE" }, "geometry": { "type": "Point", "coordinates": [ -93.98636069, 18.18668143 ] } },
{ "type": "Feature", "properties": { "pozo": "CINCO PRESIDENTES-129", "campo": "CINCO PRESIDENTES", "entidad": "TABASCO", "ubicacin": "TERRESTRE", "clasificac": "DESARROLLO", "estado_act": "INACTIVO", "tipo_de_hi": "ACEITE", "fecha_inic": "12-ENE-1965", "fecha_fin_": "10-FEB-1965", "profundida": 3132.0, "profundi_1": 0.0, "trayectori": "VERTICAL", "disponible": "DISPONIBLE" }, "geometry": { "type": "Point", "coordinates": [ -93.9929016, 18.17335552 ] } },
{ "type": "Feature", "properties": { "pozo": "CINCO PRESIDENTES-130", "campo": "CINCO PRESIDENTES", "entidad": "TABASCO", "ubicacin": "TERRESTRE", "clasificac": "DESARROLLO", "estado_act": "INACTIVO", "tipo_de_hi": "ACEITE", "fecha_inic": "28-MAY-1964", "fecha_fin_": "15-JUL-1964", "profundida": 2830.0, "profundi_1": 0.0, "trayectori": "VERTICAL", "disponible": "DISPONIBLE" }, "geometry": { "type": "Point", "coordinates": [ -93.99623668, 18.17166544 ] } },
{ "type": "Feature", "properties": { "pozo": "CINCO PRESIDENTES-131", "campo": "CINCO PRESIDENTES", "entidad": "TABASCO", "ubicacin": "TERRESTRE", "clasificac": "DESARROLLO", "estado_act": "INACTIVO", "tipo_de_hi": "ACEITE", "fecha_inic": "07-MAR-1965", "fecha_fin_": "20-MAR-1965", "profundida": 2600.0, "profundi_1": 0.0, "trayectori": "VERTICAL", "disponible": "DISPONIBLE" }, "geometry": { "type": "Point", "coordinates": [ -93.9994441, 18.17357104 ] } },
{ "type": "Feature", "properties": { "pozo": "CINCO PRESIDENTES-171", "campo": "CINCO PRESIDENTES", "entidad": "TABASCO", "ubicacin": "TERRESTRE", "clasificac": "DESARROLLO", "estado_act": "INACTIVO", "tipo_de_hi": "ACEITE", "fecha_inic": "14-DIC-1975", "fecha_fin_": "14-ENE-1976", "profundida": 2570.0, "profundi_1": 0.0, "trayectori": "VERTICAL", "disponible": "DISPONIBLE" }, "geometry": { "type": "Point", "coordinates": [ -94.01089006, 18.21152675 ] } },
{ "type": "Feature", "properties": { "pozo": "CINCO PRESIDENTES-177", "campo": "CINCO PRESIDENTES", "entidad": "TABASCO", "ubicacin": "TERRESTRE", "clasificac": "DESARROLLO", "estado_act": "INACTIVO", "tipo_de_hi": "ACEITE", "fecha_inic": "26-AGO-1964", "fecha_fin_": "17-SEP-1964", "profundida": 2700.0, "profundi_1": 0.0, "trayectori": "VERTICAL", "disponible": "DISPONIBLE" }, "geometry": { "type": "Point", "coordinates": [ -94.01628775, 18.20943772 ] } },
{ "type": "Feature", "properties": { "pozo": "SANCHEZ MAGALLANES-6", "campo": "MAGALLANES TUCAN PAJONAL", "entidad": "TABASCO", "ubicacin": "TERRESTRE", "clasificac": "DESARROLLO", "estado_act": "CERRADO", "tipo_de_hi": "ACEITE", "fecha_inic": "16-JUL-1958", "fecha_fin_": "16-JUL-1958", "profundida": 1452.5, "profundi_1": 1452.5, "trayectori": "VERTICAL", "disponible": "DISPONIBLE" }, "geometry": { "type": "Point", "coordinates": [ -93.90246591, 18.14902673 ] } },
{ "type": "Feature", "properties": { "pozo": "SANCHEZ MAGALLANES-26", "campo": "MAGALLANES TUCAN PAJONAL", "entidad": "TABASCO", "ubicacin": "TERRESTRE", "clasificac": "DESARROLLO", "estado_act": "CERRADO", "tipo_de_hi": "ACEITE", "fecha_inic": "11-JUN-1961", "fecha_fin_": "11-JUN-1961", "profundida": 1300.0, "profundi_1": 1300.0, "trayectori": "VERTICAL", "disponible": "DISPONIBLE" }, "geometry": { "type": "Point", "coordinates": [ -93.90335764, 18.1537747 ] } },
{ "type": "Feature", "properties": { "pozo": "SANCHEZ MAGALLANES-39", "campo": "MAGALLANES TUCAN PAJONAL", "entidad": "TABASCO", "ubicacin": "TERRESTRE", "clasificac": "DESARROLLO", "estado_act": "CERRADO", "tipo_de_hi": "ACEITE", "fecha_inic": "20-NOV-1960", "fecha_fin_": "20-NOV-1960", "profundida": 1400.0, "profundi_1": 1400.0, "trayectori": "VERTICAL", "disponible": "DISPONIBLE" }, "geometry": { "type": "Point", "coordinates": [ -93.90052889, 18.15534768 ] } },
{ "type": "Feature", "properties": { "pozo": "SANCHEZ MAGALLANES-53", "campo": "MAGALLANES TUCAN PAJONAL", "entidad": "TABASCO", "ubicacin": "TERRESTRE", "clasificac": "DESARROLLO", "estado_act": "CERRADO", "tipo_de_hi": "ACEITE", "fecha_inic": "18-MAR-1961", "fecha_fin_": "18-MAR-1961", "profundida": 1475.0, "profundi_1": 1475.0, "trayectori": "VERTICAL", "disponible": "DISPONIBLE" }, "geometry": { "type": "Point", "coordinates": [ -93.89580524, 18.15692999 ] } },
{ "type": "Feature", "properties": { "pozo": "SANCHEZ MAGALLANES-65", "campo": "MAGALLANES TUCAN PAJONAL", "entidad": "TABASCO", "ubicacin": "TERRESTRE", "clasificac": "DESARROLLO", "estado_act": "CERRADO", "tipo_de_hi": "ACEITE", "fecha_inic": "13-FEB-1960", "fecha_fin_": "13-FEB-1960", "profundida": 1739.0, "profundi_1": 1739.0, "trayectori": "VERTICAL", "disponible": "DISPONIBLE" }, "geometry": { "type": "Point", "coordinates": [ -93.89493624, 18.15832041 ] } },
{ "type": "Feature", "properties": { "pozo": "SANCHEZ MAGALLANES-75", "campo": "MAGALLANES TUCAN PAJONAL", "entidad": "TABASCO", "ubicacin": "TERRESTRE", "clasificac": "DESARROLLO", "estado_act": "CERRADO", "tipo_de_hi": "ACEITE", "fecha_inic": "13-MAR-1961", "fecha_fin_": "13-MAR-1961", "profundida": 1475.0, "profundi_1": 1475.0, "trayectori": "VERTICAL", "disponible": "DISPONIBLE" }, "geometry": { "type": "Point", "coordinates": [ -93.89771107, 18.1600521 ] } },
{ "type": "Feature", "properties": { "pozo": "SANCHEZ MAGALLANES-85", "campo": "MAGALLANES TUCAN PAJONAL", "entidad": "TABASCO", "ubicacin": "TERRESTRE", "clasificac": "DESARROLLO", "estado_act": "CERRADO", "tipo_de_hi": "ACEITE", "fecha_inic": "21-NOV-1958", "fecha_fin_": "21-NOV-1958", "profundida": 1776.8, "profundi_1": 1776.8, "trayectori": "VERTICAL", "disponible": "DISPONIBLE" }, "geometry": { "type": "Point", "coordinates": [ -93.8986618, 18.1616146 ] } },
{ "type": "Feature", "properties": { "pozo": "SANCHEZ MAGALLANES-91", "campo": "MAGALLANES TUCAN PAJONAL", "entidad": "TABASCO", "ubicacin": "TERRESTRE", "clasificac": "DESARROLLO", "estado_act": "CERRADO", "tipo_de_hi": "ACEITE", "fecha_inic": "18-JUL-1961", "fecha_fin_": "18-JUL-1961", "profundida": 1675.0, "profundi_1": 1675.0, "trayectori": "VERTICAL", "disponible": "DISPONIBLE" }, "geometry": { "type": "Point", "coordinates": [ -93.90722475, 18.16312632 ] } },
{ "type": "Feature", "properties": { "pozo": "CINCO PRESIDENTES-72", "campo": "CINCO PRESIDENTES", "entidad": "TABASCO", "ubicacin": "TERRESTRE", "clasificac": "DESARROLLO", "estado_act": "INACTIVO", "tipo_de_hi": "ACEITE", "fecha_inic": "07-FEB-1964", "fecha_fin_": "02-MAR-1964", "profundida": 3150.0, "profundi_1": 0.0, "trayectori": "VERTICAL", "disponible": "DISPONIBLE" }, "geometry": { "type": "Point", "coordinates": [ -94.0213925, 18.212242 ] } },
{ "type": "Feature", "properties": { "pozo": "CINCO PRESIDENTES-73", "campo": "CINCO PRESIDENTES", "entidad": "TABASCO", "ubicacin": "TERRESTRE", "clasificac": "DESARROLLO", "estado_act": "INACTIVO", "tipo_de_hi": "ACEITE", "fecha_inic": "29-JUL-1962", "fecha_fin_": "05-SEP-1962", "profundida": 3182.0, "profundi_1": 0.0, "trayectori": "VERTICAL", "disponible": "DISPONIBLE" }, "geometry": { "type": "Point", "coordinates": [ -94.01794246, 18.21411841 ] } },
{ "type": "Feature", "properties": { "pozo": "CINCO PRESIDENTES-74", "campo": "CINCO PRESIDENTES", "entidad": "TABASCO", "ubicacin": "TERRESTRE", "clasificac": "DESARROLLO", "estado_act": "INACTIVO", "tipo_de_hi": "ACEITE", "fecha_inic": "02-DIC-1963", "fecha_fin_": "27-DIC-1963", "profundida": 2894.0, "profundi_1": 0.0, "trayectori": "VERTICAL", "disponible": "DISPONIBLE" }, "geometry": { "type": "Point", "coordinates": [ -94.01442353, 18.21208197 ] } },
{ "type": "Feature", "properties": { "pozo": "CINCO PRESIDENTES-61", "campo": "CINCO PRESIDENTES", "entidad": "TABASCO", "ubicacin": "TERRESTRE", "clasificac": "DESARROLLO", "estado_act": "INACTIVO", "tipo_de_hi": "ACEITE", "fecha_inic": "06-AGO-1962", "fecha_fin_": "22-SEP-1962", "profundida": 3111.0, "profundi_1": 3111.0, "trayectori": "VERTICAL", "disponible": "DISPONIBLE" }, "geometry": { "type": "Point", "coordinates": [ -94.01110036, 18.21371991 ] } },
{ "type": "Feature", "properties": { "pozo": "CINCO PRESIDENTES-62", "campo": "CINCO PRESIDENTES", "entidad": "TABASCO", "ubicacin": "TERRESTRE", "clasificac": "DESARROLLO", "estado_act": "INACTIVO", "tipo_de_hi": "ACEITE", "fecha_inic": "09-MAY-1964", "fecha_fin_": "24-MAY-1964", "profundida": 2927.4, "profundi_1": 0.0, "trayectori": "VERTICAL", "disponible": "DISPONIBLE" }, "geometry": { "type": "Point", "coordinates": [ -94.0080057, 18.2081936 ] } },
{ "type": "Feature", "properties": { "pozo": "CINCO PRESIDENTES-63", "campo": "CINCO PRESIDENTES", "entidad": "TABASCO", "ubicacin": "TERRESTRE", "clasificac": "DESARROLLO", "estado_act": "INACTIVO", "tipo_de_hi": "ACEITE", "fecha_inic": "30-ABR-1964", "fecha_fin_": "22-MAY-1964", "profundida": 2814.0, "profundi_1": 0.0, "trayectori": "VERTICAL", "disponible": "DISPONIBLE" }, "geometry": { "type": "Point", "coordinates": [ -94.0145397, 18.20851252 ] } },
{ "type": "Feature", "properties": { "pozo": "CINCO PRESIDENTES-64", "campo": "CINCO PRESIDENTES", "entidad": "TABASCO", "ubicacin": "TERRESTRE", "clasificac": "DESARROLLO", "estado_act": "INACTIVO", "tipo_de_hi": "ACEITE", "fecha_inic": "25-MAR-1964", "fecha_fin_": "04-SEP-1964", "profundida": 2900.0, "profundi_1": 0.0, "trayectori": "VERTICAL", "disponible": "DISPONIBLE" }, "geometry": { "type": "Point", "coordinates": [ -94.00485428, 18.20627343 ] } },
{ "type": "Feature", "properties": { "pozo": "CINCO PRESIDENTES-65", "campo": "CINCO PRESIDENTES", "entidad": "TABASCO", "ubicacin": "TERRESTRE", "clasificac": "DESARROLLO", "estado_act": "INACTIVO", "tipo_de_hi": "ACEITE", "fecha_inic": "03-ABR-1964", "fecha_fin_": "04-AGO-1964", "profundida": 3630.0, "profundi_1": 0.0, "trayectori": "VERTICAL", "disponible": "DISPONIBLE" }, "geometry": { "type": "Point", "coordinates": [ -94.00155763, 18.2080159 ] } },
{ "type": "Feature", "properties": { "pozo": "CINCO PRESIDENTES-67", "campo": "CINCO PRESIDENTES", "entidad": "TABASCO", "ubicacin": "TERRESTRE", "clasificac": "DESARROLLO", "estado_act": "INACTIVO", "tipo_de_hi": "ACEITE", "fecha_inic": "15-MAY-1964", "fecha_fin_": "28-JUN-1964", "profundida": 3667.1, "profundi_1": 3667.1, "trayectori": "VERTICAL", "disponible": "DISPONIBLE" }, "geometry": { "type": "Point", "coordinates": [ -94.00457458, 18.21351652 ] } },
{ "type": "Feature", "properties": { "pozo": "CINCO PRESIDENTES-68", "campo": "CINCO PRESIDENTES", "entidad": "TABASCO", "ubicacin": "TERRESTRE", "clasificac": "DESARROLLO", "estado_act": "INACTIVO", "tipo_de_hi": "ACEITE", "fecha_inic": "25-ENE-1964", "fecha_fin_": "14-MAR-1964", "profundida": 3190.9, "profundi_1": 3190.9, "trayectori": "VERTICAL", "disponible": "DISPONIBLE" }, "geometry": { "type": "Point", "coordinates": [ -94.0079127, 18.21172046 ] } },
{ "type": "Feature", "properties": { "pozo": "SANCHEZ MAGALLANES-369A", "campo": "MAGALLANES TUCAN PAJONAL", "entidad": "TABASCO", "ubicacin": "TERRESTRE", "clasificac": "DESARROLLO", "estado_act": "CERRADO", "tipo_de_hi": "ACEITE", "fecha_inic": "11-JUL-1963", "fecha_fin_": "11-JUL-1963", "profundida": 3300.0, "profundi_1": 3300.0, "trayectori": "VERTICAL", "disponible": "DISPONIBLE" }, "geometry": { "type": "Point", "coordinates": [ -93.87586869, 18.13979187 ] } },
{ "type": "Feature", "properties": { "pozo": "CINCO PRESIDENTES-575", "campo": "CINCO PRESIDENTES", "entidad": "TABASCO", "ubicacin": "TERRESTRE", "clasificac": "DESARROLLO", "estado_act": "INACTIVO", "tipo_de_hi": "ACEITE", "fecha_inic": "22-DIC-1983", "fecha_fin_": "04-FEB-1984", "profundida": 2950.0, "profundi_1": 0.0, "trayectori": "VERTICAL", "disponible": "DISPONIBLE" }, "geometry": { "type": "Point", "coordinates": [ -93.99489915, 18.17237729 ] } },
{ "type": "Feature", "properties": { "pozo": "SANCHEZ MAGALLANES-73D", "campo": "MAGALLANES TUCAN PAJONAL", "entidad": "TABASCO", "ubicacin": "TERRESTRE", "clasificac": "DESARROLLO", "estado_act": "CERRADO", "tipo_de_hi": "ACEITE", "fecha_inic": "19-AGO-1961", "fecha_fin_": "19-AGO-1961", "profundida": 1250.0, "profundi_1": 1250.0, "trayectori": "VERTICAL", "disponible": "DISPONIBLE" }, "geometry": { "type": "Point", "coordinates": [ -93.90147005, 18.15998453 ] } },
{ "type": "Feature", "properties": { "pozo": "SANCHEZ MAGALLANES-85D", "campo": "MAGALLANES TUCAN PAJONAL", "entidad": "TABASCO", "ubicacin": "TERRESTRE", "clasificac": "DESARROLLO", "estado_act": "CERRADO", "tipo_de_hi": "ACEITE", "fecha_inic": "20-FEB-1959", "fecha_fin_": "20-FEB-1959", "profundida": 1355.0, "profundi_1": 1355.0, "trayectori": "VERTICAL", "disponible": "DISPONIBLE" }, "geometry": { "type": "Point", "coordinates": [ -93.89877, 18.16158653 ] } },
{ "type": "Feature", "properties": { "pozo": "SANCHEZ MAGALLANES-95D", "campo": "MAGALLANES TUCAN PAJONAL", "entidad": "TABASCO", "ubicacin": "TERRESTRE", "clasificac": "DESARROLLO", "estado_act": "CERRADO", "tipo_de_hi": "ACEITE", "fecha_inic": "03-DIC-1960", "fecha_fin_": "03-DIC-1960", "profundida": 1240.0, "profundi_1": 1240.0, "trayectori": "VERTICAL", "disponible": "DISPONIBLE" }, "geometry": { "type": "Point", "coordinates": [ -93.89973624, 18.16318428 ] } },
{ "type": "Feature", "properties": { "pozo": "SANCHEZ MAGALLANES-125", "campo": "MAGALLANES TUCAN PAJONAL", "entidad": "TABASCO", "ubicacin": "TERRESTRE", "clasificac": "DESARROLLO", "estado_act": "CERRADO", "tipo_de_hi": null, "fecha_inic": "30-MAR-1961", "fecha_fin_": "30-MAR-1961", "profundida": 1530.0, "profundi_1": 1530.0, "trayectori": "VERTICAL", "disponible": "DISPONIBLE" }, "geometry": { "type": "Point", "coordinates": [ -93.89687628, 18.16790046 ] } },
{ "type": "Feature", "properties": { "pozo": "CINCO PRESIDENTES-132", "campo": "CINCO PRESIDENTES", "entidad": "TABASCO", "ubicacin": "TERRESTRE", "clasificac": "DESARROLLO", "estado_act": "INACTIVO", "tipo_de_hi": "ACEITE", "fecha_inic": "30-ABR-1967", "fecha_fin_": "30-MAY-1967", "profundida": 2778.0, "profundi_1": 0.0, "trayectori": "VERTICAL", "disponible": "DISPONIBLE" }, "geometry": { "type": "Point", "coordinates": [ -93.99957169, 18.16995813 ] } },
{ "type": "Feature", "properties": { "pozo": "CINCO PRESIDENTES-140", "campo": "CINCO PRESIDENTES", "entidad": "TABASCO", "ubicacin": "TERRESTRE", "clasificac": "DESARROLLO", "estado_act": "INACTIVO", "tipo_de_hi": "ACEITE", "fecha_inic": "09-ENE-1967", "fecha_fin_": "21-FEB-1967", "profundida": 3715.0, "profundi_1": 0.0, "trayectori": "VERTICAL", "disponible": "DISPONIBLE" }, "geometry": { "type": "Point", "coordinates": [ -94.01708978, 18.22841543 ] } },
{ "type": "Feature", "properties": { "pozo": "CINCO PRESIDENTES-146", "campo": "CINCO PRESIDENTES", "entidad": "TABASCO", "ubicacin": "TERRESTRE", "clasificac": "DESARROLLO", "estado_act": "INACTIVO", "tipo_de_hi": "ACEITE", "fecha_inic": "01-NOV-1964", "fecha_fin_": "06-DIC-1964", "profundida": 3083.0, "profundi_1": 0.0, "trayectori": "VERTICAL", "disponible": "DISPONIBLE" }, "geometry": { "type": "Point", "coordinates": [ -93.99635979, 18.16805255 ] } },
{ "type": "Feature", "properties": { "pozo": "CINCO PRESIDENTES-148", "campo": "CINCO PRESIDENTES", "entidad": "TABASCO", "ubicacin": "TERRESTRE", "clasificac": "DESARROLLO", "estado_act": "INACTIVO", "tipo_de_hi": "ACEITE", "fecha_inic": "22-JUN-1964", "fecha_fin_": "15-JUL-1964", "profundida": 2833.0, "profundi_1": 0.0, "trayectori": "VERTICAL", "disponible": "DISPONIBLE" }, "geometry": { "type": "Point", "coordinates": [ -94.00963, 18.20917917 ] } },
{ "type": "Feature", "properties": { "pozo": "CINCO PRESIDENTES-150", "campo": "CINCO PRESIDENTES", "entidad": "TABASCO", "ubicacin": "TERRESTRE", "clasificac": "DESARROLLO", "estado_act": "INACTIVO", "tipo_de_hi": "ACEITE", "fecha_inic": "17-AGO-1964", "fecha_fin_": "07-SEP-1964", "profundida": 2650.0, "profundi_1": 0.0, "trayectori": "VERTICAL", "disponible": "DISPONIBLE" }, "geometry": { "type": "Point", "coordinates": [ -94.01618933, 18.20755035 ] } },
{ "type": "Feature", "properties": { "pozo": "CINCO PRESIDENTES-151", "campo": "CINCO PRESIDENTES", "entidad": "TABASCO", "ubicacin": "TERRESTRE", "clasificac": "DESARROLLO", "estado_act": "INACTIVO", "tipo_de_hi": "ACEITE", "fecha_inic": "26-JUN-1964", "fecha_fin_": "25-JUL-1964", "profundida": 2750.0, "profundi_1": 0.0, "trayectori": "VERTICAL", "disponible": "DISPONIBLE" }, "geometry": { "type": "Point", "coordinates": [ -94.01296726, 18.20753666 ] } },
{ "type": "Feature", "properties": { "pozo": "CINCO PRESIDENTES-45T", "campo": "CINCO PRESIDENTES", "entidad": "TABASCO", "ubicacin": "TERRESTRE", "clasificac": "DESARROLLO", "estado_act": "INACTIVO", "tipo_de_hi": "ACEITE", "fecha_inic": "08-JUL-1961", "fecha_fin_": "26-JUL-1961", "profundida": 2000.0, "profundi_1": 2000.0, "trayectori": "VERTICAL", "disponible": "DISPONIBLE" }, "geometry": { "type": "Point", "coordinates": [ -94.00415864, 18.19670652 ] } },
{ "type": "Feature", "properties": { "pozo": "SANCHEZ MAGALLANES-100", "campo": "MAGALLANES TUCAN PAJONAL", "entidad": "TABASCO", "ubicacin": "TERRESTRE", "clasificac": "DESARROLLO", "estado_act": "CERRADO", "tipo_de_hi": "ACEITE", "fecha_inic": "23-ABR-1960", "fecha_fin_": "23-ABR-1960", "profundida": 1757.8, "profundi_1": 1757.8, "trayectori": "VERTICAL", "disponible": "DISPONIBLE" }, "geometry": { "type": "Point", "coordinates": [ -93.90432924, 18.16473654 ] } },
{ "type": "Feature", "properties": { "pozo": "SANCHEZ MAGALLANES-153", "campo": "MAGALLANES TUCAN PAJONAL", "entidad": "TABASCO", "ubicacin": "TERRESTRE", "clasificac": "DESARROLLO", "estado_act": "CERRADO", "tipo_de_hi": "ACEITE", "fecha_inic": "25-JUL-1961", "fecha_fin_": "25-JUL-1961", "profundida": 1750.0, "profundi_1": 1750.0, "trayectori": "VERTICAL", "disponible": "DISPONIBLE" }, "geometry": { "type": "Point", "coordinates": [ -93.90341435, 18.1662776 ] } },
{ "type": "Feature", "properties": { "pozo": "SANCHEZ MAGALLANES-160", "campo": "MAGALLANES TUCAN PAJONAL", "entidad": "TABASCO", "ubicacin": "TERRESTRE", "clasificac": "DESARROLLO", "estado_act": "CERRADO", "tipo_de_hi": null, "fecha_inic": "20-SEP-1961", "fecha_fin_": "20-SEP-1961", "profundida": 2315.0, "profundi_1": 2315.0, "trayectori": "VERTICAL", "disponible": "DISPONIBLE" }, "geometry": { "type": "Point", "coordinates": [ -93.8928012, 18.13349635 ] } },
{ "type": "Feature", "properties": { "pozo": "SANCHEZ MAGALLANES-167", "campo": "MAGALLANES TUCAN PAJONAL", "entidad": "TABASCO", "ubicacin": "TERRESTRE", "clasificac": "DESARROLLO", "estado_act": "CERRADO", "tipo_de_hi": "ACEITE", "fecha_inic": "03-JUN-1962", "fecha_fin_": "03-JUN-1962", "profundida": 2050.0, "profundi_1": 2050.0, "trayectori": "VERTICAL", "disponible": "DISPONIBLE" }, "geometry": { "type": "Point", "coordinates": [ -93.89105051, 18.14911672 ] } },
{ "type": "Feature", "properties": { "pozo": "SANCHEZ MAGALLANES-176", "campo": "MAGALLANES TUCAN PAJONAL", "entidad": "TABASCO", "ubicacin": "TERRESTRE", "clasificac": "DESARROLLO", "estado_act": "INACTIVO", "tipo_de_hi": "ACEITE", "fecha_inic": "01-MAR-1962", "fecha_fin_": "01-MAR-1962", "profundida": 2364.8, "profundi_1": 2364.8, "trayectori": "VERTICAL", "disponible": "DISPONIBLE" }, "geometry": { "type": "Point", "coordinates": [ -93.88734646, 18.14597573 ] } },
{ "type": "Feature", "properties": { "pozo": "SANCHEZ MAGALLANES-187", "campo": "MAGALLANES TUCAN PAJONAL", "entidad": "TABASCO", "ubicacin": "TERRESTRE", "clasificac": "DESARROLLO", "estado_act": "CERRADO", "tipo_de_hi": "ACEITE", "fecha_inic": "24-JUN-1960", "fecha_fin_": "24-JUN-1960", "profundida": 1550.0, "profundi_1": 1550.0, "trayectori": "VERTICAL", "disponible": "DISPONIBLE" }, "geometry": { "type": "Point", "coordinates": [ -93.8976948, 18.16315849 ] } },
{ "type": "Feature", "properties": { "pozo": "SANCHEZ MAGALLANES-197", "campo": "MAGALLANES TUCAN PAJONAL", "entidad": "TABASCO", "ubicacin": "TERRESTRE", "clasificac": "DESARROLLO", "estado_act": "INACTIVO", "tipo_de_hi": "ACEITE", "fecha_inic": "16-MAR-1963", "fecha_fin_": "16-MAR-1963", "profundida": 2321.0, "profundi_1": 2321.0, "trayectori": "VERTICAL", "disponible": "DISPONIBLE" }, "geometry": { "type": "Point", "coordinates": [ -93.88446068, 18.16008205 ] } },
{ "type": "Feature", "properties": { "pozo": "CINCO PRESIDENTES-128", "campo": "CINCO PRESIDENTES", "entidad": "TABASCO", "ubicacin": "TERRESTRE", "clasificac": "DESARROLLO", "estado_act": "INACTIVO", "tipo_de_hi": "ACEITE", "fecha_inic": "09-FEB-1964", "fecha_fin_": "20-MAR-1964", "profundida": 2905.7, "profundi_1": 0.0, "trayectori": "VERTICAL", "disponible": "DISPONIBLE" }, "geometry": { "type": "Point", "coordinates": [ -93.99610285, 18.17527386 ] } },
{ "type": "Feature", "properties": { "pozo": "CINCO PRESIDENTES-139", "campo": "CINCO PRESIDENTES", "entidad": "TABASCO", "ubicacin": "TERRESTRE", "clasificac": "DESARROLLO", "estado_act": "INACTIVO", "tipo_de_hi": "ACEITE", "fecha_inic": "27-MAY-1965", "fecha_fin_": "17-JUL-1965", "profundida": 3611.0, "profundi_1": 0.0, "trayectori": "VERTICAL", "disponible": "DISPONIBLE" }, "geometry": { "type": "Point", "coordinates": [ -94.01652279, 18.2243399 ] } },
{ "type": "Feature", "properties": { "pozo": "CINCO PRESIDENTES-49", "campo": "CINCO PRESIDENTES", "entidad": "TABASCO", "ubicacin": "TERRESTRE", "clasificac": "DESARROLLO", "estado_act": "INACTIVO", "tipo_de_hi": "ACEITE", "fecha_inic": "27-FEB-1963", "fecha_fin_": "15-MAR-1963", "profundida": 2500.0, "profundi_1": 2500.0, "trayectori": "VERTICAL", "disponible": "DISPONIBLE" }, "geometry": { "type": "Point", "coordinates": [ -94.02524873, 18.19264844 ] } },
{ "type": "Feature", "properties": { "pozo": "CINCO PRESIDENTES-5", "campo": "CINCO PRESIDENTES", "entidad": "TABASCO", "ubicacin": "TERRESTRE", "clasificac": "DESARROLLO", "estado_act": "INACTIVO", "tipo_de_hi": "ACEITE", "fecha_inic": "03-OCT-1964", "fecha_fin_": "03-NOV-1964", "profundida": 2405.0, "profundi_1": 0.0, "trayectori": "VERTICAL", "disponible": "DISPONIBLE" }, "geometry": { "type": "Point", "coordinates": [ -94.00252819, 18.1790976 ] } },
{ "type": "Feature", "properties": { "pozo": "CINCO PRESIDENTES-50", "campo": "CINCO PRESIDENTES", "entidad": "TABASCO", "ubicacin": "TERRESTRE", "clasificac": "DESARROLLO", "estado_act": "INACTIVO", "tipo_de_hi": "ACEITE", "fecha_inic": "18-ENE-1962", "fecha_fin_": "28-MAR-1962", "profundida": 3029.5, "profundi_1": 0.0, "trayectori": "VERTICAL", "disponible": "DISPONIBLE" }, "geometry": { "type": "Point", "coordinates": [ -94.01781349, 18.21031348 ] } },
{ "type": "Feature", "properties": { "pozo": "CINCO PRESIDENTES-52", "campo": "CINCO PRESIDENTES", "entidad": "TABASCO", "ubicacin": "TERRESTRE", "clasificac": "DESARROLLO", "estado_act": "INACTIVO", "tipo_de_hi": "ACEITE", "fecha_inic": "16-ENE-1962", "fecha_fin_": "10-MAR-1962", "profundida": 3189.0, "profundi_1": 3189.0, "trayectori": "VERTICAL", "disponible": "DISPONIBLE" }, "geometry": { "type": "Point", "coordinates": [ -94.00468498, 18.20989558 ] } },
{ "type": "Feature", "properties": { "pozo": "CINCO PRESIDENTES-53", "campo": "CINCO PRESIDENTES", "entidad": "TABASCO", "ubicacin": "TERRESTRE", "clasificac": "DESARROLLO", "estado_act": "INACTIVO", "tipo_de_hi": "ACEITE", "fecha_inic": "28-NOV-1962", "fecha_fin_": "11-DIC-1962", "profundida": 2114.0, "profundi_1": 0.0, "trayectori": "VERTICAL", "disponible": "DISPONIBLE" }, "geometry": { "type": "Point", "coordinates": [ -94.01191626, 18.1920495 ] } },
{ "type": "Feature", "properties": { "pozo": "CINCO PRESIDENTES-55", "campo": "CINCO PRESIDENTES", "entidad": "TABASCO", "ubicacin": "TERRESTRE", "clasificac": "DESARROLLO", "estado_act": "INACTIVO", "tipo_de_hi": "ACEITE", "fecha_inic": "12-ENE-1963", "fecha_fin_": "23-ENE-1963", "profundida": 2275.0, "profundi_1": 0.0, "trayectori": "VERTICAL", "disponible": "DISPONIBLE" }, "geometry": { "type": "Point", "coordinates": [ -94.00573629, 18.18100398 ] } },
{ "type": "Feature", "properties": { "pozo": "CINCO PRESIDENTES-41", "campo": "CINCO PRESIDENTES", "entidad": "TABASCO", "ubicacin": "TERRESTRE", "clasificac": "DESARROLLO", "estado_act": "INACTIVO", "tipo_de_hi": "ACEITE", "fecha_inic": "24-DIC-1962", "fecha_fin_": "14-SEP-1963", "profundida": 2892.1, "profundi_1": 0.0, "trayectori": "VERTICAL", "disponible": "DISPONIBLE" }, "geometry": { "type": "Point", "coordinates": [ -93.99848885, 18.19886168 ] } },
{ "type": "Feature", "properties": { "pozo": "CINCO PRESIDENTES-43", "campo": "CINCO PRESIDENTES", "entidad": "TABASCO", "ubicacin": "TERRESTRE", "clasificac": "DESARROLLO", "estado_act": "INACTIVO", "tipo_de_hi": "ACEITE", "fecha_inic": "23-MAR-1963", "fecha_fin_": "14-ABR-1963", "profundida": 2458.0, "profundi_1": 0.0, "trayectori": "VERTICAL", "disponible": "DISPONIBLE" }, "geometry": { "type": "Point", "coordinates": [ -94.00207922, 18.19352358 ] } },
{ "type": "Feature", "properties": { "pozo": "CINCO PRESIDENTES-44", "campo": "CINCO PRESIDENTES", "entidad": "TABASCO", "ubicacin": "TERRESTRE", "clasificac": "DESARROLLO", "estado_act": "INACTIVO", "tipo_de_hi": "ACEITE", "fecha_inic": "30-MAR-1962", "fecha_fin_": "13-ABR-1962", "profundida": 2500.0, "profundi_1": 0.0, "trayectori": "VERTICAL", "disponible": "DISPONIBLE" }, "geometry": { "type": "Point", "coordinates": [ -93.99864248, 18.19525407 ] } },
{ "type": "Feature", "properties": { "pozo": "CINCO PRESIDENTES-31", "campo": "CINCO PRESIDENTES", "entidad": "TABASCO", "ubicacin": "TERRESTRE", "clasificac": "DESARROLLO", "estado_act": "INACTIVO", "tipo_de_hi": "ACEITE", "fecha_inic": "26-SEP-1961", "fecha_fin_": "27-OCT-1961", "profundida": 2730.0, "profundi_1": 0.0, "trayectori": "VERTICAL", "disponible": "DISPONIBLE" }, "geometry": { "type": "Point", "coordinates": [ -94.01136832, 18.20653743 ] } },
{ "type": "Feature", "properties": { "pozo": "SANCHEZ MAGALLANES-137T", "campo": "MAGALLANES TUCAN PAJONAL", "entidad": "TABASCO", "ubicacin": "TERRESTRE", "clasificac": "DESARROLLO", "estado_act": "CERRADO", "tipo_de_hi": "ACEITE", "fecha_inic": "11-OCT-1961", "fecha_fin_": "28-OCT-1961", "profundida": 2135.0, "profundi_1": 2135.0, "trayectori": "VERTICAL", "disponible": "DISPONIBLE" }, "geometry": { "type": "Point", "coordinates": [ -93.886253, 18.15381161 ] } },
{ "type": "Feature", "properties": { "pozo": "SANCHEZ MAGALLANES-286D", "campo": "MAGALLANES TUCAN PAJONAL", "entidad": "TABASCO", "ubicacin": "TERRESTRE", "clasificac": "DESARROLLO", "estado_act": "CERRADO", "tipo_de_hi": "ACEITE", "fecha_inic": "07-ABR-1985", "fecha_fin_": "07-ABR-1985", "profundida": 2688.0, "profundi_1": 2688.0, "trayectori": "VERTICAL", "disponible": "DISPONIBLE" }, "geometry": { "type": "Point", "coordinates": [ -93.88535658, 18.13654578 ] } },
{ "type": "Feature", "properties": { "pozo": "SANCHEZ MAGALLANES-619", "campo": "MAGALLANES TUCAN PAJONAL", "entidad": "TABASCO", "ubicacin": "TERRESTRE", "clasificac": "DESARROLLO", "estado_act": "INACTIVO", "tipo_de_hi": "ACEITE", "fecha_inic": "19-JUL-1977", "fecha_fin_": "19-JUL-1977", "profundida": 3423.0, "profundi_1": 0.0, "trayectori": "VERTICAL", "disponible": "DISPONIBLE" }, "geometry": { "type": "Point", "coordinates": [ -93.85658047, 18.17965104 ] } },
{ "type": "Feature", "properties": { "pozo": "SANCHEZ MAGALLANES-614", "campo": "MAGALLANES TUCAN PAJONAL", "entidad": "TABASCO", "ubicacin": "TERRESTRE", "clasificac": "DESARROLLO", "estado_act": "INACTIVO", "tipo_de_hi": "ACEITE", "fecha_inic": "08-JUL-1970", "fecha_fin_": "29-AGO-1970", "profundida": 3315.0, "profundi_1": 0.0, "trayectori": "VERTICAL", "disponible": "DISPONIBLE" }, "geometry": { "type": "Point", "coordinates": [ -93.86226852, 18.19529563 ] } },
{ "type": "Feature", "properties": { "pozo": "SANCHEZ MAGALLANES-771", "campo": "MAGALLANES TUCAN PAJONAL", "entidad": "TABASCO", "ubicacin": "TERRESTRE", "clasificac": "DESARROLLO", "estado_act": "CERRADO", "tipo_de_hi": "ACEITE", "fecha_inic": "16-DIC-1971", "fecha_fin_": "16-DIC-1971", "profundida": 2475.0, "profundi_1": 0.0, "trayectori": "VERTICAL", "disponible": "DISPONIBLE" }, "geometry": { "type": "Point", "coordinates": [ -93.89306241, 18.2147006 ] } },
{ "type": "Feature", "properties": { "pozo": "CINCO PRESIDENTES-6D", "campo": "CINCO PRESIDENTES", "entidad": "TABASCO", "ubicacin": "TERRESTRE", "clasificac": "DESARROLLO", "estado_act": "INACTIVO", "tipo_de_hi": "ACEITE", "fecha_inic": "03-ENE-1966", "fecha_fin_": "16-ENE-1966", "profundida": 2200.0, "profundi_1": 0.0, "trayectori": "VERTICAL", "disponible": "DISPONIBLE" }, "geometry": { "type": "Point", "coordinates": [ -94.01496015, 18.19772334 ] } },
{ "type": "Feature", "properties": { "pozo": "CINCO PRESIDENTES-7D", "campo": "CINCO PRESIDENTES", "entidad": "TABASCO", "ubicacin": "TERRESTRE", "clasificac": "DESARROLLO", "estado_act": "INACTIVO", "tipo_de_hi": "ACEITE", "fecha_inic": "27-FEB-1961", "fecha_fin_": "18-MAR-1961", "profundida": 2280.0, "profundi_1": 0.0, "trayectori": "VERTICAL", "disponible": "DISPONIBLE" }, "geometry": { "type": "Point", "coordinates": [ -94.01176898, 18.20296829 ] } },
{ "type": "Feature", "properties": { "pozo": "CINCO PRESIDENTES-7T", "campo": "CINCO PRESIDENTES", "entidad": "TABASCO", "ubicacin": "TERRESTRE", "clasificac": "DESARROLLO", "estado_act": "INACTIVO", "tipo_de_hi": "ACEITE", "fecha_inic": "17-MAY-1964", "fecha_fin_": "30-MAY-1964", "profundida": 2170.0, "profundi_1": 0.0, "trayectori": "VERTICAL", "disponible": "DISPONIBLE" }, "geometry": { "type": "Point", "coordinates": [ -94.01174834, 18.20301268 ] } },
{ "type": "Feature", "properties": { "pozo": "CINCO PRESIDENTES-8D", "campo": "CINCO PRESIDENTES", "entidad": "TABASCO", "ubicacin": "TERRESTRE", "clasificac": "DESARROLLO", "estado_act": "INACTIVO", "tipo_de_hi": "ACEITE", "fecha_inic": "05-ENE-1961", "fecha_fin_": "05-FEB-1961", "profundida": 2504.4, "profundi_1": 0.0, "trayectori": "VERTICAL", "disponible": "DISPONIBLE" }, "geometry": { "type": "Point", "coordinates": [ -94.01881475, 18.2032916 ] } },
{ "type": "Feature", "properties": { "pozo": "CINCO PRESIDENTES-12D", "campo": "CINCO PRESIDENTES", "entidad": "TABASCO", "ubicacin": "TERRESTRE", "clasificac": "DESARROLLO", "estado_act": "INACTIVO", "tipo_de_hi": "ACEITE", "fecha_inic": "07-AGO-1964", "fecha_fin_": "30-AGO-1964", "profundida": 2631.0, "profundi_1": 0.0, "trayectori": "VERTICAL", "disponible": "DISPONIBLE" }, "geometry": { "type": "Point", "coordinates": [ -94.02145672, 18.19783619 ] } },
{ "type": "Feature", "properties": { "pozo": "CINCO PRESIDENTES-14A", "campo": "CINCO PRESIDENTES", "entidad": "TABASCO", "ubicacin": "TERRESTRE", "clasificac": "DESARROLLO", "estado_act": "INACTIVO", "tipo_de_hi": "ACEITE", "fecha_inic": "07-ABR-1963", "fecha_fin_": "26-MAY-1963", "profundida": 3168.7, "profundi_1": 0.0, "trayectori": "VERTICAL", "disponible": "DISPONIBLE" }, "geometry": { "type": "Point", "coordinates": [ -94.02446333, 18.20343685 ] } },
{ "type": "Feature", "properties": { "pozo": "CINCO PRESIDENTES-14D", "campo": "CINCO PRESIDENTES", "entidad": "TABASCO", "ubicacin": "TERRESTRE", "clasificac": "DESARROLLO", "estado_act": "INACTIVO", "tipo_de_hi": "ACEITE", "fecha_inic": "25-JUL-1964", "fecha_fin_": "21-AGO-1964", "profundida": 3125.0, "profundi_1": 3125.0, "trayectori": "VERTICAL", "disponible": "DISPONIBLE" }, "geometry": { "type": "Point", "coordinates": [ -94.02453769, 18.20337861 ] } },
{ "type": "Feature", "properties": { "pozo": "CINCO PRESIDENTES-15T", "campo": "CINCO PRESIDENTES", "entidad": "TABASCO", "ubicacin": "TERRESTRE", "clasificac": "DESARROLLO", "estado_act": "INACTIVO", "tipo_de_hi": "ACEITE", "fecha_inic": "29-OCT-1964", "fecha_fin_": "17-NOV-1964", "profundida": 2100.0, "profundi_1": 0.0, "trayectori": "VERTICAL", "disponible": "DISPONIBLE" }, "geometry": { "type": "Point", "coordinates": [ -94.01155075, 18.19580825 ] } },
{ "type": "Feature", "properties": { "pozo": "CINCO PRESIDENTES-16A", "campo": "CINCO PRESIDENTES", "entidad": "TABASCO", "ubicacin": "TERRESTRE", "clasificac": "DESARROLLO", "estado_act": "INACTIVO", "tipo_de_hi": "ACEITE", "fecha_inic": "16-JUN-1962", "fecha_fin_": "14-JUL-1962", "profundida": 3000.0, "profundi_1": 3000.0, "trayectori": "VERTICAL", "disponible": "DISPONIBLE" }, "geometry": { "type": "Point", "coordinates": [ -94.02130327, 18.20520693 ] } },
{ "type": "Feature", "properties": { "pozo": "CINCO PRESIDENTES-16D", "campo": "CINCO PRESIDENTES", "entidad": "TABASCO", "ubicacin": "TERRESTRE", "clasificac": "DESARROLLO", "estado_act": "INACTIVO", "tipo_de_hi": "ACEITE", "fecha_inic": "30-MAR-1964", "fecha_fin_": "16-ABR-1964", "profundida": 2575.0, "profundi_1": 0.0, "trayectori": "VERTICAL", "disponible": "DISPONIBLE" }, "geometry": { "type": "Point", "coordinates": [ -94.02122753, 18.20515944 ] } },
{ "type": "Feature", "properties": { "pozo": "CINCO PRESIDENTES-1", "campo": "CINCO PRESIDENTES", "entidad": "TABASCO", "ubicacin": "TERRESTRE", "clasificac": "EXPLORATORIO", "estado_act": "CERRADO", "tipo_de_hi": null, "fecha_inic": "06-FEB-1960", "fecha_fin_": "17-MAY-1960", "profundida": 2286.0, "profundi_1": 0.0, "trayectori": "VERTICAL", "disponible": "DISPONIBLE" }, "geometry": { "type": "Point", "coordinates": [ -94.00949928, 18.17758439 ] } },
{ "type": "Feature", "properties": { "pozo": "PUERTO CEIBA-111CDES", "campo": "PUERTO CEIBA", "entidad": "TABASCO", "ubicacin": "TERRESTRE", "clasificac": "DESARROLLO", "estado_act": "INACTIVO", "tipo_de_hi": "ACEITE", "fecha_inic": "22-FEB-2019", "fecha_fin_": "09-MAY-2019", "profundida": 5765.0, "profundi_1": 4862.0, "trayectori": "DIRECCIONAL", "disponible": "DISPONIBLE" }, "geometry": { "type": "Point", "coordinates": [ -93.232698, 18.435638 ] } },
{ "type": "Feature", "properties": { "pozo": "CINCO PRESIDENTES-1001EXP", "campo": "CINCO PRESIDENTES", "entidad": "TABASCO", "ubicacin": "TERRESTRE", "clasificac": "EVALUADOR YACIMIENTO MAS PROFUNDO", "estado_act": "TAPONAMIENTO PERMANENTE", "tipo_de_hi": null, "fecha_inic": "07-MAY-2023", "fecha_fin_": "12-JUL-2023", "profundida": 4570.0, "profundi_1": 4437.0, "trayectori": "DIRECCIONAL", "disponible": "DISPONIBLE" }, "geometry": { "type": "Point", "coordinates": [ -94.01816056, 18.23466583 ] } },
{ "type": "Feature", "properties": { "pozo": "TIZON-115A", "campo": "TIZON", "entidad": "TABASCO", "ubicacin": "TERRESTRE", "clasificac": "DESARROLLO", "estado_act": "INACTIVO", "tipo_de_hi": "CONDENSADO", "fecha_inic": "07-MAY-2005", "fecha_fin_": "28-MAY-2006", "profundida": 6741.0, "profundi_1": 6231.0, "trayectori": "DIRECCIONAL", "disponible": "DISPONIBLE" }, "geometry": { "type": "Point", "coordinates": [ -92.72112776, 18.55714416 ] } },
{ "type": "Feature", "properties": { "pozo": "CRATER-1", "campo": "CRATER", "entidad": "TABASCO", "ubicacin": "TERRESTRE", "clasificac": "EXPLORATORIO", "estado_act": "INACTIVO", "tipo_de_hi": "ACEITE", "fecha_inic": "16-NOV-2005", "fecha_fin_": "19-DIC-2006", "profundida": 6474.0, "profundi_1": 6350.0, "trayectori": "DIRECCIONAL", "disponible": "DISPONIBLE" }, "geometry": { "type": "Point", "coordinates": [ -92.75365582, 18.51797368 ] } },
{ "type": "Feature", "properties": { "pozo": "TIZON-232", "campo": "TIZON", "entidad": "TABASCO", "ubicacin": "TERRESTRE", "clasificac": "DESARROLLO", "estado_act": "INACTIVO", "tipo_de_hi": "CONDENSADO", "fecha_inic": "06-ENE-2011", "fecha_fin_": "03-DIC-2011", "profundida": 6795.0, "profundi_1": 0.0, "trayectori": "DIRECCIONAL", "disponible": "DISPONIBLE" }, "geometry": { "type": "Point", "coordinates": [ -92.717655, 18.564258 ] } },
{ "type": "Feature", "properties": { "pozo": "TIZON-212", "campo": "TIZON", "entidad": "TABASCO", "ubicacin": "TERRESTRE", "clasificac": "DESARROLLO", "estado_act": "INACTIVO", "tipo_de_hi": "CONDENSADO", "fecha_inic": "04-FEB-2008", "fecha_fin_": "04-MAR-2009", "profundida": 6850.0, "profundi_1": 6166.0, "trayectori": "DIRECCIONAL", "disponible": "DISPONIBLE" }, "geometry": { "type": "Point", "coordinates": [ -92.71809583, 18.56402881 ] } },
{ "type": "Feature", "properties": { "pozo": "TIZON-216", "campo": "TIZON", "entidad": "TABASCO", "ubicacin": "TERRESTRE", "clasificac": "DESARROLLO", "estado_act": "INACTIVO", "tipo_de_hi": "CONDENSADO", "fecha_inic": "10-MAR-2012", "fecha_fin_": "21-DIC-2012", "profundida": 6872.0, "profundi_1": 0.0, "trayectori": "DIRECCIONAL", "disponible": "DISPONIBLE" }, "geometry": { "type": "Point", "coordinates": [ -92.717701, 18.564426 ] } },
{ "type": "Feature", "properties": { "pozo": "SAN RAMON-508", "campo": "SAN RAMON", "entidad": "TABASCO", "ubicacin": "TERRESTRE", "clasificac": "DESARROLLO", "estado_act": "INACTIVO", "tipo_de_hi": "ACEITE", "fecha_inic": "05-AGO-2008", "fecha_fin_": "06-SEP-2008", "profundida": 2833.0, "profundi_1": 2804.0, "trayectori": "DIRECCIONAL", "disponible": "DISPONIBLE" }, "geometry": { "type": "Point", "coordinates": [ -93.90250468, 18.23322375 ] } },
{ "type": "Feature", "properties": { "pozo": "PUERTO CEIBA-163", "campo": "PUERTO CEIBA", "entidad": "TABASCO", "ubicacin": "TERRESTRE", "clasificac": "DESARROLLO", "estado_act": "CERRADO", "tipo_de_hi": "ACEITE", "fecha_inic": "04-JUL-2015", "fecha_fin_": "23-OCT-2015", "profundida": 5771.0, "profundi_1": 0.0, "trayectori": "DIRECCIONAL", "disponible": "DISPONIBLE" }, "geometry": { "type": "Point", "coordinates": [ -93.232515, 18.435885 ] } },
{ "type": "Feature", "properties": { "pozo": "SAN RAMON-533", "campo": "SAN RAMON", "entidad": "TABASCO", "ubicacin": "TERRESTRE", "clasificac": "DESARROLLO", "estado_act": "INACTIVO", "tipo_de_hi": "ACEITE", "fecha_inic": "07-SEP-2010", "fecha_fin_": "25-SEP-2010", "profundida": 2950.0, "profundi_1": 2920.4, "trayectori": "DIRECCIONAL", "disponible": "DISPONIBLE" }, "geometry": { "type": "Point", "coordinates": [ -93.90897633, 18.23296969 ] } },
{ "type": "Feature", "properties": { "pozo": "PARETO-1", "campo": "PARETO", "entidad": "TABASCO", "ubicacin": "TERRESTRE", "clasificac": "EXPLORATORIO", "estado_act": "INACTIVO", "tipo_de_hi": "ACEITE", "fecha_inic": "06-MAR-2010", "fecha_fin_": "06-FEB-2011", "profundida": 7130.0, "profundi_1": 7110.0, "trayectori": "VERTICAL", "disponible": "DISPONIBLE" }, "geometry": { "type": "Point", "coordinates": [ -93.30464453, 18.30950725 ] } },
{ "type": "Feature", "properties": { "pozo": "SAN RAMON-520", "campo": "SAN RAMON", "entidad": "TABASCO", "ubicacin": "TERRESTRE", "clasificac": "DESARROLLO", "estado_act": "INACTIVO", "tipo_de_hi": "ACEITE", "fecha_inic": "13-FEB-2008", "fecha_fin_": "03-MAR-2008", "profundida": 3164.0, "profundi_1": 3119.0, "trayectori": "DIRECCIONAL", "disponible": "DISPONIBLE" }, "geometry": { "type": "Point", "coordinates": [ -93.916407, 18.230152 ] } },
{ "type": "Feature", "properties": { "pozo": "SAN RAMON-503D", "campo": "SAN RAMON", "entidad": "TABASCO", "ubicacin": "TERRESTRE", "clasificac": "DESARROLLO", "estado_act": "INACTIVO", "tipo_de_hi": "ACEITE", "fecha_inic": "21-OCT-2013", "fecha_fin_": "06-DIC-2013", "profundida": 3452.0, "profundi_1": 3433.3, "trayectori": "DIRECCIONAL", "disponible": "DISPONIBLE" }, "geometry": { "type": "Point", "coordinates": [ -93.925993, 18.235197 ] } },
{ "type": "Feature", "properties": { "pozo": "TAJON-2", "campo": "TAJON", "entidad": "TABASCO", "ubicacin": "TERRESTRE", "clasificac": "DESARROLLO", "estado_act": "CERRADO", "tipo_de_hi": null, "fecha_inic": "01-ENE-2019", "fecha_fin_": "11-AGO-2020", "profundida": 6189.0, "profundi_1": 5845.8, "trayectori": "DIRECCIONAL S", "disponible": "DISPONIBLE" }, "geometry": { "type": "Point", "coordinates": [ -93.280121, 18.434537 ] } },
{ "type": "Feature", "properties": { "pozo": "CASTARRICAL-90DES", "campo": "CASTARRICAL", "entidad": "TABASCO", "ubicacin": "TERRESTRE", "clasificac": "DESARROLLO", "estado_act": "PRODUCTOR", "tipo_de_hi": null, "fecha_inic": "20-AGO-2021", "fecha_fin_": "29-SEP-2021", "profundida": 3930.0, "profundi_1": 3525.5, "trayectori": null, "disponible": "DISPONIBLE" }, "geometry": { "type": "Point", "coordinates": [ -93.3057805, 18.37589039 ] } },
{ "type": "Feature", "properties": { "pozo": "PARAISO-201", "campo": "PARAISO", "entidad": "TABASCO", "ubicacin": "TERRESTRE", "clasificac": "EXPLORATORIO", "estado_act": "CERRADO", "tipo_de_hi": "ACEITE-GAS", "fecha_inic": "22-MAR-1985", "fecha_fin_": "31-MAY-1987", "profundida": 6800.0, "profundi_1": 0.0, "trayectori": "DIRECCIONAL", "disponible": "DISPONIBLE" }, "geometry": { "type": "Point", "coordinates": [ -93.13705973, 18.33561923 ] } },
{ "type": "Feature", "properties": { "pozo": "SANTA ANA-159", "campo": "SANTA ANA", "entidad": "TABASCO", "ubicacin": "TERRESTRE", "clasificac": "DESARROLLO", "estado_act": "TAPONAMIENTO PERMANENTE", "tipo_de_hi": "ACEITE", "fecha_inic": "26-FEB-1960", "fecha_fin_": null, "profundida": 0.0, "profundi_1": 0.0, "trayectori": null, "disponible": "DISPONIBLE" }, "geometry": { "type": "Point", "coordinates": [ -93.782399, 18.324708 ] } },
{ "type": "Feature", "properties": { "pozo": "COSACO-1", "campo": "TIZON", "entidad": "TABASCO", "ubicacin": "TERRESTRE", "clasificac": "EXPLORATORIO", "estado_act": "CERRADO", "tipo_de_hi": null, "fecha_inic": "29-OCT-1988", "fecha_fin_": "12-MAY-1993", "profundida": 6616.0, "profundi_1": 5545.9, "trayectori": "VERTICAL", "disponible": "DISPONIBLE" }, "geometry": { "type": "Point", "coordinates": [ -92.72109, 18.557367 ] } },
{ "type": "Feature", "properties": { "pozo": "MELOCOTON-1", "campo": "NO DISPONIBLE", "entidad": "TABASCO", "ubicacin": "TERRESTRE", "clasificac": "EXPLORATORIO", "estado_act": "CERRADO", "tipo_de_hi": null, "fecha_inic": "23-JUN-1992", "fecha_fin_": "22-MAR-1993", "profundida": 6500.0, "profundi_1": 0.0, "trayectori": "VERTICAL", "disponible": "DISPONIBLE" }, "geometry": { "type": "Point", "coordinates": [ -92.969775, 18.384307 ] } },
{ "type": "Feature", "properties": { "pozo": "PARETO-4", "campo": "PARETO", "entidad": "TABASCO", "ubicacin": "TERRESTRE", "clasificac": "DESARROLLO", "estado_act": "INACTIVO", "tipo_de_hi": "ACEITE", "fecha_inic": "11-MAR-2013", "fecha_fin_": "14-SEP-2013", "profundida": 6360.0, "profundi_1": 0.0, "trayectori": "DIRECCIONAL", "disponible": "DISPONIBLE" }, "geometry": { "type": "Point", "coordinates": [ -93.30510729, 18.30885781 ] } },
{ "type": "Feature", "properties": { "pozo": "SAN RAMON-1622", "campo": "SAN RAMON", "entidad": "TABASCO", "ubicacin": "TERRESTRE", "clasificac": "DESARROLLO", "estado_act": "PRODUCTOR", "tipo_de_hi": "ACEITE", "fecha_inic": "23-MAR-2015", "fecha_fin_": "11-ABR-2015", "profundida": 2699.0, "profundi_1": 0.0, "trayectori": "DIRECCIONAL", "disponible": "DISPONIBLE" }, "geometry": { "type": "Point", "coordinates": [ -93.90540231, 18.23126406 ] } },
{ "type": "Feature", "properties": { "pozo": "SAN RAMON-548", "campo": "SAN RAMON", "entidad": "TABASCO", "ubicacin": "TERRESTRE", "clasificac": "DESARROLLO", "estado_act": "INACTIVO", "tipo_de_hi": "ACEITE", "fecha_inic": "10-MAY-2012", "fecha_fin_": "02-JUN-2012", "profundida": 2833.0, "profundi_1": 2817.9, "trayectori": "DIRECCIONAL", "disponible": "DISPONIBLE" }, "geometry": { "type": "Point", "coordinates": [ -93.89921376, 18.23474846 ] } },
{ "type": "Feature", "properties": { "pozo": "TUPILCO-93D", "campo": "TUPILCO", "entidad": "TABASCO", "ubicacin": "TERRESTRE", "clasificac": "DESARROLLO", "estado_act": "INACTIVO", "tipo_de_hi": "ACEITE", "fecha_inic": "19-MAY-2015", "fecha_fin_": "01-JUL-2015", "profundida": 3560.0, "profundi_1": 0.0, "trayectori": "HORIZONTAL", "disponible": "DISPONIBLE" }, "geometry": { "type": "Point", "coordinates": [ -93.34049086, 18.36242243 ] } },
{ "type": "Feature", "properties": { "pozo": "PUERTO CEIBA-106", "campo": "PUERTO CEIBA", "entidad": "TABASCO", "ubicacin": "TERRESTRE", "clasificac": "DESARROLLO", "estado_act": "PRODUCTOR", "tipo_de_hi": "ACEITE", "fecha_inic": "29-MAR-2012", "fecha_fin_": "11-ENE-2013", "profundida": 5586.0, "profundi_1": 0.0, "trayectori": "DIRECCIONAL", "disponible": "DISPONIBLE" }, "geometry": { "type": "Point", "coordinates": [ -93.232315, 18.435185 ] } },
{ "type": "Feature", "properties": { "pozo": "SAN RAMON-511D", "campo": "SAN RAMON", "entidad": "TABASCO", "ubicacin": "TERRESTRE", "clasificac": "DESARROLLO", "estado_act": "INACTIVO", "tipo_de_hi": "ACEITE", "fecha_inic": "02-AGO-2013", "fecha_fin_": "07-SEP-2013", "profundida": 3500.0, "profundi_1": 3465.4, "trayectori": "DIRECCIONAL", "disponible": "DISPONIBLE" }, "geometry": { "type": "Point", "coordinates": [ -93.918827, 18.242331 ] } },
{ "type": "Feature", "properties": { "pozo": "SAN RAMON-1626DES", "campo": "SAN RAMON", "entidad": "TABASCO", "ubicacin": "TERRESTRE", "clasificac": "DESARROLLO", "estado_act": "PRODUCTOR", "tipo_de_hi": "ACEITE", "fecha_inic": "30-ABR-2018", "fecha_fin_": "27-MAY-2018", "profundida": 3131.6, "profundi_1": 3033.6, "trayectori": "DIRECCIONAL S", "disponible": "DISPONIBLE" }, "geometry": { "type": "Point", "coordinates": [ -93.89922843, 18.24410251 ] } },
{ "type": "Feature", "properties": { "pozo": "PARETO-23", "campo": "PARETO", "entidad": "TABASCO", "ubicacin": "TERRESTRE", "clasificac": "DESARROLLO", "estado_act": "INACTIVO", "tipo_de_hi": "ACEITE", "fecha_inic": "29-JUN-2014", "fecha_fin_": "08-DIC-2014", "profundida": 6250.0, "profundi_1": 0.0, "trayectori": "DIRECCIONAL", "disponible": "DISPONIBLE" }, "geometry": { "type": "Point", "coordinates": [ -93.30560837, 18.30837769 ] } },
{ "type": "Feature", "properties": { "pozo": "PUERTO CEIBA-103BDES", "campo": "PUERTO CEIBA", "entidad": "TABASCO", "ubicacin": "TERRESTRE", "clasificac": "DESARROLLO", "estado_act": "INACTIVO", "tipo_de_hi": null, "fecha_inic": "06-ABR-2019", "fecha_fin_": "03-JUL-2019", "profundida": 5439.0, "profundi_1": 4706.7, "trayectori": "DIRECCIONAL J", "disponible": "DISPONIBLE" }, "geometry": { "type": "Point", "coordinates": [ -93.215815, 18.439055 ] } },
{ "type": "Feature", "properties": { "pozo": "SAN RAMON-1618", "campo": "SAN RAMON", "entidad": "TABASCO", "ubicacin": "TERRESTRE", "clasificac": "DESARROLLO", "estado_act": "INACTIVO", "tipo_de_hi": "ACEITE", "fecha_inic": "16-FEB-2015", "fecha_fin_": "07-MAR-2015", "profundida": 2974.0, "profundi_1": 0.0, "trayectori": "DIRECCIONAL", "disponible": "DISPONIBLE" }, "geometry": { "type": "Point", "coordinates": [ -93.89917938, 18.23841719 ] } },
{ "type": "Feature", "properties": { "pozo": "SANTA ANA-153", "campo": "SANTA ANA", "entidad": "TABASCO", "ubicacin": "TERRESTRE", "clasificac": "DESARROLLO", "estado_act": "CERRADO", "tipo_de_hi": "ACEITE", "fecha_inic": "30-NOV-1962", "fecha_fin_": null, "profundida": 3908.0, "profundi_1": 3908.0, "trayectori": "DIRECCIONAL", "disponible": "DISPONIBLE" }, "geometry": { "type": "Point", "coordinates": [ -93.80473171, 18.31603429 ] } },
{ "type": "Feature", "properties": { "pozo": "SAN RAMON-541D", "campo": "SAN RAMON", "entidad": "TABASCO", "ubicacin": "TERRESTRE", "clasificac": "DESARROLLO", "estado_act": "PRODUCTOR", "tipo_de_hi": "ACEITE", "fecha_inic": "08-FEB-2015", "fecha_fin_": "31-MAR-2015", "profundida": 2910.0, "profundi_1": 0.0, "trayectori": "DIRECCIONAL", "disponible": "DISPONIBLE" }, "geometry": { "type": "Point", "coordinates": [ -93.90285223, 18.23966218 ] } },
{ "type": "Feature", "properties": { "pozo": "SAN RAMON-537D", "campo": "SAN RAMON", "entidad": "TABASCO", "ubicacin": "TERRESTRE", "clasificac": "DESARROLLO", "estado_act": "INACTIVO", "tipo_de_hi": "ACEITE", "fecha_inic": "10-ENE-2015", "fecha_fin_": "01-FEB-2015", "profundida": 3135.0, "profundi_1": 0.0, "trayectori": "DIRECCIONAL", "disponible": "DISPONIBLE" }, "geometry": { "type": "Point", "coordinates": [ -93.90349665, 18.23986963 ] } },
{ "type": "Feature", "properties": { "pozo": "SAN RAMON-514D", "campo": "SAN RAMON", "entidad": "TABASCO", "ubicacin": "TERRESTRE", "clasificac": "DESARROLLO", "estado_act": "PRODUCTOR", "tipo_de_hi": "ACEITE", "fecha_inic": "26-DIC-2013", "fecha_fin_": "06-FEB-2014", "profundida": 3100.0, "profundi_1": 3046.9, "trayectori": "DIRECCIONAL", "disponible": "DISPONIBLE" }, "geometry": { "type": "Point", "coordinates": [ -93.90315426, 18.23968634 ] } },
{ "type": "Feature", "properties": { "pozo": "TIZON-233", "campo": "TIZON", "entidad": "TABASCO", "ubicacin": "TERRESTRE", "clasificac": "DESARROLLO", "estado_act": "PRODUCTOR", "tipo_de_hi": "GAS-CONDENSADO", "fecha_inic": "13-MAY-2014", "fecha_fin_": "13-ABR-2015", "profundida": 7010.0, "profundi_1": 0.0, "trayectori": "DIRECCIONAL", "disponible": "DISPONIBLE" }, "geometry": { "type": "Point", "coordinates": [ -92.717343, 18.564481 ] } },
{ "type": "Feature", "properties": { "pozo": "RODADOR-717DES", "campo": "RODADOR", "entidad": "TABASCO", "ubicacin": "TERRESTRE", "clasificac": "DESARROLLO", "estado_act": "INACTIVO", "tipo_de_hi": "ACEITE", "fecha_inic": "07-MAR-2018", "fecha_fin_": "09-ABR-2018", "profundida": 3531.8, "profundi_1": 3464.7, "trayectori": "DIRECCIONAL", "disponible": "DISPONIBLE" }, "geometry": { "type": "Point", "coordinates": [ -93.984186, 18.231396 ] } },
{ "type": "Feature", "properties": { "pozo": "PUERTO CEIBA-161", "campo": "PUERTO CEIBA", "entidad": "TABASCO", "ubicacin": "TERRESTRE", "clasificac": "DESARROLLO", "estado_act": "PRODUCTOR", "tipo_de_hi": "ACEITE", "fecha_inic": "21-ENE-2015", "fecha_fin_": "20-MAY-2015", "profundida": 6050.0, "profundi_1": 0.0, "trayectori": "DIRECCIONAL", "disponible": "DISPONIBLE" }, "geometry": { "type": "Point", "coordinates": [ -93.241903, 18.435115 ] } },
{ "type": "Feature", "properties": { "pozo": "PARETO-7", "campo": "PARETO", "entidad": "TABASCO", "ubicacin": "TERRESTRE", "clasificac": "DESARROLLO", "estado_act": "CERRADO", "tipo_de_hi": null, "fecha_inic": "29-OCT-2014", "fecha_fin_": "20-AGO-2015", "profundida": 6890.0, "profundi_1": 0.0, "trayectori": "DIRECCIONAL", "disponible": "DISPONIBLE" }, "geometry": { "type": "Point", "coordinates": [ -93.30492788, 18.30951643 ] } },
{ "type": "Feature", "properties": { "pozo": "TIZON-237", "campo": "TIZON", "entidad": "TABASCO", "ubicacin": "TERRESTRE", "clasificac": "DESARROLLO", "estado_act": "PRODUCTOR", "tipo_de_hi": "GAS-CONDENSADO", "fecha_inic": "15-DIC-2013", "fecha_fin_": "13-MAR-2015", "profundida": 6544.0, "profundi_1": 0.0, "trayectori": "DIRECCIONAL", "disponible": "DISPONIBLE" }, "geometry": { "type": "Point", "coordinates": [ -92.721224, 18.557022 ] } },
{ "type": "Feature", "properties": { "pozo": "PUERTO CEIBA-105BDES", "campo": "PUERTO CEIBA", "entidad": "TABASCO", "ubicacin": "TERRESTRE", "clasificac": "DESARROLLO", "estado_act": "PRODUCTOR", "tipo_de_hi": "ACEITE-GAS", "fecha_inic": "20-AGO-2019", "fecha_fin_": "10-NOV-2019", "profundida": 5429.0, "profundi_1": 4814.3, "trayectori": "DIRECCIONAL", "disponible": "DISPONIBLE" }, "geometry": { "type": "Point", "coordinates": [ -93.221233, 18.436691 ] } },
{ "type": "Feature", "properties": { "pozo": "PARETO-5", "campo": "PARETO", "entidad": "TABASCO", "ubicacin": "TERRESTRE", "clasificac": "DESARROLLO", "estado_act": "INACTIVO", "tipo_de_hi": "ACEITE", "fecha_inic": "23-NOV-2013", "fecha_fin_": "17-JUL-2014", "profundida": 6080.0, "profundi_1": 0.0, "trayectori": "DIRECCIONAL", "disponible": "DISPONIBLE" }, "geometry": { "type": "Point", "coordinates": [ -93.30536217, 18.30910018 ] } },
{ "type": "Feature", "properties": { "pozo": "SAN RAMON-1617", "campo": "SAN RAMON", "entidad": "TABASCO", "ubicacin": "TERRESTRE", "clasificac": "DESARROLLO", "estado_act": "INACTIVO", "tipo_de_hi": "ACEITE", "fecha_inic": "13-ENE-2015", "fecha_fin_": "04-FEB-2015", "profundida": 2837.0, "profundi_1": 0.0, "trayectori": "DIRECCIONAL", "disponible": "DISPONIBLE" }, "geometry": { "type": "Point", "coordinates": [ -93.89925383, 18.23853308 ] } },
{ "type": "Feature", "properties": { "pozo": "SAN RAMON-552", "campo": "SAN RAMON", "entidad": "TABASCO", "ubicacin": "TERRESTRE", "clasificac": "DESARROLLO", "estado_act": "INACTIVO", "tipo_de_hi": "ACEITE", "fecha_inic": "13-JUN-2012", "fecha_fin_": "18-JUL-2012", "profundida": 0.0, "profundi_1": 0.0, "trayectori": null, "disponible": "DISPONIBLE" }, "geometry": { "type": "Point", "coordinates": [ -93.89915006, 18.23464799 ] } },
{ "type": "Feature", "properties": { "pozo": "CASTARRICAL-12TDES", "campo": "CASTARRICAL", "entidad": "TABASCO", "ubicacin": "TERRESTRE", "clasificac": "DESARROLLO", "estado_act": "TAPONAMIENTO PERMANENTE", "tipo_de_hi": "ACEITE-GAS", "fecha_inic": "23-AGO-2019", "fecha_fin_": "26-OCT-2019", "profundida": 3500.0, "profundi_1": 2855.7, "trayectori": null, "disponible": "DISPONIBLE" }, "geometry": { "type": "Point", "coordinates": [ -93.313333, 18.396902 ] } },
{ "type": "Feature", "properties": { "pozo": "PARETO-25", "campo": "PARETO", "entidad": "TABASCO", "ubicacin": "TERRESTRE", "clasificac": "DESARROLLO", "estado_act": "CERRADO", "tipo_de_hi": null, "fecha_inic": "09-ABR-2015", "fecha_fin_": "10-ABR-2015", "profundida": 0.0, "profundi_1": 0.0, "trayectori": null, "disponible": "DISPONIBLE" }, "geometry": { "type": "Point", "coordinates": [ -93.30591292, 18.30856017 ] } },
{ "type": "Feature", "properties": { "pozo": "SAN RAMON-1623", "campo": "SAN RAMON", "entidad": "TABASCO", "ubicacin": "TERRESTRE", "clasificac": "DESARROLLO", "estado_act": "PRODUCTOR", "tipo_de_hi": "ACEITE", "fecha_inic": "28-JUL-2015", "fecha_fin_": "05-SEP-2015", "profundida": 3479.0, "profundi_1": 0.0, "trayectori": "DIRECCIONAL", "disponible": "DISPONIBLE" }, "geometry": { "type": "Point", "coordinates": [ -93.93176108, 18.23855207 ] } },
{ "type": "Feature", "properties": { "pozo": "PUERTO CEIBA-116", "campo": "PUERTO CEIBA", "entidad": "TABASCO", "ubicacin": "TERRESTRE", "clasificac": "DESARROLLO", "estado_act": "PRODUCTOR", "tipo_de_hi": "ACEITE", "fecha_inic": "17-MAR-2012", "fecha_fin_": "16-JUL-2012", "profundida": 5549.0, "profundi_1": 0.0, "trayectori": "DIRECCIONAL", "disponible": "DISPONIBLE" }, "geometry": { "type": "Point", "coordinates": [ -93.21519175, 18.4387624 ] } },
{ "type": "Feature", "properties": { "pozo": "SAN RAMON-1619", "campo": "SAN RAMON", "entidad": "TABASCO", "ubicacin": "TERRESTRE", "clasificac": "DESARROLLO", "estado_act": "PRODUCTOR", "tipo_de_hi": "ACEITE", "fecha_inic": "28-DIC-2013", "fecha_fin_": "01-FEB-2014", "profundida": 3430.0, "profundi_1": 3425.9, "trayectori": "DIRECCIONAL", "disponible": "DISPONIBLE" }, "geometry": { "type": "Point", "coordinates": [ -93.925297, 18.234533 ] } },
{ "type": "Feature", "properties": { "pozo": "SAN RAMON-551", "campo": "SAN RAMON", "entidad": "TABASCO", "ubicacin": "TERRESTRE", "clasificac": "DESARROLLO", "estado_act": "INACTIVO", "tipo_de_hi": "ACEITE", "fecha_inic": "20-MAY-2012", "fecha_fin_": "13-JUL-2012", "profundida": 3159.0, "profundi_1": 3115.0, "trayectori": "DIRECCIONAL", "disponible": "DISPONIBLE" }, "geometry": { "type": "Point", "coordinates": [ -93.90295205, 18.23992516 ] } },
{ "type": "Feature", "properties": { "pozo": "PUERTO CEIBA-111B", "campo": "PUERTO CEIBA", "entidad": "TABASCO", "ubicacin": "TERRESTRE", "clasificac": "DESARROLLO", "estado_act": "PRODUCTOR", "tipo_de_hi": "ACEITE", "fecha_inic": "01-MAR-2014", "fecha_fin_": "14-AGO-2014", "profundida": 5641.0, "profundi_1": 0.0, "trayectori": "DIRECCIONAL", "disponible": "DISPONIBLE" }, "geometry": { "type": "Point", "coordinates": [ -93.221704, 18.436786 ] } },
{ "type": "Feature", "properties": { "pozo": "TIZON-224", "campo": "TIZON", "entidad": "TABASCO", "ubicacin": "TERRESTRE", "clasificac": "DESARROLLO", "estado_act": "PRODUCTOR", "tipo_de_hi": "CONDENSADO", "fecha_inic": "20-MAR-2013", "fecha_fin_": "06-ENE-2014", "profundida": 6948.0, "profundi_1": 0.0, "trayectori": "DIRECCIONAL", "disponible": "DISPONIBLE" }, "geometry": { "type": "Point", "coordinates": [ -92.71757656, 18.56444314 ] } },
{ "type": "Feature", "properties": { "pozo": "PUERTO CEIBA-112", "campo": "PUERTO CEIBA", "entidad": "TABASCO", "ubicacin": "TERRESTRE", "clasificac": "DESARROLLO", "estado_act": "INACTIVO", "tipo_de_hi": "ACEITE", "fecha_inic": "14-MAY-2012", "fecha_fin_": "05-NOV-2012", "profundida": 5355.0, "profundi_1": 0.0, "trayectori": "DIRECCIONAL", "disponible": "DISPONIBLE" }, "geometry": { "type": "Point", "coordinates": [ -93.221705, 18.436976 ] } },
{ "type": "Feature", "properties": { "pozo": "SAN RAMON-1611", "campo": "SAN RAMON", "entidad": "TABASCO", "ubicacin": "TERRESTRE", "clasificac": "DESARROLLO", "estado_act": "INACTIVO", "tipo_de_hi": "ACEITE", "fecha_inic": "27-JUN-2013", "fecha_fin_": "28-JUL-2013", "profundida": 3465.0, "profundi_1": 3450.8, "trayectori": "DIRECCIONAL", "disponible": "DISPONIBLE" }, "geometry": { "type": "Point", "coordinates": [ -93.925901, 18.235048 ] } },
{ "type": "Feature", "properties": { "pozo": "PARETO-11", "campo": "PARETO", "entidad": "TABASCO", "ubicacin": "TERRESTRE", "clasificac": "DESARROLLO", "estado_act": "INACTIVO", "tipo_de_hi": "ACEITE", "fecha_inic": "06-MAR-2010", "fecha_fin_": "06-FEB-2011", "profundida": 6954.0, "profundi_1": 0.0, "trayectori": "DIRECCIONAL", "disponible": "DISPONIBLE" }, "geometry": { "type": "Point", "coordinates": [ -93.305081, 18.30908805 ] } },
{ "type": "Feature", "properties": { "pozo": "SAN RAMON-531", "campo": "SAN RAMON", "entidad": "TABASCO", "ubicacin": "TERRESTRE", "clasificac": "DESARROLLO", "estado_act": "PRODUCTOR", "tipo_de_hi": "ACEITE", "fecha_inic": "05-DIC-2011", "fecha_fin_": "21-DIC-2011", "profundida": 2796.0, "profundi_1": 2777.3, "trayectori": "DIRECCIONAL", "disponible": "DISPONIBLE" }, "geometry": { "type": "Point", "coordinates": [ -93.90573028, 18.23122338 ] } },
{ "type": "Feature", "properties": { "pozo": "PUERTO CEIBA-153B", "campo": "PUERTO CEIBA", "entidad": "TABASCO", "ubicacin": "TERRESTRE", "clasificac": "DESARROLLO", "estado_act": "INACTIVO", "tipo_de_hi": "ACEITE-GAS", "fecha_inic": "19-ABR-2013", "fecha_fin_": "28-OCT-2013", "profundida": 5897.0, "profundi_1": 0.0, "trayectori": "DIRECCIONAL", "disponible": "DISPONIBLE" }, "geometry": { "type": "Point", "coordinates": [ -93.21503334, 18.43814673 ] } },
{ "type": "Feature", "properties": { "pozo": "SAN RAMON-540D", "campo": "SAN RAMON", "entidad": "TABASCO", "ubicacin": "TERRESTRE", "clasificac": "DESARROLLO", "estado_act": "PRODUCTOR", "tipo_de_hi": "ACEITE", "fecha_inic": "10-OCT-2013", "fecha_fin_": "05-NOV-2013", "profundida": 3166.0, "profundi_1": 3115.6, "trayectori": "DIRECCIONAL", "disponible": "DISPONIBLE" }, "geometry": { "type": "Point", "coordinates": [ -93.90305235, 18.23980512 ] } },
{ "type": "Feature", "properties": { "pozo": "CASTARRICAL-16DDES", "campo": "CASTARRICAL", "entidad": "TABASCO", "ubicacin": "TERRESTRE", "clasificac": "DESARROLLO", "estado_act": "TAPONAMIENTO PERMANENTE", "tipo_de_hi": null, "fecha_inic": "02-OCT-2020", "fecha_fin_": "26-OCT-2020", "profundida": 3420.0, "profundi_1": 3278.0, "trayectori": null, "disponible": "DISPONIBLE" }, "geometry": { "type": "Point", "coordinates": [ -93.319566, 18.374526 ] } },
{ "type": "Feature", "properties": { "pozo": "SAN RAMON-550", "campo": "SAN RAMON", "entidad": "TABASCO", "ubicacin": "TERRESTRE", "clasificac": "DESARROLLO", "estado_act": "PRODUCTOR", "tipo_de_hi": "ACEITE", "fecha_inic": "30-AGO-2011", "fecha_fin_": "12-OCT-2011", "profundida": 3000.0, "profundi_1": 0.0, "trayectori": "DIRECCIONAL", "disponible": "DISPONIBLE" }, "geometry": { "type": "Point", "coordinates": [ -93.9028742, 18.24001617 ] } },
{ "type": "Feature", "properties": { "pozo": "PUERTO CEIBA-103C", "campo": "PUERTO CEIBA", "entidad": "TABASCO", "ubicacin": "TERRESTRE", "clasificac": "DESARROLLO", "estado_act": "INACTIVO", "tipo_de_hi": "ACEITE", "fecha_inic": "16-ENE-2014", "fecha_fin_": "06-JUN-2014", "profundida": 6143.0, "profundi_1": 6143.0, "trayectori": "DIRECCIONAL", "disponible": "DISPONIBLE" }, "geometry": { "type": "Point", "coordinates": [ -93.232277, 18.435633 ] } },
{ "type": "Feature", "properties": { "pozo": "TUPILCO-81D", "campo": "TUPILCO", "entidad": "TABASCO", "ubicacin": "TERRESTRE", "clasificac": "DESARROLLO", "estado_act": "INACTIVO", "tipo_de_hi": "ACEITE", "fecha_inic": "17-ABR-2013", "fecha_fin_": "27-MAY-2013", "profundida": 2940.0, "profundi_1": 0.0, "trayectori": "HORIZONTAL", "disponible": "DISPONIBLE" }, "geometry": { "type": "Point", "coordinates": [ -93.34063614, 18.36250731 ] } },
{ "type": "Feature", "properties": { "pozo": "SAN RAMON-545", "campo": "SAN RAMON", "entidad": "TABASCO", "ubicacin": "TERRESTRE", "clasificac": "DESARROLLO", "estado_act": "PRODUCTOR", "tipo_de_hi": "ACEITE", "fecha_inic": "27-ENE-2013", "fecha_fin_": "23-FEB-2013", "profundida": 3386.0, "profundi_1": 3344.0, "trayectori": "DIRECCIONAL", "disponible": "DISPONIBLE" }, "geometry": { "type": "Point", "coordinates": [ -93.91852582, 18.2349069 ] } },
{ "type": "Feature", "properties": { "pozo": "PUERTO CEIBA-137BDES", "campo": "PUERTO CEIBA", "entidad": "TABASCO", "ubicacin": "TERRESTRE", "clasificac": "DESARROLLO", "estado_act": "INACTIVO", "tipo_de_hi": "ACEITE", "fecha_inic": "16-MAR-2019", "fecha_fin_": "21-JUN-2019", "profundida": 5155.0, "profundi_1": 4624.2, "trayectori": "DIRECCIONAL", "disponible": "DISPONIBLE" }, "geometry": { "type": "Point", "coordinates": [ -93.21587, 18.438545 ] } },
{ "type": "Feature", "properties": { "pozo": "SAN RAMON-540", "campo": "SAN RAMON", "entidad": "TABASCO", "ubicacin": "TERRESTRE", "clasificac": "DESARROLLO", "estado_act": "PRODUCTOR", "tipo_de_hi": "ACEITE", "fecha_inic": "05-DIC-2009", "fecha_fin_": "26-DIC-2009", "profundida": 3169.0, "profundi_1": 3141.0, "trayectori": "DIRECCIONAL", "disponible": "DISPONIBLE" }, "geometry": { "type": "Point", "coordinates": [ -93.902758, 18.240216 ] } },
{ "type": "Feature", "properties": { "pozo": "SAN RAMON-1A", "campo": "SAN RAMON", "entidad": "TABASCO", "ubicacin": "TERRESTRE", "clasificac": "EXPLORATORIO", "estado_act": "INACTIVO", "tipo_de_hi": "ACEITE", "fecha_inic": "04-JUN-1967", "fecha_fin_": "29-JUL-1967", "profundida": 3175.0, "profundi_1": 0.0, "trayectori": "VERTICAL", "disponible": "DISPONIBLE" }, "geometry": { "type": "Point", "coordinates": [ -93.91898, 18.23134 ] } },
{ "type": "Feature", "properties": { "pozo": "CINCO PRESIDENTES-2", "campo": "CINCO PRESIDENTES", "entidad": "TABASCO", "ubicacin": "TERRESTRE", "clasificac": "DESARROLLO", "estado_act": "PRODUCTOR", "tipo_de_hi": "ACEITE-GAS", "fecha_inic": "06-JUL-1960", "fecha_fin_": "31-AGO-1960", "profundida": 2873.0, "profundi_1": 0.0, "trayectori": "VERTICAL", "disponible": "DISPONIBLE" }, "geometry": { "type": "Point", "coordinates": [ -94.019216, 18.198661 ] } },
{ "type": "Feature", "properties": { "pozo": "SAN RAMON-1602", "campo": "SAN RAMON", "entidad": "TABASCO", "ubicacin": "TERRESTRE", "clasificac": "DESARROLLO", "estado_act": "INACTIVO", "tipo_de_hi": "ACEITE", "fecha_inic": "02-SEP-2013", "fecha_fin_": "25-SEP-2013", "profundida": 3000.0, "profundi_1": 2925.8, "trayectori": "DIRECCIONAL", "disponible": "DISPONIBLE" }, "geometry": { "type": "Point", "coordinates": [ -93.89935363, 18.23868018 ] } },
{ "type": "Feature", "properties": { "pozo": "PUERTO CEIBA-113D", "campo": "PUERTO CEIBA", "entidad": "TABASCO", "ubicacin": "TERRESTRE", "clasificac": "DESARROLLO", "estado_act": "TAPONAMIENTO PERMANENTE", "tipo_de_hi": "ACEITE", "fecha_inic": "19-DIC-2015", "fecha_fin_": "28-ABR-2016", "profundida": 6574.0, "profundi_1": 0.0, "trayectori": "DIRECCIONAL", "disponible": "DISPONIBLE" }, "geometry": { "type": "Point", "coordinates": [ -93.241324, 18.435074 ] } },
{ "type": "Feature", "properties": { "pozo": "PUERTO CEIBA-103A", "campo": "PUERTO CEIBA", "entidad": "TABASCO", "ubicacin": "TERRESTRE", "clasificac": "DESARROLLO", "estado_act": "INACTIVO", "tipo_de_hi": "ACEITE-GAS", "fecha_inic": "24-MAR-2013", "fecha_fin_": "23-SEP-2013", "profundida": 5683.0, "profundi_1": 0.0, "trayectori": "DIRECCIONAL", "disponible": "DISPONIBLE" }, "geometry": { "type": "Point", "coordinates": [ -93.232277, 18.435461 ] } },
{ "type": "Feature", "properties": { "pozo": "CASTARRICAL-39D", "campo": "CASTARRICAL", "entidad": "TABASCO", "ubicacin": "TERRESTRE", "clasificac": "DESARROLLO", "estado_act": "INACTIVO", "tipo_de_hi": null, "fecha_inic": "15-MAY-2021", "fecha_fin_": "30-JUN-2021", "profundida": 3881.0, "profundi_1": 3149.4, "trayectori": null, "disponible": "DISPONIBLE" }, "geometry": { "type": "Point", "coordinates": [ -93.305925, 18.375853 ] } },
{ "type": "Feature", "properties": { "pozo": "CASTARRICAL-93DES", "campo": "CASTARRICAL", "entidad": "TABASCO", "ubicacin": "TERRESTRE", "clasificac": "DESARROLLO", "estado_act": "INACTIVO", "tipo_de_hi": null, "fecha_inic": "13-NOV-2021", "fecha_fin_": "23-DIC-2021", "profundida": 4243.0, "profundi_1": 3539.0, "trayectori": "DIRECCIONAL", "disponible": "DISPONIBLE" }, "geometry": { "type": "Point", "coordinates": [ -93.30579, 18.375763 ] } },
{ "type": "Feature", "properties": { "pozo": "TIZON-238DES", "campo": "TIZON", "entidad": "TABASCO", "ubicacin": "TERRESTRE", "clasificac": "DESARROLLO", "estado_act": "PRODUCTOR", "tipo_de_hi": null, "fecha_inic": "06-JUN-2019", "fecha_fin_": "20-ABR-2020", "profundida": 6912.0, "profundi_1": 6170.5, "trayectori": "DIRECCIONAL", "disponible": "DISPONIBLE" }, "geometry": { "type": "Point", "coordinates": [ -92.717979, 18.564176 ] } },
{ "type": "Feature", "properties": { "pozo": "IXCANUL-1EXP", "campo": "NO DISPONIBLE", "entidad": "TABASCO", "ubicacin": "TERRESTRE", "clasificac": "EXPLORATORIO EN NUEVO CAMPO", "estado_act": "TAPONAMIENTO PERMANENTE", "tipo_de_hi": null, "fecha_inic": "09-SEP-2018", "fecha_fin_": "21-JUN-2019", "profundida": 6210.0, "profundi_1": 5988.7, "trayectori": "DIRECCIONAL", "disponible": "DISPONIBLE" }, "geometry": { "type": "Point", "coordinates": [ -93.20045144, 18.25355155 ] } },
{ "type": "Feature", "properties": { "pozo": "CINCO PRESIDENTES-1102DES", "campo": "CINCO PRESIDENTES", "entidad": "TABASCO", "ubicacin": "TERRESTRE", "clasificac": "DESARROLLO", "estado_act": "INACTIVO", "tipo_de_hi": null, "fecha_inic": "30-MAR-2020", "fecha_fin_": "15-MAY-2020", "profundida": 3500.0, "profundi_1": 2873.0, "trayectori": "DIRECCIONAL J", "disponible": "DISPONIBLE" }, "geometry": { "type": "Point", "coordinates": [ -94.018281, 18.234815 ] } },
{ "type": "Feature", "properties": { "pozo": "ARROYO PANTANO-1A", "campo": "NO DISPONIBLE", "entidad": "TABASCO", "ubicacin": "TERRESTRE", "clasificac": null, "estado_act": "CERRADO", "tipo_de_hi": null, "fecha_inic": "15-JUL-1965", "fecha_fin_": "14-SEP-1965", "profundida": 3775.0, "profundi_1": 0.0, "trayectori": "VERTICAL", "disponible": "DISPONIBLE" }, "geometry": { "type": "Point", "coordinates": [ -93.28436666, 18.30277746 ] } },
{ "type": "Feature", "properties": { "pozo": "CASTARRICAL-92DES", "campo": "CASTARRICAL", "entidad": "TABASCO", "ubicacin": "TERRESTRE", "clasificac": "DESARROLLO", "estado_act": "PRODUCTOR", "tipo_de_hi": null, "fecha_inic": "20-JUL-2023", "fecha_fin_": "03-SEP-2023", "profundida": 3902.0, "profundi_1": 3492.8, "trayectori": null, "disponible": "DISPONIBLE" }, "geometry": { "type": "Point", "coordinates": [ -93.30049, 18.37523 ] } },
{ "type": "Feature", "properties": { "pozo": "SANTA ANA-219D", "campo": "SANTA ANA", "entidad": "TABASCO", "ubicacin": "TERRESTRE", "clasificac": "DESARROLLO", "estado_act": "CERRADO", "tipo_de_hi": null, "fecha_inic": "10-MAY-1963", "fecha_fin_": "11-AGO-1963", "profundida": 0.0, "profundi_1": 0.0, "trayectori": null, "disponible": "DISPONIBLE" }, "geometry": { "type": "Point", "coordinates": [ -93.7768671, 18.32552772 ] } },
{ "type": "Feature", "properties": { "pozo": "PARAISO-A1EXP", "campo": "PARAISO", "entidad": "TABASCO", "ubicacin": "TERRESTRE", "clasificac": "EXPLORATORIO EN NUEVO YACIMIENTO", "estado_act": null, "tipo_de_hi": "ACEITE", "fecha_inic": null, "fecha_fin_": null, "profundida": 0.0, "profundi_1": 0.0, "trayectori": "VERTICAL", "disponible": "CONFIDENCIAL" }, "geometry": { "type": "Point", "coordinates": [ -93.139434, 18.325579 ] } },
{ "type": "Feature", "properties": { "pozo": "HUAYCURA-1001EXP", "campo": null, "entidad": "TABASCO", "ubicacin": "TERRESTRE", "clasificac": "EVALUADOR YACIMIENTO MAS PROFUNDO", "estado_act": "TAPONAMIENTO PERMANENTE", "tipo_de_hi": null, "fecha_inic": "06-NOV-2023", "fecha_fin_": "05-SEP-2024", "profundida": 7300.0, "profundi_1": 6857.0, "trayectori": "DIRECCIONAL S", "disponible": "DISPONIBLE" }, "geometry": { "type": "Point", "coordinates": [ -93.04386005, 18.28742727 ] } },
{ "type": "Feature", "properties": { "pozo": "TLALKIVAK-101EXP", "campo": null, "entidad": null, "ubicacin": "AGUAS SOMERAS", "clasificac": "EXPLORATORIO EN NUEVO YACIMIENTO", "estado_act": "TAPONAMIENTO PERMANENTE", "tipo_de_hi": null, "fecha_inic": "27-DIC-2024", "fecha_fin_": "25-AGO-2025", "profundida": 6461.0, "profundi_1": 6072.0, "trayectori": "DIRECCIONAL J", "disponible": "CONFIDENCIAL" }, "geometry": { "type": "Point", "coordinates": [ -92.82857051, 18.52666049 ] } },
{ "type": "Feature", "properties": { "pozo": "CASTARRICAL-91DES", "campo": "CASTARRICAL", "entidad": "TABASCO", "ubicacin": "TERRESTRE", "clasificac": "DESARROLLO", "estado_act": "PRODUCTOR", "tipo_de_hi": null, "fecha_inic": "23-ABR-2023", "fecha_fin_": "28-MAY-2023", "profundida": 4058.0, "profundi_1": 3494.0, "trayectori": null, "disponible": "DISPONIBLE" }, "geometry": { "type": "Point", "coordinates": [ -93.30084458, 18.37503792 ] } },
{ "type": "Feature", "properties": { "pozo": "SEJEL-1EXP", "campo": "NO DISPONIBLE", "entidad": "TABASCO", "ubicacin": "TERRESTRE", "clasificac": "EXPLORATORIO EN NUEVO CAMPO", "estado_act": "TAPONAMIENTO PERMANENTE", "tipo_de_hi": null, "fecha_inic": "17-DIC-2018", "fecha_fin_": "12-MAY-2019", "profundida": 7100.0, "profundi_1": 7096.0, "trayectori": "VERTICAL", "disponible": "DISPONIBLE" }, "geometry": { "type": "Point", "coordinates": [ -93.227816, 18.309923 ] } },
{ "type": "Feature", "properties": { "pozo": "TAJON-121", "campo": "TAJON", "entidad": "TABASCO", "ubicacin": "TERRESTRE", "clasificac": "DESARROLLO", "estado_act": "SUSPENDIDO", "tipo_de_hi": "ACEITE-GAS", "fecha_inic": "28-NOV-2007", "fecha_fin_": "05-OCT-2008", "profundida": 6769.0, "profundi_1": 6556.0, "trayectori": "DIRECCIONAL", "disponible": "DISPONIBLE" }, "geometry": { "type": "Point", "coordinates": [ -93.27967778, 18.43438888 ] } },
{ "type": "Feature", "properties": { "pozo": "TAJON-1", "campo": "TAJON", "entidad": "TABASCO", "ubicacin": "TERRESTRE", "clasificac": "EXPLORATORIO", "estado_act": "CERRADO", "tipo_de_hi": null, "fecha_inic": "26-MAR-1991", "fecha_fin_": "05-AGO-1991", "profundida": 3920.0, "profundi_1": 0.0, "trayectori": "VERTICAL", "disponible": "DISPONIBLE" }, "geometry": { "type": "Point", "coordinates": [ -93.28698332, 18.42359167 ] } },
{ "type": "Feature", "properties": { "pozo": "PARAISO-1", "campo": "PARAISO", "entidad": "TABASCO", "ubicacin": "TERRESTRE", "clasificac": "EXPLORATORIO", "estado_act": "CERRADO", "tipo_de_hi": "ACEITE-GAS", "fecha_inic": "23-DIC-1959", "fecha_fin_": "17-ENE-1960", "profundida": 2500.0, "profundi_1": 0.0, "trayectori": "VERTICAL", "disponible": "DISPONIBLE" }, "geometry": { "type": "Point", "coordinates": [ -93.13698332, 18.33588056 ] } },
{ "type": "Feature", "properties": { "pozo": "PARAISO-101", "campo": "PARAISO", "entidad": "TABASCO", "ubicacin": "TERRESTRE", "clasificac": "EXPLORATORIO", "estado_act": "CERRADO", "tipo_de_hi": "ACEITE", "fecha_inic": "22-JUN-1982", "fecha_fin_": "27-AGO-1984", "profundida": 6378.0, "profundi_1": 0.0, "trayectori": "VERTICAL", "disponible": "DISPONIBLE" }, "geometry": { "type": "Point", "coordinates": [ -93.13788332, 18.3429611 ] } },
{ "type": "Feature", "properties": { "pozo": "SAN RAMON-23", "campo": "SAN RAMON", "entidad": "TABASCO", "ubicacin": "TERRESTRE", "clasificac": "DESARROLLO", "estado_act": "INACTIVO", "tipo_de_hi": "ACEITE", "fecha_inic": "22-MAR-1970", "fecha_fin_": "12-ABR-1970", "profundida": 2975.0, "profundi_1": 0.0, "trayectori": "VERTICAL", "disponible": "DISPONIBLE" }, "geometry": { "type": "Point", "coordinates": [ -93.902609, 18.236833 ] } },
{ "type": "Feature", "properties": { "pozo": "PARAISO-2", "campo": "PARAISO", "entidad": "TABASCO", "ubicacin": "TERRESTRE", "clasificac": "DESARROLLO", "estado_act": "CERRADO", "tipo_de_hi": "ACEITE-GAS", "fecha_inic": "29-AGO-1968", "fecha_fin_": "27-SEP-1968", "profundida": 3000.0, "profundi_1": 0.0, "trayectori": "VERTICAL", "disponible": "DISPONIBLE" }, "geometry": { "type": "Point", "coordinates": [ -93.160622, 18.339405 ] } },
{ "type": "Feature", "properties": { "pozo": "TAJON-103", "campo": "TAJON", "entidad": "TABASCO", "ubicacin": "TERRESTRE", "clasificac": "DESARROLLO", "estado_act": "INACTIVO", "tipo_de_hi": "ACEITE-GAS", "fecha_inic": "08-JUN-2007", "fecha_fin_": "31-MAY-2008", "profundida": 6674.0, "profundi_1": 6446.0, "trayectori": "DIRECCIONAL", "disponible": "DISPONIBLE" }, "geometry": { "type": "Point", "coordinates": [ -93.27926111, 18.43364444 ] } },
{ "type": "Feature", "properties": { "pozo": "TAJON-105", "campo": "TAJON", "entidad": "TABASCO", "ubicacin": "TERRESTRE", "clasificac": "DESARROLLO", "estado_act": "CERRADO", "tipo_de_hi": "ACEITE-GAS", "fecha_inic": "11-MAR-2008", "fecha_fin_": "19-NOV-2008", "profundida": 6950.0, "profundi_1": 6808.0, "trayectori": "DIRECCIONAL", "disponible": "DISPONIBLE" }, "geometry": { "type": "Point", "coordinates": [ -93.27884167, 18.43405 ] } },
{ "type": "Feature", "properties": { "pozo": "SAN RAMON-47", "campo": "SAN RAMON", "entidad": "TABASCO", "ubicacin": "TERRESTRE", "clasificac": "DESARROLLO", "estado_act": "INACTIVO", "tipo_de_hi": "ACEITE", "fecha_inic": "23-NOV-1970", "fecha_fin_": "17-ENE-1971", "profundida": 3078.0, "profundi_1": 0.0, "trayectori": "VERTICAL", "disponible": "DISPONIBLE" }, "geometry": { "type": "Point", "coordinates": [ -93.8927, 18.238728 ] } },
{ "type": "Feature", "properties": { "pozo": "COSTERO-24", "campo": "COSTERO", "entidad": "TABASCO", "ubicacin": "TERRESTRE", "clasificac": "DESARROLLO", "estado_act": "CERRADO", "tipo_de_hi": null, "fecha_inic": "05-ABR-2010", "fecha_fin_": "25-AGO-2010", "profundida": 6137.0, "profundi_1": 0.0, "trayectori": "DIRECCIONAL", "disponible": "DISPONIBLE" }, "geometry": { "type": "Point", "coordinates": [ -92.50332, 18.628222 ] } },
{ "type": "Feature", "properties": { "pozo": "TIZON-231", "campo": "TIZON", "entidad": "TABASCO", "ubicacin": "TERRESTRE", "clasificac": "DESARROLLO", "estado_act": "PRODUCTOR", "tipo_de_hi": "CONDENSADO", "fecha_inic": "05-SEP-2008", "fecha_fin_": "21-MAR-2009", "profundida": 6725.0, "profundi_1": 6207.0, "trayectori": "DIRECCIONAL", "disponible": "DISPONIBLE" }, "geometry": { "type": "Point", "coordinates": [ -92.717598, 18.564705 ] } },
{ "type": "Feature", "properties": { "pozo": "SAN RAMON-9", "campo": "SAN RAMON", "entidad": "TABASCO", "ubicacin": "TERRESTRE", "clasificac": "DESARROLLO", "estado_act": "INACTIVO", "tipo_de_hi": "ACEITE", "fecha_inic": "16-ENE-1970", "fecha_fin_": "18-MAR-1970", "profundida": 3433.0, "profundi_1": 0.0, "trayectori": "VERTICAL", "disponible": "DISPONIBLE" }, "geometry": { "type": "Point", "coordinates": [ -93.925423, 18.234874 ] } },
{ "type": "Feature", "properties": { "pozo": "TAJON-101", "campo": "TAJON", "entidad": "TABASCO", "ubicacin": "TERRESTRE", "clasificac": "EXPLORATORIO", "estado_act": "INACTIVO", "tipo_de_hi": "ACEITE-GAS", "fecha_inic": "24-FEB-2006", "fecha_fin_": "30-MAR-2007", "profundida": 6468.0, "profundi_1": 6116.0, "trayectori": "DIRECCIONAL", "disponible": "DISPONIBLE" }, "geometry": { "type": "Point", "coordinates": [ -93.27985555, 18.43484443 ] } },
{ "type": "Feature", "properties": { "pozo": "TUPILCO-78", "campo": "TUPILCO", "entidad": "TABASCO", "ubicacin": "TERRESTRE", "clasificac": "DESARROLLO", "estado_act": "INACTIVO", "tipo_de_hi": "ACEITE", "fecha_inic": "18-FEB-1965", "fecha_fin_": "09-MAR-1965", "profundida": 2710.0, "profundi_1": 2710.0, "trayectori": "VERTICAL", "disponible": "DISPONIBLE" }, "geometry": { "type": "Point", "coordinates": [ -93.3402, 18.361905 ] } },
{ "type": "Feature", "properties": { "pozo": "SAN RAMON-20D", "campo": "SAN RAMON", "entidad": "TABASCO", "ubicacin": "TERRESTRE", "clasificac": "DESARROLLO", "estado_act": "INACTIVO", "tipo_de_hi": "ACEITE", "fecha_inic": "19-FEB-1970", "fecha_fin_": "12-MAR-1970", "profundida": 2625.0, "profundi_1": 2625.0, "trayectori": "VERTICAL", "disponible": "DISPONIBLE" }, "geometry": { "type": "Point", "coordinates": [ -93.909135, 18.229632 ] } },
{ "type": "Feature", "properties": { "pozo": "SAN RAMON-13", "campo": "SAN RAMON", "entidad": "TABASCO", "ubicacin": "TERRESTRE", "clasificac": "DESARROLLO", "estado_act": "INACTIVO", "tipo_de_hi": "ACEITE", "fecha_inic": "21-FEB-1971", "fecha_fin_": "09-ABR-1971", "profundida": 3476.0, "profundi_1": 3476.0, "trayectori": "VERTICAL", "disponible": "DISPONIBLE" }, "geometry": { "type": "Point", "coordinates": [ -93.91891, 18.238646 ] } },
{ "type": "Feature", "properties": { "pozo": "ACALAPA-15", "campo": "ACALAPA", "entidad": "TABASCO", "ubicacin": "TERRESTRE", "clasificac": "EXPLORATORIO", "estado_act": "TAPONAMIENTO PERMANENTE", "tipo_de_hi": null, "fecha_inic": "21-FEB-1950", "fecha_fin_": "05-ABR-1950", "profundida": 785.0, "profundi_1": 0.0, "trayectori": "VERTICAL", "disponible": "DISPONIBLE" }, "geometry": { "type": "Point", "coordinates": [ -93.8781, 18.242549 ] } },
{ "type": "Feature", "properties": { "pozo": "CASTARRICAL-53", "campo": "CASTARRICAL", "entidad": "TABASCO", "ubicacin": "TERRESTRE", "clasificac": "DESARROLLO", "estado_act": "INACTIVO", "tipo_de_hi": "ACEITE", "fecha_inic": "24-OCT-1970", "fecha_fin_": "06-ENE-1971", "profundida": 3731.0, "profundi_1": 3731.0, "trayectori": "VERTICAL", "disponible": "DISPONIBLE" }, "geometry": { "type": "Point", "coordinates": [ -93.296928, 18.391279 ] } },
{ "type": "Feature", "properties": { "pozo": "PUERTO CEIBA-103", "campo": "PUERTO CEIBA", "entidad": "TABASCO", "ubicacin": "TERRESTRE", "clasificac": "DESARROLLO", "estado_act": "INACTIVO", "tipo_de_hi": "ACEITE", "fecha_inic": "03-DIC-1985", "fecha_fin_": "04-MAR-1988", "profundida": 5900.0, "profundi_1": 0.0, "trayectori": "VERTICAL", "disponible": "DISPONIBLE" }, "geometry": { "type": "Point", "coordinates": [ -93.232186, 18.43567 ] } },
{ "type": "Feature", "properties": { "pozo": "PUERTO CEIBA-139", "campo": "PUERTO CEIBA", "entidad": "TABASCO", "ubicacin": "TERRESTRE", "clasificac": "DESARROLLO", "estado_act": "INACTIVO", "tipo_de_hi": "ACEITE", "fecha_inic": "01-MAR-2005", "fecha_fin_": "29-ABR-2006", "profundida": 6475.0, "profundi_1": 5902.0, "trayectori": "VERTICAL", "disponible": "DISPONIBLE" }, "geometry": { "type": "Point", "coordinates": [ -93.199412, 18.437793 ] } },
{ "type": "Feature", "properties": { "pozo": "SAN RAMON-60", "campo": "SAN RAMON", "entidad": "TABASCO", "ubicacin": "TERRESTRE", "clasificac": "DESARROLLO", "estado_act": "INACTIVO", "tipo_de_hi": "ACEITE", "fecha_inic": "21-NOV-1971", "fecha_fin_": "30-DIC-1971", "profundida": 3401.0, "profundi_1": 0.0, "trayectori": "VERTICAL", "disponible": "DISPONIBLE" }, "geometry": { "type": "Point", "coordinates": [ -93.909206, 18.244025 ] } },
{ "type": "Feature", "properties": { "pozo": "MACHONA-1", "campo": "NO DISPONIBLE", "entidad": "TABASCO", "ubicacin": "TERRESTRE", "clasificac": "EXPLORATORIO", "estado_act": "CERRADO", "tipo_de_hi": null, "fecha_inic": "13-NOV-1968", "fecha_fin_": "27-DIC-1968", "profundida": 3510.0, "profundi_1": 3510.0, "trayectori": "VERTICAL", "disponible": "DISPONIBLE" }, "geometry": { "type": "Point", "coordinates": [ -93.741642, 18.277127 ] } },
{ "type": "Feature", "properties": { "pozo": "SAN RAMON-86", "campo": "SAN RAMON", "entidad": "TABASCO", "ubicacin": "TERRESTRE", "clasificac": "DESARROLLO", "estado_act": "CERRADO", "tipo_de_hi": "ACEITE", "fecha_inic": "09-NOV-1972", "fecha_fin_": "19-ENE-1973", "profundida": 3807.0, "profundi_1": 0.0, "trayectori": "VERTICAL", "disponible": "DISPONIBLE" }, "geometry": { "type": "Point", "coordinates": [ -93.919058, 18.245951 ] } },
{ "type": "Feature", "properties": { "pozo": "CASTARRICAL-10", "campo": "CASTARRICAL", "entidad": "TABASCO", "ubicacin": "TERRESTRE", "clasificac": "DESARROLLO", "estado_act": "INACTIVO", "tipo_de_hi": "ACEITE", "fecha_inic": "11-SEP-1968", "fecha_fin_": "07-NOV-1968", "profundida": 3335.0, "profundi_1": 3335.0, "trayectori": "VERTICAL", "disponible": "DISPONIBLE" }, "geometry": { "type": "Point", "coordinates": [ -93.313337, 18.389443 ] } },
{ "type": "Feature", "properties": { "pozo": "SAN RAMON-45", "campo": "SAN RAMON", "entidad": "TABASCO", "ubicacin": "TERRESTRE", "clasificac": "DESARROLLO", "estado_act": "INACTIVO", "tipo_de_hi": "ACEITE", "fecha_inic": "25-OCT-1970", "fecha_fin_": "21-DIC-1970", "profundida": 3450.0, "profundi_1": 0.0, "trayectori": "VERTICAL", "disponible": "DISPONIBLE" }, "geometry": { "type": "Point", "coordinates": [ -93.928762, 18.229431 ] } },
{ "type": "Feature", "properties": { "pozo": "CRATER-21", "campo": "CRATER", "entidad": "TABASCO", "ubicacin": "TERRESTRE", "clasificac": "DESARROLLO", "estado_act": "INACTIVO", "tipo_de_hi": "ACEITE", "fecha_inic": "14-SEP-2008", "fecha_fin_": "23-JUN-2009", "profundida": 6215.0, "profundi_1": 5980.0, "trayectori": "DIRECCIONAL", "disponible": "DISPONIBLE" }, "geometry": { "type": "Point", "coordinates": [ -92.754464, 18.517831 ] } },
{ "type": "Feature", "properties": { "pozo": "MECOACAN-32T", "campo": "MECOACAN", "entidad": "TABASCO", "ubicacin": "TERRESTRE", "clasificac": "DESARROLLO", "estado_act": "INACTIVO", "tipo_de_hi": "GAS", "fecha_inic": "03-ABR-1961", "fecha_fin_": "07-ABR-1961", "profundida": 1510.0, "profundi_1": 0.0, "trayectori": "VERTICAL", "disponible": "DISPONIBLE" }, "geometry": { "type": "Point", "coordinates": [ -93.092852, 18.335508 ] } },
{ "type": "Feature", "properties": { "pozo": "CASTARRICAL-36", "campo": "CASTARRICAL", "entidad": "TABASCO", "ubicacin": "TERRESTRE", "clasificac": "DESARROLLO", "estado_act": "INACTIVO", "tipo_de_hi": "ACEITE", "fecha_inic": "23-SEP-1969", "fecha_fin_": "25-OCT-1969", "profundida": 3323.0, "profundi_1": 3323.0, "trayectori": "VERTICAL", "disponible": "DISPONIBLE" }, "geometry": { "type": "Point", "coordinates": [ -93.329812, 18.383974 ] } },
{ "type": "Feature", "properties": { "pozo": "CASTARRICAL-12", "campo": "CASTARRICAL", "entidad": "TABASCO", "ubicacin": "TERRESTRE", "clasificac": "DESARROLLO", "estado_act": "INACTIVO", "tipo_de_hi": "ACEITE", "fecha_inic": "25-NOV-1968", "fecha_fin_": "07-ABR-1969", "profundida": 4580.0, "profundi_1": 0.0, "trayectori": "VERTICAL", "disponible": "DISPONIBLE" }, "geometry": { "type": "Point", "coordinates": [ -93.307112, 18.392895 ] } },
{ "type": "Feature", "properties": { "pozo": "MECOACAN-36", "campo": "MECOACAN", "entidad": "TABASCO", "ubicacin": "TERRESTRE", "clasificac": "DESARROLLO", "estado_act": "INACTIVO", "tipo_de_hi": "ACEITE", "fecha_inic": "26-MAR-1961", "fecha_fin_": "04-ABR-1961", "profundida": 2350.0, "profundi_1": 0.0, "trayectori": "VERTICAL", "disponible": "DISPONIBLE" }, "geometry": { "type": "Point", "coordinates": [ -93.105996, 18.335442 ] } },
{ "type": "Feature", "properties": { "pozo": "MECOACAN-54", "campo": "MECOACAN", "entidad": "TABASCO", "ubicacin": "TERRESTRE", "clasificac": "DESARROLLO", "estado_act": "INACTIVO", "tipo_de_hi": "ACEITE", "fecha_inic": "21-ABR-1961", "fecha_fin_": "02-MAY-1961", "profundida": 2330.0, "profundi_1": 0.0, "trayectori": "VERTICAL", "disponible": "DISPONIBLE" }, "geometry": { "type": "Point", "coordinates": [ -93.089529, 18.326303 ] } },
{ "type": "Feature", "properties": { "pozo": "MECOACAN-62", "campo": "MECOACAN", "entidad": "TABASCO", "ubicacin": "TERRESTRE", "clasificac": "DESARROLLO", "estado_act": "INACTIVO", "tipo_de_hi": "ACEITE", "fecha_inic": "27-FEB-1962", "fecha_fin_": "11-MAR-1962", "profundida": 2375.0, "profundi_1": 0.0, "trayectori": "VERTICAL", "disponible": "DISPONIBLE" }, "geometry": { "type": "Point", "coordinates": [ -93.114265, 18.339955 ] } },
{ "type": "Feature", "properties": { "pozo": "PUERTO CEIBA-103T", "campo": "PUERTO CEIBA", "entidad": "TABASCO", "ubicacin": "TERRESTRE", "clasificac": "DESARROLLO", "estado_act": "INACTIVO", "tipo_de_hi": "ACEITE", "fecha_inic": "28-MAR-2004", "fecha_fin_": "19-SEP-2004", "profundida": 6255.0, "profundi_1": 6252.4, "trayectori": "VERTICAL", "disponible": "DISPONIBLE" }, "geometry": { "type": "Point", "coordinates": [ -93.232179, 18.434847 ] } },
{ "type": "Feature", "properties": { "pozo": "MECOACAN-49", "campo": "MECOACAN", "entidad": "TABASCO", "ubicacin": "TERRESTRE", "clasificac": "DESARROLLO", "estado_act": "INACTIVO", "tipo_de_hi": "ACEITE", "fecha_inic": "10-FEB-1962", "fecha_fin_": "17-FEB-1962", "profundida": 2330.0, "profundi_1": 0.0, "trayectori": "VERTICAL", "disponible": "DISPONIBLE" }, "geometry": { "type": "Point", "coordinates": [ -93.073286, 18.328243 ] } },
{ "type": "Feature", "properties": { "pozo": "MARANON-1", "campo": "NO DISPONIBLE", "entidad": "TABASCO", "ubicacin": "TERRESTRE", "clasificac": "EXPLORATORIO", "estado_act": "CERRADO", "tipo_de_hi": null, "fecha_inic": "05-SEP-1970", "fecha_fin_": "13-DIC-1970", "profundida": 3843.0, "profundi_1": 0.0, "trayectori": "VERTICAL", "disponible": "DISPONIBLE" }, "geometry": { "type": "Point", "coordinates": [ -93.238671, 18.28973 ] } },
{ "type": "Feature", "properties": { "pozo": "CASTARRICAL-12D", "campo": "CASTARRICAL", "entidad": "TABASCO", "ubicacin": "TERRESTRE", "clasificac": "DESARROLLO", "estado_act": "INACTIVO", "tipo_de_hi": "ACEITE-GAS", "fecha_inic": "20-ABR-1969", "fecha_fin_": "19-MAY-1969", "profundida": 3225.0, "profundi_1": 0.0, "trayectori": "VERTICAL", "disponible": "DISPONIBLE" }, "geometry": { "type": "Point", "coordinates": [ -93.307112, 18.392895 ] } },
{ "type": "Feature", "properties": { "pozo": "SAN RAMON-500D", "campo": "SAN RAMON", "entidad": "TABASCO", "ubicacin": "TERRESTRE", "clasificac": "DESARROLLO", "estado_act": "INACTIVO", "tipo_de_hi": "ACEITE", "fecha_inic": "07-OCT-2013", "fecha_fin_": "03-NOV-2013", "profundida": 3565.0, "profundi_1": 3447.5, "trayectori": "DIRECCIONAL", "disponible": "DISPONIBLE" }, "geometry": { "type": "Point", "coordinates": [ -93.925219, 18.238167 ] } },
{ "type": "Feature", "properties": { "pozo": "MARANON-301", "campo": "NO DISPONIBLE", "entidad": "TABASCO", "ubicacin": "TERRESTRE", "clasificac": "EXPLORATORIO", "estado_act": "CERRADO", "tipo_de_hi": null, "fecha_inic": "03-NOV-1985", "fecha_fin_": "22-JUN-1986", "profundida": 3510.0, "profundi_1": 0.0, "trayectori": "VERTICAL", "disponible": "DISPONIBLE" }, "geometry": { "type": "Point", "coordinates": [ -93.238678, 18.291525 ] } },
{ "type": "Feature", "properties": { "pozo": "SAN RAMON-19", "campo": "SAN RAMON", "entidad": "TABASCO", "ubicacin": "TERRESTRE", "clasificac": "DESARROLLO", "estado_act": "INACTIVO", "tipo_de_hi": "ACEITE", "fecha_inic": "06-AGO-1968", "fecha_fin_": "13-SEP-1968", "profundida": 2819.0, "profundi_1": 0.0, "trayectori": "VERTICAL", "disponible": "DISPONIBLE" }, "geometry": { "type": "Point", "coordinates": [ -93.912348, 18.227675 ] } },
{ "type": "Feature", "properties": { "pozo": "SAN RAMON-555", "campo": "SAN RAMON", "entidad": "TABASCO", "ubicacin": "TERRESTRE", "clasificac": "DESARROLLO", "estado_act": "INACTIVO", "tipo_de_hi": "ACEITE", "fecha_inic": "28-OCT-2012", "fecha_fin_": "29-NOV-2012", "profundida": 3657.0, "profundi_1": 3567.4, "trayectori": "DIRECCIONAL", "disponible": "DISPONIBLE" }, "geometry": { "type": "Point", "coordinates": [ -93.925661, 18.242428 ] } },
{ "type": "Feature", "properties": { "pozo": "CASTARRICAL-30", "campo": "CASTARRICAL", "entidad": "TABASCO", "ubicacin": "TERRESTRE", "clasificac": "DESARROLLO", "estado_act": "CERRADO", "tipo_de_hi": null, "fecha_inic": "27-JUN-1969", "fecha_fin_": "06-SEP-1969", "profundida": 4302.0, "profundi_1": 4302.0, "trayectori": "VERTICAL", "disponible": "DISPONIBLE" }, "geometry": { "type": "Point", "coordinates": [ -93.316586, 18.398507 ] } },
{ "type": "Feature", "properties": { "pozo": "TUPILCO-250", "campo": "TUPILCO", "entidad": "TABASCO", "ubicacin": "TERRESTRE", "clasificac": "EXPLORATORIO", "estado_act": "CERRADO", "tipo_de_hi": "ACEITE", "fecha_inic": "15-JUN-1971", "fecha_fin_": "18-OCT-1971", "profundida": 4500.0, "profundi_1": 0.0, "trayectori": "VERTICAL", "disponible": "DISPONIBLE" }, "geometry": { "type": "Point", "coordinates": [ -93.343497, 18.374475 ] } },
{ "type": "Feature", "properties": { "pozo": "CASTARRICAL-32", "campo": "CASTARRICAL", "entidad": "TABASCO", "ubicacin": "TERRESTRE", "clasificac": "DESARROLLO", "estado_act": "CERRADO", "tipo_de_hi": null, "fecha_inic": "13-OCT-1969", "fecha_fin_": "18-NOV-1969", "profundida": 3500.0, "profundi_1": 3500.0, "trayectori": "VERTICAL", "disponible": "DISPONIBLE" }, "geometry": { "type": "Point", "coordinates": [ -93.326526, 18.389442 ] } },
{ "type": "Feature", "properties": { "pozo": "SAN RAMON-55D", "campo": "SAN RAMON", "entidad": "TABASCO", "ubicacin": "TERRESTRE", "clasificac": "DESARROLLO", "estado_act": "INACTIVO", "tipo_de_hi": "ACEITE", "fecha_inic": "22-SEP-1971", "fecha_fin_": "26-OCT-1971", "profundida": 3345.0, "profundi_1": 0.0, "trayectori": "VERTICAL", "disponible": "DISPONIBLE" }, "geometry": { "type": "Point", "coordinates": [ -93.922269, 18.240386 ] } },
{ "type": "Feature", "properties": { "pozo": "PUERTO CEIBA-159", "campo": "PUERTO CEIBA", "entidad": "TABASCO", "ubicacin": "TERRESTRE", "clasificac": "DESARROLLO", "estado_act": "PRODUCTOR", "tipo_de_hi": null, "fecha_inic": "22-FEB-2003", "fecha_fin_": "06-ENE-2004", "profundida": 6100.0, "profundi_1": 5670.0, "trayectori": "DIRECCIONAL", "disponible": "DISPONIBLE" }, "geometry": { "type": "Point", "coordinates": [ -93.215065, 18.438769 ] } },
{ "type": "Feature", "properties": { "pozo": "CASTARRICAL-11D", "campo": "CASTARRICAL", "entidad": "TABASCO", "ubicacin": "TERRESTRE", "clasificac": "DESARROLLO", "estado_act": "INACTIVO", "tipo_de_hi": "ACEITE", "fecha_inic": "13-JUN-1969", "fecha_fin_": "18-JUL-1969", "profundida": 2875.0, "profundi_1": 0.0, "trayectori": "VERTICAL", "disponible": "DISPONIBLE" }, "geometry": { "type": "Point", "coordinates": [ -93.310079, 18.391223 ] } },
{ "type": "Feature", "properties": { "pozo": "MECOACAN-1", "campo": "MECOACAN", "entidad": "TABASCO", "ubicacin": "TERRESTRE", "clasificac": "EXPLORATORIO", "estado_act": "INACTIVO", "tipo_de_hi": "ACEITE-GAS", "fecha_inic": "28-NOV-1957", "fecha_fin_": "07-FEB-1958", "profundida": 2600.0, "profundi_1": 0.0, "trayectori": "VERTICAL", "disponible": "DISPONIBLE" }, "geometry": { "type": "Point", "coordinates": [ -93.076527, 18.333679 ] } },
{ "type": "Feature", "properties": { "pozo": "TIZON-115", "campo": "TIZON", "entidad": "TABASCO", "ubicacin": "TERRESTRE", "clasificac": "DESARROLLO", "estado_act": "CERRADO", "tipo_de_hi": "CONDENSADO", "fecha_inic": "20-FEB-2005", "fecha_fin_": "29-ABR-2005", "profundida": 3350.0, "profundi_1": 3350.0, "trayectori": "VERTICAL", "disponible": "DISPONIBLE" }, "geometry": { "type": "Point", "coordinates": [ -92.72114, 18.557089 ] } },
{ "type": "Feature", "properties": { "pozo": "TRES PALMAS-4", "campo": "NO DISPONIBLE", "entidad": "TABASCO", "ubicacin": "TERRESTRE", "clasificac": "EXPLORATORIO", "estado_act": "CERRADO", "tipo_de_hi": "ACEITE", "fecha_inic": "06-MAR-1971", "fecha_fin_": "09-JUL-1971", "profundida": 4042.0, "profundi_1": 0.0, "trayectori": "VERTICAL", "disponible": "DISPONIBLE" }, "geometry": { "type": "Point", "coordinates": [ -93.30686, 18.411085 ] } },
{ "type": "Feature", "properties": { "pozo": "CASTARRICAL-39", "campo": "CASTARRICAL", "entidad": "TABASCO", "ubicacin": "TERRESTRE", "clasificac": "DESARROLLO", "estado_act": "INACTIVO", "tipo_de_hi": "ACEITE", "fecha_inic": "21-NOV-1969", "fecha_fin_": "18-DIC-1969", "profundida": 3321.0, "profundi_1": 3321.0, "trayectori": "VERTICAL", "disponible": "DISPONIBLE" }, "geometry": { "type": "Point", "coordinates": [ -93.313349, 18.396699 ] } },
{ "type": "Feature", "properties": { "pozo": "CINCO PRESIDENTES-2D", "campo": "CINCO PRESIDENTES", "entidad": "TABASCO", "ubicacin": "TERRESTRE", "clasificac": "DESARROLLO", "estado_act": "ESPERANDO ABANDONO", "tipo_de_hi": null, "fecha_inic": "01-SEP-1960", "fecha_fin_": "28-SEP-1960", "profundida": 2330.0, "profundi_1": 0.0, "trayectori": "VERTICAL", "disponible": "DISPONIBLE" }, "geometry": { "type": "Point", "coordinates": [ -94.018523, 18.198728 ] } },
{ "type": "Feature", "properties": { "pozo": "CASTARRICAL-72", "campo": "CASTARRICAL", "entidad": "TABASCO", "ubicacin": "TERRESTRE", "clasificac": "DESARROLLO", "estado_act": "INACTIVO", "tipo_de_hi": "ACEITE", "fecha_inic": "07-SEP-1970", "fecha_fin_": "06-DIC-1970", "profundida": 4000.0, "profundi_1": 4000.0, "trayectori": "VERTICAL", "disponible": "DISPONIBLE" }, "geometry": { "type": "Point", "coordinates": [ -93.329754, 18.380432 ] } },
{ "type": "Feature", "properties": { "pozo": "LUNA-31", "campo": "NO DISPONIBLE", "entidad": "TABASCO", "ubicacin": "TERRESTRE", "clasificac": "DESARROLLO", "estado_act": "CERRADO", "tipo_de_hi": null, "fecha_inic": "10-AGO-1988", "fecha_fin_": "17-DIC-1988", "profundida": 2551.0, "profundi_1": 2551.0, "trayectori": "VERTICAL", "disponible": "DISPONIBLE" }, "geometry": { "type": "Point", "coordinates": [ -92.782476, 18.4703 ] } },
{ "type": "Feature", "properties": { "pozo": "PUERTO CEIBA-125", "campo": "PUERTO CEIBA", "entidad": "TABASCO", "ubicacin": "TERRESTRE", "clasificac": "DESARROLLO", "estado_act": "INACTIVO", "tipo_de_hi": "ACEITE-GAS", "fecha_inic": "15-JUL-2004", "fecha_fin_": "20-ABR-2005", "profundida": 6401.0, "profundi_1": 5611.9, "trayectori": "DIRECCIONAL", "disponible": "DISPONIBLE" }, "geometry": { "type": "Point", "coordinates": [ -93.242194, 18.435373 ] } },
{ "type": "Feature", "properties": { "pozo": "MECOACAN-4", "campo": "MECOACAN", "entidad": "TABASCO", "ubicacin": "TERRESTRE", "clasificac": "DESARROLLO", "estado_act": "INACTIVO", "tipo_de_hi": "ACEITE", "fecha_inic": "12-SEP-1960", "fecha_fin_": "24-SEP-1960", "profundida": 2250.0, "profundi_1": 0.0, "trayectori": "VERTICAL", "disponible": "DISPONIBLE" }, "geometry": { "type": "Point", "coordinates": [ -93.076523, 18.330069 ] } },
{ "type": "Feature", "properties": { "pozo": "POCHITOQUE-1", "campo": "NO DISPONIBLE", "entidad": "TABASCO", "ubicacin": "TERRESTRE", "clasificac": "EXPLORATORIO", "estado_act": "CERRADO", "tipo_de_hi": null, "fecha_inic": "06-JUN-1965", "fecha_fin_": "04-AGO-1965", "profundida": 3500.0, "profundi_1": 0.0, "trayectori": "VERTICAL", "disponible": "DISPONIBLE" }, "geometry": { "type": "Point", "coordinates": [ -93.062496, 18.355064 ] } },
{ "type": "Feature", "properties": { "pozo": "MECOACAN-11", "campo": "MECOACAN", "entidad": "TABASCO", "ubicacin": "TERRESTRE", "clasificac": "DESARROLLO", "estado_act": "INACTIVO", "tipo_de_hi": "ACEITE", "fecha_inic": "24-NOV-1960", "fecha_fin_": "01-DIC-1960", "profundida": 2300.0, "profundi_1": 2300.0, "trayectori": "VERTICAL", "disponible": "DISPONIBLE" }, "geometry": { "type": "Point", "coordinates": [ -93.089689, 18.333608 ] } },
{ "type": "Feature", "properties": { "pozo": "MECOACAN-20", "campo": "MECOACAN", "entidad": "TABASCO", "ubicacin": "TERRESTRE", "clasificac": "DESARROLLO", "estado_act": "INACTIVO", "tipo_de_hi": "ACEITE", "fecha_inic": "11-OCT-1960", "fecha_fin_": "21-OCT-1960", "profundida": 2230.0, "profundi_1": 0.0, "trayectori": "VERTICAL", "disponible": "DISPONIBLE" }, "geometry": { "type": "Point", "coordinates": [ -93.086514, 18.328108 ] } },
{ "type": "Feature", "properties": { "pozo": "SAN RAMON-71", "campo": "SAN RAMON", "entidad": "TABASCO", "ubicacin": "TERRESTRE", "clasificac": "DESARROLLO", "estado_act": "INACTIVO", "tipo_de_hi": "ACEITE", "fecha_inic": "13-SEP-1972", "fecha_fin_": "20-OCT-1972", "profundida": 3502.0, "profundi_1": 0.0, "trayectori": "VERTICAL", "disponible": "DISPONIBLE" }, "geometry": { "type": "Point", "coordinates": [ -93.899363, 18.249224 ] } },
{ "type": "Feature", "properties": { "pozo": "PUERTO CEIBA-122", "campo": "PUERTO CEIBA", "entidad": "TABASCO", "ubicacin": "TERRESTRE", "clasificac": "DESARROLLO", "estado_act": "CERRADO", "tipo_de_hi": "ACEITE", "fecha_inic": "22-FEB-1986", "fecha_fin_": "15-JUL-1986", "profundida": 6112.0, "profundi_1": 6112.0, "trayectori": "VERTICAL", "disponible": "DISPONIBLE" }, "geometry": { "type": "Point", "coordinates": [ -93.245257, 18.428952 ] } },
{ "type": "Feature", "properties": { "pozo": "CASTARRICAL-1D", "campo": "CASTARRICAL", "entidad": "TABASCO", "ubicacin": "TERRESTRE", "clasificac": "EXPLORATORIO", "estado_act": "CERRADO", "tipo_de_hi": null, "fecha_inic": "26-MAR-1971", "fecha_fin_": "30-MAY-1971", "profundida": 3637.0, "profundi_1": 0.0, "trayectori": "VERTICAL", "disponible": "DISPONIBLE" }, "geometry": { "type": "Point", "coordinates": [ -93.31674, 18.383954 ] } },
{ "type": "Feature", "properties": { "pozo": "MECOACAN-80", "campo": "MECOACAN", "entidad": "TABASCO", "ubicacin": "TERRESTRE", "clasificac": "DESARROLLO", "estado_act": "INACTIVO", "tipo_de_hi": "ACEITE", "fecha_inic": "18-MAY-1972", "fecha_fin_": "04-JUN-1972", "profundida": 1900.0, "profundi_1": 0.0, "trayectori": "VERTICAL", "disponible": "DISPONIBLE" }, "geometry": { "type": "Point", "coordinates": [ -93.057463, 18.333113 ] } },
{ "type": "Feature", "properties": { "pozo": "PUERTO CEIBA-121", "campo": "PUERTO CEIBA", "entidad": "TABASCO", "ubicacin": "TERRESTRE", "clasificac": "DESARROLLO", "estado_act": "INACTIVO", "tipo_de_hi": "ACEITE", "fecha_inic": "28-NOV-1985", "fecha_fin_": "24-SEP-1986", "profundida": 5633.0, "profundi_1": 5633.0, "trayectori": "VERTICAL", "disponible": "DISPONIBLE" }, "geometry": { "type": "Point", "coordinates": [ -93.237921, 18.428232 ] } },
{ "type": "Feature", "properties": { "pozo": "SAN RAMON-505", "campo": "SAN RAMON", "entidad": "TABASCO", "ubicacin": "TERRESTRE", "clasificac": "DESARROLLO", "estado_act": "INACTIVO", "tipo_de_hi": "ACEITE", "fecha_inic": "25-NOV-2006", "fecha_fin_": "10-AGO-2007", "profundida": 2875.0, "profundi_1": 2860.1, "trayectori": "DIRECCIONAL", "disponible": "DISPONIBLE" }, "geometry": { "type": "Point", "coordinates": [ -93.90864, 18.229257 ] } },
{ "type": "Feature", "properties": { "pozo": "TUPILCO-1001", "campo": "TUPILCO", "entidad": "TABASCO", "ubicacin": "TERRESTRE", "clasificac": "EXPLORATORIO", "estado_act": "CERRADO", "tipo_de_hi": null, "fecha_inic": "21-MAY-1997", "fecha_fin_": "13-MAR-1998", "profundida": 6517.0, "profundi_1": 0.0, "trayectori": "VERTICAL", "disponible": "DISPONIBLE" }, "geometry": { "type": "Point", "coordinates": [ -93.343968, 18.376393 ] } },
{ "type": "Feature", "properties": { "pozo": "CASTARRICAL-56", "campo": "CASTARRICAL", "entidad": "TABASCO", "ubicacin": "TERRESTRE", "clasificac": "DESARROLLO", "estado_act": "INACTIVO", "tipo_de_hi": "ACEITE", "fecha_inic": "19-MAY-1970", "fecha_fin_": "27-JUN-1971", "profundida": 3300.0, "profundi_1": 3300.0, "trayectori": "VERTICAL", "disponible": "DISPONIBLE" }, "geometry": { "type": "Point", "coordinates": [ -93.2937, 18.403887 ] } },
{ "type": "Feature", "properties": { "pozo": "PUERTO CEIBA-1A", "campo": "PUERTO CEIBA", "entidad": "TABASCO", "ubicacin": "TERRESTRE", "clasificac": "EXPLORATORIO", "estado_act": "PRODUCTOR", "tipo_de_hi": "ACEITE", "fecha_inic": "02-NOV-1983", "fecha_fin_": "26-MAY-1985", "profundida": 5678.0, "profundi_1": 5009.3, "trayectori": "VERTICAL", "disponible": "DISPONIBLE" }, "geometry": { "type": "Point", "coordinates": [ -93.241412, 18.435583 ] } },
{ "type": "Feature", "properties": { "pozo": "SAN RAMON-5", "campo": "SAN RAMON", "entidad": "TABASCO", "ubicacin": "TERRESTRE", "clasificac": "DESARROLLO", "estado_act": "INACTIVO", "tipo_de_hi": "ACEITE", "fecha_inic": "12-SEP-1967", "fecha_fin_": "02-NOV-1967", "profundida": 3374.0, "profundi_1": 0.0, "trayectori": "VERTICAL", "disponible": "DISPONIBLE" }, "geometry": { "type": "Point", "coordinates": [ -93.922243, 18.233053 ] } },
{ "type": "Feature", "properties": { "pozo": "SAN RAMON-1614", "campo": "SAN RAMON", "entidad": "TABASCO", "ubicacin": "TERRESTRE", "clasificac": "DESARROLLO", "estado_act": "INACTIVO", "tipo_de_hi": "ACEITE", "fecha_inic": "05-JUN-2013", "fecha_fin_": "27-JUN-2013", "profundida": 2765.0, "profundi_1": 2739.0, "trayectori": "DIRECCIONAL", "disponible": "DISPONIBLE" }, "geometry": { "type": "Point", "coordinates": [ -93.89624, 18.236735 ] } },
{ "type": "Feature", "properties": { "pozo": "LUNA-33", "campo": "NO DISPONIBLE", "entidad": "TABASCO", "ubicacin": "TERRESTRE", "clasificac": "DESARROLLO", "estado_act": "CERRADO", "tipo_de_hi": null, "fecha_inic": "07-JUL-1986", "fecha_fin_": "20-MAY-1988", "profundida": 6194.0, "profundi_1": 6194.0, "trayectori": "VERTICAL", "disponible": "DISPONIBLE" }, "geometry": { "type": "Point", "coordinates": [ -92.774241, 18.465786 ] } },
{ "type": "Feature", "properties": { "pozo": "PUERTO CEIBA-120", "campo": "PUERTO CEIBA", "entidad": "TABASCO", "ubicacin": "TERRESTRE", "clasificac": "DESARROLLO", "estado_act": "PRODUCTOR", "tipo_de_hi": "ACEITE", "fecha_inic": "21-NOV-2004", "fecha_fin_": "14-JUN-2005", "profundida": 6334.0, "profundi_1": 5663.7, "trayectori": "DIRECCIONAL", "disponible": "DISPONIBLE" }, "geometry": { "type": "Point", "coordinates": [ -93.214923, 18.438046 ] } },
{ "type": "Feature", "properties": { "pozo": "HUATOPE-2", "campo": "NO DISPONIBLE", "entidad": "TABASCO", "ubicacin": "TERRESTRE", "clasificac": "EXPLORATORIO", "estado_act": "CERRADO", "tipo_de_hi": null, "fecha_inic": "26-MAY-1971", "fecha_fin_": "17-SEP-1971", "profundida": 4500.0, "profundi_1": 0.0, "trayectori": "VERTICAL", "disponible": "DISPONIBLE" }, "geometry": { "type": "Point", "coordinates": [ -93.327266, 18.366596 ] } },
{ "type": "Feature", "properties": { "pozo": "SAN RAMON-32", "campo": "SAN RAMON", "entidad": "TABASCO", "ubicacin": "TERRESTRE", "clasificac": "DESARROLLO", "estado_act": "INACTIVO", "tipo_de_hi": "ACEITE", "fecha_inic": "09-JUN-1970", "fecha_fin_": "02-JUL-1970", "profundida": 2550.0, "profundi_1": 0.0, "trayectori": "VERTICAL", "disponible": "DISPONIBLE" }, "geometry": { "type": "Point", "coordinates": [ -93.908813, 18.225771 ] } },
{ "type": "Feature", "properties": { "pozo": "PUERTO CEIBA-129", "campo": "PUERTO CEIBA", "entidad": "TABASCO", "ubicacin": "TERRESTRE", "clasificac": "DESARROLLO", "estado_act": "INACTIVO", "tipo_de_hi": null, "fecha_inic": "27-MAR-2005", "fecha_fin_": "02-DIC-2005", "profundida": 6147.0, "profundi_1": 5474.9, "trayectori": "DIRECCIONAL", "disponible": "DISPONIBLE" }, "geometry": { "type": "Point", "coordinates": [ -93.199128, 18.437341 ] } },
{ "type": "Feature", "properties": { "pozo": "CASTARRICAL-41", "campo": "CASTARRICAL", "entidad": "TABASCO", "ubicacin": "TERRESTRE", "clasificac": "DESARROLLO", "estado_act": "INACTIVO", "tipo_de_hi": "ACEITE", "fecha_inic": "03-AGO-1970", "fecha_fin_": "29-SEP-1970", "profundida": 3362.0, "profundi_1": 3362.0, "trayectori": "VERTICAL", "disponible": "DISPONIBLE" }, "geometry": { "type": "Point", "coordinates": [ -93.306693, 18.400254 ] } },
{ "type": "Feature", "properties": { "pozo": "POTRANCA-1", "campo": "NO DISPONIBLE", "entidad": "TABASCO", "ubicacin": "TERRESTRE", "clasificac": "EXPLORATORIO", "estado_act": "CERRADO", "tipo_de_hi": null, "fecha_inic": "26-FEB-1969", "fecha_fin_": "07-ABR-1969", "profundida": 3500.0, "profundi_1": 0.0, "trayectori": "VERTICAL", "disponible": "DISPONIBLE" }, "geometry": { "type": "Point", "coordinates": [ -93.003949, 18.3816 ] } },
{ "type": "Feature", "properties": { "pozo": "CASTARRICAL-31", "campo": "CASTARRICAL", "entidad": "TABASCO", "ubicacin": "TERRESTRE", "clasificac": "DESARROLLO", "estado_act": "CERRADO", "tipo_de_hi": null, "fecha_inic": "11-AGO-1969", "fecha_fin_": "23-SEP-1969", "profundida": 3300.0, "profundi_1": 3300.0, "trayectori": "VERTICAL", "disponible": "DISPONIBLE" }, "geometry": { "type": "Point", "coordinates": [ -93.319849, 18.393067 ] } },
{ "type": "Feature", "properties": { "pozo": "MECOACAN-43", "campo": "MECOACAN", "entidad": "TABASCO", "ubicacin": "TERRESTRE", "clasificac": "DESARROLLO", "estado_act": "INACTIVO", "tipo_de_hi": "ACEITE", "fecha_inic": "22-MAY-1961", "fecha_fin_": "30-MAY-1961", "profundida": 2225.0, "profundi_1": 0.0, "trayectori": "VERTICAL", "disponible": "DISPONIBLE" }, "geometry": { "type": "Point", "coordinates": [ -93.079746, 18.328283 ] } },
{ "type": "Feature", "properties": { "pozo": "GUALCA-1", "campo": "NO DISPONIBLE", "entidad": "TABASCO", "ubicacin": "TERRESTRE", "clasificac": "EXPLORATORIO", "estado_act": "CERRADO", "tipo_de_hi": null, "fecha_inic": "25-SEP-1968", "fecha_fin_": "28-NOV-1968", "profundida": 3796.0, "profundi_1": 0.0, "trayectori": "VERTICAL", "disponible": "DISPONIBLE" }, "geometry": { "type": "Point", "coordinates": [ -93.184529, 18.330915 ] } },
{ "type": "Feature", "properties": { "pozo": "SANCHEZ MAGALLANES-258", "campo": "MAGALLANES TUCAN PAJONAL", "entidad": "TABASCO", "ubicacin": "TERRESTRE", "clasificac": "DESARROLLO", "estado_act": "TAPONAMIENTO PERMANENTE", "tipo_de_hi": null, "fecha_inic": "19-DIC-1965", "fecha_fin_": "19-DIC-1965", "profundida": 1884.4, "profundi_1": 1884.4, "trayectori": "VERTICAL", "disponible": "DISPONIBLE" }, "geometry": { "type": "Point", "coordinates": [ -93.90699163, 18.13826036 ] } },
{ "type": "Feature", "properties": { "pozo": "TUCAN-101", "campo": "MAGALLANES TUCAN PAJONAL", "entidad": "TABASCO", "ubicacin": "TERRESTRE", "clasificac": "DESARROLLO", "estado_act": "INACTIVO", "tipo_de_hi": null, "fecha_inic": "28-FEB-1969", "fecha_fin_": "04-MAY-1969", "profundida": 4405.0, "profundi_1": 4405.0, "trayectori": "VERTICAL", "disponible": "DISPONIBLE" }, "geometry": { "type": "Point", "coordinates": [ -93.896747, 18.154116 ] } },
{ "type": "Feature", "properties": { "pozo": "PUERTO CEIBA-101", "campo": "PUERTO CEIBA", "entidad": "TABASCO", "ubicacin": "TERRESTRE", "clasificac": "EXPLORATORIO", "estado_act": "CERRADO", "tipo_de_hi": null, "fecha_inic": "05-OCT-1983", "fecha_fin_": "19-OCT-1983", "profundida": 5450.0, "profundi_1": 5448.7, "trayectori": "DIRECCIONAL", "disponible": "DISPONIBLE" }, "geometry": { "type": "Point", "coordinates": [ -93.24129705, 18.43551994 ] } },
{ "type": "Feature", "properties": { "pozo": "CASTARRICAL-7", "campo": "CASTARRICAL", "entidad": "TABASCO", "ubicacin": "TERRESTRE", "clasificac": "DESARROLLO", "estado_act": "INACTIVO", "tipo_de_hi": "ACEITE-GAS", "fecha_inic": "29-JUN-1968", "fecha_fin_": "13-AGO-1968", "profundida": 3291.0, "profundi_1": 3291.0, "trayectori": "VERTICAL", "disponible": "DISPONIBLE" }, "geometry": { "type": "Point", "coordinates": [ -93.319901, 18.385848 ] } },
{ "type": "Feature", "properties": { "pozo": "SAN RAMON-507", "campo": "SAN RAMON", "entidad": "TABASCO", "ubicacin": "TERRESTRE", "clasificac": "DESARROLLO", "estado_act": "INACTIVO", "tipo_de_hi": "ACEITE", "fecha_inic": "26-AGO-2007", "fecha_fin_": "21-SEP-2007", "profundida": 2703.0, "profundi_1": 2655.7, "trayectori": "DIRECCIONAL", "disponible": "DISPONIBLE" }, "geometry": { "type": "Point", "coordinates": [ -93.90896, 18.22945 ] } },
{ "type": "Feature", "properties": { "pozo": "LUNA-301", "campo": "LUNA-PALAPA", "entidad": "TABASCO", "ubicacin": "TERRESTRE", "clasificac": "DESARROLLO", "estado_act": "INACTIVO", "tipo_de_hi": "GAS", "fecha_inic": "20-JUN-1990", "fecha_fin_": "27-SEP-1990", "profundida": 2109.0, "profundi_1": 2109.0, "trayectori": "VERTICAL", "disponible": "DISPONIBLE" }, "geometry": { "type": "Point", "coordinates": [ -92.798041, 18.46931 ] } },
{ "type": "Feature", "properties": { "pozo": "PUERTO CEIBA-115", "campo": "PUERTO CEIBA", "entidad": "TABASCO", "ubicacin": "TERRESTRE", "clasificac": "DESARROLLO", "estado_act": "INACTIVO", "tipo_de_hi": "ACEITE", "fecha_inic": "28-DIC-2000", "fecha_fin_": "15-OCT-2001", "profundida": 6073.0, "profundi_1": 5892.8, "trayectori": "DIRECCIONAL", "disponible": "DISPONIBLE" }, "geometry": { "type": "Point", "coordinates": [ -93.241382, 18.435428 ] } },
{ "type": "Feature", "properties": { "pozo": "MECOACAN-202", "campo": "MECOACAN", "entidad": "TABASCO", "ubicacin": "TERRESTRE", "clasificac": "DESARROLLO", "estado_act": "INACTIVO", "tipo_de_hi": "ACEITE", "fecha_inic": "10-JUN-1958", "fecha_fin_": "21-JUN-1958", "profundida": 1713.37, "profundi_1": 0.0, "trayectori": "VERTICAL", "disponible": "DISPONIBLE" }, "geometry": { "type": "Point", "coordinates": [ -93.079758, 18.335446 ] } },
{ "type": "Feature", "properties": { "pozo": "TIZON-31", "campo": "TIZON", "entidad": "TABASCO", "ubicacin": "TERRESTRE", "clasificac": "DESARROLLO", "estado_act": "CERRADO", "tipo_de_hi": "CONDENSADO", "fecha_inic": "20-NOV-2005", "fecha_fin_": "13-JUL-2006", "profundida": 6133.0, "profundi_1": 5910.9, "trayectori": "DIRECCIONAL", "disponible": "DISPONIBLE" }, "geometry": { "type": "Point", "coordinates": [ -92.734294, 18.5215 ] } },
{ "type": "Feature", "properties": { "pozo": "CASTARRICAL-21", "campo": "CASTARRICAL", "entidad": "TABASCO", "ubicacin": "TERRESTRE", "clasificac": "DESARROLLO", "estado_act": "INACTIVO", "tipo_de_hi": "ACEITE", "fecha_inic": "17-ENE-1969", "fecha_fin_": "23-FEB-1969", "profundida": 3627.0, "profundi_1": 0.0, "trayectori": "VERTICAL", "disponible": "DISPONIBLE" }, "geometry": { "type": "Point", "coordinates": [ -93.319921, 18.389163 ] } },
{ "type": "Feature", "properties": { "pozo": "SAN RAMON-2", "campo": "SAN RAMON", "entidad": "TABASCO", "ubicacin": "TERRESTRE", "clasificac": "DESARROLLO", "estado_act": "INACTIVO", "tipo_de_hi": "ACEITE", "fecha_inic": "10-SEP-1967", "fecha_fin_": "26-OCT-1967", "profundida": 3221.0, "profundi_1": 0.0, "trayectori": "VERTICAL", "disponible": "DISPONIBLE" }, "geometry": { "type": "Point", "coordinates": [ -93.922188, 18.229458 ] } },
{ "type": "Feature", "properties": { "pozo": "SAN RAMON-3", "campo": "SAN RAMON", "entidad": "TABASCO", "ubicacin": "TERRESTRE", "clasificac": "DESARROLLO", "estado_act": "INACTIVO", "tipo_de_hi": "ACEITE", "fecha_inic": "29-NOV-1967", "fecha_fin_": "09-ENE-1968", "profundida": 3186.7, "profundi_1": 0.0, "trayectori": "VERTICAL", "disponible": "DISPONIBLE" }, "geometry": { "type": "Point", "coordinates": [ -93.915704, 18.233172 ] } },
{ "type": "Feature", "properties": { "pozo": "SANCHEZ MAGALLANES-629", "campo": "MAGALLANES TUCAN PAJONAL", "entidad": "TABASCO", "ubicacin": "TERRESTRE", "clasificac": "DESARROLLO", "estado_act": "INACTIVO", "tipo_de_hi": null, "fecha_inic": "20-NOV-1974", "fecha_fin_": "01-FEB-1975", "profundida": 3700.0, "profundi_1": 0.0, "trayectori": "VERTICAL", "disponible": "DISPONIBLE" }, "geometry": { "type": "Point", "coordinates": [ -93.852612, 18.192159 ] } },
{ "type": "Feature", "properties": { "pozo": "PUERTO CEIBA-155", "campo": "PUERTO CEIBA", "entidad": "TABASCO", "ubicacin": "TERRESTRE", "clasificac": "DESARROLLO", "estado_act": "INACTIVO", "tipo_de_hi": null, "fecha_inic": "01-AGO-2002", "fecha_fin_": "20-MAR-2004", "profundida": 6300.0, "profundi_1": 5645.8, "trayectori": "DIRECCIONAL", "disponible": "DISPONIBLE" }, "geometry": { "type": "Point", "coordinates": [ -93.241144, 18.434751 ] } },
{ "type": "Feature", "properties": { "pozo": "MECOACAN-55", "campo": "MECOACAN", "entidad": "TABASCO", "ubicacin": "TERRESTRE", "clasificac": "DESARROLLO", "estado_act": "INACTIVO", "tipo_de_hi": "ACEITE", "fecha_inic": "17-JUL-1960", "fecha_fin_": "25-JUL-1960", "profundida": 2250.0, "profundi_1": 0.0, "trayectori": "VERTICAL", "disponible": "DISPONIBLE" }, "geometry": { "type": "Point", "coordinates": [ -93.083085, 18.337302 ] } },
{ "type": "Feature", "properties": { "pozo": "MECOACAN-61", "campo": "MECOACAN", "entidad": "TABASCO", "ubicacin": "TERRESTRE", "clasificac": "DESARROLLO", "estado_act": "INACTIVO", "tipo_de_hi": "ACEITE", "fecha_inic": "29-ABR-1961", "fecha_fin_": "06-MAY-1961", "profundida": 2380.0, "profundi_1": 0.0, "trayectori": "VERTICAL", "disponible": "DISPONIBLE" }, "geometry": { "type": "Point", "coordinates": [ -93.11591, 18.33718 ] } },
{ "type": "Feature", "properties": { "pozo": "SAN RAMON-539", "campo": "SAN RAMON", "entidad": "TABASCO", "ubicacin": "TERRESTRE", "clasificac": "DESARROLLO", "estado_act": "INACTIVO", "tipo_de_hi": "ACEITE", "fecha_inic": "12-MAY-2009", "fecha_fin_": "09-JUN-2009", "profundida": 3494.0, "profundi_1": 3482.4, "trayectori": "DIRECCIONAL", "disponible": "DISPONIBLE" }, "geometry": { "type": "Point", "coordinates": [ -93.932042, 18.235057 ] } },
{ "type": "Feature", "properties": { "pozo": "SAN RAMON-55", "campo": "SAN RAMON", "entidad": "TABASCO", "ubicacin": "TERRESTRE", "clasificac": "DESARROLLO", "estado_act": "INACTIVO", "tipo_de_hi": "ACEITE", "fecha_inic": "05-AGO-1971", "fecha_fin_": "17-SEP-1971", "profundida": 3600.0, "profundi_1": 0.0, "trayectori": "VERTICAL", "disponible": "DISPONIBLE" }, "geometry": { "type": "Point", "coordinates": [ -93.922206, 18.240423 ] } },
{ "type": "Feature", "properties": { "pozo": "CASTARRICAL-5", "campo": "CASTARRICAL", "entidad": "TABASCO", "ubicacin": "TERRESTRE", "clasificac": "DESARROLLO", "estado_act": "INACTIVO", "tipo_de_hi": "ACEITE", "fecha_inic": "11-ABR-1968", "fecha_fin_": "03-JUN-1968", "profundida": 3450.0, "profundi_1": 3450.0, "trayectori": "VERTICAL", "disponible": "DISPONIBLE" }, "geometry": { "type": "Point", "coordinates": [ -93.313349, 18.385849 ] } },
{ "type": "Feature", "properties": { "pozo": "SAN RAMON-29", "campo": "SAN RAMON", "entidad": "TABASCO", "ubicacin": "TERRESTRE", "clasificac": "DESARROLLO", "estado_act": "INACTIVO", "tipo_de_hi": "ACEITE", "fecha_inic": "24-ABR-1970", "fecha_fin_": "16-MAY-1970", "profundida": 2735.0, "profundi_1": 2735.0, "trayectori": "VERTICAL", "disponible": "DISPONIBLE" }, "geometry": { "type": "Point", "coordinates": [ -93.8993, 18.231414 ] } },
{ "type": "Feature", "properties": { "pozo": "PUERTO CEIBA-113", "campo": "PUERTO CEIBA", "entidad": "TABASCO", "ubicacin": "TERRESTRE", "clasificac": "DESARROLLO", "estado_act": "INACTIVO", "tipo_de_hi": "ACEITE", "fecha_inic": "25-NOV-1985", "fecha_fin_": "05-AGO-1988", "profundida": 5747.0, "profundi_1": 4981.6, "trayectori": "DIRECCIONAL", "disponible": "DISPONIBLE" }, "geometry": { "type": "Point", "coordinates": [ -93.232236, 18.435512 ] } },
{ "type": "Feature", "properties": { "pozo": "MECOACAN-28", "campo": "MECOACAN", "entidad": "TABASCO", "ubicacin": "TERRESTRE", "clasificac": "DESARROLLO", "estado_act": "CERRADO", "tipo_de_hi": null, "fecha_inic": "02-NOV-1960", "fecha_fin_": "14-NOV-1960", "profundida": 2354.0, "profundi_1": 0.0, "trayectori": "VERTICAL", "disponible": "DISPONIBLE" }, "geometry": { "type": "Point", "coordinates": [ -93.099557, 18.346338 ] } },
{ "type": "Feature", "properties": { "pozo": "ARRASTRADERO-136", "campo": "CASTARRICAL", "entidad": "TABASCO", "ubicacin": "TERRESTRE", "clasificac": "DESARROLLO", "estado_act": "CERRADO", "tipo_de_hi": "ACEITE", "fecha_inic": "28-OCT-1987", "fecha_fin_": "06-ABR-1988", "profundida": 3700.0, "profundi_1": 0.0, "trayectori": "VERTICAL", "disponible": "DISPONIBLE" }, "geometry": { "type": "Point", "coordinates": [ -93.295968, 18.393338 ] } },
{ "type": "Feature", "properties": { "pozo": "SAN RAMON-514", "campo": "SAN RAMON", "entidad": "TABASCO", "ubicacin": "TERRESTRE", "clasificac": "DESARROLLO", "estado_act": "INACTIVO", "tipo_de_hi": "ACEITE", "fecha_inic": "09-JUL-2007", "fecha_fin_": "06-AGO-2007", "profundida": 3169.0, "profundi_1": 3114.0, "trayectori": "DIRECCIONAL", "disponible": "DISPONIBLE" }, "geometry": { "type": "Point", "coordinates": [ -93.902656, 18.24027 ] } },
{ "type": "Feature", "properties": { "pozo": "SAN RAMON-527", "campo": "SAN RAMON", "entidad": "TABASCO", "ubicacin": "TERRESTRE", "clasificac": "DESARROLLO", "estado_act": "PRODUCTOR", "tipo_de_hi": "ACEITE", "fecha_inic": "06-NOV-2008", "fecha_fin_": "26-NOV-2008", "profundida": 3544.0, "profundi_1": 3538.4, "trayectori": "DIRECCIONAL", "disponible": "DISPONIBLE" }, "geometry": { "type": "Point", "coordinates": [ -93.932022, 18.238299 ] } },
{ "type": "Feature", "properties": { "pozo": "COSTERO-15", "campo": "COSTERO", "entidad": "TABASCO", "ubicacin": "TERRESTRE", "clasificac": "DESARROLLO", "estado_act": "INACTIVO", "tipo_de_hi": null, "fecha_inic": "17-AGO-2007", "fecha_fin_": "18-MAR-2008", "profundida": 6152.0, "profundi_1": 5562.0, "trayectori": "DIRECCIONAL", "disponible": "DISPONIBLE" }, "geometry": { "type": "Point", "coordinates": [ -92.50821, 18.636614 ] } },
{ "type": "Feature", "properties": { "pozo": "MECOACAN-30", "campo": "MECOACAN", "entidad": "TABASCO", "ubicacin": "TERRESTRE", "clasificac": "DESARROLLO", "estado_act": "INACTIVO", "tipo_de_hi": "ACEITE", "fecha_inic": "11-FEB-1960", "fecha_fin_": "24-FEB-1960", "profundida": 2300.0, "profundi_1": 0.0, "trayectori": "VERTICAL", "disponible": "DISPONIBLE" }, "geometry": { "type": "Point", "coordinates": [ -93.099503, 18.33907 ] } },
{ "type": "Feature", "properties": { "pozo": "LUNA-15", "campo": "LUNA-PALAPA", "entidad": "TABASCO", "ubicacin": "TERRESTRE", "clasificac": "DESARROLLO", "estado_act": "INACTIVO", "tipo_de_hi": "ACEITE", "fecha_inic": "01-FEB-1988", "fecha_fin_": "14-JUL-1990", "profundida": 5837.0, "profundi_1": 5837.0, "trayectori": "VERTICAL", "disponible": "DISPONIBLE" }, "geometry": { "type": "Point", "coordinates": [ -92.76663, 18.452138 ] } },
{ "type": "Feature", "properties": { "pozo": "LUNA-32-1", "campo": "LUNA-PALAPA", "entidad": "TABASCO", "ubicacin": "TERRESTRE", "clasificac": "DESARROLLO", "estado_act": "INACTIVO", "tipo_de_hi": "ACEITE-GAS", "fecha_inic": "21-MAY-1999", "fecha_fin_": "13-DIC-1999", "profundida": 5525.0, "profundi_1": 5408.0, "trayectori": "DIRECCIONAL", "disponible": "DISPONIBLE" }, "geometry": { "type": "Point", "coordinates": [ -92.790906, 18.474879 ] } },
{ "type": "Feature", "properties": { "pozo": "PARETO-12", "campo": "PARETO", "entidad": "TABASCO", "ubicacin": "TERRESTRE", "clasificac": "DESARROLLO", "estado_act": "PRODUCTOR", "tipo_de_hi": "ACEITE", "fecha_inic": "08-SEP-2013", "fecha_fin_": "20-MAY-2014", "profundida": 6650.0, "profundi_1": 0.0, "trayectori": "DIRECCIONAL", "disponible": "DISPONIBLE" }, "geometry": { "type": "Point", "coordinates": [ -93.304844, 18.309575 ] } },
{ "type": "Feature", "properties": { "pozo": "CASTARRICAL-35", "campo": "CASTARRICAL", "entidad": "TABASCO", "ubicacin": "TERRESTRE", "clasificac": "DESARROLLO", "estado_act": "CERRADO", "tipo_de_hi": null, "fecha_inic": "26-ENE-1970", "fecha_fin_": "13-MAY-1971", "profundida": 4000.0, "profundi_1": 4000.0, "trayectori": "VERTICAL", "disponible": "DISPONIBLE" }, "geometry": { "type": "Point", "coordinates": [ -93.329813, 18.387588 ] } },
{ "type": "Feature", "properties": { "pozo": "MECOACAN-59", "campo": "MECOACAN", "entidad": "TABASCO", "ubicacin": "TERRESTRE", "clasificac": "DESARROLLO", "estado_act": "INACTIVO", "tipo_de_hi": "ACEITE", "fecha_inic": "22-MAR-1962", "fecha_fin_": "31-MAR-1962", "profundida": 2380.0, "profundi_1": 0.0, "trayectori": "VERTICAL", "disponible": "DISPONIBLE" }, "geometry": { "type": "Point", "coordinates": [ -93.106079, 18.331787 ] } },
{ "type": "Feature", "properties": { "pozo": "SAN RAMON-510", "campo": "SAN RAMON", "entidad": "TABASCO", "ubicacin": "TERRESTRE", "clasificac": "DESARROLLO", "estado_act": "INACTIVO", "tipo_de_hi": "ACEITE", "fecha_inic": "27-MAR-2007", "fecha_fin_": "22-ABR-2007", "profundida": 3650.0, "profundi_1": 3634.0, "trayectori": "DIRECCIONAL", "disponible": "DISPONIBLE" }, "geometry": { "type": "Point", "coordinates": [ -93.925681, 18.238291 ] } },
{ "type": "Feature", "properties": { "pozo": "PAILEBOT-4", "campo": "PAILEBOT", "entidad": "TABASCO", "ubicacin": "TERRESTRE", "clasificac": "EXPLORATORIO", "estado_act": "CERRADO", "tipo_de_hi": null, "fecha_inic": "09-ABR-1959", "fecha_fin_": "19-SEP-1959", "profundida": 3435.0, "profundi_1": 3435.0, "trayectori": "VERTICAL", "disponible": "DISPONIBLE" }, "geometry": { "type": "Point", "coordinates": [ -93.928741, 18.207124 ] } },
{ "type": "Feature", "properties": { "pozo": "MECOACAN-13D", "campo": "MECOACAN", "entidad": "TABASCO", "ubicacin": "TERRESTRE", "clasificac": "DESARROLLO", "estado_act": "INACTIVO", "tipo_de_hi": "ACEITE", "fecha_inic": "07-SEP-1960", "fecha_fin_": "11-SEP-1960", "profundida": 1705.0, "profundi_1": 1705.0, "trayectori": "VERTICAL", "disponible": "DISPONIBLE" }, "geometry": { "type": "Point", "coordinates": [ -93.08303, 18.333708 ] } },
{ "type": "Feature", "properties": { "pozo": "SAN RAMON-40", "campo": "SAN RAMON", "entidad": "TABASCO", "ubicacin": "TERRESTRE", "clasificac": "DESARROLLO", "estado_act": "INACTIVO", "tipo_de_hi": "ACEITE", "fecha_inic": "15-ABR-1971", "fecha_fin_": "27-MAY-1971", "profundida": 3178.0, "profundi_1": 1856.2, "trayectori": "VERTICAL", "disponible": "DISPONIBLE" }, "geometry": { "type": "Point", "coordinates": [ -93.902598, 18.24046 ] } },
{ "type": "Feature", "properties": { "pozo": "CHOCOL-1", "campo": "CHOCOL", "entidad": "TABASCO", "ubicacin": "TERRESTRE", "clasificac": "EXPLORATORIO EN NUEVO CAMPO", "estado_act": "INACTIVO", "tipo_de_hi": "ACEITE", "fecha_inic": "22-FEB-2016", "fecha_fin_": "02-DIC-2016", "profundida": 7213.0, "profundi_1": 6875.0, "trayectori": "DIRECCIONAL", "disponible": "DISPONIBLE" }, "geometry": { "type": "Point", "coordinates": [ -93.267652, 18.363156 ] } },
{ "type": "Feature", "properties": { "pozo": "CASTARRICAL-19", "campo": "CASTARRICAL", "entidad": "TABASCO", "ubicacin": "TERRESTRE", "clasificac": "DESARROLLO", "estado_act": "INACTIVO", "tipo_de_hi": "ACEITE", "fecha_inic": "01-ENE-1969", "fecha_fin_": "27-ENE-1969", "profundida": 3430.0, "profundi_1": 0.0, "trayectori": "VERTICAL", "disponible": "DISPONIBLE" }, "geometry": { "type": "Point", "coordinates": [ -93.326482, 18.378628 ] } },
{ "type": "Feature", "properties": { "pozo": "PUERTO CEIBA-121B", "campo": "PUERTO CEIBA", "entidad": "TABASCO", "ubicacin": "TERRESTRE", "clasificac": "DESARROLLO", "estado_act": "CERRADO", "tipo_de_hi": "ACEITE", "fecha_inic": "13-NOV-1986", "fecha_fin_": "19-NOV-1987", "profundida": 5953.0, "profundi_1": 0.0, "trayectori": "VERTICAL", "disponible": "DISPONIBLE" }, "geometry": { "type": "Point", "coordinates": [ -93.237919, 18.428232 ] } },
{ "type": "Feature", "properties": { "pozo": "SAN RAMON-4", "campo": "SAN RAMON", "entidad": "TABASCO", "ubicacin": "TERRESTRE", "clasificac": "DESARROLLO", "estado_act": "INACTIVO", "tipo_de_hi": "ACEITE", "fecha_inic": "29-ENE-1968", "fecha_fin_": "07-MAR-1968", "profundida": 3124.0, "profundi_1": 1517.7, "trayectori": "DIRECCIONAL", "disponible": "DISPONIBLE" }, "geometry": { "type": "Point", "coordinates": [ -93.916328, 18.230129 ] } },
{ "type": "Feature", "properties": { "pozo": "MECOACAN-37", "campo": "MECOACAN", "entidad": "TABASCO", "ubicacin": "TERRESTRE", "clasificac": "DESARROLLO", "estado_act": "INACTIVO", "tipo_de_hi": "ACEITE", "fecha_inic": "12-JUN-1961", "fecha_fin_": "19-JUN-1961", "profundida": 2350.0, "profundi_1": 0.0, "trayectori": "VERTICAL", "disponible": "DISPONIBLE" }, "geometry": { "type": "Point", "coordinates": [ -93.109324, 18.336925 ] } },
{ "type": "Feature", "properties": { "pozo": "MECOACAN-22", "campo": "MECOACAN", "entidad": "TABASCO", "ubicacin": "TERRESTRE", "clasificac": "DESARROLLO", "estado_act": "INACTIVO", "tipo_de_hi": "ACEITE", "fecha_inic": "25-SEP-1960", "fecha_fin_": "03-OCT-1960", "profundida": 2200.0, "profundi_1": 0.0, "trayectori": "VERTICAL", "disponible": "DISPONIBLE" }, "geometry": { "type": "Point", "coordinates": [ -93.083075, 18.330075 ] } },
{ "type": "Feature", "properties": { "pozo": "RASHA-3", "campo": "RASHA", "entidad": "TABASCO", "ubicacin": "TERRESTRE", "clasificac": "DESARROLLO", "estado_act": "INACTIVO", "tipo_de_hi": "GAS SECO", "fecha_inic": "09-ENE-2015", "fecha_fin_": "03-MAR-2015", "profundida": 2200.0, "profundi_1": 0.0, "trayectori": "DIRECCIONAL", "disponible": "DISPONIBLE" }, "geometry": { "type": "Point", "coordinates": [ -92.5726368, 18.59844515 ] } },
{ "type": "Feature", "properties": { "pozo": "SAN RAMON-528", "campo": "SAN RAMON", "entidad": "TABASCO", "ubicacin": "TERRESTRE", "clasificac": "DESARROLLO", "estado_act": "PRODUCTOR", "tipo_de_hi": "ACEITE", "fecha_inic": "17-OCT-2011", "fecha_fin_": "07-NOV-2011", "profundida": 3453.0, "profundi_1": 3303.9, "trayectori": "DIRECCIONAL", "disponible": "DISPONIBLE" }, "geometry": { "type": "Point", "coordinates": [ -93.904205, 18.244653 ] } },
{ "type": "Feature", "properties": { "pozo": "PUERTO CEIBA-135", "campo": "PUERTO CEIBA", "entidad": "TABASCO", "ubicacin": "TERRESTRE", "clasificac": "DESARROLLO", "estado_act": "INACTIVO", "tipo_de_hi": "ACEITE", "fecha_inic": "08-ENE-2002", "fecha_fin_": "18-ENE-2003", "profundida": 7151.0, "profundi_1": 6700.0, "trayectori": "DIRECCIONAL", "disponible": "DISPONIBLE" }, "geometry": { "type": "Point", "coordinates": [ -93.241287, 18.435202 ] } },
{ "type": "Feature", "properties": { "pozo": "SAN RAMON-504", "campo": "SAN RAMON", "entidad": "TABASCO", "ubicacin": "TERRESTRE", "clasificac": "DESARROLLO", "estado_act": "INACTIVO", "tipo_de_hi": "ACEITE", "fecha_inic": "01-JUN-2006", "fecha_fin_": "15-JUL-2006", "profundida": 2818.0, "profundi_1": 2796.4, "trayectori": "VERTICAL", "disponible": "DISPONIBLE" }, "geometry": { "type": "Point", "coordinates": [ -93.902588, 18.233236 ] } },
{ "type": "Feature", "properties": { "pozo": "SAN RAMON-547", "campo": "SAN RAMON", "entidad": "TABASCO", "ubicacin": "TERRESTRE", "clasificac": "DESARROLLO", "estado_act": "INACTIVO", "tipo_de_hi": "ACEITE", "fecha_inic": "01-ENE-2012", "fecha_fin_": "22-ENE-2012", "profundida": 2997.0, "profundi_1": 2889.9, "trayectori": "DIRECCIONAL", "disponible": "DISPONIBLE" }, "geometry": { "type": "Point", "coordinates": [ -93.908862, 18.233192 ] } },
{ "type": "Feature", "properties": { "pozo": "PUERTO CEIBA-110", "campo": "PUERTO CEIBA", "entidad": "TABASCO", "ubicacin": "TERRESTRE", "clasificac": "DESARROLLO", "estado_act": "INACTIVO", "tipo_de_hi": null, "fecha_inic": "06-MAR-2003", "fecha_fin_": "01-OCT-2003", "profundida": 6000.0, "profundi_1": 5721.1, "trayectori": "DIRECCIONAL", "disponible": "DISPONIBLE" }, "geometry": { "type": "Point", "coordinates": [ -93.221809, 18.437147 ] } },
{ "type": "Feature", "properties": { "pozo": "MECOACAN-10", "campo": "MECOACAN", "entidad": "TABASCO", "ubicacin": "TERRESTRE", "clasificac": "DESARROLLO", "estado_act": "INACTIVO", "tipo_de_hi": "ACEITE", "fecha_inic": "19-FEB-1961", "fecha_fin_": "01-MAR-1961", "profundida": 2360.0, "profundi_1": 0.0, "trayectori": "VERTICAL", "disponible": "DISPONIBLE" }, "geometry": { "type": "Point", "coordinates": [ -93.099489, 18.34266 ] } },
{ "type": "Feature", "properties": { "pozo": "ACALAPA-13", "campo": "ACALAPA", "entidad": "TABASCO", "ubicacin": "TERRESTRE", "clasificac": "EXPLORATORIO", "estado_act": "CERRADO", "tipo_de_hi": null, "fecha_inic": "30-ENE-1949", "fecha_fin_": "10-MAR-1949", "profundida": 750.0, "profundi_1": 750.0, "trayectori": "VERTICAL", "disponible": "DISPONIBLE" }, "geometry": { "type": "Point", "coordinates": [ -93.878051, 18.232743 ] } },
{ "type": "Feature", "properties": { "pozo": "PUERTO CEIBA-141", "campo": "PUERTO CEIBA", "entidad": "TABASCO", "ubicacin": "TERRESTRE", "clasificac": "DESARROLLO", "estado_act": "CERRADO", "tipo_de_hi": "ACEITE", "fecha_inic": "04-FEB-1987", "fecha_fin_": "06-ENE-1988", "profundida": 6151.0, "profundi_1": 6151.0, "trayectori": "VERTICAL", "disponible": "DISPONIBLE" }, "geometry": { "type": "Point", "coordinates": [ -93.231786, 18.420078 ] } },
{ "type": "Feature", "properties": { "pozo": "CASTARRICAL-34", "campo": "CASTARRICAL", "entidad": "TABASCO", "ubicacin": "TERRESTRE", "clasificac": "DESARROLLO", "estado_act": "INACTIVO", "tipo_de_hi": "ACEITE", "fecha_inic": "13-JUN-1969", "fecha_fin_": "11-JUL-1969", "profundida": 3350.0, "profundi_1": 3350.0, "trayectori": "VERTICAL", "disponible": "DISPONIBLE" }, "geometry": { "type": "Point", "coordinates": [ -93.326457, 18.382233 ] } },
{ "type": "Feature", "properties": { "pozo": "SAN RAMON-76", "campo": "SAN RAMON", "entidad": "TABASCO", "ubicacin": "TERRESTRE", "clasificac": "DESARROLLO", "estado_act": "INACTIVO", "tipo_de_hi": "ACEITE", "fecha_inic": "28-FEB-1972", "fecha_fin_": "11-MAY-1972", "profundida": 3430.0, "profundi_1": 0.0, "trayectori": "VERTICAL", "disponible": "DISPONIBLE" }, "geometry": { "type": "Point", "coordinates": [ -93.892875, 18.245902 ] } },
{ "type": "Feature", "properties": { "pozo": "SAN RAMON-46", "campo": "SAN RAMON", "entidad": "TABASCO", "ubicacin": "TERRESTRE", "clasificac": "DESARROLLO", "estado_act": "INACTIVO", "tipo_de_hi": "ACEITE", "fecha_inic": "05-ENE-1973", "fecha_fin_": "13-FEB-1973", "profundida": 3215.0, "profundi_1": 0.0, "trayectori": "VERTICAL", "disponible": "DISPONIBLE" }, "geometry": { "type": "Point", "coordinates": [ -93.92549, 18.227666 ] } },
{ "type": "Feature", "properties": { "pozo": "PALOTADA-1", "campo": "MAGALLANES TUCAN PAJONAL", "entidad": "TABASCO", "ubicacin": "TERRESTRE", "clasificac": "EXPLORATORIO", "estado_act": "CERRADO", "tipo_de_hi": null, "fecha_inic": "30-JUL-1986", "fecha_fin_": "17-FEB-1988", "profundida": 6800.0, "profundi_1": 6800.0, "trayectori": "VERTICAL", "disponible": "DISPONIBLE" }, "geometry": { "type": "Point", "coordinates": [ -93.851435, 18.21071 ] } },
{ "type": "Feature", "properties": { "pozo": "SAN RAMON-530", "campo": "SAN RAMON", "entidad": "TABASCO", "ubicacin": "TERRESTRE", "clasificac": "DESARROLLO", "estado_act": "INACTIVO", "tipo_de_hi": "ACEITE", "fecha_inic": "11-OCT-2008", "fecha_fin_": "26-OCT-2008", "profundida": 2772.0, "profundi_1": 2748.0, "trayectori": "DIRECCIONAL", "disponible": "DISPONIBLE" }, "geometry": { "type": "Point", "coordinates": [ -93.899289, 18.234833 ] } },
{ "type": "Feature", "properties": { "pozo": "MECOACAN-15", "campo": "MECOACAN", "entidad": "TABASCO", "ubicacin": "TERRESTRE", "clasificac": "DESARROLLO", "estado_act": "INACTIVO", "tipo_de_hi": "ACEITE", "fecha_inic": "16-OCT-1960", "fecha_fin_": "29-OCT-1960", "profundida": 2330.0, "profundi_1": 2330.0, "trayectori": "VERTICAL", "disponible": "DISPONIBLE" }, "geometry": { "type": "Point", "coordinates": [ -93.102789, 18.337269 ] } },
{ "type": "Feature", "properties": { "pozo": "PUERTO CEIBA-130", "campo": "PUERTO CEIBA", "entidad": "TABASCO", "ubicacin": "TERRESTRE", "clasificac": "DESARROLLO", "estado_act": "INACTIVO", "tipo_de_hi": "ACEITE", "fecha_inic": "02-JUN-2002", "fecha_fin_": "20-NOV-2003", "profundida": 5906.0, "profundi_1": 5609.0, "trayectori": "DIRECCIONAL", "disponible": "DISPONIBLE" }, "geometry": { "type": "Point", "coordinates": [ -93.23218, 18.435064 ] } },
{ "type": "Feature", "properties": { "pozo": "SAN RAMON-33", "campo": "SAN RAMON", "entidad": "TABASCO", "ubicacin": "TERRESTRE", "clasificac": "DESARROLLO", "estado_act": "CERRADO", "tipo_de_hi": "ACEITE", "fecha_inic": "14-MAY-1970", "fecha_fin_": "02-JUN-1970", "profundida": 2414.0, "profundi_1": 0.0, "trayectori": "VERTICAL", "disponible": "DISPONIBLE" }, "geometry": { "type": "Point", "coordinates": [ -93.902526, 18.225968 ] } },
{ "type": "Feature", "properties": { "pozo": "MECOACAN-23", "campo": "MECOACAN", "entidad": "TABASCO", "ubicacin": "TERRESTRE", "clasificac": "DESARROLLO", "estado_act": "INACTIVO", "tipo_de_hi": "ACEITE", "fecha_inic": "06-MAR-1961", "fecha_fin_": "12-MAR-1961", "profundida": 1500.0, "profundi_1": 0.0, "trayectori": "VERTICAL", "disponible": "DISPONIBLE" }, "geometry": { "type": "Point", "coordinates": [ -93.089651, 18.344564 ] } },
{ "type": "Feature", "properties": { "pozo": "MECOACAN-78", "campo": "MECOACAN", "entidad": "TABASCO", "ubicacin": "TERRESTRE", "clasificac": "DESARROLLO", "estado_act": "INACTIVO", "tipo_de_hi": "ACEITE", "fecha_inic": "19-JUL-1962", "fecha_fin_": "31-JUL-1962", "profundida": 2240.0, "profundi_1": 0.0, "trayectori": "VERTICAL", "disponible": "DISPONIBLE" }, "geometry": { "type": "Point", "coordinates": [ -93.060163, 18.335536 ] } },
{ "type": "Feature", "properties": { "pozo": "SAN RAMON-37", "campo": "SAN RAMON", "entidad": "TABASCO", "ubicacin": "TERRESTRE", "clasificac": "DESARROLLO", "estado_act": "INACTIVO", "tipo_de_hi": "ACEITE", "fecha_inic": "13-AGO-1971", "fecha_fin_": "03-OCT-1971", "profundida": 3500.0, "profundi_1": 0.0, "trayectori": "VERTICAL", "disponible": "DISPONIBLE" }, "geometry": { "type": "Point", "coordinates": [ -93.928731, 18.233039 ] } },
{ "type": "Feature", "properties": { "pozo": "CASTARRICAL-10D", "campo": "CASTARRICAL", "entidad": "TABASCO", "ubicacin": "TERRESTRE", "clasificac": "DESARROLLO", "estado_act": "CERRADO", "tipo_de_hi": "ACEITE", "fecha_inic": "20-AGO-1970", "fecha_fin_": "13-NOV-1970", "profundida": 4000.0, "profundi_1": 0.0, "trayectori": "VERTICAL", "disponible": "DISPONIBLE" }, "geometry": { "type": "Point", "coordinates": [ -93.313381, 18.389421 ] } },
{ "type": "Feature", "properties": { "pozo": "SAN RAMON-3D", "campo": "SAN RAMON", "entidad": "TABASCO", "ubicacin": "TERRESTRE", "clasificac": "DESARROLLO", "estado_act": "INACTIVO", "tipo_de_hi": "ACEITE", "fecha_inic": "15-ENE-1968", "fecha_fin_": "11-FEB-1968", "profundida": 3030.0, "profundi_1": 0.0, "trayectori": "VERTICAL", "disponible": "DISPONIBLE" }, "geometry": { "type": "Point", "coordinates": [ -93.915716, 18.233136 ] } },
{ "type": "Feature", "properties": { "pozo": "TRES PALMAS-3", "campo": "CASTARRICAL", "entidad": "TABASCO", "ubicacin": "TERRESTRE", "clasificac": "EXPLORATORIO", "estado_act": "CERRADO", "tipo_de_hi": "ACEITE", "fecha_inic": "09-ENE-1971", "fecha_fin_": "23-FEB-1971", "profundida": 4000.0, "profundi_1": 0.0, "trayectori": "VERTICAL", "disponible": "DISPONIBLE" }, "geometry": { "type": "Point", "coordinates": [ -93.300224, 18.411111 ] } },
{ "type": "Feature", "properties": { "pozo": "SAN RAMON-72", "campo": "SAN RAMON", "entidad": "TABASCO", "ubicacin": "TERRESTRE", "clasificac": "DESARROLLO", "estado_act": "INACTIVO", "tipo_de_hi": "ACEITE", "fecha_inic": "05-NOV-1972", "fecha_fin_": "21-DIC-1972", "profundida": 3522.0, "profundi_1": 0.0, "trayectori": "VERTICAL", "disponible": "DISPONIBLE" }, "geometry": { "type": "Point", "coordinates": [ -93.905957, 18.24945 ] } },
{ "type": "Feature", "properties": { "pozo": "TUPILCO-72", "campo": "TUPILCO", "entidad": "TABASCO", "ubicacin": "TERRESTRE", "clasificac": "DESARROLLO", "estado_act": "INACTIVO", "tipo_de_hi": "ACEITE", "fecha_inic": "09-JUL-1963", "fecha_fin_": "28-JUL-1963", "profundida": 3000.0, "profundi_1": 0.0, "trayectori": "VERTICAL", "disponible": "DISPONIBLE" }, "geometry": { "type": "Point", "coordinates": [ -93.336683, 18.363541 ] } },
{ "type": "Feature", "properties": { "pozo": "SAN RAMON-84", "campo": "SAN RAMON", "entidad": "TABASCO", "ubicacin": "TERRESTRE", "clasificac": "DESARROLLO", "estado_act": "INACTIVO", "tipo_de_hi": "ACEITE", "fecha_inic": "27-ABR-1972", "fecha_fin_": "27-JUN-1972", "profundida": 3421.0, "profundi_1": 0.0, "trayectori": "VERTICAL", "disponible": "DISPONIBLE" }, "geometry": { "type": "Point", "coordinates": [ -93.935345, 18.233034 ] } },
{ "type": "Feature", "properties": { "pozo": "COSTERO-28", "campo": "COSTERO", "entidad": "TABASCO", "ubicacin": "TERRESTRE", "clasificac": "DESARROLLO", "estado_act": "PRODUCTOR", "tipo_de_hi": "GAS-CONDENSADO", "fecha_inic": "24-NOV-2015", "fecha_fin_": "01-ABR-2016", "profundida": 5750.0, "profundi_1": 0.0, "trayectori": "VERTICAL", "disponible": "DISPONIBLE" }, "geometry": { "type": "Point", "coordinates": [ -92.50350761, 18.62617278 ] } },
{ "type": "Feature", "properties": { "pozo": "LUNA-14", "campo": "LUNA-PALAPA", "entidad": "TABASCO", "ubicacin": "TERRESTRE", "clasificac": "DESARROLLO", "estado_act": "CERRADO", "tipo_de_hi": null, "fecha_inic": "13-JUL-1987", "fecha_fin_": "29-OCT-1987", "profundida": 1699.0, "profundi_1": 1699.0, "trayectori": "VERTICAL", "disponible": "DISPONIBLE" }, "geometry": { "type": "Point", "coordinates": [ -92.798899, 18.469254 ] } },
{ "type": "Feature", "properties": { "pozo": "SAN RAMON-6", "campo": "SAN RAMON", "entidad": "TABASCO", "ubicacin": "TERRESTRE", "clasificac": "DESARROLLO", "estado_act": "INACTIVO", "tipo_de_hi": "ACEITE", "fecha_inic": "27-NOV-1967", "fecha_fin_": "13-ENE-1968", "profundida": 3353.0, "profundi_1": 0.0, "trayectori": "VERTICAL", "disponible": "DISPONIBLE" }, "geometry": { "type": "Point", "coordinates": [ -93.918944, 18.234943 ] } },
{ "type": "Feature", "properties": { "pozo": "PUERTO CEIBA-137", "campo": "PUERTO CEIBA", "entidad": "TABASCO", "ubicacin": "TERRESTRE", "clasificac": "DESARROLLO", "estado_act": "CERRADO", "tipo_de_hi": "ACEITE", "fecha_inic": "21-JUL-2004", "fecha_fin_": "05-AGO-2004", "profundida": 1000.0, "profundi_1": 1000.0, "trayectori": "VERTICAL", "disponible": "DISPONIBLE" }, "geometry": { "type": "Point", "coordinates": [ -93.214923, 18.438498 ] } },
{ "type": "Feature", "properties": { "pozo": "MECOACAN-14", "campo": "MECOACAN", "entidad": "TABASCO", "ubicacin": "TERRESTRE", "clasificac": "DESARROLLO", "estado_act": "INACTIVO", "tipo_de_hi": "ACEITE", "fecha_inic": "29-JUL-1960", "fecha_fin_": "11-AGO-1960", "profundida": 2500.0, "profundi_1": 2500.0, "trayectori": "VERTICAL", "disponible": "DISPONIBLE" }, "geometry": { "type": "Point", "coordinates": [ -93.102784, 18.340876 ] } },
{ "type": "Feature", "properties": { "pozo": "CASTARRICAL-14", "campo": "CASTARRICAL", "entidad": "TABASCO", "ubicacin": "TERRESTRE", "clasificac": "DESARROLLO", "estado_act": "CERRADO", "tipo_de_hi": null, "fecha_inic": "25-AGO-1968", "fecha_fin_": "29-SEP-1968", "profundida": 3500.0, "profundi_1": 3500.0, "trayectori": "VERTICAL", "disponible": "DISPONIBLE" }, "geometry": { "type": "Point", "coordinates": [ -93.310061, 18.384038 ] } },
{ "type": "Feature", "properties": { "pozo": "PUERTO CEIBA-105", "campo": "PUERTO CEIBA", "entidad": "TABASCO", "ubicacin": "TERRESTRE", "clasificac": "DESARROLLO", "estado_act": "INACTIVO", "tipo_de_hi": "ACEITE", "fecha_inic": "30-AGO-1986", "fecha_fin_": "11-MAR-1988", "profundida": 6000.0, "profundi_1": 5918.0, "trayectori": "DIRECCIONAL", "disponible": "DISPONIBLE" }, "geometry": { "type": "Point", "coordinates": [ -93.221806, 18.437153 ] } },
{ "type": "Feature", "properties": { "pozo": "MECOACAN-32", "campo": "MECOACAN", "entidad": "TABASCO", "ubicacin": "TERRESTRE", "clasificac": "DESARROLLO", "estado_act": "INACTIVO", "tipo_de_hi": "ACEITE", "fecha_inic": "26-MAY-1959", "fecha_fin_": "16-JUN-1959", "profundida": 2283.0, "profundi_1": 0.0, "trayectori": "VERTICAL", "disponible": "DISPONIBLE" }, "geometry": { "type": "Point", "coordinates": [ -93.092927, 18.33547 ] } },
{ "type": "Feature", "properties": { "pozo": "ARRASTRADERO-101", "campo": "NO DISPONIBLE", "entidad": "TABASCO", "ubicacin": "TERRESTRE", "clasificac": "EXPLORATORIO", "estado_act": "CERRADO", "tipo_de_hi": null, "fecha_inic": "20-JUL-1981", "fecha_fin_": "01-JUL-1982", "profundida": 5696.0, "profundi_1": 0.0, "trayectori": "VERTICAL", "disponible": "DISPONIBLE" }, "geometry": { "type": "Point", "coordinates": [ -93.268806, 18.390928 ] } },
{ "type": "Feature", "properties": { "pozo": "PUERTO CEIBA-121A", "campo": "PUERTO CEIBA", "entidad": "TABASCO", "ubicacin": "TERRESTRE", "clasificac": "DESARROLLO", "estado_act": "INACTIVO", "tipo_de_hi": "ACEITE", "fecha_inic": "30-SEP-1986", "fecha_fin_": "22-OCT-1986", "profundida": 1005.0, "profundi_1": 0.0, "trayectori": "VERTICAL", "disponible": "DISPONIBLE" }, "geometry": { "type": "Point", "coordinates": [ -93.237788, 18.428233 ] } },
{ "type": "Feature", "properties": { "pozo": "SAN RAMON-89", "campo": "SAN RAMON", "entidad": "TABASCO", "ubicacin": "TERRESTRE", "clasificac": "DESARROLLO", "estado_act": "INACTIVO", "tipo_de_hi": "ACEITE", "fecha_inic": "20-ENE-1981", "fecha_fin_": "28-FEB-1981", "profundida": 3306.0, "profundi_1": 0.0, "trayectori": "VERTICAL", "disponible": "DISPONIBLE" }, "geometry": { "type": "Point", "coordinates": [ -93.938687, 18.234776 ] } },
{ "type": "Feature", "properties": { "pozo": "SAN RAMON-69", "campo": "SAN RAMON", "entidad": "TABASCO", "ubicacin": "TERRESTRE", "clasificac": "DESARROLLO", "estado_act": "INACTIVO", "tipo_de_hi": "ACEITE", "fecha_inic": "15-ENE-1968", "fecha_fin_": "29-FEB-1972", "profundida": 3400.0, "profundi_1": 0.0, "trayectori": "VERTICAL", "disponible": "DISPONIBLE" }, "geometry": { "type": "Point", "coordinates": [ -93.905924, 18.245847 ] } },
{ "type": "Feature", "properties": { "pozo": "MECOACAN-47", "campo": "MECOACAN", "entidad": "TABASCO", "ubicacin": "TERRESTRE", "clasificac": "DESARROLLO", "estado_act": "INACTIVO", "tipo_de_hi": "ACEITE", "fecha_inic": "20-JUN-1961", "fecha_fin_": "28-JUN-1961", "profundida": 2240.0, "profundi_1": 0.0, "trayectori": "VERTICAL", "disponible": "DISPONIBLE" }, "geometry": { "type": "Point", "coordinates": [ -93.066682, 18.331867 ] } },
{ "type": "Feature", "properties": { "pozo": "SAN RAMON-1603", "campo": "SAN RAMON", "entidad": "TABASCO", "ubicacin": "TERRESTRE", "clasificac": "DESARROLLO", "estado_act": "INACTIVO", "tipo_de_hi": "ACEITE", "fecha_inic": "25-JUL-2013", "fecha_fin_": "24-AGO-2013", "profundida": 3258.0, "profundi_1": 3245.3, "trayectori": "DIRECCIONAL", "disponible": "DISPONIBLE" }, "geometry": { "type": "Point", "coordinates": [ -93.902519, 18.247469 ] } },
{ "type": "Feature", "properties": { "pozo": "TIZON-214", "campo": "TIZON", "entidad": "TABASCO", "ubicacin": "TERRESTRE", "clasificac": "DESARROLLO", "estado_act": "INACTIVO", "tipo_de_hi": null, "fecha_inic": "11-SEP-2006", "fecha_fin_": "16-MAY-2007", "profundida": 7004.0, "profundi_1": 6311.0, "trayectori": "DIRECCIONAL", "disponible": "DISPONIBLE" }, "geometry": { "type": "Point", "coordinates": [ -92.721051, 18.556863 ] } },
{ "type": "Feature", "properties": { "pozo": "CASTARRICAL-9", "campo": "CASTARRICAL", "entidad": "TABASCO", "ubicacin": "TERRESTRE", "clasificac": "DESARROLLO", "estado_act": "INACTIVO", "tipo_de_hi": "ACEITE", "fecha_inic": "24-SEP-1968", "fecha_fin_": "27-OCT-1968", "profundida": 3445.0, "profundi_1": 0.0, "trayectori": "VERTICAL", "disponible": "DISPONIBLE" }, "geometry": { "type": "Point", "coordinates": [ -93.316634, 18.391271 ] } },
{ "type": "Feature", "properties": { "pozo": "BOLERO-1", "campo": "COSTERO", "entidad": "TABASCO", "ubicacin": "TERRESTRE", "clasificac": "EXPLORATORIO", "estado_act": "CERRADO", "tipo_de_hi": null, "fecha_inic": "28-SEP-2002", "fecha_fin_": "09-FEB-2003", "profundida": 2603.0, "profundi_1": 2603.0, "trayectori": "VERTICAL", "disponible": "DISPONIBLE" }, "geometry": { "type": "Point", "coordinates": [ -92.521961, 18.619681 ] } },
{ "type": "Feature", "properties": { "pozo": "SAN RAMON-515", "campo": "SAN RAMON", "entidad": "TABASCO", "ubicacin": "TERRESTRE", "clasificac": "DESARROLLO", "estado_act": "INACTIVO", "tipo_de_hi": "ACEITE", "fecha_inic": "17-SEP-2007", "fecha_fin_": "14-OCT-2007", "profundida": 3443.0, "profundi_1": 3434.0, "trayectori": "DIRECCIONAL", "disponible": "DISPONIBLE" }, "geometry": { "type": "Point", "coordinates": [ -93.918616, 18.238865 ] } },
{ "type": "Feature", "properties": { "pozo": "COSTERO-13", "campo": "COSTERO", "entidad": "TABASCO", "ubicacin": "TERRESTRE", "clasificac": "DESARROLLO", "estado_act": "INYECTOR PARA RECUPERACION SECUNDARIA O MEJORADA", "tipo_de_hi": "ACEITE-GAS", "fecha_inic": "30-DIC-2008", "fecha_fin_": "26-FEB-2010", "profundida": 6120.0, "profundi_1": 6120.0, "trayectori": "VERTICAL", "disponible": "DISPONIBLE" }, "geometry": { "type": "Point", "coordinates": [ -92.515976, 18.633485 ] } },
{ "type": "Feature", "properties": { "pozo": "SAN RAMON-525", "campo": "SAN RAMON", "entidad": "TABASCO", "ubicacin": "TERRESTRE", "clasificac": "DESARROLLO", "estado_act": "INACTIVO", "tipo_de_hi": "ACEITE", "fecha_inic": "14-ABR-2010", "fecha_fin_": "06-MAY-2010", "profundida": 3536.0, "profundi_1": 3516.4, "trayectori": "DIRECCIONAL", "disponible": "DISPONIBLE" }, "geometry": { "type": "Point", "coordinates": [ -93.922001, 18.240444 ] } },
{ "type": "Feature", "properties": { "pozo": "PACHIRA-1", "campo": "NO DISPONIBLE", "entidad": "TABASCO", "ubicacin": "TERRESTRE", "clasificac": "EXPLORATORIO", "estado_act": "INACTIVO", "tipo_de_hi": "ACEITE", "fecha_inic": "15-JUN-2009", "fecha_fin_": "30-MAY-2010", "profundida": 6253.0, "profundi_1": 5767.9, "trayectori": "DIRECCIONAL", "disponible": "DISPONIBLE" }, "geometry": { "type": "Point", "coordinates": [ -92.967201, 18.398319 ] } },
{ "type": "Feature", "properties": { "pozo": "ARRASTRADERO-3D", "campo": "CASTARRICAL", "entidad": "TABASCO", "ubicacin": "TERRESTRE", "clasificac": "DESARROLLO", "estado_act": "CERRADO", "tipo_de_hi": "ACEITE", "fecha_inic": "12-FEB-1986", "fecha_fin_": "06-NOV-1988", "profundida": 5992.0, "profundi_1": 0.0, "trayectori": "VERTICAL", "disponible": "DISPONIBLE" }, "geometry": { "type": "Point", "coordinates": [ -93.300854, 18.375157 ] } },
{ "type": "Feature", "properties": { "pozo": "LUNA-16", "campo": "LUNA-PALAPA", "entidad": "TABASCO", "ubicacin": "TERRESTRE", "clasificac": "DESARROLLO", "estado_act": "INACTIVO", "tipo_de_hi": "ACEITE", "fecha_inic": "26-MAY-1999", "fecha_fin_": "04-FEB-2000", "profundida": 5490.0, "profundi_1": 5297.0, "trayectori": "DIRECCIONAL", "disponible": "DISPONIBLE" }, "geometry": { "type": "Point", "coordinates": [ -92.80707, 18.47492 ] } },
{ "type": "Feature", "properties": { "pozo": "CASTARRICAL-82", "campo": "CASTARRICAL", "entidad": "TABASCO", "ubicacin": "TERRESTRE", "clasificac": "DESARROLLO", "estado_act": "INACTIVO", "tipo_de_hi": "ACEITE", "fecha_inic": "02-MAR-1971", "fecha_fin_": "17-MAY-1971", "profundida": 3900.0, "profundi_1": 0.0, "trayectori": "VERTICAL", "disponible": "DISPONIBLE" }, "geometry": { "type": "Point", "coordinates": [ -93.323794, 18.373637 ] } },
{ "type": "Feature", "properties": { "pozo": "SAN RAMON-24", "campo": "SAN RAMON", "entidad": "TABASCO", "ubicacin": "TERRESTRE", "clasificac": "DESARROLLO", "estado_act": "INACTIVO", "tipo_de_hi": "ACEITE", "fecha_inic": "24-ENE-1970", "fecha_fin_": "22-FEB-1970", "profundida": 2929.0, "profundi_1": 2436.9, "trayectori": "VERTICAL", "disponible": "DISPONIBLE" }, "geometry": { "type": "Point", "coordinates": [ -93.902588, 18.233236 ] } },
{ "type": "Feature", "properties": { "pozo": "SAN RAMON-26", "campo": "SAN RAMON", "entidad": "TABASCO", "ubicacin": "TERRESTRE", "clasificac": "DESARROLLO", "estado_act": "INACTIVO", "tipo_de_hi": "ACEITE", "fecha_inic": "26-FEB-1970", "fecha_fin_": "17-MAR-1970", "profundida": 2613.0, "profundi_1": 2613.0, "trayectori": "VERTICAL", "disponible": "DISPONIBLE" }, "geometry": { "type": "Point", "coordinates": [ -93.90583, 18.227751 ] } },
{ "type": "Feature", "properties": { "pozo": "MECOACAN-21", "campo": "MECOACAN", "entidad": "TABASCO", "ubicacin": "TERRESTRE", "clasificac": "DESARROLLO", "estado_act": "INACTIVO", "tipo_de_hi": "ACEITE", "fecha_inic": "18-AGO-1960", "fecha_fin_": "25-AGO-1960", "profundida": 2185.0, "profundi_1": 0.0, "trayectori": "VERTICAL", "disponible": "DISPONIBLE" }, "geometry": { "type": "Point", "coordinates": [ -93.085978, 18.331882 ] } },
{ "type": "Feature", "properties": { "pozo": "PUERTO CEIBA-107", "campo": "PUERTO CEIBA", "entidad": "TABASCO", "ubicacin": "TERRESTRE", "clasificac": "DESARROLLO", "estado_act": "INACTIVO", "tipo_de_hi": "ACEITE", "fecha_inic": "18-OCT-2002", "fecha_fin_": "23-OCT-2003", "profundida": 6500.0, "profundi_1": 5931.6, "trayectori": "DIRECCIONAL", "disponible": "DISPONIBLE" }, "geometry": { "type": "Point", "coordinates": [ -93.22157, 18.437003 ] } },
{ "type": "Feature", "properties": { "pozo": "LUNA-12", "campo": "LUNA-PALAPA", "entidad": "TABASCO", "ubicacin": "TERRESTRE", "clasificac": "DESARROLLO", "estado_act": "INACTIVO", "tipo_de_hi": null, "fecha_inic": "12-OCT-1985", "fecha_fin_": "30-AGO-1986", "profundida": 3215.0, "profundi_1": 3215.0, "trayectori": "VERTICAL", "disponible": "DISPONIBLE" }, "geometry": { "type": "Point", "coordinates": [ -92.790604, 18.466201 ] } },
{ "type": "Feature", "properties": { "pozo": "SAN RAMON-524", "campo": "SAN RAMON", "entidad": "TABASCO", "ubicacin": "TERRESTRE", "clasificac": "DESARROLLO", "estado_act": "INACTIVO", "tipo_de_hi": "ACEITE", "fecha_inic": "11-MAR-2010", "fecha_fin_": "01-ABR-2010", "profundida": 3548.0, "profundi_1": 3541.0, "trayectori": "DIRECCIONAL", "disponible": "DISPONIBLE" }, "geometry": { "type": "Point", "coordinates": [ -93.922081, 18.240567 ] } },
{ "type": "Feature", "properties": { "pozo": "TUCAN-201", "campo": "MAGALLANES TUCAN PAJONAL", "entidad": "TABASCO", "ubicacin": "TERRESTRE", "clasificac": "EXPLORATORIO", "estado_act": "CERRADO", "tipo_de_hi": null, "fecha_inic": "29-MAY-1970", "fecha_fin_": "15-JUL-1970", "profundida": 3687.0, "profundi_1": 3687.0, "trayectori": "VERTICAL", "disponible": "DISPONIBLE" }, "geometry": { "type": "Point", "coordinates": [ -93.898616, 18.149094 ] } },
{ "type": "Feature", "properties": { "pozo": "TIZON DL-3", "campo": "TIZON", "entidad": "TABASCO", "ubicacin": "TERRESTRE", "clasificac": "EXPLORATORIO", "estado_act": "INACTIVO", "tipo_de_hi": "ACEITE-GAS", "fecha_inic": "28-MAR-1992", "fecha_fin_": "18-JUN-1994", "profundida": 6150.0, "profundi_1": 6015.0, "trayectori": "DIRECCIONAL", "disponible": "DISPONIBLE" }, "geometry": { "type": "Point", "coordinates": [ -92.728358, 18.51453 ] } },
{ "type": "Feature", "properties": { "pozo": "HUATOPE-1", "campo": "CASTARRICAL", "entidad": "TABASCO", "ubicacin": "TERRESTRE", "clasificac": "EXPLORATORIO", "estado_act": "CERRADO", "tipo_de_hi": null, "fecha_inic": "16-MAY-1967", "fecha_fin_": "27-JUN-1967", "profundida": 3230.0, "profundi_1": 0.0, "trayectori": "DIRECCIONAL", "disponible": "DISPONIBLE" }, "geometry": { "type": "Point", "coordinates": [ -93.313409, 18.374011 ] } },
{ "type": "Feature", "properties": { "pozo": "SAN RAMON-82", "campo": "SAN RAMON", "entidad": "TABASCO", "ubicacin": "TERRESTRE", "clasificac": "DESARROLLO", "estado_act": "CERRADO", "tipo_de_hi": "ACEITE", "fecha_inic": "11-JUL-1972", "fecha_fin_": "27-AGO-1972", "profundida": 3750.0, "profundi_1": 0.0, "trayectori": "VERTICAL", "disponible": "DISPONIBLE" }, "geometry": { "type": "Point", "coordinates": [ -93.935402, 18.240224 ] } },
{ "type": "Feature", "properties": { "pozo": "SAN RAMON-521", "campo": "SAN RAMON", "entidad": "TABASCO", "ubicacin": "TERRESTRE", "clasificac": "DESARROLLO", "estado_act": "INACTIVO", "tipo_de_hi": "ACEITE", "fecha_inic": "29-MAY-2011", "fecha_fin_": "30-JUN-2011", "profundida": 3588.0, "profundi_1": 0.0, "trayectori": "DIRECCIONAL", "disponible": "DISPONIBLE" }, "geometry": { "type": "Point", "coordinates": [ -93.925643, 18.234679 ] } },
{ "type": "Feature", "properties": { "pozo": "LUNA-14A", "campo": "LUNA-PALAPA", "entidad": "TABASCO", "ubicacin": "TERRESTRE", "clasificac": "DESARROLLO", "estado_act": "INACTIVO", "tipo_de_hi": "ACEITE", "fecha_inic": "22-NOV-1988", "fecha_fin_": "21-MAY-1990", "profundida": 5174.0, "profundi_1": 5174.0, "trayectori": "VERTICAL", "disponible": "DISPONIBLE" }, "geometry": { "type": "Point", "coordinates": [ -92.798842, 18.469296 ] } },
{ "type": "Feature", "properties": { "pozo": "SAN RAMON-27", "campo": "SAN RAMON", "entidad": "TABASCO", "ubicacin": "TERRESTRE", "clasificac": "DESARROLLO", "estado_act": "INACTIVO", "tipo_de_hi": "ACEITE", "fecha_inic": "15-JUL-1970", "fecha_fin_": "14-AGO-1970", "profundida": 3293.0, "profundi_1": 0.0, "trayectori": "VERTICAL", "disponible": "DISPONIBLE" }, "geometry": { "type": "Point", "coordinates": [ -93.909148, 18.240423 ] } },
{ "type": "Feature", "properties": { "pozo": "DOS BOCAS-4", "campo": "NO DISPONIBLE", "entidad": "TABASCO", "ubicacin": "TERRESTRE", "clasificac": "DESARROLLO", "estado_act": "INACTIVO", "tipo_de_hi": null, "fecha_inic": "11-ABR-2008", "fecha_fin_": "16-MAY-2008", "profundida": 2540.0, "profundi_1": 0.0, "trayectori": null, "disponible": "DISPONIBLE" }, "geometry": { "type": "Point", "coordinates": [ -93.17395844, 18.42611756 ] } },
{ "type": "Feature", "properties": { "pozo": "MECOACAN-57", "campo": "MECOACAN", "entidad": "TABASCO", "ubicacin": "TERRESTRE", "clasificac": "DESARROLLO", "estado_act": "INACTIVO", "tipo_de_hi": "ACEITE", "fecha_inic": "08-JUL-1961", "fecha_fin_": "20-JUL-1961", "profundida": 2270.0, "profundi_1": 0.0, "trayectori": "VERTICAL", "disponible": "DISPONIBLE" }, "geometry": { "type": "Point", "coordinates": [ -93.099469, 18.328209 ] } },
{ "type": "Feature", "properties": { "pozo": "ARRASTRADERO-1", "campo": "CASTARRICAL", "entidad": "TABASCO", "ubicacin": "TERRESTRE", "clasificac": "EXPLORATORIO", "estado_act": "CERRADO", "tipo_de_hi": null, "fecha_inic": "15-NOV-1967", "fecha_fin_": "09-ENE-1968", "profundida": 3512.0, "profundi_1": 3512.0, "trayectori": "VERTICAL", "disponible": "DISPONIBLE" }, "geometry": { "type": "Point", "coordinates": [ -93.283871, 18.403193 ] } },
{ "type": "Feature", "properties": { "pozo": "MECOACAN-18", "campo": "MECOACAN", "entidad": "TABASCO", "ubicacin": "TERRESTRE", "clasificac": "DESARROLLO", "estado_act": "INACTIVO", "tipo_de_hi": "ACEITE", "fecha_inic": "24-SEP-1960", "fecha_fin_": "07-OCT-1960", "profundida": 2310.0, "profundi_1": 0.0, "trayectori": "VERTICAL", "disponible": "DISPONIBLE" }, "geometry": { "type": "Point", "coordinates": [ -93.092929, 18.328248 ] } },
{ "type": "Feature", "properties": { "pozo": "CHUCHUMO-1", "campo": "NO DISPONIBLE", "entidad": "TABASCO", "ubicacin": "TERRESTRE", "clasificac": "EXPLORATORIO", "estado_act": "CERRADO", "tipo_de_hi": null, "fecha_inic": "07-ABR-1986", "fecha_fin_": "22-AGO-1987", "profundida": 6223.0, "profundi_1": 0.0, "trayectori": "VERTICAL", "disponible": "DISPONIBLE" }, "geometry": { "type": "Point", "coordinates": [ -93.187587, 18.296586 ] } },
{ "type": "Feature", "properties": { "pozo": "CASTARRICAL-46", "campo": "CASTARRICAL", "entidad": "TABASCO", "ubicacin": "TERRESTRE", "clasificac": "DESARROLLO", "estado_act": "INACTIVO", "tipo_de_hi": "ACEITE", "fecha_inic": "03-NOV-1969", "fecha_fin_": "14-DIC-1969", "profundida": 3765.0, "profundi_1": 3765.0, "trayectori": "VERTICAL", "disponible": "DISPONIBLE" }, "geometry": { "type": "Point", "coordinates": [ -93.296952, 18.402105 ] } },
{ "type": "Feature", "properties": { "pozo": "CASTARRICAL-89", "campo": "CASTARRICAL", "entidad": "TABASCO", "ubicacin": "TERRESTRE", "clasificac": "DESARROLLO", "estado_act": "INACTIVO", "tipo_de_hi": "ACEITE", "fecha_inic": "12-NOV-1974", "fecha_fin_": "09-DIC-1974", "profundida": 3000.0, "profundi_1": 0.0, "trayectori": "VERTICAL", "disponible": "DISPONIBLE" }, "geometry": { "type": "Point", "coordinates": [ -93.330055, 18.373206 ] } },
{ "type": "Feature", "properties": { "pozo": "SAN RAMON-10", "campo": "SAN RAMON", "entidad": "TABASCO", "ubicacin": "TERRESTRE", "clasificac": "DESARROLLO", "estado_act": "INACTIVO", "tipo_de_hi": "ACEITE", "fecha_inic": "16-ABR-1970", "fecha_fin_": "25-MAY-1970", "profundida": 3376.0, "profundi_1": 0.0, "trayectori": "VERTICAL", "disponible": "DISPONIBLE" }, "geometry": { "type": "Point", "coordinates": [ -93.925555, 18.231165 ] } },
{ "type": "Feature", "properties": { "pozo": "TUPILCO-71", "campo": "TUPILCO", "entidad": "TABASCO", "ubicacin": "TERRESTRE", "clasificac": "DESARROLLO", "estado_act": "INACTIVO", "tipo_de_hi": null, "fecha_inic": "24-JUL-1963", "fecha_fin_": "14-AGO-1963", "profundida": 3000.0, "profundi_1": 0.0, "trayectori": "VERTICAL", "disponible": "DISPONIBLE" }, "geometry": { "type": "Point", "coordinates": [ -93.336646, 18.356604 ] } },
{ "type": "Feature", "properties": { "pozo": "SAN RAMON-54", "campo": "SAN RAMON", "entidad": "TABASCO", "ubicacin": "TERRESTRE", "clasificac": "DESARROLLO", "estado_act": "INACTIVO", "tipo_de_hi": "ACEITE", "fecha_inic": "12-ABR-1971", "fecha_fin_": "18-MAY-1971", "profundida": 3344.0, "profundi_1": 3344.0, "trayectori": "VERTICAL", "disponible": "DISPONIBLE" }, "geometry": { "type": "Point", "coordinates": [ -93.902671, 18.244036 ] } },
{ "type": "Feature", "properties": { "pozo": "SAN ALFONSO-104", "campo": "SAN ALFONSO", "entidad": "TABASCO", "ubicacin": "TERRESTRE", "clasificac": "DESARROLLO", "estado_act": "CERRADO", "tipo_de_hi": null, "fecha_inic": "06-JUN-1973", "fecha_fin_": "27-JUL-1973", "profundida": 3750.0, "profundi_1": 3750.0, "trayectori": "VERTICAL", "disponible": "DISPONIBLE" }, "geometry": { "type": "Point", "coordinates": [ -93.97425, 18.254928 ] } },
{ "type": "Feature", "properties": { "pozo": "TIZON-15", "campo": "TIZON", "entidad": "TABASCO", "ubicacin": "TERRESTRE", "clasificac": "DESARROLLO", "estado_act": "CERRADO", "tipo_de_hi": "CONDENSADO", "fecha_inic": "09-FEB-2007", "fecha_fin_": "05-ENE-2008", "profundida": 5469.0, "profundi_1": 5469.0, "trayectori": "VERTICAL", "disponible": "DISPONIBLE" }, "geometry": { "type": "Point", "coordinates": [ -92.71014, 18.530989 ] } },
{ "type": "Feature", "properties": { "pozo": "SAN RAMON-83", "campo": "SAN RAMON", "entidad": "TABASCO", "ubicacin": "TERRESTRE", "clasificac": "DESARROLLO", "estado_act": "INACTIVO", "tipo_de_hi": "ACEITE", "fecha_inic": "19-FEB-1972", "fecha_fin_": "13-ABR-1972", "profundida": 3535.0, "profundi_1": 3535.0, "trayectori": "VERTICAL", "disponible": "DISPONIBLE" }, "geometry": { "type": "Point", "coordinates": [ -93.935367, 18.23663 ] } },
{ "type": "Feature", "properties": { "pozo": "CASTARRICAL-80", "campo": "CASTARRICAL", "entidad": "TABASCO", "ubicacin": "TERRESTRE", "clasificac": "DESARROLLO", "estado_act": "CERRADO", "tipo_de_hi": null, "fecha_inic": "30-MAY-1972", "fecha_fin_": "02-AGO-1972", "profundida": 3550.0, "profundi_1": 3550.0, "trayectori": "VERTICAL", "disponible": "DISPONIBLE" }, "geometry": { "type": "Point", "coordinates": [ -93.332709, 18.374751 ] } },
{ "type": "Feature", "properties": { "pozo": "MECOACAN-53", "campo": "MECOACAN", "entidad": "TABASCO", "ubicacin": "TERRESTRE", "clasificac": "DESARROLLO", "estado_act": "INACTIVO", "tipo_de_hi": "ACEITE", "fecha_inic": "08-JUL-1959", "fecha_fin_": "23-JUL-1959", "profundida": 2302.0, "profundi_1": 0.0, "trayectori": "VERTICAL", "disponible": "DISPONIBLE" }, "geometry": { "type": "Point", "coordinates": [ -93.089645, 18.337289 ] } },
{ "type": "Feature", "properties": { "pozo": "SAN RAMON-511", "campo": "SAN RAMON", "entidad": "TABASCO", "ubicacin": "TERRESTRE", "clasificac": "DESARROLLO", "estado_act": "INACTIVO", "tipo_de_hi": "ACEITE", "fecha_inic": "11-MAY-2007", "fecha_fin_": "03-JUN-2007", "profundida": 3630.0, "profundi_1": 3616.8, "trayectori": "DIRECCIONAL", "disponible": "DISPONIBLE" }, "geometry": { "type": "Point", "coordinates": [ -93.918881, 18.242533 ] } },
{ "type": "Feature", "properties": { "pozo": "CASTARRICAL-17", "campo": "CASTARRICAL", "entidad": "TABASCO", "ubicacin": "TERRESTRE", "clasificac": "DESARROLLO", "estado_act": "CERRADO", "tipo_de_hi": "ACEITE", "fecha_inic": "24-OCT-1969", "fecha_fin_": "06-ENE-1970", "profundida": 3690.0, "profundi_1": 2260.0, "trayectori": "VERTICAL", "disponible": "DISPONIBLE" }, "geometry": { "type": "Point", "coordinates": [ -93.30302, 18.391153 ] } },
{ "type": "Feature", "properties": { "pozo": "SAN RAMON-543", "campo": "SAN RAMON", "entidad": "TABASCO", "ubicacin": "TERRESTRE", "clasificac": "DESARROLLO", "estado_act": "INACTIVO", "tipo_de_hi": "ACEITE", "fecha_inic": "07-JUL-2011", "fecha_fin_": "29-JUL-2011", "profundida": 3180.0, "profundi_1": 0.0, "trayectori": "DIRECCIONAL", "disponible": "DISPONIBLE" }, "geometry": { "type": "Point", "coordinates": [ -93.916523, 18.230099 ] } },
{ "type": "Feature", "properties": { "pozo": "MECOACAN-79", "campo": "MECOACAN", "entidad": "TABASCO", "ubicacin": "TERRESTRE", "clasificac": "DESARROLLO", "estado_act": "INACTIVO", "tipo_de_hi": "ACEITE", "fecha_inic": "15-ENE-1963", "fecha_fin_": "27-ENE-1963", "profundida": 2250.0, "profundi_1": 0.0, "trayectori": "VERTICAL", "disponible": "DISPONIBLE" }, "geometry": { "type": "Point", "coordinates": [ -93.060129, 18.331872 ] } },
{ "type": "Feature", "properties": { "pozo": "SAN RAMON-51", "campo": "SAN RAMON", "entidad": "TABASCO", "ubicacin": "TERRESTRE", "clasificac": "DESARROLLO", "estado_act": "INACTIVO", "tipo_de_hi": "ACEITE", "fecha_inic": "13-FEB-1972", "fecha_fin_": "26-MAY-1972", "profundida": 4193.0, "profundi_1": 0.0, "trayectori": "VERTICAL", "disponible": "DISPONIBLE" }, "geometry": { "type": "Point", "coordinates": [ -93.932174, 18.238414 ] } },
{ "type": "Feature", "properties": { "pozo": "MECOACAN-35", "campo": "MECOACAN", "entidad": "TABASCO", "ubicacin": "TERRESTRE", "clasificac": "DESARROLLO", "estado_act": "INACTIVO", "tipo_de_hi": "ACEITE", "fecha_inic": "12-ABR-1961", "fecha_fin_": "20-ABR-1961", "profundida": 2375.0, "profundi_1": 0.0, "trayectori": "VERTICAL", "disponible": "DISPONIBLE" }, "geometry": { "type": "Point", "coordinates": [ -93.109329, 18.333617 ] } },
{ "type": "Feature", "properties": { "pozo": "MECOACAN-6", "campo": "MECOACAN", "entidad": "TABASCO", "ubicacin": "TERRESTRE", "clasificac": "DESARROLLO", "estado_act": "INACTIVO", "tipo_de_hi": "ACEITE", "fecha_inic": "31-OCT-1960", "fecha_fin_": "11-NOV-1960", "profundida": 2270.0, "profundi_1": 0.0, "trayectori": "VERTICAL", "disponible": "DISPONIBLE" }, "geometry": { "type": "Point", "coordinates": [ -93.073244, 18.335487 ] } },
{ "type": "Feature", "properties": { "pozo": "CASTARRICAL-45", "campo": "CASTARRICAL", "entidad": "TABASCO", "ubicacin": "TERRESTRE", "clasificac": "DESARROLLO", "estado_act": "INACTIVO", "tipo_de_hi": "ACEITE", "fecha_inic": "29-MAR-1970", "fecha_fin_": "29-MAY-1970", "profundida": 3602.0, "profundi_1": 3602.0, "trayectori": "VERTICAL", "disponible": "DISPONIBLE" }, "geometry": { "type": "Point", "coordinates": [ -93.30014, 18.400669 ] } },
{ "type": "Feature", "properties": { "pozo": "SAN RAMON-65", "campo": "SAN RAMON", "entidad": "TABASCO", "ubicacin": "TERRESTRE", "clasificac": "DESARROLLO", "estado_act": "INACTIVO", "tipo_de_hi": "ACEITE", "fecha_inic": "07-FEB-1972", "fecha_fin_": "09-MAR-1972", "profundida": 3459.0, "profundi_1": 0.0, "trayectori": "VERTICAL", "disponible": "DISPONIBLE" }, "geometry": { "type": "Point", "coordinates": [ -93.915638, 18.244062 ] } },
{ "type": "Feature", "properties": { "pozo": "SANCHEZ MAGALLANES-624", "campo": "MAGALLANES TUCAN PAJONAL", "entidad": "TABASCO", "ubicacin": "TERRESTRE", "clasificac": "DESARROLLO", "estado_act": "INACTIVO", "tipo_de_hi": "ACEITE", "fecha_inic": "12-OCT-1971", "fecha_fin_": "08-DIC-1971", "profundida": 3450.0, "profundi_1": 0.0, "trayectori": "VERTICAL", "disponible": "DISPONIBLE" }, "geometry": { "type": "Point", "coordinates": [ -93.856488, 18.192185 ] } },
{ "type": "Feature", "properties": { "pozo": "SAN RAMON-504D", "campo": "SAN RAMON", "entidad": "TABASCO", "ubicacin": "TERRESTRE", "clasificac": "DESARROLLO", "estado_act": "PRODUCTOR", "tipo_de_hi": "ACEITE", "fecha_inic": "09-ENE-2014", "fecha_fin_": "31-ENE-2014", "profundida": 2840.0, "profundi_1": 2790.4, "trayectori": "DIRECCIONAL", "disponible": "DISPONIBLE" }, "geometry": { "type": "Point", "coordinates": [ -93.898969, 18.234742 ] } },
{ "type": "Feature", "properties": { "pozo": "MECOACAN-51", "campo": "MECOACAN", "entidad": "TABASCO", "ubicacin": "TERRESTRE", "clasificac": "DESARROLLO", "estado_act": "INACTIVO", "tipo_de_hi": "ACEITE", "fecha_inic": "04-ABR-1960", "fecha_fin_": "17-ABR-1960", "profundida": 2357.0, "profundi_1": 0.0, "trayectori": "VERTICAL", "disponible": "DISPONIBLE" }, "geometry": { "type": "Point", "coordinates": [ -93.096208, 18.337282 ] } },
{ "type": "Feature", "properties": { "pozo": "SAN RAMON-1601A", "campo": "SAN RAMON", "entidad": "TABASCO", "ubicacin": "TERRESTRE", "clasificac": "DESARROLLO", "estado_act": "INACTIVO", "tipo_de_hi": "ACEITE", "fecha_inic": "17-ENE-2012", "fecha_fin_": "03-MAR-2012", "profundida": 3596.0, "profundi_1": 3460.0, "trayectori": "DIRECCIONAL", "disponible": "DISPONIBLE" }, "geometry": { "type": "Point", "coordinates": [ -93.925595, 18.24227 ] } },
{ "type": "Feature", "properties": { "pozo": "CASTARRICAL-28", "campo": "CASTARRICAL", "entidad": "TABASCO", "ubicacin": "TERRESTRE", "clasificac": "DESARROLLO", "estado_act": "INACTIVO", "tipo_de_hi": "ACEITE", "fecha_inic": "27-ENE-1970", "fecha_fin_": "12-MAR-1971", "profundida": 3410.0, "profundi_1": 0.0, "trayectori": "VERTICAL", "disponible": "DISPONIBLE" }, "geometry": { "type": "Point", "coordinates": [ -93.306787, 18.385848 ] } },
{ "type": "Feature", "properties": { "pozo": "CASTARRICAL-25", "campo": "CASTARRICAL", "entidad": "TABASCO", "ubicacin": "TERRESTRE", "clasificac": "DESARROLLO", "estado_act": "INACTIVO", "tipo_de_hi": "ACEITE", "fecha_inic": "11-JUN-1969", "fecha_fin_": "09-JUL-1969", "profundida": 3207.0, "profundi_1": 0.0, "trayectori": "VERTICAL", "disponible": "DISPONIBLE" }, "geometry": { "type": "Point", "coordinates": [ -93.306796, 18.396686 ] } },
{ "type": "Feature", "properties": { "pozo": "CASTARRICAL-2", "campo": "CASTARRICAL", "entidad": "TABASCO", "ubicacin": "TERRESTRE", "clasificac": "DESARROLLO", "estado_act": "CERRADO", "tipo_de_hi": null, "fecha_inic": "26-OCT-1968", "fecha_fin_": "20-NOV-1968", "profundida": 3300.0, "profundi_1": 3300.0, "trayectori": "VERTICAL", "disponible": "DISPONIBLE" }, "geometry": { "type": "Point", "coordinates": [ -93.316632, 18.380424 ] } },
{ "type": "Feature", "properties": { "pozo": "MECOACAN-2", "campo": "MECOACAN", "entidad": "TABASCO", "ubicacin": "TERRESTRE", "clasificac": "DESARROLLO", "estado_act": "INACTIVO", "tipo_de_hi": "ACEITE", "fecha_inic": "10-ABR-1958", "fecha_fin_": "11-MAY-1958", "profundida": 2250.0, "profundi_1": 0.0, "trayectori": "VERTICAL", "disponible": "DISPONIBLE" }, "geometry": { "type": "Point", "coordinates": [ -93.079792, 18.335479 ] } },
{ "type": "Feature", "properties": { "pozo": "CASTARRICAL-51", "campo": "CASTARRICAL", "entidad": "TABASCO", "ubicacin": "TERRESTRE", "clasificac": "DESARROLLO", "estado_act": "INACTIVO", "tipo_de_hi": "ACEITE", "fecha_inic": "18-NOV-1970", "fecha_fin_": "16-DIC-1970", "profundida": 3600.0, "profundi_1": 3600.0, "trayectori": "VERTICAL", "disponible": "DISPONIBLE" }, "geometry": { "type": "Point", "coordinates": [ -93.293407, 18.396449 ] } },
{ "type": "Feature", "properties": { "pozo": "MECOACAN-204", "campo": "MECOACAN", "entidad": "TABASCO", "ubicacin": "TERRESTRE", "clasificac": "DESARROLLO", "estado_act": "INACTIVO", "tipo_de_hi": "ACEITE", "fecha_inic": "15-MAY-1960", "fecha_fin_": "29-MAY-1960", "profundida": 2500.0, "profundi_1": 0.0, "trayectori": "VERTICAL", "disponible": "DISPONIBLE" }, "geometry": { "type": "Point", "coordinates": [ -93.112623, 18.337244 ] } },
{ "type": "Feature", "properties": { "pozo": "CASTARRICAL-58", "campo": "CASTARRICAL", "entidad": "TABASCO", "ubicacin": "TERRESTRE", "clasificac": "DESARROLLO", "estado_act": "INACTIVO", "tipo_de_hi": "ACEITE", "fecha_inic": "04-NOV-1970", "fecha_fin_": "25-NOV-1971", "profundida": 3151.0, "profundi_1": 3151.0, "trayectori": "VERTICAL", "disponible": "DISPONIBLE" }, "geometry": { "type": "Point", "coordinates": [ -93.300061, 18.403906 ] } },
{ "type": "Feature", "properties": { "pozo": "ARRASTRADERO-301", "campo": "CASTARRICAL", "entidad": "TABASCO", "ubicacin": "TERRESTRE", "clasificac": "DESARROLLO", "estado_act": "CERRADO", "tipo_de_hi": null, "fecha_inic": "10-DIC-2006", "fecha_fin_": "08-SEP-2007", "profundida": 7324.0, "profundi_1": 6618.0, "trayectori": "DIRECCIONAL", "disponible": "DISPONIBLE" }, "geometry": { "type": "Point", "coordinates": [ -93.295903, 18.395057 ] } },
{ "type": "Feature", "properties": { "pozo": "PAILEBOT-10", "campo": "PAILEBOT", "entidad": "TABASCO", "ubicacin": "TERRESTRE", "clasificac": "EXPLORATORIO", "estado_act": "CERRADO", "tipo_de_hi": "ACEITE", "fecha_inic": "03-MAR-1971", "fecha_fin_": "27-AGO-1971", "profundida": 3697.0, "profundi_1": 3697.0, "trayectori": "VERTICAL", "disponible": "DISPONIBLE" }, "geometry": { "type": "Point", "coordinates": [ -93.947231, 18.242759 ] } },
{ "type": "Feature", "properties": { "pozo": "MECOACAN-77", "campo": "MECOACAN", "entidad": "TABASCO", "ubicacin": "TERRESTRE", "clasificac": "DESARROLLO", "estado_act": "INACTIVO", "tipo_de_hi": null, "fecha_inic": "15-OCT-1960", "fecha_fin_": "25-OCT-1960", "profundida": 2250.0, "profundi_1": 0.0, "trayectori": "VERTICAL", "disponible": "DISPONIBLE" }, "geometry": { "type": "Point", "coordinates": [ -93.079812, 18.339119 ] } },
{ "type": "Feature", "properties": { "pozo": "SAN RAMON-538", "campo": "SAN RAMON", "entidad": "TABASCO", "ubicacin": "TERRESTRE", "clasificac": "DESARROLLO", "estado_act": "INACTIVO", "tipo_de_hi": "ACEITE", "fecha_inic": "23-JUL-2010", "fecha_fin_": "17-AGO-2010", "profundida": 3514.0, "profundi_1": 3506.8, "trayectori": "DIRECCIONAL", "disponible": "DISPONIBLE" }, "geometry": { "type": "Point", "coordinates": [ -93.925385, 18.238133 ] } },
{ "type": "Feature", "properties": { "pozo": "COSTERO-33", "campo": "COSTERO", "entidad": "TABASCO", "ubicacin": "TERRESTRE", "clasificac": "DESARROLLO", "estado_act": "CERRADO", "tipo_de_hi": null, "fecha_inic": "16-AGO-2006", "fecha_fin_": "31-MAR-2007", "profundida": 6419.0, "profundi_1": 2286.3, "trayectori": "DIRECCIONAL", "disponible": "DISPONIBLE" }, "geometry": { "type": "Point", "coordinates": [ -92.508041, 18.636798 ] } },
{ "type": "Feature", "properties": { "pozo": "MECOACAN-3D", "campo": "MECOACAN", "entidad": "TABASCO", "ubicacin": "TERRESTRE", "clasificac": "DESARROLLO", "estado_act": "INACTIVO", "tipo_de_hi": "ACEITE", "fecha_inic": "28-DIC-1958", "fecha_fin_": "08-ENE-1959", "profundida": 1626.1, "profundi_1": 0.0, "trayectori": "VERTICAL", "disponible": "DISPONIBLE" }, "geometry": { "type": "Point", "coordinates": [ -93.079836, 18.331842 ] } },
{ "type": "Feature", "properties": { "pozo": "PUERTO CEIBA-153", "campo": "PUERTO CEIBA", "entidad": "TABASCO", "ubicacin": "TERRESTRE", "clasificac": "DESARROLLO", "estado_act": "CERRADO", "tipo_de_hi": "ACEITE", "fecha_inic": "18-ABR-2005", "fecha_fin_": "10-MAR-2006", "profundida": 5720.0, "profundi_1": 5720.0, "trayectori": "DIRECCIONAL", "disponible": "DISPONIBLE" }, "geometry": { "type": "Point", "coordinates": [ -93.20017, 18.437792 ] } },
{ "type": "Feature", "properties": { "pozo": "MECOACAN-68", "campo": "MECOACAN", "entidad": "TABASCO", "ubicacin": "TERRESTRE", "clasificac": "DESARROLLO", "estado_act": "INACTIVO", "tipo_de_hi": "ACEITE", "fecha_inic": "07-FEB-1962", "fecha_fin_": "18-FEB-1962", "profundida": 2260.0, "profundi_1": 0.0, "trayectori": "VERTICAL", "disponible": "DISPONIBLE" }, "geometry": { "type": "Point", "coordinates": [ -93.063427, 18.330118 ] } },
{ "type": "Feature", "properties": { "pozo": "CASTARRICAL-27", "campo": "CASTARRICAL", "entidad": "TABASCO", "ubicacin": "TERRESTRE", "clasificac": "DESARROLLO", "estado_act": "INACTIVO", "tipo_de_hi": "ACEITE", "fecha_inic": "05-ENE-1970", "fecha_fin_": "10-ABR-1970", "profundida": 3900.0, "profundi_1": 0.0, "trayectori": "VERTICAL", "disponible": "DISPONIBLE" }, "geometry": { "type": "Point", "coordinates": [ -93.303508, 18.387651 ] } },
{ "type": "Feature", "properties": { "pozo": "SANTA ANA-670", "campo": "SANTA ANA", "entidad": "TABASCO", "ubicacin": "TERRESTRE", "clasificac": "DESARROLLO", "estado_act": "INACTIVO", "tipo_de_hi": "ACEITE", "fecha_inic": "16-ENE-2013", "fecha_fin_": "24-JUN-2013", "profundida": 4128.0, "profundi_1": 2905.6, "trayectori": "DIRECCIONAL", "disponible": "DISPONIBLE" }, "geometry": { "type": "Point", "coordinates": [ -93.767639, 18.328564 ] } },
{ "type": "Feature", "properties": { "pozo": "PUERTO CEIBA-123", "campo": "PUERTO CEIBA", "entidad": "TABASCO", "ubicacin": "TERRESTRE", "clasificac": "DESARROLLO", "estado_act": "CERRADO", "tipo_de_hi": "ACEITE", "fecha_inic": "14-MAR-1987", "fecha_fin_": "30-DIC-1988", "profundida": 5682.0, "profundi_1": 5682.0, "trayectori": "VERTICAL", "disponible": "DISPONIBLE" }, "geometry": { "type": "Point", "coordinates": [ -93.226345, 18.427671 ] } },
{ "type": "Feature", "properties": { "pozo": "MECOACAN-115", "campo": "MECOACAN", "entidad": "TABASCO", "ubicacin": "TERRESTRE", "clasificac": "DESARROLLO", "estado_act": "INACTIVO", "tipo_de_hi": "ACEITE", "fecha_inic": "31-OCT-1960", "fecha_fin_": "14-NOV-1960", "profundida": 2275.0, "profundi_1": 0.0, "trayectori": "VERTICAL", "disponible": "DISPONIBLE" }, "geometry": { "type": "Point", "coordinates": [ -93.092935, 18.331856 ] } },
{ "type": "Feature", "properties": { "pozo": "SAN RAMON-553", "campo": "SAN RAMON", "entidad": "TABASCO", "ubicacin": "TERRESTRE", "clasificac": "DESARROLLO", "estado_act": "INACTIVO", "tipo_de_hi": "ACEITE", "fecha_inic": "07-DIC-2012", "fecha_fin_": "19-ENE-2013", "profundida": 3434.0, "profundi_1": 3342.0, "trayectori": "DIRECCIONAL", "disponible": "DISPONIBLE" }, "geometry": { "type": "Point", "coordinates": [ -93.918535, 18.238605 ] } },
{ "type": "Feature", "properties": { "pozo": "CASTARRICAL-43", "campo": "CASTARRICAL", "entidad": "TABASCO", "ubicacin": "TERRESTRE", "clasificac": "DESARROLLO", "estado_act": "INACTIVO", "tipo_de_hi": "ACEITE", "fecha_inic": "08-ABR-1970", "fecha_fin_": "10-JUN-1970", "profundida": 3923.0, "profundi_1": 3923.0, "trayectori": "VERTICAL", "disponible": "DISPONIBLE" }, "geometry": { "type": "Point", "coordinates": [ -93.300196, 18.396653 ] } },
{ "type": "Feature", "properties": { "pozo": "SAN RAMON-516", "campo": "SAN RAMON", "entidad": "TABASCO", "ubicacin": "TERRESTRE", "clasificac": "DESARROLLO", "estado_act": "INACTIVO", "tipo_de_hi": "ACEITE", "fecha_inic": "28-JUL-2007", "fecha_fin_": "07-SEP-2007", "profundida": 3400.0, "profundi_1": 3390.4, "trayectori": "DIRECCIONAL", "disponible": "DISPONIBLE" }, "geometry": { "type": "Point", "coordinates": [ -93.919029, 18.23861 ] } },
{ "type": "Feature", "properties": { "pozo": "CASTARRICAL-75", "campo": "CASTARRICAL", "entidad": "TABASCO", "ubicacin": "TERRESTRE", "clasificac": "DESARROLLO", "estado_act": "INACTIVO", "tipo_de_hi": "ACEITE", "fecha_inic": "30-SEP-1970", "fecha_fin_": "18-DIC-1970", "profundida": 4000.0, "profundi_1": 4000.0, "trayectori": "VERTICAL", "disponible": "DISPONIBLE" }, "geometry": { "type": "Point", "coordinates": [ -93.319895, 18.374997 ] } },
{ "type": "Feature", "properties": { "pozo": "SAN RAMON-21D", "campo": "SAN RAMON", "entidad": "TABASCO", "ubicacin": "TERRESTRE", "clasificac": "DESARROLLO", "estado_act": "INACTIVO", "tipo_de_hi": "ACEITE", "fecha_inic": "07-DIC-1969", "fecha_fin_": "02-ENE-1970", "profundida": 2590.0, "profundi_1": 0.0, "trayectori": "VERTICAL", "disponible": "DISPONIBLE" }, "geometry": { "type": "Point", "coordinates": [ -93.905907, 18.231451 ] } },
{ "type": "Feature", "properties": { "pozo": "MECOACAN-21D", "campo": "MECOACAN", "entidad": "TABASCO", "ubicacin": "TERRESTRE", "clasificac": "DESARROLLO", "estado_act": "INACTIVO", "tipo_de_hi": "ACEITE", "fecha_inic": "20-SEP-1960", "fecha_fin_": "27-SEP-1960", "profundida": 1625.0, "profundi_1": 0.0, "trayectori": "VERTICAL", "disponible": "DISPONIBLE" }, "geometry": { "type": "Point", "coordinates": [ -93.08593, 18.331881 ] } },
{ "type": "Feature", "properties": { "pozo": "CASTARRICAL-81", "campo": "CASTARRICAL", "entidad": "TABASCO", "ubicacin": "TERRESTRE", "clasificac": "DESARROLLO", "estado_act": "INACTIVO", "tipo_de_hi": "ACEITE", "fecha_inic": "25-FEB-1973", "fecha_fin_": "01-MAY-1973", "profundida": 3675.0, "profundi_1": 3675.0, "trayectori": "VERTICAL", "disponible": "DISPONIBLE" }, "geometry": { "type": "Point", "coordinates": [ -93.326443, 18.371384 ] } },
{ "type": "Feature", "properties": { "pozo": "RASHA-2", "campo": "RASHA", "entidad": "TABASCO", "ubicacin": "TERRESTRE", "clasificac": "DESARROLLO", "estado_act": "INACTIVO", "tipo_de_hi": "GAS SECO", "fecha_inic": "17-MAY-2014", "fecha_fin_": "27-JUL-2014", "profundida": 2050.0, "profundi_1": 0.0, "trayectori": "VERTICAL", "disponible": "DISPONIBLE" }, "geometry": { "type": "Point", "coordinates": [ -92.57267967, 18.59832242 ] } },
{ "type": "Feature", "properties": { "pozo": "SAN RAMON-74", "campo": "SAN RAMON", "entidad": "TABASCO", "ubicacin": "TERRESTRE", "clasificac": "DESARROLLO", "estado_act": "INACTIVO", "tipo_de_hi": "ACEITE", "fecha_inic": "20-JUL-1972", "fecha_fin_": "22-SEP-1972", "profundida": 3450.0, "profundi_1": 0.0, "trayectori": "VERTICAL", "disponible": "DISPONIBLE" }, "geometry": { "type": "Point", "coordinates": [ -93.909212, 18.247609 ] } },
{ "type": "Feature", "properties": { "pozo": "LUNA-36", "campo": "LUNA-PALAPA", "entidad": "TABASCO", "ubicacin": "TERRESTRE", "clasificac": "DESARROLLO", "estado_act": "INACTIVO", "tipo_de_hi": null, "fecha_inic": "02-NOV-1999", "fecha_fin_": "07-DIC-2000", "profundida": 5405.0, "profundi_1": 5314.0, "trayectori": "DIRECCIONAL", "disponible": "DISPONIBLE" }, "geometry": { "type": "Point", "coordinates": [ -92.807031, 18.475895 ] } },
{ "type": "Feature", "properties": { "pozo": "MAPACHE-1", "campo": "NO DISPONIBLE", "entidad": "TABASCO", "ubicacin": "TERRESTRE", "clasificac": "EXPLORATORIO", "estado_act": "CERRADO", "tipo_de_hi": null, "fecha_inic": "27-ABR-1968", "fecha_fin_": "02-JUN-1968", "profundida": 3435.0, "profundi_1": 3435.0, "trayectori": "VERTICAL", "disponible": "DISPONIBLE" }, "geometry": { "type": "Point", "coordinates": [ -93.879362, 18.24277 ] } },
{ "type": "Feature", "properties": { "pozo": "SAN RAMON-38", "campo": "SAN RAMON", "entidad": "TABASCO", "ubicacin": "TERRESTRE", "clasificac": "DESARROLLO", "estado_act": "INACTIVO", "tipo_de_hi": "ACEITE", "fecha_inic": "08-OCT-1970", "fecha_fin_": "30-NOV-1970", "profundida": 3800.0, "profundi_1": 0.0, "trayectori": "VERTICAL", "disponible": "DISPONIBLE" }, "geometry": { "type": "Point", "coordinates": [ -93.928813, 18.236679 ] } },
{ "type": "Feature", "properties": { "pozo": "SAN RAMON-532", "campo": "SAN RAMON", "entidad": "TABASCO", "ubicacin": "TERRESTRE", "clasificac": "DESARROLLO", "estado_act": "INACTIVO", "tipo_de_hi": "ACEITE", "fecha_inic": "10-AGO-2010", "fecha_fin_": "28-AGO-2010", "profundida": 2923.0, "profundi_1": 2859.5, "trayectori": "DIRECCIONAL", "disponible": "DISPONIBLE" }, "geometry": { "type": "Point", "coordinates": [ -93.909141, 18.23681 ] } },
{ "type": "Feature", "properties": { "pozo": "COSTERO-14", "campo": "COSTERO", "entidad": "TABASCO", "ubicacin": "TERRESTRE", "clasificac": "DESARROLLO", "estado_act": "INACTIVO", "tipo_de_hi": "CONDENSADO", "fecha_inic": "21-NOV-2004", "fecha_fin_": "28-JUL-2005", "profundida": 6550.0, "profundi_1": 6506.8, "trayectori": "VERTICAL", "disponible": "DISPONIBLE" }, "geometry": { "type": "Point", "coordinates": [ -92.508151, 18.63661 ] } },
{ "type": "Feature", "properties": { "pozo": "MECOACAN-29", "campo": "MECOACAN", "entidad": "TABASCO", "ubicacin": "TERRESTRE", "clasificac": "DESARROLLO", "estado_act": "INACTIVO", "tipo_de_hi": "ACEITE", "fecha_inic": "15-ENE-1961", "fecha_fin_": "31-ENE-1961", "profundida": 2330.0, "profundi_1": 0.0, "trayectori": "VERTICAL", "disponible": "DISPONIBLE" }, "geometry": { "type": "Point", "coordinates": [ -93.106054, 18.339065 ] } },
{ "type": "Feature", "properties": { "pozo": "PUERTO CEIBA-153A", "campo": "PUERTO CEIBA", "entidad": "TABASCO", "ubicacin": "TERRESTRE", "clasificac": "DESARROLLO", "estado_act": "CERRADO", "tipo_de_hi": null, "fecha_inic": "25-NOV-2012", "fecha_fin_": "07-ABR-2013", "profundida": 2776.0, "profundi_1": 2776.0, "trayectori": "DIRECCIONAL", "disponible": "DISPONIBLE" }, "geometry": { "type": "Point", "coordinates": [ -93.200406, 18.435972 ] } },
{ "type": "Feature", "properties": { "pozo": "SAN RAMON-542", "campo": "SAN RAMON", "entidad": "TABASCO", "ubicacin": "TERRESTRE", "clasificac": "DESARROLLO", "estado_act": "INACTIVO", "tipo_de_hi": "ACEITE", "fecha_inic": "12-JUN-2010", "fecha_fin_": "06-JUL-2010", "profundida": 3507.0, "profundi_1": 3490.9, "trayectori": "DIRECCIONAL", "disponible": "DISPONIBLE" }, "geometry": { "type": "Point", "coordinates": [ -93.931754, 18.230971 ] } },
{ "type": "Feature", "properties": { "pozo": "CASTARRICAL-20", "campo": "CASTARRICAL", "entidad": "TABASCO", "ubicacin": "TERRESTRE", "clasificac": "DESARROLLO", "estado_act": "INACTIVO", "tipo_de_hi": "ACEITE", "fecha_inic": "26-FEB-1969", "fecha_fin_": "05-MAY-1969", "profundida": 3886.0, "profundi_1": 3886.0, "trayectori": "VERTICAL", "disponible": "DISPONIBLE" }, "geometry": { "type": "Point", "coordinates": [ -93.319843, 18.37861 ] } },
{ "type": "Feature", "properties": { "pozo": "MECOACAN-75", "campo": "MECOACAN", "entidad": "TABASCO", "ubicacin": "TERRESTRE", "clasificac": "DESARROLLO", "estado_act": "INACTIVO", "tipo_de_hi": "ACEITE", "fecha_inic": "08-MAY-1960", "fecha_fin_": "20-MAY-1960", "profundida": 2300.0, "profundi_1": 0.0, "trayectori": "VERTICAL", "disponible": "DISPONIBLE" }, "geometry": { "type": "Point", "coordinates": [ -93.086194, 18.33902 ] } },
{ "type": "Feature", "properties": { "pozo": "SAN RAMON-14", "campo": "SAN RAMON", "entidad": "TABASCO", "ubicacin": "TERRESTRE", "clasificac": "DESARROLLO", "estado_act": "INACTIVO", "tipo_de_hi": "ACEITE", "fecha_inic": "27-AGO-1970", "fecha_fin_": "27-SEP-1970", "profundida": 3000.0, "profundi_1": 0.0, "trayectori": "VERTICAL", "disponible": "DISPONIBLE" }, "geometry": { "type": "Point", "coordinates": [ -93.918913, 18.227686 ] } },
{ "type": "Feature", "properties": { "pozo": "ARRASTRADERO-201", "campo": "NO DISPONIBLE", "entidad": "TABASCO", "ubicacin": "TERRESTRE", "clasificac": "EXPLORATORIO", "estado_act": "CERRADO", "tipo_de_hi": null, "fecha_inic": "12-NOV-1983", "fecha_fin_": "14-ABR-1985", "profundida": 6668.0, "profundi_1": 0.0, "trayectori": "VERTICAL", "disponible": "DISPONIBLE" }, "geometry": { "type": "Point", "coordinates": [ -93.268656, 18.390964 ] } },
{ "type": "Feature", "properties": { "pozo": "MECOACAN-66", "campo": "MECOACAN", "entidad": "TABASCO", "ubicacin": "TERRESTRE", "clasificac": "DESARROLLO", "estado_act": "INACTIVO", "tipo_de_hi": "ACEITE", "fecha_inic": "10-ENE-1962", "fecha_fin_": "18-ENE-1962", "profundida": 2265.0, "profundi_1": 0.0, "trayectori": "VERTICAL", "disponible": "DISPONIBLE" }, "geometry": { "type": "Point", "coordinates": [ -93.082977, 18.322938 ] } },
{ "type": "Feature", "properties": { "pozo": "TROJE-1", "campo": "TIZON", "entidad": "TABASCO", "ubicacin": "TERRESTRE", "clasificac": "DESARROLLO", "estado_act": "INACTIVO", "tipo_de_hi": "GAS", "fecha_inic": "31-JUL-1990", "fecha_fin_": "20-ENE-1992", "profundida": 6769.0, "profundi_1": 6769.0, "trayectori": "VERTICAL", "disponible": "DISPONIBLE" }, "geometry": { "type": "Point", "coordinates": [ -92.710057, 18.532688 ] } },
{ "type": "Feature", "properties": { "pozo": "PUERTO CEIBA-154", "campo": "PUERTO CEIBA", "entidad": "TABASCO", "ubicacin": "TERRESTRE", "clasificac": "DESARROLLO", "estado_act": "TAPONAMIENTO PERMANENTE", "tipo_de_hi": "ACEITE", "fecha_inic": "28-JUN-2005", "fecha_fin_": "17-DIC-2005", "profundida": 6600.0, "profundi_1": 6142.0, "trayectori": "DIRECCIONAL", "disponible": "DISPONIBLE" }, "geometry": { "type": "Point", "coordinates": [ -93.216011, 18.437909 ] } },
{ "type": "Feature", "properties": { "pozo": "SAN RAMON-42", "campo": "SAN RAMON", "entidad": "TABASCO", "ubicacin": "TERRESTRE", "clasificac": "DESARROLLO", "estado_act": "INACTIVO", "tipo_de_hi": "ACEITE", "fecha_inic": "11-SEP-1970", "fecha_fin_": "06-OCT-1970", "profundida": 2700.0, "profundi_1": 0.0, "trayectori": "VERTICAL", "disponible": "DISPONIBLE" }, "geometry": { "type": "Point", "coordinates": [ -93.896017, 18.233281 ] } },
{ "type": "Feature", "properties": { "pozo": "SAN RAMON-7", "campo": "SAN RAMON", "entidad": "TABASCO", "ubicacin": "TERRESTRE", "clasificac": "DESARROLLO", "estado_act": "INACTIVO", "tipo_de_hi": "ACEITE", "fecha_inic": "19-JUN-1968", "fecha_fin_": "24-JUL-1968", "profundida": 3021.0, "profundi_1": 0.0, "trayectori": "VERTICAL", "disponible": "DISPONIBLE" }, "geometry": { "type": "Point", "coordinates": [ -93.912354, 18.231316 ] } },
{ "type": "Feature", "properties": { "pozo": "TILAPA-1", "campo": "NO DISPONIBLE", "entidad": "TABASCO", "ubicacin": "TERRESTRE", "clasificac": "EXPLORATORIO", "estado_act": "CERRADO", "tipo_de_hi": "ACEITE", "fecha_inic": "03-FEB-1977", "fecha_fin_": "27-MAY-1977", "profundida": 3996.0, "profundi_1": 0.0, "trayectori": "VERTICAL", "disponible": "DISPONIBLE" }, "geometry": { "type": "Point", "coordinates": [ -93.207397, 18.270948 ] } },
{ "type": "Feature", "properties": { "pozo": "YUCATECO-1", "campo": "CINCO PRESIDENTES", "entidad": "TABASCO", "ubicacin": "TERRESTRE", "clasificac": "EXPLORATORIO", "estado_act": "INACTIVO", "tipo_de_hi": "ACEITE", "fecha_inic": "06-FEB-1960", "fecha_fin_": "12-ABR-1960", "profundida": 2286.3, "profundi_1": 2286.3, "trayectori": "VERTICAL", "disponible": "DISPONIBLE" }, "geometry": { "type": "Point", "coordinates": [ -94.0093, 18.176861 ] } },
{ "type": "Feature", "properties": { "pozo": "LUNA-18", "campo": "LUNA-PALAPA", "entidad": "TABASCO", "ubicacin": "TERRESTRE", "clasificac": "DESARROLLO", "estado_act": "PRODUCTOR", "tipo_de_hi": "ACEITE", "fecha_inic": "08-DIC-2000", "fecha_fin_": "03-OCT-2001", "profundida": 5170.0, "profundi_1": 5170.0, "trayectori": "VERTICAL", "disponible": "DISPONIBLE" }, "geometry": { "type": "Point", "coordinates": [ -92.807174, 18.474933 ] } },
{ "type": "Feature", "properties": { "pozo": "CAYUCO-1", "campo": "NO DISPONIBLE", "entidad": "TABASCO", "ubicacin": "TERRESTRE", "clasificac": "EXPLORATORIO", "estado_act": "CERRADO", "tipo_de_hi": null, "fecha_inic": "25-JUL-1972", "fecha_fin_": "04-OCT-1972", "profundida": 3857.0, "profundi_1": 3857.0, "trayectori": "VERTICAL", "disponible": "DISPONIBLE" }, "geometry": { "type": "Point", "coordinates": [ -93.022638, 18.329329 ] } },
{ "type": "Feature", "properties": { "pozo": "SAN RAMON-500", "campo": "SAN RAMON", "entidad": "TABASCO", "ubicacin": "TERRESTRE", "clasificac": "DESARROLLO", "estado_act": "INACTIVO", "tipo_de_hi": "ACEITE", "fecha_inic": "24-AGO-2005", "fecha_fin_": "07-OCT-2005", "profundida": 3500.0, "profundi_1": 3433.7, "trayectori": "DIRECCIONAL", "disponible": "DISPONIBLE" }, "geometry": { "type": "Point", "coordinates": [ -93.925446, 18.238314 ] } },
{ "type": "Feature", "properties": { "pozo": "SAN RAMON-535", "campo": "SAN RAMON", "entidad": "TABASCO", "ubicacin": "TERRESTRE", "clasificac": "DESARROLLO", "estado_act": "INACTIVO", "tipo_de_hi": "ACEITE", "fecha_inic": "30-NOV-2011", "fecha_fin_": "24-DIC-2011", "profundida": 3280.0, "profundi_1": 3210.5, "trayectori": "DIRECCIONAL", "disponible": "DISPONIBLE" }, "geometry": { "type": "Point", "coordinates": [ -93.909055, 18.243868 ] } },
{ "type": "Feature", "properties": { "pozo": "LUNA-34", "campo": "LUNA-PALAPA", "entidad": "TABASCO", "ubicacin": "TERRESTRE", "clasificac": "DESARROLLO", "estado_act": "PRODUCTOR", "tipo_de_hi": "ACEITE", "fecha_inic": "28-SEP-1997", "fecha_fin_": "12-JUN-1998", "profundida": 6022.0, "profundi_1": 5389.0, "trayectori": "DIRECCIONAL", "disponible": "DISPONIBLE" }, "geometry": { "type": "Point", "coordinates": [ -92.798772, 18.469402 ] } },
{ "type": "Feature", "properties": { "pozo": "COSTERO-12", "campo": "COSTERO", "entidad": "TABASCO", "ubicacin": "TERRESTRE", "clasificac": "DESARROLLO", "estado_act": "INACTIVO", "tipo_de_hi": "CONDENSADO", "fecha_inic": "30-AGO-2007", "fecha_fin_": "23-MAR-2008", "profundida": 5930.0, "profundi_1": 5930.0, "trayectori": "DIRECCIONAL", "disponible": "DISPONIBLE" }, "geometry": { "type": "Point", "coordinates": [ -92.515917, 18.633293 ] } },
{ "type": "Feature", "properties": { "pozo": "LUNA-11", "campo": "LUNA-PALAPA", "entidad": "TABASCO", "ubicacin": "TERRESTRE", "clasificac": "DESARROLLO", "estado_act": "CERRADO", "tipo_de_hi": null, "fecha_inic": "19-AGO-1985", "fecha_fin_": "24-OCT-1986", "profundida": 4925.0, "profundi_1": 4925.0, "trayectori": "VERTICAL", "disponible": "DISPONIBLE" }, "geometry": { "type": "Point", "coordinates": [ -92.782465, 18.46127 ] } },
{ "type": "Feature", "properties": { "pozo": "SAN RAMON-25", "campo": "SAN RAMON", "entidad": "TABASCO", "ubicacin": "TERRESTRE", "clasificac": "DESARROLLO", "estado_act": "INACTIVO", "tipo_de_hi": "ACEITE", "fecha_inic": "01-JUL-1970", "fecha_fin_": "04-AGO-1970", "profundida": 3186.0, "profundi_1": 0.0, "trayectori": "VERTICAL", "disponible": "DISPONIBLE" }, "geometry": { "type": "Point", "coordinates": [ -93.905883, 18.238615 ] } },
{ "type": "Feature", "properties": { "pozo": "SAN RAMON-554", "campo": "SAN RAMON", "entidad": "TABASCO", "ubicacin": "TERRESTRE", "clasificac": "DESARROLLO", "estado_act": "INACTIVO", "tipo_de_hi": "ACEITE", "fecha_inic": "30-NOV-2012", "fecha_fin_": "20-ENE-2013", "profundida": 3438.0, "profundi_1": 3358.3, "trayectori": "DIRECCIONAL", "disponible": "DISPONIBLE" }, "geometry": { "type": "Point", "coordinates": [ -93.902409, 18.245781 ] } },
{ "type": "Feature", "properties": { "pozo": "LUNA-12B", "campo": "LUNA-PALAPA", "entidad": "TABASCO", "ubicacin": "TERRESTRE", "clasificac": "DESARROLLO", "estado_act": "INACTIVO", "tipo_de_hi": "ACEITE", "fecha_inic": "11-SEP-1986", "fecha_fin_": "03-NOV-1987", "profundida": 5288.0, "profundi_1": 5288.0, "trayectori": "VERTICAL", "disponible": "DISPONIBLE" }, "geometry": { "type": "Point", "coordinates": [ -92.790605, 18.4662 ] } },
{ "type": "Feature", "properties": { "pozo": "SAN RAMON-544", "campo": "SAN RAMON", "entidad": "TABASCO", "ubicacin": "TERRESTRE", "clasificac": "DESARROLLO", "estado_act": "INACTIVO", "tipo_de_hi": "ACEITE", "fecha_inic": "30-OCT-2012", "fecha_fin_": "22-NOV-2012", "profundida": 3290.0, "profundi_1": 3265.2, "trayectori": "DIRECCIONAL", "disponible": "DISPONIBLE" }, "geometry": { "type": "Point", "coordinates": [ -93.91862, 18.233084 ] } },
{ "type": "Feature", "properties": { "pozo": "COSTERO-18", "campo": "COSTERO", "entidad": "TABASCO", "ubicacin": "TERRESTRE", "clasificac": "DESARROLLO", "estado_act": "INACTIVO", "tipo_de_hi": "CONDENSADO", "fecha_inic": "23-AGO-2010", "fecha_fin_": "21-MAR-2011", "profundida": 6100.0, "profundi_1": 5789.8, "trayectori": "DIRECCIONAL", "disponible": "DISPONIBLE" }, "geometry": { "type": "Point", "coordinates": [ -92.521674, 18.617976 ] } },
{ "type": "Feature", "properties": { "pozo": "MECOACAN-101", "campo": "MECOACAN", "entidad": "TABASCO", "ubicacin": "TERRESTRE", "clasificac": "DESARROLLO", "estado_act": "INACTIVO", "tipo_de_hi": "GAS", "fecha_inic": "20-FEB-1970", "fecha_fin_": "31-AGO-1970", "profundida": 4504.0, "profundi_1": 0.0, "trayectori": "VERTICAL", "disponible": "DISPONIBLE" }, "geometry": { "type": "Point", "coordinates": [ -93.099488, 18.339088 ] } },
{ "type": "Feature", "properties": { "pozo": "LUNA-11A", "campo": "LUNA-PALAPA", "entidad": "TABASCO", "ubicacin": "TERRESTRE", "clasificac": "DESARROLLO", "estado_act": "INACTIVO", "tipo_de_hi": "ACEITE", "fecha_inic": "20-FEB-1988", "fecha_fin_": "10-JUL-1988", "profundida": 5694.0, "profundi_1": 5694.0, "trayectori": "VERTICAL", "disponible": "DISPONIBLE" }, "geometry": { "type": "Point", "coordinates": [ -92.783567, 18.46276 ] } },
{ "type": "Feature", "properties": { "pozo": "MECOACAN-52", "campo": "MECOACAN", "entidad": "TABASCO", "ubicacin": "TERRESTRE", "clasificac": "DESARROLLO", "estado_act": "INACTIVO", "tipo_de_hi": "ACEITE", "fecha_inic": "06-MAY-1961", "fecha_fin_": "14-MAY-1961", "profundida": 2240.0, "profundi_1": 0.0, "trayectori": "VERTICAL", "disponible": "DISPONIBLE" }, "geometry": { "type": "Point", "coordinates": [ -93.083063, 18.326467 ] } },
{ "type": "Feature", "properties": { "pozo": "SAN RAMON-513", "campo": "SAN RAMON", "entidad": "TABASCO", "ubicacin": "TERRESTRE", "clasificac": "DESARROLLO", "estado_act": "INACTIVO", "tipo_de_hi": "ACEITE", "fecha_inic": "26-ABR-2007", "fecha_fin_": "30-MAY-2007", "profundida": 3473.0, "profundi_1": 3444.2, "trayectori": "DIRECCIONAL", "disponible": "DISPONIBLE" }, "geometry": { "type": "Point", "coordinates": [ -93.925209, 18.234712 ] } },
{ "type": "Feature", "properties": { "pozo": "SAN RAMON-502", "campo": "SAN RAMON", "entidad": "TABASCO", "ubicacin": "TERRESTRE", "clasificac": "DESARROLLO", "estado_act": "INACTIVO", "tipo_de_hi": "ACEITE", "fecha_inic": "09-FEB-2007", "fecha_fin_": "19-MAR-2007", "profundida": 3556.0, "profundi_1": 3532.1, "trayectori": "DIRECCIONAL", "disponible": "DISPONIBLE" }, "geometry": { "type": "Point", "coordinates": [ -93.925265, 18.238603 ] } },
{ "type": "Feature", "properties": { "pozo": "CASTARRICAL-50", "campo": "CASTARRICAL", "entidad": "TABASCO", "ubicacin": "TERRESTRE", "clasificac": "DESARROLLO", "estado_act": "INACTIVO", "tipo_de_hi": "ACEITE", "fecha_inic": "19-JUL-1970", "fecha_fin_": "09-SEP-1970", "profundida": 3710.0, "profundi_1": 3710.0, "trayectori": "VERTICAL", "disponible": "DISPONIBLE" }, "geometry": { "type": "Point", "coordinates": [ -93.293528, 18.400412 ] } },
{ "type": "Feature", "properties": { "pozo": "MECOACAN ORIENTE-1", "campo": "MECOACAN", "entidad": "TABASCO", "ubicacin": "TERRESTRE", "clasificac": "EXPLORATORIO", "estado_act": "CERRADO", "tipo_de_hi": null, "fecha_inic": "25-AGO-1959", "fecha_fin_": "17-OCT-1959", "profundida": 2914.18, "profundi_1": 0.0, "trayectori": "VERTICAL", "disponible": "DISPONIBLE" }, "geometry": { "type": "Point", "coordinates": [ -93.046876, 18.339784 ] } },
{ "type": "Feature", "properties": { "pozo": "POZOL-1", "campo": "NO DISPONIBLE", "entidad": "TABASCO", "ubicacin": "TERRESTRE", "clasificac": "EXPLORATORIO", "estado_act": "CERRADO", "tipo_de_hi": null, "fecha_inic": "25-ENE-1988", "fecha_fin_": "19-DIC-1988", "profundida": 4405.0, "profundi_1": 0.0, "trayectori": "VERTICAL", "disponible": "DISPONIBLE" }, "geometry": { "type": "Point", "coordinates": [ -93.011081, 18.363231 ] } },
{ "type": "Feature", "properties": { "pozo": "SAN RAMON-1001A", "campo": "SAN RAMON", "entidad": "TABASCO", "ubicacin": "TERRESTRE", "clasificac": "EXPLORATORIO", "estado_act": "CERRADO", "tipo_de_hi": null, "fecha_inic": "16-JUN-2012", "fecha_fin_": "07-ENE-2013", "profundida": 4846.0, "profundi_1": 0.0, "trayectori": "Vertical", "disponible": "DISPONIBLE" }, "geometry": { "type": "Point", "coordinates": [ -93.905616, 18.238276 ] } },
{ "type": "Feature", "properties": { "pozo": "SAN RAMON-48", "campo": "SAN RAMON", "entidad": "TABASCO", "ubicacin": "TERRESTRE", "clasificac": "DESARROLLO", "estado_act": "INACTIVO", "tipo_de_hi": "ACEITE", "fecha_inic": "12-MAR-1971", "fecha_fin_": "02-ABR-1971", "profundida": 2705.0, "profundi_1": 0.0, "trayectori": "VERTICAL", "disponible": "DISPONIBLE" }, "geometry": { "type": "Point", "coordinates": [ -93.892733, 18.235053 ] } },
{ "type": "Feature", "properties": { "pozo": "ARRASTRADERO-3A", "campo": "CASTARRICAL", "entidad": "TABASCO", "ubicacin": "TERRESTRE", "clasificac": "EXPLORATORIO", "estado_act": "CERRADO", "tipo_de_hi": null, "fecha_inic": "16-ENE-1980", "fecha_fin_": "02-MAR-1981", "profundida": 5901.0, "profundi_1": 0.0, "trayectori": "VERTICAL", "disponible": "DISPONIBLE" }, "geometry": { "type": "Point", "coordinates": [ -93.300976, 18.377007 ] } },
{ "type": "Feature", "properties": { "pozo": "SAN RAMON-20", "campo": "SAN RAMON", "entidad": "TABASCO", "ubicacin": "TERRESTRE", "clasificac": "DESARROLLO", "estado_act": "INACTIVO", "tipo_de_hi": "ACEITE", "fecha_inic": "19-ENE-1970", "fecha_fin_": "15-FEB-1970", "profundida": 2855.0, "profundi_1": 2855.0, "trayectori": "VERTICAL", "disponible": "DISPONIBLE" }, "geometry": { "type": "Point", "coordinates": [ -93.909118, 18.229576 ] } },
{ "type": "Feature", "properties": { "pozo": "CASTARRICAL-71", "campo": "CASTARRICAL", "entidad": "TABASCO", "ubicacin": "TERRESTRE", "clasificac": "DESARROLLO", "estado_act": "INACTIVO", "tipo_de_hi": "ACEITE", "fecha_inic": "17-MAY-1970", "fecha_fin_": "08-SEP-1970", "profundida": 3855.0, "profundi_1": 3855.0, "trayectori": "VERTICAL", "disponible": "DISPONIBLE" }, "geometry": { "type": "Point", "coordinates": [ -93.329759, 18.37677 ] } },
{ "type": "Feature", "properties": { "pozo": "MECOACAN-94", "campo": "MECOACAN", "entidad": "TABASCO", "ubicacin": "TERRESTRE", "clasificac": "DESARROLLO", "estado_act": "INACTIVO", "tipo_de_hi": "ACEITE", "fecha_inic": "10-JUL-1960", "fecha_fin_": "22-JUL-1960", "profundida": 2500.0, "profundi_1": 0.0, "trayectori": "VERTICAL", "disponible": "DISPONIBLE" }, "geometry": { "type": "Point", "coordinates": [ -93.096055, 18.34087 ] } },
{ "type": "Feature", "properties": { "pozo": "CASTARRICAL-59", "campo": "CASTARRICAL", "entidad": "TABASCO", "ubicacin": "TERRESTRE", "clasificac": "DESARROLLO", "estado_act": "INACTIVO", "tipo_de_hi": "ACEITE", "fecha_inic": "09-AGO-1971", "fecha_fin_": "21-SEP-1971", "profundida": 3350.0, "profundi_1": 3350.0, "trayectori": "VERTICAL", "disponible": "DISPONIBLE" }, "geometry": { "type": "Point", "coordinates": [ -93.303588, 18.402049 ] } },
{ "type": "Feature", "properties": { "pozo": "DOS BOCAS-5", "campo": "TAKIN", "entidad": "TABASCO", "ubicacin": "TERRESTRE", "clasificac": "DESARROLLO", "estado_act": "INACTIVO", "tipo_de_hi": null, "fecha_inic": "28-JUL-2008", "fecha_fin_": "09-OCT-2008", "profundida": 3007.0, "profundi_1": 0.0, "trayectori": null, "disponible": "DISPONIBLE" }, "geometry": { "type": "Point", "coordinates": [ -93.1739433, 18.4133623 ] } },
{ "type": "Feature", "properties": { "pozo": "MECOACAN-67", "campo": "MECOACAN", "entidad": "TABASCO", "ubicacin": "TERRESTRE", "clasificac": "DESARROLLO", "estado_act": "INACTIVO", "tipo_de_hi": "ACEITE", "fecha_inic": "11-JUN-1962", "fecha_fin_": "19-JUN-1962", "profundida": 2240.0, "profundi_1": 0.0, "trayectori": "VERTICAL", "disponible": "DISPONIBLE" }, "geometry": { "type": "Point", "coordinates": [ -93.063377, 18.333737 ] } },
{ "type": "Feature", "properties": { "pozo": "MECOACAN-17", "campo": "MECOACAN", "entidad": "TABASCO", "ubicacin": "TERRESTRE", "clasificac": "DESARROLLO", "estado_act": "INACTIVO", "tipo_de_hi": "ACEITE", "fecha_inic": "14-DIC-1960", "fecha_fin_": "22-DIC-1960", "profundida": 2320.0, "profundi_1": 0.0, "trayectori": "VERTICAL", "disponible": "DISPONIBLE" }, "geometry": { "type": "Point", "coordinates": [ -93.096116, 18.329979 ] } },
{ "type": "Feature", "properties": { "pozo": "ARROYO PANTANO-1", "campo": "NO DISPONIBLE", "entidad": "TABASCO", "ubicacin": "TERRESTRE", "clasificac": "EXPLORATORIO", "estado_act": "CERRADO", "tipo_de_hi": null, "fecha_inic": "15-JUL-1965", "fecha_fin_": "10-SEP-1965", "profundida": 3774.5, "profundi_1": 0.0, "trayectori": "VERTICAL", "disponible": "DISPONIBLE" }, "geometry": { "type": "Point", "coordinates": [ -93.284598, 18.304536 ] } },
{ "type": "Feature", "properties": { "pozo": "SAN RAMON-49", "campo": "SAN RAMON", "entidad": "TABASCO", "ubicacin": "TERRESTRE", "clasificac": "DESARROLLO", "estado_act": "INACTIVO", "tipo_de_hi": "ACEITE", "fecha_inic": "15-JUN-1971", "fecha_fin_": "22-AGO-1971", "profundida": 3618.0, "profundi_1": 3618.0, "trayectori": "VERTICAL", "disponible": "DISPONIBLE" }, "geometry": { "type": "Point", "coordinates": [ -93.932136, 18.234852 ] } },
{ "type": "Feature", "properties": { "pozo": "SAN RAMON-16", "campo": "SAN RAMON", "entidad": "TABASCO", "ubicacin": "TERRESTRE", "clasificac": "DESARROLLO", "estado_act": "INACTIVO", "tipo_de_hi": "ACEITE", "fecha_inic": "04-NOV-1968", "fecha_fin_": "08-DIC-1968", "profundida": 3048.0, "profundi_1": 0.0, "trayectori": "VERTICAL", "disponible": "DISPONIBLE" }, "geometry": { "type": "Point", "coordinates": [ -93.909126, 18.233152 ] } },
{ "type": "Feature", "properties": { "pozo": "SAN RAMON-68", "campo": "SAN RAMON", "entidad": "TABASCO", "ubicacin": "TERRESTRE", "clasificac": "DESARROLLO", "estado_act": "INACTIVO", "tipo_de_hi": "ACEITE", "fecha_inic": "08-SEP-1971", "fecha_fin_": "02-OCT-1971", "profundida": 3056.0, "profundi_1": 0.0, "trayectori": "VERTICAL", "disponible": "DISPONIBLE" }, "geometry": { "type": "Point", "coordinates": [ -93.896061, 18.244117 ] } },
{ "type": "Feature", "properties": { "pozo": "PUERTO CEIBA-117", "campo": "PUERTO CEIBA", "entidad": "TABASCO", "ubicacin": "TERRESTRE", "clasificac": "DESARROLLO", "estado_act": "PRODUCTOR", "tipo_de_hi": "ACEITE", "fecha_inic": "13-AGO-2003", "fecha_fin_": "21-MAR-2004", "profundida": 6117.0, "profundi_1": 5687.9, "trayectori": "DIRECCIONAL", "disponible": "DISPONIBLE" }, "geometry": { "type": "Point", "coordinates": [ -93.215349, 18.438181 ] } },
{ "type": "Feature", "properties": { "pozo": "SAN RAMON-537", "campo": "SAN RAMON", "entidad": "TABASCO", "ubicacin": "TERRESTRE", "clasificac": "DESARROLLO", "estado_act": "PRODUCTOR", "tipo_de_hi": "ACEITE", "fecha_inic": "03-AGO-2011", "fecha_fin_": "22-AGO-2011", "profundida": 3183.0, "profundi_1": 3152.1, "trayectori": "DIRECCIONAL", "disponible": "DISPONIBLE" }, "geometry": { "type": "Point", "coordinates": [ -93.902837, 18.240044 ] } },
{ "type": "Feature", "properties": { "pozo": "MECOACAN-3", "campo": "MECOACAN", "entidad": "TABASCO", "ubicacin": "TERRESTRE", "clasificac": "DESARROLLO", "estado_act": "INACTIVO", "tipo_de_hi": "ACEITE", "fecha_inic": "07-NOV-1958", "fecha_fin_": "10-DIC-1958", "profundida": 2225.1, "profundi_1": 0.0, "trayectori": "VERTICAL", "disponible": "DISPONIBLE" }, "geometry": { "type": "Point", "coordinates": [ -93.079792, 18.331878 ] } },
{ "type": "Feature", "properties": { "pozo": "MACHONA-101", "campo": "NO DISPONIBLE", "entidad": "TABASCO", "ubicacin": "TERRESTRE", "clasificac": "EXPLORATORIO", "estado_act": "CERRADO", "tipo_de_hi": null, "fecha_inic": "25-OCT-1969", "fecha_fin_": "08-MAR-1970", "profundida": 5155.0, "profundi_1": 5155.0, "trayectori": "VERTICAL", "disponible": "DISPONIBLE" }, "geometry": { "type": "Point", "coordinates": [ -93.71287, 18.251261 ] } },
{ "type": "Feature", "properties": { "pozo": "TIZON-201", "campo": "TIZON", "entidad": "TABASCO", "ubicacin": "TERRESTRE", "clasificac": "EXPLORATORIO", "estado_act": "INACTIVO", "tipo_de_hi": "CONDENSADO", "fecha_inic": "26-NOV-2003", "fecha_fin_": "22-AGO-2004", "profundida": 6666.0, "profundi_1": 6322.6, "trayectori": "DIRECCIONAL", "disponible": "DISPONIBLE" }, "geometry": { "type": "Point", "coordinates": [ -92.721164, 18.557306 ] } },
{ "type": "Feature", "properties": { "pozo": "SAN RAMON-28D", "campo": "SAN RAMON", "entidad": "TABASCO", "ubicacin": "TERRESTRE", "clasificac": "DESARROLLO", "estado_act": "INACTIVO", "tipo_de_hi": "ACEITE", "fecha_inic": "25-NOV-1981", "fecha_fin_": "01-ENE-1982", "profundida": 2700.0, "profundi_1": 0.0, "trayectori": "VERTICAL", "disponible": "DISPONIBLE" }, "geometry": { "type": "Point", "coordinates": [ -93.902623, 18.22971 ] } },
{ "type": "Feature", "properties": { "pozo": "TEAPA-101", "campo": "MAGALLANES TUCAN PAJONAL", "entidad": "TABASCO", "ubicacin": "TERRESTRE", "clasificac": "EXPLORATORIO", "estado_act": "CERRADO", "tipo_de_hi": "ACEITE", "fecha_inic": "19-JUL-1978", "fecha_fin_": "26-ENE-1979", "profundida": 3871.0, "profundi_1": 3871.0, "trayectori": "VERTICAL", "disponible": "DISPONIBLE" }, "geometry": { "type": "Point", "coordinates": [ -93.905247, 18.153767 ] } },
{ "type": "Feature", "properties": { "pozo": "MACHONA-2", "campo": "NO DISPONIBLE", "entidad": "TABASCO", "ubicacin": "TERRESTRE", "clasificac": "EXPLORATORIO", "estado_act": "CERRADO", "tipo_de_hi": null, "fecha_inic": "26-JUL-1969", "fecha_fin_": "21-OCT-1969", "profundida": 4097.4, "profundi_1": 4097.4, "trayectori": "VERTICAL", "disponible": "DISPONIBLE" }, "geometry": { "type": "Point", "coordinates": [ -93.747887, 18.291716 ] } },
{ "type": "Feature", "properties": { "pozo": "SAN RAMON-17", "campo": "SAN RAMON", "entidad": "TABASCO", "ubicacin": "TERRESTRE", "clasificac": "DESARROLLO", "estado_act": "INACTIVO", "tipo_de_hi": "ACEITE", "fecha_inic": "13-NOV-1969", "fecha_fin_": "16-DIC-1969", "profundida": 3157.0, "profundi_1": 0.0, "trayectori": "VERTICAL", "disponible": "DISPONIBLE" }, "geometry": { "type": "Point", "coordinates": [ -93.909143, 18.236807 ] } },
{ "type": "Feature", "properties": { "pozo": "CASTARRICAL-15", "campo": "CASTARRICAL", "entidad": "TABASCO", "ubicacin": "TERRESTRE", "clasificac": "DESARROLLO", "estado_act": "INACTIVO", "tipo_de_hi": "ACEITE", "fecha_inic": "10-ENE-1969", "fecha_fin_": "15-FEB-1969", "profundida": 3300.0, "profundi_1": 0.0, "trayectori": "VERTICAL", "disponible": "DISPONIBLE" }, "geometry": { "type": "Point", "coordinates": [ -93.323181, 18.380518 ] } },
{ "type": "Feature", "properties": { "pozo": "SAN RAMON-1621", "campo": "SAN RAMON", "entidad": "TABASCO", "ubicacin": "TERRESTRE", "clasificac": "DESARROLLO", "estado_act": "INACTIVO", "tipo_de_hi": "ACEITE", "fecha_inic": "26-DIC-2013", "fecha_fin_": "19-ENE-2014", "profundida": 2930.0, "profundi_1": 2785.0, "trayectori": "DIRECCIONAL", "disponible": "DISPONIBLE" }, "geometry": { "type": "Point", "coordinates": [ -93.91633, 18.229945 ] } },
{ "type": "Feature", "properties": { "pozo": "TUPILCO-77", "campo": "TUPILCO", "entidad": "TABASCO", "ubicacin": "TERRESTRE", "clasificac": "DESARROLLO", "estado_act": "INACTIVO", "tipo_de_hi": null, "fecha_inic": "23-MAR-1965", "fecha_fin_": "08-ABR-1965", "profundida": 2800.0, "profundi_1": 0.0, "trayectori": "VERTICAL", "disponible": "DISPONIBLE" }, "geometry": { "type": "Point", "coordinates": [ -93.340189, 18.358184 ] } },
{ "type": "Feature", "properties": { "pozo": "SAN RAMON-22", "campo": "SAN RAMON", "entidad": "TABASCO", "ubicacin": "TERRESTRE", "clasificac": "DESARROLLO", "estado_act": "INACTIVO", "tipo_de_hi": "ACEITE", "fecha_inic": "05-MAR-1970", "fecha_fin_": "05-ABR-1970", "profundida": 3036.0, "profundi_1": 0.0, "trayectori": "VERTICAL", "disponible": "DISPONIBLE" }, "geometry": { "type": "Point", "coordinates": [ -93.905869, 18.235006 ] } },
{ "type": "Feature", "properties": { "pozo": "PUERTO CEIBA-101B", "campo": "PUERTO CEIBA", "entidad": "TABASCO", "ubicacin": "TERRESTRE", "clasificac": "DESARROLLO", "estado_act": "INACTIVO", "tipo_de_hi": "ACEITE", "fecha_inic": "28-SEP-1996", "fecha_fin_": "07-JUL-1997", "profundida": 5815.0, "profundi_1": 5009.3, "trayectori": "VERTICAL", "disponible": "DISPONIBLE" }, "geometry": { "type": "Point", "coordinates": [ -93.24155, 18.435573 ] } },
{ "type": "Feature", "properties": { "pozo": "MECOACAN-50", "campo": "MECOACAN", "entidad": "TABASCO", "ubicacin": "TERRESTRE", "clasificac": "DESARROLLO", "estado_act": "INACTIVO", "tipo_de_hi": "ACEITE", "fecha_inic": "08-OCT-1961", "fecha_fin_": "20-OCT-1961", "profundida": 2250.0, "profundi_1": 0.0, "trayectori": "VERTICAL", "disponible": "DISPONIBLE" }, "geometry": { "type": "Point", "coordinates": [ -93.076536, 18.326409 ] } },
{ "type": "Feature", "properties": { "pozo": "SAN RAMON-53", "campo": "SAN RAMON", "entidad": "TABASCO", "ubicacin": "TERRESTRE", "clasificac": "DESARROLLO", "estado_act": "INACTIVO", "tipo_de_hi": "ACEITE", "fecha_inic": "19-NOV-1971", "fecha_fin_": "21-ENE-1972", "profundida": 3825.0, "profundi_1": 0.0, "trayectori": "VERTICAL", "disponible": "DISPONIBLE" }, "geometry": { "type": "Point", "coordinates": [ -93.925559, 18.242198 ] } },
{ "type": "Feature", "properties": { "pozo": "SAN RAMON-1612", "campo": "SAN RAMON", "entidad": "TABASCO", "ubicacin": "TERRESTRE", "clasificac": "DESARROLLO", "estado_act": "INACTIVO", "tipo_de_hi": "ACEITE", "fecha_inic": "01-ABR-2013", "fecha_fin_": "30-ABR-2013", "profundida": 3509.0, "profundi_1": 3400.4, "trayectori": "DIRECCIONAL", "disponible": "DISPONIBLE" }, "geometry": { "type": "Point", "coordinates": [ -93.922114, 18.231266 ] } },
{ "type": "Feature", "properties": { "pozo": "CASTARRICAL-8D", "campo": "CASTARRICAL", "entidad": "TABASCO", "ubicacin": "TERRESTRE", "clasificac": "DESARROLLO", "estado_act": "INACTIVO", "tipo_de_hi": "ACEITE", "fecha_inic": "15-ABR-1970", "fecha_fin_": "11-JUN-1970", "profundida": 3761.0, "profundi_1": 0.0, "trayectori": "VERTICAL", "disponible": "DISPONIBLE" }, "geometry": { "type": "Point", "coordinates": [ -93.310053, 18.387614 ] } },
{ "type": "Feature", "properties": { "pozo": "CASTARRICAL-23", "campo": "CASTARRICAL", "entidad": "TABASCO", "ubicacin": "TERRESTRE", "clasificac": "DESARROLLO", "estado_act": "INACTIVO", "tipo_de_hi": "ACEITE", "fecha_inic": "23-ENE-1969", "fecha_fin_": "07-MAR-1969", "profundida": 3725.0, "profundi_1": 3725.0, "trayectori": "VERTICAL", "disponible": "DISPONIBLE" }, "geometry": { "type": "Point", "coordinates": [ -93.31334, 18.393078 ] } },
{ "type": "Feature", "properties": { "pozo": "ARRASTRADERO-3", "campo": "CASTARRICAL", "entidad": "TABASCO", "ubicacin": "TERRESTRE", "clasificac": "EXPLORATORIO", "estado_act": "CERRADO", "tipo_de_hi": null, "fecha_inic": "16-NOV-1979", "fecha_fin_": "26-DIC-1979", "profundida": 1740.0, "profundi_1": 0.0, "trayectori": "VERTICAL", "disponible": "DISPONIBLE" }, "geometry": { "type": "Point", "coordinates": [ -93.300942, 18.377023 ] } },
{ "type": "Feature", "properties": { "pozo": "SAN RAMON-503", "campo": "SAN RAMON", "entidad": "TABASCO", "ubicacin": "TERRESTRE", "clasificac": "DESARROLLO", "estado_act": "INACTIVO", "tipo_de_hi": "ACEITE", "fecha_inic": "08-JUN-2007", "fecha_fin_": "18-JUL-2007", "profundida": 3628.0, "profundi_1": 3539.1, "trayectori": "DIRECCIONAL", "disponible": "DISPONIBLE" }, "geometry": { "type": "Point", "coordinates": [ -93.925209, 18.234712 ] } },
{ "type": "Feature", "properties": { "pozo": "CASTARRICAL-13", "campo": "CASTARRICAL", "entidad": "TABASCO", "ubicacin": "TERRESTRE", "clasificac": "DESARROLLO", "estado_act": "INACTIVO", "tipo_de_hi": "ACEITE", "fecha_inic": "09-MAY-1968", "fecha_fin_": "08-JUN-1968", "profundida": 3350.0, "profundi_1": 0.0, "trayectori": "VERTICAL", "disponible": "DISPONIBLE" }, "geometry": { "type": "Point", "coordinates": [ -93.306909, 18.389391 ] } },
{ "type": "Feature", "properties": { "pozo": "SAN RAMON-44", "campo": "SAN RAMON", "entidad": "TABASCO", "ubicacin": "TERRESTRE", "clasificac": "DESARROLLO", "estado_act": "INACTIVO", "tipo_de_hi": "ACEITE", "fecha_inic": "01-JUN-1971", "fecha_fin_": "13-JUL-1971", "profundida": 3252.0, "profundi_1": 0.0, "trayectori": "VERTICAL", "disponible": "DISPONIBLE" }, "geometry": { "type": "Point", "coordinates": [ -93.905977, 18.2422 ] } },
{ "type": "Feature", "properties": { "pozo": "SAN RAMON-1", "campo": "SAN RAMON", "entidad": "TABASCO", "ubicacin": "TERRESTRE", "clasificac": "EXPLORATORIO", "estado_act": "CERRADO", "tipo_de_hi": null, "fecha_inic": "22-FEB-1967", "fecha_fin_": "22-MAY-1967", "profundida": 3254.0, "profundi_1": 3254.0, "trayectori": "VERTICAL", "disponible": "DISPONIBLE" }, "geometry": { "type": "Point", "coordinates": [ -93.918955, 18.229534 ] } },
{ "type": "Feature", "properties": { "pozo": "ACACIA-1", "campo": "NO DISPONIBLE", "entidad": "TABASCO", "ubicacin": "TERRESTRE", "clasificac": "EXPLORATORIO", "estado_act": "CERRADO", "tipo_de_hi": null, "fecha_inic": "19-AGO-1974", "fecha_fin_": "22-OCT-1974", "profundida": 2240.0, "profundi_1": 0.0, "trayectori": "VERTICAL", "disponible": "DISPONIBLE" }, "geometry": { "type": "Point", "coordinates": [ -92.654408, 18.460489 ] } },
{ "type": "Feature", "properties": { "pozo": "SAN RAMON-541", "campo": "SAN RAMON", "entidad": "TABASCO", "ubicacin": "TERRESTRE", "clasificac": "DESARROLLO", "estado_act": "PRODUCTOR", "tipo_de_hi": "ACEITE", "fecha_inic": "26-ENE-2010", "fecha_fin_": "18-FEB-2010", "profundida": 2977.0, "profundi_1": 2957.2, "trayectori": "DIRECCIONAL", "disponible": "DISPONIBLE" }, "geometry": { "type": "Point", "coordinates": [ -93.902544, 18.24052 ] } },
{ "type": "Feature", "properties": { "pozo": "PUERTO CEIBA-157", "campo": "PUERTO CEIBA", "entidad": "TABASCO", "ubicacin": "TERRESTRE", "clasificac": "DESARROLLO", "estado_act": "PRODUCTOR", "tipo_de_hi": "ACEITE", "fecha_inic": "13-MAR-2004", "fecha_fin_": "08-ENE-2005", "profundida": 6155.0, "profundi_1": 5540.8, "trayectori": "DIRECCIONAL", "disponible": "DISPONIBLE" }, "geometry": { "type": "Point", "coordinates": [ -93.216012, 18.438768 ] } },
{ "type": "Feature", "properties": { "pozo": "SAN RAMON-31", "campo": "SAN RAMON", "entidad": "TABASCO", "ubicacin": "TERRESTRE", "clasificac": "DESARROLLO", "estado_act": "INACTIVO", "tipo_de_hi": "ACEITE", "fecha_inic": "02-SEP-1970", "fecha_fin_": "25-SEP-1970", "profundida": 2911.0, "profundi_1": 0.0, "trayectori": "VERTICAL", "disponible": "DISPONIBLE" }, "geometry": { "type": "Point", "coordinates": [ -93.89934, 18.238706 ] } },
{ "type": "Feature", "properties": { "pozo": "AVESTRUZ-1", "campo": "NO DISPONIBLE", "entidad": "TABASCO", "ubicacin": "TERRESTRE", "clasificac": "EXPLORATORIO", "estado_act": "CERRADO", "tipo_de_hi": null, "fecha_inic": "19-SEP-1968", "fecha_fin_": "31-OCT-1968", "profundida": 3500.0, "profundi_1": 3500.0, "trayectori": "VERTICAL", "disponible": "DISPONIBLE" }, "geometry": { "type": "Point", "coordinates": [ -93.742398, 18.197525 ] } },
{ "type": "Feature", "properties": { "pozo": "MECOACAN-7", "campo": "MECOACAN", "entidad": "TABASCO", "ubicacin": "TERRESTRE", "clasificac": "DESARROLLO", "estado_act": "INACTIVO", "tipo_de_hi": "ACEITE", "fecha_inic": "30-JUL-1958", "fecha_fin_": "27-AGO-1958", "profundida": 2251.4, "profundi_1": 0.0, "trayectori": "VERTICAL", "disponible": "DISPONIBLE" }, "geometry": { "type": "Point", "coordinates": [ -93.076523, 18.337287 ] } },
{ "type": "Feature", "properties": { "pozo": "TIZON-1DL", "campo": "TIZON", "entidad": "TABASCO", "ubicacin": "TERRESTRE", "clasificac": "DESARROLLO", "estado_act": "INACTIVO", "tipo_de_hi": "CONDENSADO", "fecha_inic": "26-JUL-2007", "fecha_fin_": "26-JUN-2008", "profundida": 6740.0, "profundi_1": 6303.0, "trayectori": "DIRECCIONAL", "disponible": "DISPONIBLE" }, "geometry": { "type": "Point", "coordinates": [ -92.721196, 18.556863 ] } },
{ "type": "Feature", "properties": { "pozo": "SAN RAMON-1601", "campo": "SAN RAMON", "entidad": "TABASCO", "ubicacin": "TERRESTRE", "clasificac": "DESARROLLO", "estado_act": "CERRADO", "tipo_de_hi": "ACEITE", "fecha_inic": "31-ENE-2009", "fecha_fin_": "19-MAR-2009", "profundida": 3843.0, "profundi_1": 3803.3, "trayectori": "DIRECCIONAL", "disponible": "DISPONIBLE" }, "geometry": { "type": "Point", "coordinates": [ -93.925718, 18.242268 ] } },
{ "type": "Feature", "properties": { "pozo": "CASTARRICAL-40", "campo": "CASTARRICAL", "entidad": "TABASCO", "ubicacin": "TERRESTRE", "clasificac": "DESARROLLO", "estado_act": "INACTIVO", "tipo_de_hi": "ACEITE", "fecha_inic": "31-AGO-1969", "fecha_fin_": "20-OCT-1969", "profundida": 3850.0, "profundi_1": 3850.0, "trayectori": "VERTICAL", "disponible": "DISPONIBLE" }, "geometry": { "type": "Point", "coordinates": [ -93.309532, 18.398577 ] } },
{ "type": "Feature", "properties": { "pozo": "CASTARRICAL-73", "campo": "CASTARRICAL", "entidad": "TABASCO", "ubicacin": "TERRESTRE", "clasificac": "DESARROLLO", "estado_act": "INACTIVO", "tipo_de_hi": "ACEITE", "fecha_inic": "20-MAY-1970", "fecha_fin_": "12-AGO-1971", "profundida": 3925.0, "profundi_1": 3925.0, "trayectori": "VERTICAL", "disponible": "DISPONIBLE" }, "geometry": { "type": "Point", "coordinates": [ -93.326495, 18.375018 ] } },
{ "type": "Feature", "properties": { "pozo": "MECOACAN-65", "campo": "MECOACAN", "entidad": "TABASCO", "ubicacin": "TERRESTRE", "clasificac": "DESARROLLO", "estado_act": "INACTIVO", "tipo_de_hi": "ACEITE", "fecha_inic": "25-SEP-1961", "fecha_fin_": "02-OCT-1961", "profundida": 2250.0, "profundi_1": 0.0, "trayectori": "VERTICAL", "disponible": "DISPONIBLE" }, "geometry": { "type": "Point", "coordinates": [ -93.079769, 18.324644 ] } },
{ "type": "Feature", "properties": { "pozo": "TIZON-1", "campo": "TIZON", "entidad": "TABASCO", "ubicacin": "TERRESTRE", "clasificac": "EXPLORATORIO", "estado_act": "INACTIVO", "tipo_de_hi": "CONDENSADO", "fecha_inic": "21-AGO-1988", "fecha_fin_": "01-NOV-1990", "profundida": 6653.0, "profundi_1": 6653.0, "trayectori": "VERTICAL", "disponible": "DISPONIBLE" }, "geometry": { "type": "Point", "coordinates": [ -92.728558, 18.514533 ] } },
{ "type": "Feature", "properties": { "pozo": "CASTARRICAL-54", "campo": "CASTARRICAL", "entidad": "TABASCO", "ubicacin": "TERRESTRE", "clasificac": "DESARROLLO", "estado_act": "INACTIVO", "tipo_de_hi": "ACEITE", "fecha_inic": "04-AGO-1971", "fecha_fin_": "24-SEP-1971", "profundida": 3500.0, "profundi_1": 3500.0, "trayectori": "VERTICAL", "disponible": "DISPONIBLE" }, "geometry": { "type": "Point", "coordinates": [ -93.300174, 18.389467 ] } },
{ "type": "Feature", "properties": { "pozo": "CRATER-13", "campo": "CRATER", "entidad": "TABASCO", "ubicacin": "TERRESTRE", "clasificac": "DESARROLLO", "estado_act": "INACTIVO", "tipo_de_hi": "ACEITE", "fecha_inic": "22-ABR-2008", "fecha_fin_": "12-FEB-2009", "profundida": 6020.0, "profundi_1": 4219.0, "trayectori": "DIRECCIONAL", "disponible": "DISPONIBLE" }, "geometry": { "type": "Point", "coordinates": [ -92.754313, 18.516925 ] } },
{ "type": "Feature", "properties": { "pozo": "SAN RAMON-21", "campo": "SAN RAMON", "entidad": "TABASCO", "ubicacin": "TERRESTRE", "clasificac": "DESARROLLO", "estado_act": "INACTIVO", "tipo_de_hi": "ACEITE", "fecha_inic": "07-OCT-1969", "fecha_fin_": "09-NOV-1969", "profundida": 2884.0, "profundi_1": 2884.0, "trayectori": "VERTICAL", "disponible": "DISPONIBLE" }, "geometry": { "type": "Point", "coordinates": [ -93.90583, 18.231386 ] } },
{ "type": "Feature", "properties": { "pozo": "MICO-1B", "campo": "NO DISPONIBLE", "entidad": "TABASCO", "ubicacin": "TERRESTRE", "clasificac": "EXPLORATORIO", "estado_act": "CERRADO", "tipo_de_hi": null, "fecha_inic": "25-FEB-1987", "fecha_fin_": "04-AGO-1989", "profundida": 6400.0, "profundi_1": 0.0, "trayectori": "VERTICAL", "disponible": "DISPONIBLE" }, "geometry": { "type": "Point", "coordinates": [ -93.200687, 18.435268 ] } },
{ "type": "Feature", "properties": { "pozo": "VICTORIA-2", "campo": "NO DISPONIBLE", "entidad": "TABASCO", "ubicacin": "TERRESTRE", "clasificac": "EXPLORATORIO", "estado_act": "CERRADO", "tipo_de_hi": null, "fecha_inic": "02-SEP-1966", "fecha_fin_": "03-FEB-1967", "profundida": 2595.0, "profundi_1": 0.0, "trayectori": "VERTICAL", "disponible": "DISPONIBLE" }, "geometry": { "type": "Point", "coordinates": [ -92.59687, 18.568026 ] } },
{ "type": "Feature", "properties": { "pozo": "SAN RAMON-8", "campo": "SAN RAMON", "entidad": "TABASCO", "ubicacin": "TERRESTRE", "clasificac": "DESARROLLO", "estado_act": "INACTIVO", "tipo_de_hi": "ACEITE", "fecha_inic": "03-DIC-1970", "fecha_fin_": "29-ENE-1971", "profundida": 3601.0, "profundi_1": 0.0, "trayectori": "VERTICAL", "disponible": "DISPONIBLE" }, "geometry": { "type": "Point", "coordinates": [ -93.9222, 18.236835 ] } },
{ "type": "Feature", "properties": { "pozo": "SAN RAMON-4D", "campo": "SAN RAMON", "entidad": "TABASCO", "ubicacin": "TERRESTRE", "clasificac": "DESARROLLO", "estado_act": "INACTIVO", "tipo_de_hi": "ACEITE", "fecha_inic": "14-MAY-1980", "fecha_fin_": "18-JUN-1980", "profundida": 3048.0, "profundi_1": 0.0, "trayectori": "VERTICAL", "disponible": "DISPONIBLE" }, "geometry": { "type": "Point", "coordinates": [ -93.916349, 18.230167 ] } },
{ "type": "Feature", "properties": { "pozo": "CHININ-1", "campo": "NO DISPONIBLE", "entidad": "TABASCO", "ubicacin": "TERRESTRE", "clasificac": "EXPLORATORIO", "estado_act": "CERRADO", "tipo_de_hi": null, "fecha_inic": "25-JUL-1972", "fecha_fin_": "10-SEP-1972", "profundida": 4005.0, "profundi_1": 0.0, "trayectori": "VERTICAL", "disponible": "DISPONIBLE" }, "geometry": { "type": "Point", "coordinates": [ -93.034645, 18.36578 ] } },
{ "type": "Feature", "properties": { "pozo": "SAN RAMON-22D", "campo": "SAN RAMON", "entidad": "TABASCO", "ubicacin": "TERRESTRE", "clasificac": "DESARROLLO", "estado_act": "INACTIVO", "tipo_de_hi": "ACEITE", "fecha_inic": "09-ABR-1970", "fecha_fin_": "28-ABR-1970", "profundida": 2425.0, "profundi_1": 0.0, "trayectori": "VERTICAL", "disponible": "DISPONIBLE" }, "geometry": { "type": "Point", "coordinates": [ -93.905932, 18.235021 ] } },
{ "type": "Feature", "properties": { "pozo": "SAN RAMON-50", "campo": "SAN RAMON", "entidad": "TABASCO", "ubicacin": "TERRESTRE", "clasificac": "DESARROLLO", "estado_act": "INACTIVO", "tipo_de_hi": "ACEITE", "fecha_inic": "15-FEB-1971", "fecha_fin_": "31-MAR-1971", "profundida": 3215.0, "profundi_1": 3215.0, "trayectori": "VERTICAL", "disponible": "DISPONIBLE" }, "geometry": { "type": "Point", "coordinates": [ -93.899389, 18.242295 ] } },
{ "type": "Feature", "properties": { "pozo": "CASTARRICAL-3D", "campo": "CASTARRICAL", "entidad": "TABASCO", "ubicacin": "TERRESTRE", "clasificac": "DESARROLLO", "estado_act": "INACTIVO", "tipo_de_hi": "ACEITE", "fecha_inic": "20-OCT-1970", "fecha_fin_": "22-ENE-1971", "profundida": 3900.0, "profundi_1": 3900.0, "trayectori": "VERTICAL", "disponible": "DISPONIBLE" }, "geometry": { "type": "Point", "coordinates": [ -93.316591, 18.387687 ] } },
{ "type": "Feature", "properties": { "pozo": "SAN RAMON-1620", "campo": "SAN RAMON", "entidad": "TABASCO", "ubicacin": "TERRESTRE", "clasificac": "DESARROLLO", "estado_act": "INACTIVO", "tipo_de_hi": "ACEITE", "fecha_inic": "22-DIC-2013", "fecha_fin_": "12-ENE-2014", "profundida": 3555.0, "profundi_1": 3511.3, "trayectori": "DIRECCIONAL", "disponible": "DISPONIBLE" }, "geometry": { "type": "Point", "coordinates": [ -93.925125, 18.238155 ] } },
{ "type": "Feature", "properties": { "pozo": "MECOACAN-53D", "campo": "MECOACAN", "entidad": "TABASCO", "ubicacin": "TERRESTRE", "clasificac": "DESARROLLO", "estado_act": "INACTIVO", "tipo_de_hi": "ACEITE", "fecha_inic": "09-MAR-1961", "fecha_fin_": "13-MAR-1961", "profundida": 1655.0, "profundi_1": 0.0, "trayectori": "VERTICAL", "disponible": "DISPONIBLE" }, "geometry": { "type": "Point", "coordinates": [ -93.089608, 18.337275 ] } },
{ "type": "Feature", "properties": { "pozo": "SAN RAMON-55T", "campo": "SAN RAMON", "entidad": "TABASCO", "ubicacin": "TERRESTRE", "clasificac": "DESARROLLO", "estado_act": "INACTIVO", "tipo_de_hi": "ACEITE", "fecha_inic": "02-JUL-1981", "fecha_fin_": "05-NOV-1981", "profundida": 3600.0, "profundi_1": 0.0, "trayectori": "VERTICAL", "disponible": "DISPONIBLE" }, "geometry": { "type": "Point", "coordinates": [ -93.922237, 18.240451 ] } },
{ "type": "Feature", "properties": { "pozo": "CASTARRICAL-44", "campo": "CASTARRICAL", "entidad": "TABASCO", "ubicacin": "TERRESTRE", "clasificac": "DESARROLLO", "estado_act": "INACTIVO", "tipo_de_hi": "ACEITE", "fecha_inic": "27-DIC-1969", "fecha_fin_": "01-MAR-1970", "profundida": 3800.0, "profundi_1": 3800.0, "trayectori": "VERTICAL", "disponible": "DISPONIBLE" }, "geometry": { "type": "Point", "coordinates": [ -93.29692, 18.394853 ] } },
{ "type": "Feature", "properties": { "pozo": "SAN RAMON-90", "campo": "SAN RAMON", "entidad": "TABASCO", "ubicacin": "TERRESTRE", "clasificac": "DESARROLLO", "estado_act": "INACTIVO", "tipo_de_hi": "ACEITE", "fecha_inic": "14-OCT-1980", "fecha_fin_": "07-DIC-1980", "profundida": 3600.0, "profundi_1": 3600.0, "trayectori": "VERTICAL", "disponible": "DISPONIBLE" }, "geometry": { "type": "Point", "coordinates": [ -93.902694, 18.251288 ] } },
{ "type": "Feature", "properties": { "pozo": "SAN RAMON-63", "campo": "SAN RAMON", "entidad": "TABASCO", "ubicacin": "TERRESTRE", "clasificac": "DESARROLLO", "estado_act": "CERRADO", "tipo_de_hi": "ACEITE", "fecha_inic": "28-JUL-1984", "fecha_fin_": "22-SEP-1984", "profundida": 3080.0, "profundi_1": 0.0, "trayectori": "VERTICAL", "disponible": "DISPONIBLE" }, "geometry": { "type": "Point", "coordinates": [ -93.92878, 18.225852 ] } },
{ "type": "Feature", "properties": { "pozo": "SAN RAMON-506", "campo": "SAN RAMON", "entidad": "TABASCO", "ubicacin": "TERRESTRE", "clasificac": "DESARROLLO", "estado_act": "INACTIVO", "tipo_de_hi": "ACEITE", "fecha_inic": "26-ENE-2008", "fecha_fin_": "17-FEB-2008", "profundida": 2824.0, "profundi_1": 2756.2, "trayectori": "DIRECCIONAL", "disponible": "DISPONIBLE" }, "geometry": { "type": "Point", "coordinates": [ -93.908988, 18.233186 ] } },
{ "type": "Feature", "properties": { "pozo": "YUCATECO-2D", "campo": "CINCO PRESIDENTES", "entidad": "TABASCO", "ubicacin": "TERRESTRE", "clasificac": "DESARROLLO", "estado_act": "INACTIVO", "tipo_de_hi": "ACEITE-GAS", "fecha_inic": "01-SEP-1960", "fecha_fin_": "29-SEP-1960", "profundida": 2330.0, "profundi_1": 2330.0, "trayectori": "VERTICAL", "disponible": "DISPONIBLE" }, "geometry": { "type": "Point", "coordinates": [ -94.0185232, 18.1987284 ] } },
{ "type": "Feature", "properties": { "pozo": "ARRASTRADERO-2", "campo": "CASTARRICAL", "entidad": "TABASCO", "ubicacin": "TERRESTRE", "clasificac": "EXPLORATORIO", "estado_act": "CERRADO", "tipo_de_hi": null, "fecha_inic": "18-OCT-1971", "fecha_fin_": "28-ENE-1972", "profundida": 4422.0, "profundi_1": 0.4, "trayectori": "VERTICAL", "disponible": "DISPONIBLE" }, "geometry": { "type": "Point", "coordinates": [ -93.300926, 18.376588 ] } },
{ "type": "Feature", "properties": { "pozo": "TUPILCO NE-1", "campo": "TUPILCO", "entidad": "TABASCO", "ubicacin": "TERRESTRE", "clasificac": "EXPLORATORIO", "estado_act": "CERRADO", "tipo_de_hi": null, "fecha_inic": "18-MAR-1963", "fecha_fin_": "25-ABR-1963", "profundida": 3000.0, "profundi_1": 0.0, "trayectori": "VERTICAL", "disponible": "DISPONIBLE" }, "geometry": { "type": "Point", "coordinates": [ -93.345047, 18.365173 ] } },
{ "type": "Feature", "properties": { "pozo": "COMALCALCO-3", "campo": "NO DISPONIBLE", "entidad": "TABASCO", "ubicacin": "TERRESTRE", "clasificac": "EXPLORATORIO", "estado_act": "CERRADO", "tipo_de_hi": null, "fecha_inic": "04-ABR-1963", "fecha_fin_": "19-MAY-1963", "profundida": 3502.0, "profundi_1": 0.0, "trayectori": "VERTICAL", "disponible": "DISPONIBLE" }, "geometry": { "type": "Point", "coordinates": [ -93.230745, 18.259245 ] } },
{ "type": "Feature", "properties": { "pozo": "CASTARRICAL-88", "campo": "CASTARRICAL", "entidad": "TABASCO", "ubicacin": "TERRESTRE", "clasificac": "DESARROLLO", "estado_act": "INACTIVO", "tipo_de_hi": "ACEITE", "fecha_inic": "13-JUL-1976", "fecha_fin_": "04-OCT-1976", "profundida": 3697.0, "profundi_1": 0.0, "trayectori": "VERTICAL", "disponible": "DISPONIBLE" }, "geometry": { "type": "Point", "coordinates": [ -93.313351, 18.378619 ] } },
{ "type": "Feature", "properties": { "pozo": "SAN RAMON-522", "campo": "SAN RAMON", "entidad": "TABASCO", "ubicacin": "TERRESTRE", "clasificac": "DESARROLLO", "estado_act": "INACTIVO", "tipo_de_hi": "ACEITE", "fecha_inic": "03-OCT-2008", "fecha_fin_": "23-OCT-2008", "profundida": 2873.0, "profundi_1": 2863.5, "trayectori": "DIRECCIONAL", "disponible": "DISPONIBLE" }, "geometry": { "type": "Point", "coordinates": [ -93.908883, 18.233124 ] } },
{ "type": "Feature", "properties": { "pozo": "CASTARRICAL-29", "campo": "CASTARRICAL", "entidad": "TABASCO", "ubicacin": "TERRESTRE", "clasificac": "DESARROLLO", "estado_act": "CERRADO", "tipo_de_hi": null, "fecha_inic": "02-MAR-1970", "fecha_fin_": "27-MAR-1970", "profundida": 3100.0, "profundi_1": 3100.0, "trayectori": "VERTICAL", "disponible": "DISPONIBLE" }, "geometry": { "type": "Point", "coordinates": [ -93.316628, 18.394888 ] } },
{ "type": "Feature", "properties": { "pozo": "SAN RAMON-36", "campo": "SAN RAMON", "entidad": "TABASCO", "ubicacin": "TERRESTRE", "clasificac": "DESARROLLO", "estado_act": "INACTIVO", "tipo_de_hi": "ACEITE", "fecha_inic": "14-AGO-1970", "fecha_fin_": "02-SEP-1970", "profundida": 2500.0, "profundi_1": 0.0, "trayectori": "VERTICAL", "disponible": "DISPONIBLE" }, "geometry": { "type": "Point", "coordinates": [ -93.89274, 18.231475 ] } },
{ "type": "Feature", "properties": { "pozo": "CASTARRICAL-52", "campo": "CASTARRICAL", "entidad": "TABASCO", "ubicacin": "TERRESTRE", "clasificac": "DESARROLLO", "estado_act": "INACTIVO", "tipo_de_hi": "ACEITE", "fecha_inic": "15-AGO-1970", "fecha_fin_": "15-OCT-1970", "profundida": 3900.0, "profundi_1": 3900.0, "trayectori": "VERTICAL", "disponible": "DISPONIBLE" }, "geometry": { "type": "Point", "coordinates": [ -93.290216, 18.398242 ] } },
{ "type": "Feature", "properties": { "pozo": "TIZON-222", "campo": "TIZON", "entidad": "TABASCO", "ubicacin": "TERRESTRE", "clasificac": "DESARROLLO", "estado_act": "INACTIVO", "tipo_de_hi": "CONDENSADO", "fecha_inic": "15-DIC-2007", "fecha_fin_": "16-JUL-2008", "profundida": 6520.0, "profundi_1": 6187.0, "trayectori": "DIRECCIONAL", "disponible": "DISPONIBLE" }, "geometry": { "type": "Point", "coordinates": [ -92.717503, 18.564228 ] } },
{ "type": "Feature", "properties": { "pozo": "SAN RAMON-512", "campo": "SAN RAMON", "entidad": "TABASCO", "ubicacin": "TERRESTRE", "clasificac": "DESARROLLO", "estado_act": "INACTIVO", "tipo_de_hi": "ACEITE", "fecha_inic": "30-SEP-2007", "fecha_fin_": "16-NOV-2007", "profundida": 2840.0, "profundi_1": 2808.0, "trayectori": "DIRECCIONAL", "disponible": "DISPONIBLE" }, "geometry": { "type": "Point", "coordinates": [ -93.899011, 18.234969 ] } },
{ "type": "Feature", "properties": { "pozo": "SAN RAMON-526", "campo": "SAN RAMON", "entidad": "TABASCO", "ubicacin": "TERRESTRE", "clasificac": "DESARROLLO", "estado_act": "INACTIVO", "tipo_de_hi": "ACEITE", "fecha_inic": "14-ABR-2010", "fecha_fin_": "05-MAY-2010", "profundida": 3371.0, "profundi_1": 3355.9, "trayectori": "DIRECCIONAL", "disponible": "DISPONIBLE" }, "geometry": { "type": "Point", "coordinates": [ -93.91857, 18.238677 ] } },
{ "type": "Feature", "properties": { "pozo": "SAN RAMON-58", "campo": "SAN RAMON", "entidad": "TABASCO", "ubicacin": "TERRESTRE", "clasificac": "DESARROLLO", "estado_act": "INACTIVO", "tipo_de_hi": "ACEITE", "fecha_inic": "01-FEB-1971", "fecha_fin_": "01-MAR-1971", "profundida": 2956.0, "profundi_1": 0.0, "trayectori": "VERTICAL", "disponible": "DISPONIBLE" }, "geometry": { "type": "Point", "coordinates": [ -93.896068, 18.240498 ] } },
{ "type": "Feature", "properties": { "pozo": "CASTARRICAL-3", "campo": "CASTARRICAL", "entidad": "TABASCO", "ubicacin": "TERRESTRE", "clasificac": "DESARROLLO", "estado_act": "INACTIVO", "tipo_de_hi": "ACEITE", "fecha_inic": "11-SEP-1968", "fecha_fin_": "09-OCT-1968", "profundida": 3465.0, "profundi_1": 3465.0, "trayectori": "VERTICAL", "disponible": "DISPONIBLE" }, "geometry": { "type": "Point", "coordinates": [ -93.316626, 18.387657 ] } },
{ "type": "Feature", "properties": { "pozo": "SAN RAMON-73", "campo": "SAN RAMON", "entidad": "TABASCO", "ubicacin": "TERRESTRE", "clasificac": "DESARROLLO", "estado_act": "INACTIVO", "tipo_de_hi": "ACEITE", "fecha_inic": "26-MAY-1972", "fecha_fin_": "25-AGO-1972", "profundida": 3976.0, "profundi_1": 0.0, "trayectori": "VERTICAL", "disponible": "DISPONIBLE" }, "geometry": { "type": "Point", "coordinates": [ -93.896119, 18.247708 ] } },
{ "type": "Feature", "properties": { "pozo": "SAN RAMON-85", "campo": "SAN RAMON", "entidad": "TABASCO", "ubicacin": "TERRESTRE", "clasificac": "DESARROLLO", "estado_act": "CERRADO", "tipo_de_hi": "ACEITE", "fecha_inic": "27-OCT-1984", "fecha_fin_": "12-DIC-1984", "profundida": 3120.0, "profundi_1": 0.0, "trayectori": "VERTICAL", "disponible": "DISPONIBLE" }, "geometry": { "type": "Point", "coordinates": [ -93.935277, 18.229458 ] } },
{ "type": "Feature", "properties": { "pozo": "LUNA-12A", "campo": "LUNA-PALAPA", "entidad": "TABASCO", "ubicacin": "TERRESTRE", "clasificac": "DESARROLLO", "estado_act": "PRODUCTOR", "tipo_de_hi": "ACEITE-GAS", "fecha_inic": "14-JUN-1986", "fecha_fin_": "14-AGO-1986", "profundida": 700.0, "profundi_1": 700.0, "trayectori": "VERTICAL", "disponible": "DISPONIBLE" }, "geometry": { "type": "Point", "coordinates": [ -92.790605, 18.4662 ] } },
{ "type": "Feature", "properties": { "pozo": "COSTERO-17", "campo": "COSTERO", "entidad": "TABASCO", "ubicacin": "TERRESTRE", "clasificac": "DESARROLLO", "estado_act": "INACTIVO", "tipo_de_hi": "GAS-CONDENSADO", "fecha_inic": "28-OCT-2013", "fecha_fin_": "09-AGO-2014", "profundida": 5928.0, "profundi_1": 0.0, "trayectori": "DIRECCIONAL", "disponible": "DISPONIBLE" }, "geometry": { "type": "Point", "coordinates": [ -92.50326758, 18.62633663 ] } },
{ "type": "Feature", "properties": { "pozo": "SAN RAMON-536", "campo": "SAN RAMON", "entidad": "TABASCO", "ubicacin": "TERRESTRE", "clasificac": "DESARROLLO", "estado_act": "INACTIVO", "tipo_de_hi": "ACEITE", "fecha_inic": "31-MAR-2009", "fecha_fin_": "28-ABR-2009", "profundida": 3537.0, "profundi_1": 3508.0, "trayectori": "DIRECCIONAL", "disponible": "DISPONIBLE" }, "geometry": { "type": "Point", "coordinates": [ -93.932089, 18.238203 ] } },
{ "type": "Feature", "properties": { "pozo": "SAN RAMON-1615", "campo": "SAN RAMON", "entidad": "TABASCO", "ubicacin": "TERRESTRE", "clasificac": "DESARROLLO", "estado_act": "INACTIVO", "tipo_de_hi": "ACEITE", "fecha_inic": "27-ENE-2013", "fecha_fin_": "23-FEB-2013", "profundida": 3510.0, "profundi_1": 3479.0, "trayectori": "DIRECCIONAL", "disponible": "DISPONIBLE" }, "geometry": { "type": "Point", "coordinates": [ -93.921956, 18.240644 ] } },
{ "type": "Feature", "properties": { "pozo": "SAN RAMON-64", "campo": "SAN RAMON", "entidad": "TABASCO", "ubicacin": "TERRESTRE", "clasificac": "DESARROLLO", "estado_act": "CERRADO", "tipo_de_hi": "ACEITE", "fecha_inic": "05-ABR-1972", "fecha_fin_": "14-MAY-1973", "profundida": 934.0, "profundi_1": 0.0, "trayectori": "VERTICAL", "disponible": "DISPONIBLE" }, "geometry": { "type": "Point", "coordinates": [ -93.918976, 18.24225 ] } },
{ "type": "Feature", "properties": { "pozo": "MECOACAN-13", "campo": "MECOACAN", "entidad": "TABASCO", "ubicacin": "TERRESTRE", "clasificac": "DESARROLLO", "estado_act": "INACTIVO", "tipo_de_hi": "ACEITE", "fecha_inic": "20-AGO-1960", "fecha_fin_": "28-AGO-1960", "profundida": 2185.0, "profundi_1": 2185.0, "trayectori": "VERTICAL", "disponible": "DISPONIBLE" }, "geometry": { "type": "Point", "coordinates": [ -93.083081, 18.333688 ] } },
{ "type": "Feature", "properties": { "pozo": "MECOACAN-33", "campo": "MECOACAN", "entidad": "TABASCO", "ubicacin": "TERRESTRE", "clasificac": "DESARROLLO", "estado_act": "CERRADO", "tipo_de_hi": null, "fecha_inic": "21-DIC-1960", "fecha_fin_": "08-ENE-1961", "profundida": 2400.0, "profundi_1": 0.0, "trayectori": "VERTICAL", "disponible": "DISPONIBLE" }, "geometry": { "type": "Point", "coordinates": [ -93.119204, 18.342638 ] } },
{ "type": "Feature", "properties": { "pozo": "MECOACAN-26", "campo": "MECOACAN", "entidad": "TABASCO", "ubicacin": "TERRESTRE", "clasificac": "DESARROLLO", "estado_act": "CERRADO", "tipo_de_hi": null, "fecha_inic": "30-NOV-1960", "fecha_fin_": "15-DIC-1960", "profundida": 2240.0, "profundi_1": 0.0, "trayectori": "VERTICAL", "disponible": "DISPONIBLE" }, "geometry": { "type": "Point", "coordinates": [ -93.073245, 18.339135 ] } },
{ "type": "Feature", "properties": { "pozo": "SAN RAMON-12", "campo": "SAN RAMON", "entidad": "TABASCO", "ubicacin": "TERRESTRE", "clasificac": "DESARROLLO", "estado_act": "INACTIVO", "tipo_de_hi": "ACEITE", "fecha_inic": "09-SEP-1968", "fecha_fin_": "16-OCT-1968", "profundida": 3197.0, "profundi_1": 3197.0, "trayectori": "VERTICAL", "disponible": "DISPONIBLE" }, "geometry": { "type": "Point", "coordinates": [ -93.912439, 18.234999 ] } },
{ "type": "Feature", "properties": { "pozo": "CASTARRICAL-55", "campo": "CASTARRICAL", "entidad": "TABASCO", "ubicacin": "TERRESTRE", "clasificac": "DESARROLLO", "estado_act": "INACTIVO", "tipo_de_hi": "ACEITE", "fecha_inic": "10-MAR-1971", "fecha_fin_": "30-ABR-1971", "profundida": 3600.0, "profundi_1": 3600.0, "trayectori": "VERTICAL", "disponible": "DISPONIBLE" }, "geometry": { "type": "Point", "coordinates": [ -93.293793, 18.393157 ] } },
{ "type": "Feature", "properties": { "pozo": "TIZON-13", "campo": "TIZON", "entidad": "TABASCO", "ubicacin": "TERRESTRE", "clasificac": "DESARROLLO", "estado_act": "INACTIVO", "tipo_de_hi": "CONDENSADO", "fecha_inic": "31-DIC-1999", "fecha_fin_": "15-NOV-2000", "profundida": 6013.0, "profundi_1": 6013.0, "trayectori": "VERTICAL", "disponible": "DISPONIBLE" }, "geometry": { "type": "Point", "coordinates": [ -92.73405, 18.521695 ] } },
{ "type": "Feature", "properties": { "pozo": "TIZON-208", "campo": "TIZON", "entidad": "TABASCO", "ubicacin": "TERRESTRE", "clasificac": "DESARROLLO", "estado_act": "INACTIVO", "tipo_de_hi": "GAS-CONDENSADO", "fecha_inic": "18-NOV-2015", "fecha_fin_": "15-MAY-2016", "profundida": 6715.0, "profundi_1": 0.0, "trayectori": "DIRECCIONAL", "disponible": "DISPONIBLE" }, "geometry": { "type": "Point", "coordinates": [ -92.717713, 18.563881 ] } },
{ "type": "Feature", "properties": { "pozo": "PUERTO CEIBA-102", "campo": "PUERTO CEIBA", "entidad": "TABASCO", "ubicacin": "TERRESTRE", "clasificac": "DESARROLLO", "estado_act": "CERRADO", "tipo_de_hi": null, "fecha_inic": "21-ENE-1986", "fecha_fin_": "14-NOV-1987", "profundida": 6558.0, "profundi_1": 6558.0, "trayectori": "VERTICAL", "disponible": "DISPONIBLE" }, "geometry": { "type": "Point", "coordinates": [ -93.250416, 18.435551 ] } },
{ "type": "Feature", "properties": { "pozo": "MECOACAN-16", "campo": "MECOACAN", "entidad": "TABASCO", "ubicacin": "TERRESTRE", "clasificac": "DESARROLLO", "estado_act": "INACTIVO", "tipo_de_hi": "ACEITE", "fecha_inic": "05-ENE-1961", "fecha_fin_": "14-ENE-1961", "profundida": 2325.0, "profundi_1": 0.0, "trayectori": "VERTICAL", "disponible": "DISPONIBLE" }, "geometry": { "type": "Point", "coordinates": [ -93.09943, 18.331793 ] } },
{ "type": "Feature", "properties": { "pozo": "PAJONAL-101", "campo": "NO DISPONIBLE", "entidad": "TABASCO", "ubicacin": "TERRESTRE", "clasificac": "EXPLORATORIO", "estado_act": "CERRADO", "tipo_de_hi": null, "fecha_inic": "18-ABR-1970", "fecha_fin_": "10-JUN-1970", "profundida": 3280.0, "profundi_1": 3280.0, "trayectori": "VERTICAL", "disponible": "DISPONIBLE" }, "geometry": { "type": "Point", "coordinates": [ -93.880031, 18.225559 ] } },
{ "type": "Feature", "properties": { "pozo": "CARDO-131", "campo": "CARDO", "entidad": "TABASCO", "ubicacin": "TERRESTRE", "clasificac": "DESARROLLO", "estado_act": "INACTIVO", "tipo_de_hi": null, "fecha_inic": "21-AGO-1992", "fecha_fin_": "08-DIC-1992", "profundida": 3378.0, "profundi_1": 3378.0, "trayectori": "VERTICAL", "disponible": "DISPONIBLE" }, "geometry": { "type": "Point", "coordinates": [ -92.980038, 18.3532 ] } },
{ "type": "Feature", "properties": { "pozo": "SEN-301", "campo": "NO DISPONIBLE", "entidad": "TABASCO", "ubicacin": "TERRESTRE", "clasificac": "DESARROLLO", "estado_act": "CERRADO", "tipo_de_hi": null, "fecha_inic": null, "fecha_fin_": null, "profundida": 0.0, "profundi_1": 0.0, "trayectori": null, "disponible": "DISPONIBLE" }, "geometry": { "type": "Point", "coordinates": [ -92.96955, 18.382549 ] } },
{ "type": "Feature", "properties": { "pozo": "PARETO-14", "campo": "PARETO", "entidad": "TABASCO", "ubicacin": "TERRESTRE", "clasificac": "DESARROLLO", "estado_act": "CERRADO", "tipo_de_hi": null, "fecha_inic": "13-AGO-2014", "fecha_fin_": "10-AGO-2015", "profundida": 5682.0, "profundi_1": 0.0, "trayectori": null, "disponible": "DISPONIBLE" }, "geometry": { "type": "Point", "coordinates": [ -93.310527, 18.318306 ] } },
{ "type": "Feature", "properties": { "pozo": "SEN-302", "campo": "SEN", "entidad": "TABASCO", "ubicacin": "TERRESTRE", "clasificac": "DESARROLLO", "estado_act": "CERRADO", "tipo_de_hi": "ACEITE", "fecha_inic": "18-NOV-2010", "fecha_fin_": "27-SEP-2011", "profundida": 6370.0, "profundi_1": 0.0, "trayectori": "DIRECCIONAL", "disponible": "DISPONIBLE" }, "geometry": { "type": "Point", "coordinates": [ -92.970264, 18.395348 ] } },
{ "type": "Feature", "properties": { "pozo": "SAN RAMON-30", "campo": "SAN RAMON", "entidad": "TABASCO", "ubicacin": "TERRESTRE", "clasificac": "DESARROLLO", "estado_act": "INACTIVO", "tipo_de_hi": "ACEITE", "fecha_inic": "24-MAY-1970", "fecha_fin_": "18-JUN-1970", "profundida": 2817.0, "profundi_1": 0.0, "trayectori": "VERTICAL", "disponible": "DISPONIBLE" }, "geometry": { "type": "Point", "coordinates": [ -93.89928, 18.235063 ] } },
{ "type": "Feature", "properties": { "pozo": "CASTARRICAL-11", "campo": "CASTARRICAL", "entidad": "TABASCO", "ubicacin": "TERRESTRE", "clasificac": "DESARROLLO", "estado_act": "INACTIVO", "tipo_de_hi": "ACEITE", "fecha_inic": "06-MAR-1969", "fecha_fin_": "29-MAY-1969", "profundida": 3900.0, "profundi_1": 0.0, "trayectori": "VERTICAL", "disponible": "DISPONIBLE" }, "geometry": { "type": "Point", "coordinates": [ -93.31012, 18.391201 ] } },
{ "type": "Feature", "properties": { "pozo": "SAN RAMON-62", "campo": "SAN RAMON", "entidad": "TABASCO", "ubicacin": "TERRESTRE", "clasificac": "DESARROLLO", "estado_act": "CERRADO", "tipo_de_hi": "ACEITE", "fecha_inic": "24-DIC-1971", "fecha_fin_": "17-FEB-1972", "profundida": 3197.0, "profundi_1": 0.0, "trayectori": "VERTICAL", "disponible": "DISPONIBLE" }, "geometry": { "type": "Point", "coordinates": [ -93.932026, 18.227611 ] } },
{ "type": "Feature", "properties": { "pozo": "SAN RAMON-28", "campo": "SAN RAMON", "entidad": "TABASCO", "ubicacin": "TERRESTRE", "clasificac": "DESARROLLO", "estado_act": "INACTIVO", "tipo_de_hi": "ACEITE", "fecha_inic": "01-MAY-1970", "fecha_fin_": "26-MAY-1970", "profundida": 2720.0, "profundi_1": 0.0, "trayectori": "VERTICAL", "disponible": "DISPONIBLE" }, "geometry": { "type": "Point", "coordinates": [ -93.902539, 18.22957 ] } },
{ "type": "Feature", "properties": { "pozo": "DOS BOCAS-6", "campo": "TAKIN", "entidad": "TABASCO", "ubicacin": "TERRESTRE", "clasificac": "DESARROLLO", "estado_act": "INACTIVO", "tipo_de_hi": null, "fecha_inic": "06-FEB-2009", "fecha_fin_": "09-MAR-2009", "profundida": 1926.0, "profundi_1": 0.0, "trayectori": null, "disponible": "DISPONIBLE" }, "geometry": { "type": "Point", "coordinates": [ -93.1741337, 18.4262078 ] } },
{ "type": "Feature", "properties": { "pozo": "MECOACAN-56", "campo": "MECOACAN", "entidad": "TABASCO", "ubicacin": "TERRESTRE", "clasificac": "DESARROLLO", "estado_act": "INACTIVO", "tipo_de_hi": "ACEITE", "fecha_inic": "28-JUN-1961", "fecha_fin_": "05-JUL-1961", "profundida": 2260.0, "profundi_1": 0.0, "trayectori": "VERTICAL", "disponible": "DISPONIBLE" }, "geometry": { "type": "Point", "coordinates": [ -93.096207, 18.326441 ] } },
{ "type": "Feature", "properties": { "pozo": "MECOACAN-58", "campo": "MECOACAN", "entidad": "TABASCO", "ubicacin": "TERRESTRE", "clasificac": "DESARROLLO", "estado_act": "INACTIVO", "tipo_de_hi": "ACEITE", "fecha_inic": "30-JUL-1961", "fecha_fin_": "09-AGO-1961", "profundida": 2265.0, "profundi_1": 0.0, "trayectori": "VERTICAL", "disponible": "DISPONIBLE" }, "geometry": { "type": "Point", "coordinates": [ -93.102753, 18.330002 ] } },
{ "type": "Feature", "properties": { "pozo": "CASTARRICAL-17A", "campo": "CASTARRICAL", "entidad": "TABASCO", "ubicacin": "TERRESTRE", "clasificac": "DESARROLLO", "estado_act": "INACTIVO", "tipo_de_hi": "ACEITE", "fecha_inic": "16-AGO-1970", "fecha_fin_": "25-NOV-1970", "profundida": 3800.0, "profundi_1": 3800.0, "trayectori": "VERTICAL", "disponible": "DISPONIBLE" }, "geometry": { "type": "Point", "coordinates": [ -93.302803, 18.391279 ] } },
{ "type": "Feature", "properties": { "pozo": "MECOACAN-5", "campo": "MECOACAN", "entidad": "TABASCO", "ubicacin": "TERRESTRE", "clasificac": "DESARROLLO", "estado_act": "INACTIVO", "tipo_de_hi": "ACEITE", "fecha_inic": "09-AGO-1960", "fecha_fin_": "22-AGO-1960", "profundida": 2200.0, "profundi_1": 0.0, "trayectori": "VERTICAL", "disponible": "DISPONIBLE" }, "geometry": { "type": "Point", "coordinates": [ -93.073241, 18.331873 ] } },
{ "type": "Feature", "properties": { "pozo": "MECATE-1", "campo": "TIZON", "entidad": "TABASCO", "ubicacin": "TERRESTRE", "clasificac": "EXPLORATORIO", "estado_act": "CERRADO", "tipo_de_hi": null, "fecha_inic": "10-JUL-1986", "fecha_fin_": "28-MAR-1989", "profundida": 0.0, "profundi_1": 0.0, "trayectori": null, "disponible": "DISPONIBLE" }, "geometry": { "type": "Point", "coordinates": [ -92.72836099, 18.514535 ] } },
{ "type": "Feature", "properties": { "pozo": "MECOACAN-76", "campo": "MECOACAN", "entidad": "TABASCO", "ubicacin": "TERRESTRE", "clasificac": "DESARROLLO", "estado_act": "INACTIVO", "tipo_de_hi": "ACEITE", "fecha_inic": "08-ABR-1962", "fecha_fin_": "18-ABR-1962", "profundida": 2265.0, "profundi_1": 0.0, "trayectori": "VERTICAL", "disponible": "DISPONIBLE" }, "geometry": { "type": "Point", "coordinates": [ -93.073243, 18.32456 ] } },
{ "type": "Feature", "properties": { "pozo": "SAN RAMON-515D", "campo": "SAN RAMON", "entidad": "TABASCO", "ubicacin": "TERRESTRE", "clasificac": "DESARROLLO", "estado_act": "PRODUCTOR", "tipo_de_hi": "ACEITE", "fecha_inic": "29-JUL-2013", "fecha_fin_": "02-OCT-2013", "profundida": 3420.0, "profundi_1": 3403.9, "trayectori": "DIRECCIONAL", "disponible": "DISPONIBLE" }, "geometry": { "type": "Point", "coordinates": [ -93.918391, 18.238759 ] } },
{ "type": "Feature", "properties": { "pozo": "CASTARRICAL-26D", "campo": "CASTARRICAL", "entidad": "TABASCO", "ubicacin": "TERRESTRE", "clasificac": "DESARROLLO", "estado_act": "INACTIVO", "tipo_de_hi": "ACEITE", "fecha_inic": "20-MAR-1970", "fecha_fin_": "15-ABR-1970", "profundida": 3180.0, "profundi_1": 3180.0, "trayectori": "VERTICAL", "disponible": "DISPONIBLE" }, "geometry": { "type": "Point", "coordinates": [ -93.303493, 18.394865 ] } },
{ "type": "Feature", "properties": { "pozo": "COSTERO-1", "campo": "COSTERO", "entidad": "TABASCO", "ubicacin": "TERRESTRE", "clasificac": "EXPLORATORIO", "estado_act": "PRODUCTOR", "tipo_de_hi": "CONDENSADO", "fecha_inic": "26-JUN-1990", "fecha_fin_": "14-MAR-1992", "profundida": 6500.0, "profundi_1": 5009.6, "trayectori": "VERTICAL", "disponible": "DISPONIBLE" }, "geometry": { "type": "Point", "coordinates": [ -92.507722, 18.624403 ] } },
{ "type": "Feature", "properties": { "pozo": "PUERTO CEIBA-164", "campo": "PUERTO CEIBA", "entidad": "TABASCO", "ubicacin": "TERRESTRE", "clasificac": "DESARROLLO", "estado_act": "INACTIVO", "tipo_de_hi": "ACEITE", "fecha_inic": "16-JUL-1986", "fecha_fin_": "19-NOV-1987", "profundida": 6880.0, "profundi_1": 6880.0, "trayectori": "VERTICAL", "disponible": "DISPONIBLE" }, "geometry": { "type": "Point", "coordinates": [ -93.246571, 18.415187 ] } },
{ "type": "Feature", "properties": { "pozo": "PUERTO CEIBA-113B", "campo": "PUERTO CEIBA", "entidad": "TABASCO", "ubicacin": "TERRESTRE", "clasificac": "DESARROLLO", "estado_act": "INACTIVO", "tipo_de_hi": "ACEITE", "fecha_inic": "27-ABR-1997", "fecha_fin_": "05-MAR-1998", "profundida": 5612.0, "profundi_1": 5445.0, "trayectori": "DIRECCIONAL", "disponible": "DISPONIBLE" }, "geometry": { "type": "Point", "coordinates": [ -93.232221, 18.435518 ] } },
{ "type": "Feature", "properties": { "pozo": "TUPILCO-73", "campo": "TUPILCO", "entidad": "TABASCO", "ubicacin": "TERRESTRE", "clasificac": "DESARROLLO", "estado_act": "INACTIVO", "tipo_de_hi": null, "fecha_inic": "17-JUN-1963", "fecha_fin_": "05-JUL-1963", "profundida": 3000.0, "profundi_1": 0.0, "trayectori": "VERTICAL", "disponible": "DISPONIBLE" }, "geometry": { "type": "Point", "coordinates": [ -93.343489, 18.367253 ] } },
{ "type": "Feature", "properties": { "pozo": "SAN RAMON-70", "campo": "SAN RAMON", "entidad": "TABASCO", "ubicacin": "TERRESTRE", "clasificac": "DESARROLLO", "estado_act": "INACTIVO", "tipo_de_hi": "ACEITE", "fecha_inic": "14-MAR-1972", "fecha_fin_": "21-ABR-1972", "profundida": 3390.0, "profundi_1": 0.0, "trayectori": "VERTICAL", "disponible": "DISPONIBLE" }, "geometry": { "type": "Point", "coordinates": [ -93.902646, 18.247689 ] } },
{ "type": "Feature", "properties": { "pozo": "CASTARRICAL-1", "campo": "CASTARRICAL", "entidad": "TABASCO", "ubicacin": "TERRESTRE", "clasificac": "EXPLORATORIO", "estado_act": "INACTIVO", "tipo_de_hi": "ACEITE", "fecha_inic": "13-JUL-1967", "fecha_fin_": "08-SEP-1967", "profundida": 3266.0, "profundi_1": 3266.0, "trayectori": "VERTICAL", "disponible": "DISPONIBLE" }, "geometry": { "type": "Point", "coordinates": [ -93.316648, 18.384043 ] } },
{ "type": "Feature", "properties": { "pozo": "SAN RAMON-546", "campo": "SAN RAMON", "entidad": "TABASCO", "ubicacin": "TERRESTRE", "clasificac": "DESARROLLO", "estado_act": "INACTIVO", "tipo_de_hi": "ACEITE", "fecha_inic": "28-ENE-2012", "fecha_fin_": "23-FEB-2012", "profundida": 3218.0, "profundi_1": 3114.0, "trayectori": "DIRECCIONAL", "disponible": "DISPONIBLE" }, "geometry": { "type": "Point", "coordinates": [ -93.916612, 18.230017 ] } },
{ "type": "Feature", "properties": { "pozo": "SAN RAMON-518", "campo": "SAN RAMON", "entidad": "TABASCO", "ubicacin": "TERRESTRE", "clasificac": "DESARROLLO", "estado_act": "INACTIVO", "tipo_de_hi": "ACEITE", "fecha_inic": "08-MAY-2008", "fecha_fin_": "29-MAY-2008", "profundida": 3545.0, "profundi_1": 3509.5, "trayectori": "DIRECCIONAL", "disponible": "DISPONIBLE" }, "geometry": { "type": "Point", "coordinates": [ -93.931836, 18.238325 ] } },
{ "type": "Feature", "properties": { "pozo": "CASTARRICAL-17AD", "campo": "CASTARRICAL", "entidad": "TABASCO", "ubicacin": "TERRESTRE", "clasificac": "DESARROLLO", "estado_act": "INACTIVO", "tipo_de_hi": "ACEITE", "fecha_inic": "07-MAR-1971", "fecha_fin_": "14-ABR-1971", "profundida": 3100.0, "profundi_1": 3100.0, "trayectori": "VERTICAL", "disponible": "DISPONIBLE" }, "geometry": { "type": "Point", "coordinates": [ -93.303021, 18.391089 ] } },
{ "type": "Feature", "properties": { "pozo": "DOS BOCAS-3", "campo": "NO DISPONIBLE", "entidad": "TABASCO", "ubicacin": "TERRESTRE", "clasificac": "DESARROLLO", "estado_act": "INACTIVO", "tipo_de_hi": null, "fecha_inic": "13-DIC-2007", "fecha_fin_": "02-FEB-2008", "profundida": 3900.0, "profundi_1": 0.0, "trayectori": "VERTICAL", "disponible": "DISPONIBLE" }, "geometry": { "type": "Point", "coordinates": [ -93.174076, 18.42675 ] } },
{ "type": "Feature", "properties": { "pozo": "SAN RAMON-39D", "campo": "SAN RAMON", "entidad": "TABASCO", "ubicacin": "TERRESTRE", "clasificac": "DESARROLLO", "estado_act": "INACTIVO", "tipo_de_hi": "ACEITE", "fecha_inic": "27-MAR-1971", "fecha_fin_": "16-MAY-1971", "profundida": 3327.0, "profundi_1": 3248.0, "trayectori": "VERTICAL", "disponible": "DISPONIBLE" }, "geometry": { "type": "Point", "coordinates": [ -93.925593, 18.238493 ] } },
{ "type": "Feature", "properties": { "pozo": "SAN RAMON-59A", "campo": "SAN RAMON", "entidad": "TABASCO", "ubicacin": "TERRESTRE", "clasificac": "DESARROLLO", "estado_act": "INACTIVO", "tipo_de_hi": "ACEITE", "fecha_inic": "19-SEP-1971", "fecha_fin_": "08-NOV-1971", "profundida": 3415.0, "profundi_1": 0.0, "trayectori": "VERTICAL", "disponible": "DISPONIBLE" }, "geometry": { "type": "Point", "coordinates": [ -93.912537, 18.242206 ] } },
{ "type": "Feature", "properties": { "pozo": "COSTERO-4", "campo": "COSTERO", "entidad": "TABASCO", "ubicacin": "TERRESTRE", "clasificac": "DESARROLLO", "estado_act": "INACTIVO", "tipo_de_hi": "CONDENSADO", "fecha_inic": "05-JUL-2009", "fecha_fin_": "02-MAR-2010", "profundida": 5850.0, "profundi_1": 5850.0, "trayectori": "VERTICAL", "disponible": "DISPONIBLE" }, "geometry": { "type": "Point", "coordinates": [ -92.521573, 18.618072 ] } },
{ "type": "Feature", "properties": { "pozo": "CASTARRICAL-13D", "campo": "CASTARRICAL", "entidad": "TABASCO", "ubicacin": "TERRESTRE", "clasificac": "DESARROLLO", "estado_act": "INACTIVO", "tipo_de_hi": "ACEITE", "fecha_inic": "16-FEB-1970", "fecha_fin_": "30-ABR-1970", "profundida": 3939.0, "profundi_1": 0.0, "trayectori": "VERTICAL", "disponible": "DISPONIBLE" }, "geometry": { "type": "Point", "coordinates": [ -93.306953, 18.389368 ] } },
{ "type": "Feature", "properties": { "pozo": "CASTARRICAL-5D", "campo": "CASTARRICAL", "entidad": "TABASCO", "ubicacin": "TERRESTRE", "clasificac": "DESARROLLO", "estado_act": "INACTIVO", "tipo_de_hi": "ACEITE", "fecha_inic": "09-OCT-1970", "fecha_fin_": "29-DIC-1970", "profundida": 3819.0, "profundi_1": 3819.0, "trayectori": "VERTICAL", "disponible": "DISPONIBLE" }, "geometry": { "type": "Point", "coordinates": [ -93.313308, 18.385823 ] } },
{ "type": "Feature", "properties": { "pozo": "COSTERO-19", "campo": "COSTERO", "entidad": "TABASCO", "ubicacin": "TERRESTRE", "clasificac": "DESARROLLO", "estado_act": "INACTIVO", "tipo_de_hi": "GAS-CONDENSADO", "fecha_inic": "04-FEB-2015", "fecha_fin_": "06-OCT-2015", "profundida": 4970.0, "profundi_1": 0.0, "trayectori": "DIRECCIONAL", "disponible": "DISPONIBLE" }, "geometry": { "type": "Point", "coordinates": [ -92.503602, 18.628005 ] } },
{ "type": "Feature", "properties": { "pozo": "CASTARRICAL-26", "campo": "CASTARRICAL", "entidad": "TABASCO", "ubicacin": "TERRESTRE", "clasificac": "DESARROLLO", "estado_act": "INACTIVO", "tipo_de_hi": "ACEITE", "fecha_inic": "24-NOV-1969", "fecha_fin_": "07-FEB-1970", "profundida": 3940.0, "profundi_1": 3940.0, "trayectori": "VERTICAL", "disponible": "DISPONIBLE" }, "geometry": { "type": "Point", "coordinates": [ -93.303502, 18.394866 ] } },
{ "type": "Feature", "properties": { "pozo": "MECOACAN-34", "campo": "MECOACAN", "entidad": "TABASCO", "ubicacin": "TERRESTRE", "clasificac": "DESARROLLO", "estado_act": "INACTIVO", "tipo_de_hi": "ACEITE", "fecha_inic": "17-FEB-1959", "fecha_fin_": "30-MAR-1959", "profundida": 2490.0, "profundi_1": 0.0, "trayectori": "VERTICAL", "disponible": "DISPONIBLE" }, "geometry": { "type": "Point", "coordinates": [ -93.086143, 18.335381 ] } },
{ "type": "Feature", "properties": { "pozo": "PUERTO CEIBA-129A", "campo": "PUERTO CEIBA", "entidad": "TABASCO", "ubicacin": "TERRESTRE", "clasificac": "DESARROLLO", "estado_act": "TAPONAMIENTO PERMANENTE", "tipo_de_hi": "ACEITE-GAS", "fecha_inic": "23-ENE-2013", "fecha_fin_": "26-SEP-2013", "profundida": 6174.0, "profundi_1": 5533.0, "trayectori": "DIRECCIONAL", "disponible": "DISPONIBLE" }, "geometry": { "type": "Point", "coordinates": [ -93.198805, 18.435793 ] } },
{ "type": "Feature", "properties": { "pozo": "SAN RAMON-67", "campo": "SAN RAMON", "entidad": "TABASCO", "ubicacin": "TERRESTRE", "clasificac": "DESARROLLO", "estado_act": "INACTIVO", "tipo_de_hi": "ACEITE", "fecha_inic": "19-OCT-1971", "fecha_fin_": "20-NOV-1971", "profundida": 3200.0, "profundi_1": 0.0, "trayectori": "VERTICAL", "disponible": "DISPONIBLE" }, "geometry": { "type": "Point", "coordinates": [ -93.899367, 18.245921 ] } },
{ "type": "Feature", "properties": { "pozo": "MARANON-101", "campo": "NO DISPONIBLE", "entidad": "TABASCO", "ubicacin": "TERRESTRE", "clasificac": "EXPLORATORIO", "estado_act": "CERRADO", "tipo_de_hi": null, "fecha_inic": "28-AGO-1982", "fecha_fin_": "21-NOV-1982", "profundida": 2500.0, "profundi_1": 0.0, "trayectori": "VERTICAL", "disponible": "DISPONIBLE" }, "geometry": { "type": "Point", "coordinates": [ -93.228703, 18.294934 ] } },
{ "type": "Feature", "properties": { "pozo": "SAN RAMON-66", "campo": "SAN RAMON", "entidad": "TABASCO", "ubicacin": "TERRESTRE", "clasificac": "DESARROLLO", "estado_act": "INACTIVO", "tipo_de_hi": "ACEITE", "fecha_inic": "04-SEP-1971", "fecha_fin_": "08-OCT-1971", "profundida": 2864.0, "profundi_1": 0.0, "trayectori": "VERTICAL", "disponible": "DISPONIBLE" }, "geometry": { "type": "Point", "coordinates": [ -93.892802, 18.242334 ] } },
{ "type": "Feature", "properties": { "pozo": "RASHA-1", "campo": "RASHA", "entidad": "TABASCO", "ubicacin": "TERRESTRE", "clasificac": "EXPLORATORIO", "estado_act": "INACTIVO", "tipo_de_hi": "GAS", "fecha_inic": "25-ENE-2003", "fecha_fin_": "10-JUN-2003", "profundida": 2800.0, "profundi_1": 0.0, "trayectori": "VERTICAL", "disponible": "DISPONIBLE" }, "geometry": { "type": "Point", "coordinates": [ -92.572909, 18.600279 ] } },
{ "type": "Feature", "properties": { "pozo": "SAN ALFONSO-103", "campo": "SAN ALFONSO", "entidad": "TABASCO", "ubicacin": "TERRESTRE", "clasificac": "DESARROLLO", "estado_act": "CERRADO", "tipo_de_hi": null, "fecha_inic": "24-AGO-1973", "fecha_fin_": "17-OCT-1973", "profundida": 3800.0, "profundi_1": 3800.0, "trayectori": "VERTICAL", "disponible": "DISPONIBLE" }, "geometry": { "type": "Point", "coordinates": [ -93.96752, 18.251248 ] } },
{ "type": "Feature", "properties": { "pozo": "PARETO-2", "campo": "PARETO", "entidad": "TABASCO", "ubicacin": "TERRESTRE", "clasificac": "DESARROLLO", "estado_act": "INACTIVO", "tipo_de_hi": "ACEITE", "fecha_inic": "11-DIC-2012", "fecha_fin_": "04-AGO-2013", "profundida": 6702.0, "profundi_1": 0.0, "trayectori": "DIRECCIONAL", "disponible": "DISPONIBLE" }, "geometry": { "type": "Point", "coordinates": [ -93.30524, 18.309132 ] } },
{ "type": "Feature", "properties": { "pozo": "PUERTO CEIBA-137A", "campo": "PUERTO CEIBA", "entidad": "TABASCO", "ubicacin": "TERRESTRE", "clasificac": "DESARROLLO", "estado_act": "INACTIVO", "tipo_de_hi": "ACEITE", "fecha_inic": "22-AGO-2004", "fecha_fin_": null, "profundida": 6246.0, "profundi_1": 6034.1, "trayectori": "DIRECCIONAL", "disponible": "DISPONIBLE" }, "geometry": { "type": "Point", "coordinates": [ -93.214989, 18.438498 ] } },
{ "type": "Feature", "properties": { "pozo": "SAN RAMON-509", "campo": "SAN RAMON", "entidad": "TABASCO", "ubicacin": "TERRESTRE", "clasificac": "DESARROLLO", "estado_act": "INACTIVO", "tipo_de_hi": "ACEITE", "fecha_inic": "11-JUN-2007", "fecha_fin_": "02-JUL-2007", "profundida": 3508.0, "profundi_1": 3507.3, "trayectori": "DIRECCIONAL", "disponible": "DISPONIBLE" }, "geometry": { "type": "Point", "coordinates": [ -93.919065, 18.242323 ] } },
{ "type": "Feature", "properties": { "pozo": "CASTARRICAL-49", "campo": "CASTARRICAL", "entidad": "TABASCO", "ubicacin": "TERRESTRE", "clasificac": "DESARROLLO", "estado_act": "INACTIVO", "tipo_de_hi": "ACEITE", "fecha_inic": "22-JUL-1971", "fecha_fin_": "31-AGO-1971", "profundida": 3750.0, "profundi_1": 3750.0, "trayectori": "VERTICAL", "disponible": "DISPONIBLE" }, "geometry": { "type": "Point", "coordinates": [ -93.29694, 18.398504 ] } },
{ "type": "Feature", "properties": { "pozo": "LUNA-13", "campo": "LUNA-PALAPA", "entidad": "TABASCO", "ubicacin": "TERRESTRE", "clasificac": "DESARROLLO", "estado_act": "INACTIVO", "tipo_de_hi": "ACEITE", "fecha_inic": "21-DIC-1985", "fecha_fin_": "22-MAY-1988", "profundida": 5826.0, "profundi_1": 5826.0, "trayectori": "VERTICAL", "disponible": "DISPONIBLE" }, "geometry": { "type": "Point", "coordinates": [ -92.774256, 18.456747 ] } },
{ "type": "Feature", "properties": { "pozo": "MICO-1A", "campo": "PUERTO CEIBA", "entidad": "TABASCO", "ubicacin": "TERRESTRE", "clasificac": "EXPLORATORIO", "estado_act": "CERRADO", "tipo_de_hi": "ACEITE", "fecha_inic": "14-ENE-1987", "fecha_fin_": "14-FEB-1987", "profundida": 800.0, "profundi_1": 0.0, "trayectori": "VERTICAL", "disponible": "DISPONIBLE" }, "geometry": { "type": "Point", "coordinates": [ -93.201134, 18.437046 ] } },
{ "type": "Feature", "properties": { "pozo": "SAN RAMON-505D", "campo": "SAN RAMON", "entidad": "TABASCO", "ubicacin": "TERRESTRE", "clasificac": "DESARROLLO", "estado_act": "INACTIVO", "tipo_de_hi": "ACEITE", "fecha_inic": "04-JUL-2013", "fecha_fin_": "28-JUL-2013", "profundida": 2802.0, "profundi_1": 2775.0, "trayectori": "DIRECCIONAL", "disponible": "DISPONIBLE" }, "geometry": { "type": "Point", "coordinates": [ -93.908838, 18.229455 ] } },
{ "type": "Feature", "properties": { "pozo": "COSTERO-1001", "campo": "COSTERO", "entidad": "TABASCO", "ubicacin": "TERRESTRE", "clasificac": "DESARROLLO", "estado_act": "INACTIVO", "tipo_de_hi": "ACEITE-GAS", "fecha_inic": "28-JUL-2011", "fecha_fin_": "23-AGO-2012", "profundida": 6934.0, "profundi_1": 6608.0, "trayectori": "DIRECCIONAL", "disponible": "DISPONIBLE" }, "geometry": { "type": "Point", "coordinates": [ -92.508158, 18.636966 ] } },
{ "type": "Feature", "properties": { "pozo": "COSTERO-35", "campo": "COSTERO", "entidad": "TABASCO", "ubicacin": "TERRESTRE", "clasificac": "DESARROLLO", "estado_act": "PRODUCTOR", "tipo_de_hi": "CONDENSADO", "fecha_inic": "01-FEB-2009", "fecha_fin_": "09-JUL-2009", "profundida": 6050.0, "profundi_1": 5882.0, "trayectori": "DIRECCIONAL", "disponible": "DISPONIBLE" }, "geometry": { "type": "Point", "coordinates": [ -92.508075, 18.624125 ] } },
{ "type": "Feature", "properties": { "pozo": "PUERTO CEIBA-119", "campo": "PUERTO CEIBA", "entidad": "TABASCO", "ubicacin": "TERRESTRE", "clasificac": "DESARROLLO", "estado_act": "INACTIVO", "tipo_de_hi": "ACEITE", "fecha_inic": "04-JUL-2004", "fecha_fin_": "09-ABR-2005", "profundida": 6760.0, "profundi_1": 5740.3, "trayectori": "DIRECCIONAL", "disponible": "DISPONIBLE" }, "geometry": { "type": "Point", "coordinates": [ -93.216012, 18.438316 ] } },
{ "type": "Feature", "properties": { "pozo": "LUNA-32", "campo": "LUNA-PALAPA", "entidad": "TABASCO", "ubicacin": "TERRESTRE", "clasificac": "DESARROLLO", "estado_act": "INACTIVO", "tipo_de_hi": "ACEITE", "fecha_inic": "12-AGO-1988", "fecha_fin_": "23-FEB-1990", "profundida": 5686.0, "profundi_1": 5686.0, "trayectori": "VERTICAL", "disponible": "DISPONIBLE" }, "geometry": { "type": "Point", "coordinates": [ -92.790752, 18.474913 ] } },
{ "type": "Feature", "properties": { "pozo": "AMATILLO-1", "campo": "NO DISPONIBLE", "entidad": "TABASCO", "ubicacin": "TERRESTRE", "clasificac": "EXPLORATORIO", "estado_act": "CERRADO", "tipo_de_hi": null, "fecha_inic": "02-FEB-1968", "fecha_fin_": "09-ABR-1968", "profundida": 3500.0, "profundi_1": 0.0, "trayectori": "VERTICAL", "disponible": "DISPONIBLE" }, "geometry": { "type": "Point", "coordinates": [ -93.314636, 18.423059 ] } },
{ "type": "Feature", "properties": { "pozo": "TIZON-236", "campo": "TIZON", "entidad": "TABASCO", "ubicacin": "TERRESTRE", "clasificac": "DESARROLLO", "estado_act": "PRODUCTOR", "tipo_de_hi": "CONDENSADO", "fecha_inic": "14-AGO-2009", "fecha_fin_": "06-MAR-2010", "profundida": 6945.0, "profundi_1": 6184.0, "trayectori": "DIRECCIONAL", "disponible": "DISPONIBLE" }, "geometry": { "type": "Point", "coordinates": [ -92.71835, 18.563941 ] } },
{ "type": "Feature", "properties": { "pozo": "CASTARRICAL-22", "campo": "CASTARRICAL", "entidad": "TABASCO", "ubicacin": "TERRESTRE", "clasificac": "DESARROLLO", "estado_act": "INACTIVO", "tipo_de_hi": "ACEITE-GAS", "fecha_inic": "29-NOV-1968", "fecha_fin_": "30-DIC-1968", "profundida": 3333.0, "profundi_1": 3333.0, "trayectori": "VERTICAL", "disponible": "DISPONIBLE" }, "geometry": { "type": "Point", "coordinates": [ -93.323175, 18.387662 ] } },
{ "type": "Feature", "properties": { "pozo": "MARANON-201", "campo": "NO DISPONIBLE", "entidad": "TABASCO", "ubicacin": "TERRESTRE", "clasificac": "EXPLORATORIO", "estado_act": "CERRADO", "tipo_de_hi": null, "fecha_inic": "09-DIC-1983", "fecha_fin_": "01-JUN-1985", "profundida": 5570.0, "profundi_1": 5570.0, "trayectori": "VERTICAL", "disponible": "DISPONIBLE" }, "geometry": { "type": "Point", "coordinates": [ -93.22859, 18.294946 ] } },
{ "type": "Feature", "properties": { "pozo": "MECOACAN-31", "campo": "MECOACAN", "entidad": "TABASCO", "ubicacin": "TERRESTRE", "clasificac": "DESARROLLO", "estado_act": "INACTIVO", "tipo_de_hi": "ACEITE", "fecha_inic": "16-FEB-1962", "fecha_fin_": "25-FEB-1962", "profundida": 2353.0, "profundi_1": 0.0, "trayectori": "VERTICAL", "disponible": "DISPONIBLE" }, "geometry": { "type": "Point", "coordinates": [ -93.10938, 18.344505 ] } },
{ "type": "Feature", "properties": { "pozo": "COSTERO-31", "campo": "COSTERO", "entidad": "TABASCO", "ubicacin": "TERRESTRE", "clasificac": "DESARROLLO", "estado_act": "PRODUCTOR", "tipo_de_hi": "CONDENSADO", "fecha_inic": "29-ABR-2008", "fecha_fin_": "19-NOV-2008", "profundida": 6150.0, "profundi_1": 5802.4, "trayectori": "DIRECCIONAL", "disponible": "DISPONIBLE" }, "geometry": { "type": "Point", "coordinates": [ -92.51611, 18.63336 ] } },
{ "type": "Feature", "properties": { "pozo": "SAN RAMON-39", "campo": "SAN RAMON", "entidad": "TABASCO", "ubicacin": "TERRESTRE", "clasificac": "DESARROLLO", "estado_act": "INACTIVO", "tipo_de_hi": "ACEITE", "fecha_inic": "16-ENE-1971", "fecha_fin_": "17-MAR-1971", "profundida": 3613.0, "profundi_1": 0.0, "trayectori": "VERTICAL", "disponible": "DISPONIBLE" }, "geometry": { "type": "Point", "coordinates": [ -93.925519, 18.238527 ] } },
{ "type": "Feature", "properties": { "pozo": "CASTARRICAL-18", "campo": "CASTARRICAL", "entidad": "TABASCO", "ubicacin": "TERRESTRE", "clasificac": "DESARROLLO", "estado_act": "INACTIVO", "tipo_de_hi": "ACEITE", "fecha_inic": "15-AGO-1969", "fecha_fin_": "13-OCT-1969", "profundida": 3838.0, "profundi_1": 3838.0, "trayectori": "VERTICAL", "disponible": "DISPONIBLE" }, "geometry": { "type": "Point", "coordinates": [ -93.300228, 18.393062 ] } },
{ "type": "Feature", "properties": { "pozo": "SAN RAMON-56", "campo": "SAN RAMON", "entidad": "TABASCO", "ubicacin": "TERRESTRE", "clasificac": "DESARROLLO", "estado_act": "INACTIVO", "tipo_de_hi": "ACEITE", "fecha_inic": "14-DIC-1971", "fecha_fin_": "05-FEB-1972", "profundida": 3505.0, "profundi_1": 0.0, "trayectori": "VERTICAL", "disponible": "DISPONIBLE" }, "geometry": { "type": "Point", "coordinates": [ -93.931882, 18.231071 ] } },
{ "type": "Feature", "properties": { "pozo": "SAN RAMON-64A", "campo": "SAN RAMON", "entidad": "TABASCO", "ubicacin": "TERRESTRE", "clasificac": "DESARROLLO", "estado_act": "INACTIVO", "tipo_de_hi": "ACEITE", "fecha_inic": "01-AGO-1980", "fecha_fin_": "19-SEP-1980", "profundida": 3643.0, "profundi_1": 0.0, "trayectori": "VERTICAL", "disponible": "DISPONIBLE" }, "geometry": { "type": "Point", "coordinates": [ -93.919007, 18.242278 ] } },
{ "type": "Feature", "properties": { "pozo": "PUERTO CEIBA-122A", "campo": "PUERTO CEIBA", "entidad": "TABASCO", "ubicacin": "TERRESTRE", "clasificac": "DESARROLLO", "estado_act": "CERRADO", "tipo_de_hi": "ACEITE", "fecha_inic": "23-JUL-2002", "fecha_fin_": "04-ABR-2003", "profundida": 6200.0, "profundi_1": 6199.4, "trayectori": "DIRECCIONAL", "disponible": "DISPONIBLE" }, "geometry": { "type": "Point", "coordinates": [ -93.245258, 18.429087 ] } },
{ "type": "Feature", "properties": { "pozo": "SAN RAMON-15", "campo": "SAN RAMON", "entidad": "TABASCO", "ubicacin": "TERRESTRE", "clasificac": "DESARROLLO", "estado_act": "INACTIVO", "tipo_de_hi": "ACEITE", "fecha_inic": "13-JUN-1971", "fecha_fin_": "17-JUL-1971", "profundida": 3316.0, "profundi_1": 0.0, "trayectori": "VERTICAL", "disponible": "DISPONIBLE" }, "geometry": { "type": "Point", "coordinates": [ -93.912715, 18.238771 ] } },
{ "type": "Feature", "properties": { "pozo": "SAN RAMON-36D", "campo": "SAN RAMON", "entidad": "TABASCO", "ubicacin": "TERRESTRE", "clasificac": "DESARROLLO", "estado_act": "INACTIVO", "tipo_de_hi": "ACEITE", "fecha_inic": "24-MAY-1981", "fecha_fin_": "19-JUN-1981", "profundida": 2500.0, "profundi_1": 0.0, "trayectori": "VERTICAL", "disponible": "DISPONIBLE" }, "geometry": { "type": "Point", "coordinates": [ -93.892812, 18.231506 ] } },
{ "type": "Feature", "properties": { "pozo": "COSTERO-7", "campo": "COSTERO", "entidad": "TABASCO", "ubicacin": "TERRESTRE", "clasificac": "DESARROLLO", "estado_act": "PRODUCTOR", "tipo_de_hi": "CONDENSADO", "fecha_inic": "25-FEB-2013", "fecha_fin_": "09-SEP-2013", "profundida": 6061.0, "profundi_1": 0.0, "trayectori": "DIRECCIONAL", "disponible": "DISPONIBLE" }, "geometry": { "type": "Point", "coordinates": [ -92.508088, 18.624113 ] } },
{ "type": "Feature", "properties": { "pozo": "PUERTO CEIBA-1", "campo": "PUERTO CEIBA", "entidad": "TABASCO", "ubicacin": "TERRESTRE", "clasificac": "EXPLORATORIO", "estado_act": "INACTIVO", "tipo_de_hi": "ACEITE", "fecha_inic": "21-ABR-1982", "fecha_fin_": "24-JUN-1983", "profundida": 5332.0, "profundi_1": 0.0, "trayectori": "VERTICAL", "disponible": "DISPONIBLE" }, "geometry": { "type": "Point", "coordinates": [ -93.241421, 18.435582 ] } },
{ "type": "Feature", "properties": { "pozo": "PUERTO CEIBA-103D", "campo": "PUERTO CEIBA", "entidad": "TABASCO", "ubicacin": "TERRESTRE", "clasificac": "DESARROLLO", "estado_act": "PRODUCTOR", "tipo_de_hi": "ACEITE", "fecha_inic": "12-SEP-2002", "fecha_fin_": "31-MAY-2003", "profundida": 6456.0, "profundi_1": 6347.0, "trayectori": "DIRECCIONAL", "disponible": "DISPONIBLE" }, "geometry": { "type": "Point", "coordinates": [ -93.232187, 18.43567 ] } },
{ "type": "Feature", "properties": { "pozo": "SAN RAMON-34", "campo": "SAN RAMON", "entidad": "TABASCO", "ubicacin": "TERRESTRE", "clasificac": "DESARROLLO", "estado_act": "CERRADO", "tipo_de_hi": "ACEITE", "fecha_inic": "01-DIC-1979", "fecha_fin_": "20-DIC-1979", "profundida": 2397.0, "profundi_1": 0.0, "trayectori": "VERTICAL", "disponible": "DISPONIBLE" }, "geometry": { "type": "Point", "coordinates": [ -93.905823, 18.224126 ] } },
{ "type": "Feature", "properties": { "pozo": "PUERTO CEIBA-121C", "campo": "PUERTO CEIBA", "entidad": "TABASCO", "ubicacin": "TERRESTRE", "clasificac": "DESARROLLO", "estado_act": "CERRADO", "tipo_de_hi": null, "fecha_inic": "11-SEP-2002", "fecha_fin_": "07-OCT-2003", "profundida": 6232.0, "profundi_1": 6190.9, "trayectori": "DIRECCIONAL", "disponible": "DISPONIBLE" }, "geometry": { "type": "Point", "coordinates": [ -93.237921, 18.428232 ] } },
{ "type": "Feature", "properties": { "pozo": "SAN RAMON-18", "campo": "SAN RAMON", "entidad": "TABASCO", "ubicacin": "TERRESTRE", "clasificac": "DESARROLLO", "estado_act": "CERRADO", "tipo_de_hi": "ACEITE", "fecha_inic": "25-SEP-1968", "fecha_fin_": "17-OCT-1968", "profundida": 2750.0, "profundi_1": 0.0, "trayectori": "VERTICAL", "disponible": "DISPONIBLE" }, "geometry": { "type": "Point", "coordinates": [ -93.915658, 18.225898 ] } },
{ "type": "Feature", "properties": { "pozo": "SAN RAMON-1001", "campo": "SAN RAMON", "entidad": "TABASCO", "ubicacin": "TERRESTRE", "clasificac": "EXPLORATORIO", "estado_act": "CERRADO", "tipo_de_hi": null, "fecha_inic": "18-ABR-2012", "fecha_fin_": "01-MAY-2012", "profundida": 877.5, "profundi_1": 0.0, "trayectori": "VERTICAL", "disponible": "DISPONIBLE" }, "geometry": { "type": "Point", "coordinates": [ -93.905658, 18.238357 ] } },
{ "type": "Feature", "properties": { "pozo": "MECOACAN-60", "campo": "MECOACAN", "entidad": "TABASCO", "ubicacin": "TERRESTRE", "clasificac": "DESARROLLO", "estado_act": "CERRADO", "tipo_de_hi": null, "fecha_inic": "11-JUL-1961", "fecha_fin_": "20-JUL-1961", "profundida": 2390.0, "profundi_1": 0.0, "trayectori": "VERTICAL", "disponible": "DISPONIBLE" }, "geometry": { "type": "Point", "coordinates": [ -93.112596, 18.331825 ] } },
{ "type": "Feature", "properties": { "pozo": "MECOACAN-69", "campo": "MECOACAN", "entidad": "TABASCO", "ubicacin": "TERRESTRE", "clasificac": "DESARROLLO", "estado_act": "INACTIVO", "tipo_de_hi": "ACEITE", "fecha_inic": "29-ABR-1962", "fecha_fin_": "16-MAY-1962", "profundida": 2260.0, "profundi_1": 0.0, "trayectori": "VERTICAL", "disponible": "DISPONIBLE" }, "geometry": { "type": "Point", "coordinates": [ -93.066611, 18.328289 ] } },
{ "type": "Feature", "properties": { "pozo": "MECOACAN-9", "campo": "MECOACAN", "entidad": "TABASCO", "ubicacin": "TERRESTRE", "clasificac": "DESARROLLO", "estado_act": "INACTIVO", "tipo_de_hi": "ACEITE", "fecha_inic": "29-ABR-1960", "fecha_fin_": "25-MAY-1960", "profundida": 2430.0, "profundi_1": 0.0, "trayectori": "VERTICAL", "disponible": "DISPONIBLE" }, "geometry": { "type": "Point", "coordinates": [ -93.096198, 18.333669 ] } },
{ "type": "Feature", "properties": { "pozo": "ARRASTRADERO-122", "campo": "NO DISPONIBLE", "entidad": "TABASCO", "ubicacin": "TERRESTRE", "clasificac": "DESARROLLO", "estado_act": "CERRADO", "tipo_de_hi": "ACEITE", "fecha_inic": "12-MAR-1988", "fecha_fin_": "28-ABR-1988", "profundida": 1000.0, "profundi_1": 0.0, "trayectori": "VERTICAL", "disponible": "DISPONIBLE" }, "geometry": { "type": "Point", "coordinates": [ -93.276844, 18.37538 ] } },
{ "type": "Feature", "properties": { "pozo": "VICTORIA-101", "campo": "NO DISPONIBLE", "entidad": "TABASCO", "ubicacin": "TERRESTRE", "clasificac": "EXPLORATORIO", "estado_act": "CERRADO", "tipo_de_hi": null, "fecha_inic": "15-NOV-1979", "fecha_fin_": "20-OCT-1981", "profundida": 5700.0, "profundi_1": 0.0, "trayectori": "VERTICAL", "disponible": "DISPONIBLE" }, "geometry": { "type": "Point", "coordinates": [ -92.628535, 18.610615 ] } },
{ "type": "Feature", "properties": { "pozo": "RODADOR-716", "campo": "RODADOR", "entidad": "TABASCO", "ubicacin": "TERRESTRE", "clasificac": null, "estado_act": "CERRADO", "tipo_de_hi": null, "fecha_inic": null, "fecha_fin_": null, "profundida": 0.0, "profundi_1": 0.0, "trayectori": null, "disponible": "CONFIDENCIAL" }, "geometry": { "type": "Point", "coordinates": [ -93.98354564, 18.23034961 ] } },
{ "type": "Feature", "properties": { "pozo": "MECOACAN-45", "campo": "MECOACAN", "entidad": "TABASCO", "ubicacin": "TERRESTRE", "clasificac": "DESARROLLO", "estado_act": "INACTIVO", "tipo_de_hi": "ACEITE", "fecha_inic": "17-AGO-1961", "fecha_fin_": "25-AGO-1961", "profundida": 2225.0, "profundi_1": 0.0, "trayectori": "VERTICAL", "disponible": "DISPONIBLE" }, "geometry": { "type": "Point", "coordinates": [ -93.066693, 18.33547 ] } },
{ "type": "Feature", "properties": { "pozo": "SAN RAMON-11", "campo": "SAN RAMON", "entidad": "TABASCO", "ubicacin": "TERRESTRE", "clasificac": "DESARROLLO", "estado_act": "INACTIVO", "tipo_de_hi": "ACEITE", "fecha_inic": "07-SEP-1968", "fecha_fin_": "08-DIC-1968", "profundida": 3334.0, "profundi_1": 3334.0, "trayectori": "VERTICAL", "disponible": "DISPONIBLE" }, "geometry": { "type": "Point", "coordinates": [ -93.9156, 18.236881 ] } },
{ "type": "Feature", "properties": { "pozo": "CASTARRICAL-4", "campo": "CASTARRICAL", "entidad": "TABASCO", "ubicacin": "TERRESTRE", "clasificac": "DESARROLLO", "estado_act": "INACTIVO", "tipo_de_hi": "ACEITE", "fecha_inic": "04-MAY-1968", "fecha_fin_": "06-JUN-1968", "profundida": 3175.0, "profundi_1": 3175.0, "trayectori": "VERTICAL", "disponible": "DISPONIBLE" }, "geometry": { "type": "Point", "coordinates": [ -93.319902, 18.382234 ] } },
{ "type": "Feature", "properties": { "pozo": "CASTARRICAL-16", "campo": "CASTARRICAL", "entidad": "TABASCO", "ubicacin": "TERRESTRE", "clasificac": "DESARROLLO", "estado_act": "INACTIVO", "tipo_de_hi": "ACEITE", "fecha_inic": "27-JUL-1968", "fecha_fin_": "04-SEP-1968", "profundida": 3340.0, "profundi_1": 0.0, "trayectori": "VERTICAL", "disponible": "DISPONIBLE" }, "geometry": { "type": "Point", "coordinates": [ -93.323183, 18.384039 ] } },
{ "type": "Feature", "properties": { "pozo": "PUERTO CEIBA-105A", "campo": "PUERTO CEIBA", "entidad": "TABASCO", "ubicacin": "TERRESTRE", "clasificac": "DESARROLLO", "estado_act": "INACTIVO", "tipo_de_hi": null, "fecha_inic": "17-MAY-2001", "fecha_fin_": "29-MAR-2002", "profundida": 6188.0, "profundi_1": 6011.0, "trayectori": "DIRECCIONAL", "disponible": "DISPONIBLE" }, "geometry": { "type": "Point", "coordinates": [ -93.221873, 18.43715 ] } },
{ "type": "Feature", "properties": { "pozo": "LUNA-38", "campo": "LUNA-PALAPA", "entidad": "TABASCO", "ubicacin": "TERRESTRE", "clasificac": "DESARROLLO", "estado_act": "INACTIVO", "tipo_de_hi": "ACEITE", "fecha_inic": "20-FEB-2001", "fecha_fin_": "06-NOV-2001", "profundida": 5280.0, "profundi_1": 5205.0, "trayectori": "DIRECCIONAL", "disponible": "DISPONIBLE" }, "geometry": { "type": "Point", "coordinates": [ -92.807268, 18.475895 ] } },
{ "type": "Feature", "properties": { "pozo": "SAN RAMON-88", "campo": "SAN RAMON", "entidad": "TABASCO", "ubicacin": "TERRESTRE", "clasificac": "DESARROLLO", "estado_act": "INACTIVO", "tipo_de_hi": "ACEITE", "fecha_inic": "25-MAR-1981", "fecha_fin_": "18-MAY-1981", "profundida": 3569.0, "profundi_1": 0.0, "trayectori": "VERTICAL", "disponible": "DISPONIBLE" }, "geometry": { "type": "Point", "coordinates": [ -93.938736, 18.238376 ] } },
{ "type": "Feature", "properties": { "pozo": "COSTERO-6", "campo": "COSTERO", "entidad": "TABASCO", "ubicacin": "TERRESTRE", "clasificac": "DESARROLLO", "estado_act": "INACTIVO", "tipo_de_hi": "CONDENSADO", "fecha_inic": "19-ENE-2009", "fecha_fin_": "11-JUN-2009", "profundida": 6020.0, "profundi_1": 5844.0, "trayectori": "DIRECCIONAL", "disponible": "DISPONIBLE" }, "geometry": { "type": "Point", "coordinates": [ -92.499881, 18.633797 ] } },
{ "type": "Feature", "properties": { "pozo": "SANCHEZ MAGALLANES-632", "campo": "MAGALLANES TUCAN PAJONAL", "entidad": "TABASCO", "ubicacin": "TERRESTRE", "clasificac": "DESARROLLO", "estado_act": "INACTIVO", "tipo_de_hi": null, "fecha_inic": "09-SEP-1980", "fecha_fin_": "08-NOV-1980", "profundida": 3650.0, "profundi_1": 3650.0, "trayectori": "VERTICAL", "disponible": "DISPONIBLE" }, "geometry": { "type": "Point", "coordinates": [ -93.854741, 18.195375 ] } },
{ "type": "Feature", "properties": { "pozo": "SAN RAMON-534", "campo": "SAN RAMON", "entidad": "TABASCO", "ubicacin": "TERRESTRE", "clasificac": "DESARROLLO", "estado_act": "INACTIVO", "tipo_de_hi": "ACEITE", "fecha_inic": "29-DIC-2011", "fecha_fin_": "19-ENE-2012", "profundida": 2975.0, "profundi_1": 2912.5, "trayectori": "DIRECCIONAL", "disponible": "DISPONIBLE" }, "geometry": { "type": "Point", "coordinates": [ -93.90558, 18.231028 ] } },
{ "type": "Feature", "properties": { "pozo": "MECOACAN-38", "campo": "MECOACAN", "entidad": "TABASCO", "ubicacin": "TERRESTRE", "clasificac": "DESARROLLO", "estado_act": "INACTIVO", "tipo_de_hi": "ACEITE", "fecha_inic": "25-JUL-1961", "fecha_fin_": "15-AGO-1961", "profundida": 2340.0, "profundi_1": 0.0, "trayectori": "VERTICAL", "disponible": "DISPONIBLE" }, "geometry": { "type": "Point", "coordinates": [ -93.109333, 18.340872 ] } },
{ "type": "Feature", "properties": { "pozo": "GALAPAGO-1", "campo": "NO DISPONIBLE", "entidad": "TABASCO", "ubicacin": "TERRESTRE", "clasificac": "EXPLORATORIO", "estado_act": "CERRADO", "tipo_de_hi": null, "fecha_inic": "26-FEB-1972", "fecha_fin_": "03-AGO-1972", "profundida": 4473.0, "profundi_1": 4473.0, "trayectori": "VERTICAL", "disponible": "DISPONIBLE" }, "geometry": { "type": "Point", "coordinates": [ -93.69380134, 18.21877605 ] } },
{ "type": "Feature", "properties": { "pozo": "HUAYCURA-1", "campo": "NO DISPONIBLE", "entidad": "TABASCO", "ubicacin": "TERRESTRE", "clasificac": "EXPLORATORIO", "estado_act": "CERRADO", "tipo_de_hi": "ACEITE", "fecha_inic": "10-ABR-2010", "fecha_fin_": "24-JUL-2011", "profundida": 6260.0, "profundi_1": 5795.0, "trayectori": "DIRECCIONAL", "disponible": "DISPONIBLE" }, "geometry": { "type": "Point", "coordinates": [ -93.01573, 18.348201 ] } },
{ "type": "Feature", "properties": { "pozo": "MECOACAN-96", "campo": "MECOACAN", "entidad": "TABASCO", "ubicacin": "TERRESTRE", "clasificac": "DESARROLLO", "estado_act": "INACTIVO", "tipo_de_hi": "GAS", "fecha_inic": "09-JUN-1960", "fecha_fin_": "18-JUN-1960", "profundida": 2300.0, "profundi_1": 0.0, "trayectori": "VERTICAL", "disponible": "DISPONIBLE" }, "geometry": { "type": "Point", "coordinates": [ -93.08965, 18.340904 ] } },
{ "type": "Feature", "properties": { "pozo": "PUERTO CEIBA-104", "campo": "PUERTO CEIBA", "entidad": "TABASCO", "ubicacin": "TERRESTRE", "clasificac": "DESARROLLO", "estado_act": "CERRADO", "tipo_de_hi": null, "fecha_inic": "26-ENE-1987", "fecha_fin_": "15-NOV-1987", "profundida": 5060.0, "profundi_1": 5060.0, "trayectori": "VERTICAL", "disponible": "DISPONIBLE" }, "geometry": { "type": "Point", "coordinates": [ -93.26036, 18.435509 ] } },
{ "type": "Feature", "properties": { "pozo": "PUERTO CEIBA-133", "campo": "PUERTO CEIBA", "entidad": "TABASCO", "ubicacin": "TERRESTRE", "clasificac": "DESARROLLO", "estado_act": "PRODUCTOR", "tipo_de_hi": "ACEITE", "fecha_inic": "14-FEB-2004", "fecha_fin_": "23-DIC-2004", "profundida": 6580.0, "profundi_1": 5726.7, "trayectori": "DIRECCIONAL", "disponible": "DISPONIBLE" }, "geometry": { "type": "Point", "coordinates": [ -93.221569, 18.436376 ] } },
{ "type": "Feature", "properties": { "pozo": "MECOACAN-64", "campo": "MECOACAN", "entidad": "TABASCO", "ubicacin": "TERRESTRE", "clasificac": "DESARROLLO", "estado_act": "INACTIVO", "tipo_de_hi": "ACEITE", "fecha_inic": "04-SEP-1961", "fecha_fin_": "16-SEP-1961", "profundida": 2260.0, "profundi_1": 0.0, "trayectori": "VERTICAL", "disponible": "DISPONIBLE" }, "geometry": { "type": "Point", "coordinates": [ -93.08635, 18.325057 ] } },
{ "type": "Feature", "properties": { "pozo": "CRATER-52", "campo": "CRATER", "entidad": "TABASCO", "ubicacin": "TERRESTRE", "clasificac": "DESARROLLO", "estado_act": "INACTIVO", "tipo_de_hi": "ACEITE", "fecha_inic": "30-AGO-2009", "fecha_fin_": "31-ENE-2010", "profundida": 6090.0, "profundi_1": 5937.0, "trayectori": "DIRECCIONAL", "disponible": "DISPONIBLE" }, "geometry": { "type": "Point", "coordinates": [ -92.754378, 18.517755 ] } },
{ "type": "Feature", "properties": { "pozo": "MECOACAN-12", "campo": "MECOACAN", "entidad": "TABASCO", "ubicacin": "TERRESTRE", "clasificac": "DESARROLLO", "estado_act": "INACTIVO", "tipo_de_hi": "ACEITE", "fecha_inic": "12-FEB-1961", "fecha_fin_": "21-FEB-1961", "profundida": 2350.0, "profundi_1": 2350.0, "trayectori": "VERTICAL", "disponible": "DISPONIBLE" }, "geometry": { "type": "Point", "coordinates": [ -93.092982, 18.342708 ] } },
{ "type": "Feature", "properties": { "pozo": "SAN RAMON-52", "campo": "SAN RAMON", "entidad": "TABASCO", "ubicacin": "TERRESTRE", "clasificac": "DESARROLLO", "estado_act": "INACTIVO", "tipo_de_hi": "ACEITE", "fecha_inic": "20-SEP-1971", "fecha_fin_": "09-NOV-1971", "profundida": 3800.0, "profundi_1": 0.0, "trayectori": "VERTICAL", "disponible": "DISPONIBLE" }, "geometry": { "type": "Point", "coordinates": [ -93.928802, 18.240343 ] } },
{ "type": "Feature", "properties": { "pozo": "CASTARRICAL-42", "campo": "CASTARRICAL", "entidad": "TABASCO", "ubicacin": "TERRESTRE", "clasificac": "DESARROLLO", "estado_act": "INACTIVO", "tipo_de_hi": "ACEITE", "fecha_inic": "24-MAR-1970", "fecha_fin_": "03-MAY-1970", "profundida": 3729.0, "profundi_1": 3729.0, "trayectori": "VERTICAL", "disponible": "DISPONIBLE" }, "geometry": { "type": "Point", "coordinates": [ -93.303415, 18.398408 ] } },
{ "type": "Feature", "properties": { "pozo": "SAN RAMON-519", "campo": "SAN RAMON", "entidad": "TABASCO", "ubicacin": "TERRESTRE", "clasificac": "DESARROLLO", "estado_act": "PRODUCTOR", "tipo_de_hi": "ACEITE", "fecha_inic": "13-MAR-2008", "fecha_fin_": "02-ABR-2008", "profundida": 3543.0, "profundi_1": 3516.0, "trayectori": "DIRECCIONAL", "disponible": "DISPONIBLE" }, "geometry": { "type": "Point", "coordinates": [ -93.925409, 18.234692 ] } },
{ "type": "Feature", "properties": { "pozo": "MECOACAN-63", "campo": "MECOACAN", "entidad": "TABASCO", "ubicacin": "TERRESTRE", "clasificac": "DESARROLLO", "estado_act": "INACTIVO", "tipo_de_hi": "ACEITE", "fecha_inic": "18-AGO-1961", "fecha_fin_": "26-AGO-1961", "profundida": 2285.0, "profundi_1": 0.0, "trayectori": "VERTICAL", "disponible": "DISPONIBLE" }, "geometry": { "type": "Point", "coordinates": [ -93.092938, 18.324621 ] } },
{ "type": "Feature", "properties": { "pozo": "SAN RAMON-13D", "campo": "SAN RAMON", "entidad": "TABASCO", "ubicacin": "TERRESTRE", "clasificac": "DESARROLLO", "estado_act": "INACTIVO", "tipo_de_hi": "ACEITE", "fecha_inic": "15-ABR-1971", "fecha_fin_": "24-MAY-1971", "profundida": 3330.0, "profundi_1": 0.0, "trayectori": "VERTICAL", "disponible": "DISPONIBLE" }, "geometry": { "type": "Point", "coordinates": [ -93.918977, 18.238586 ] } },
{ "type": "Feature", "properties": { "pozo": "CASTARRICAL-33", "campo": "CASTARRICAL", "entidad": "TABASCO", "ubicacin": "TERRESTRE", "clasificac": "DESARROLLO", "estado_act": "INACTIVO", "tipo_de_hi": "ACEITE", "fecha_inic": "29-JUL-1969", "fecha_fin_": "05-NOV-1969", "profundida": 3393.0, "profundi_1": 3393.0, "trayectori": "VERTICAL", "disponible": "DISPONIBLE" }, "geometry": { "type": "Point", "coordinates": [ -93.326464, 18.385847 ] } },
{ "type": "Feature", "properties": { "pozo": "COSTERO-8", "campo": "COSTERO", "entidad": "TABASCO", "ubicacin": "TERRESTRE", "clasificac": "DESARROLLO", "estado_act": "PRODUCTOR", "tipo_de_hi": "CONDENSADO", "fecha_inic": "26-ENE-2004", "fecha_fin_": "17-OCT-2004", "profundida": 6041.0, "profundi_1": 5873.9, "trayectori": "DIRECCIONAL", "disponible": "DISPONIBLE" }, "geometry": { "type": "Point", "coordinates": [ -92.507828, 18.624308 ] } },
{ "type": "Feature", "properties": { "pozo": "TRES PALMAS-1", "campo": "NO DISPONIBLE", "entidad": "TABASCO", "ubicacin": "TERRESTRE", "clasificac": "EXPLORATORIO", "estado_act": "CERRADO", "tipo_de_hi": "ACEITE", "fecha_inic": "13-AGO-1963", "fecha_fin_": "20-OCT-1968", "profundida": 4150.0, "profundi_1": 0.1, "trayectori": "VERTICAL", "disponible": "DISPONIBLE" }, "geometry": { "type": "Point", "coordinates": [ -93.301695, 18.414864 ] } },
{ "type": "Feature", "properties": { "pozo": "SAN RAMON-35", "campo": "SAN RAMON", "entidad": "TABASCO", "ubicacin": "TERRESTRE", "clasificac": "DESARROLLO", "estado_act": "INACTIVO", "tipo_de_hi": "ACEITE", "fecha_inic": "15-JUL-1980", "fecha_fin_": "03-SEP-1980", "profundida": 3375.0, "profundi_1": 3375.0, "trayectori": "VERTICAL", "disponible": "DISPONIBLE" }, "geometry": { "type": "Point", "coordinates": [ -93.924387, 18.233107 ] } },
{ "type": "Feature", "properties": { "pozo": "MECOACAN-44", "campo": "MECOACAN", "entidad": "TABASCO", "ubicacin": "TERRESTRE", "clasificac": "DESARROLLO", "estado_act": "INACTIVO", "tipo_de_hi": "ACEITE", "fecha_inic": "16-MAY-1961", "fecha_fin_": "27-MAY-1961", "profundida": 2210.0, "profundi_1": 0.0, "trayectori": "VERTICAL", "disponible": "DISPONIBLE" }, "geometry": { "type": "Point", "coordinates": [ -93.069946, 18.333675 ] } },
{ "type": "Feature", "properties": { "pozo": "MECOACAN-19", "campo": "MECOACAN", "entidad": "TABASCO", "ubicacin": "TERRESTRE", "clasificac": "DESARROLLO", "estado_act": "INACTIVO", "tipo_de_hi": "ACEITE", "fecha_inic": "26-ENE-1961", "fecha_fin_": "01-FEB-1961", "profundida": 2210.0, "profundi_1": 0.0, "trayectori": "VERTICAL", "disponible": "DISPONIBLE" }, "geometry": { "type": "Point", "coordinates": [ -93.089637, 18.330077 ] } },
{ "type": "Feature", "properties": { "pozo": "SAN RAMON-43", "campo": "SAN RAMON", "entidad": "TABASCO", "ubicacin": "TERRESTRE", "clasificac": "DESARROLLO", "estado_act": "PRODUCTOR", "tipo_de_hi": "ACEITE", "fecha_inic": "30-NOV-1971", "fecha_fin_": "13-ENE-1972", "profundida": 3510.0, "profundi_1": 0.0, "trayectori": "VERTICAL", "disponible": "DISPONIBLE" }, "geometry": { "type": "Point", "coordinates": [ -93.915605, 18.240436 ] } },
{ "type": "Feature", "properties": { "pozo": "MECOACAN-39", "campo": "MECOACAN", "entidad": "TABASCO", "ubicacin": "TERRESTRE", "clasificac": "DESARROLLO", "estado_act": "INACTIVO", "tipo_de_hi": "ACEITE", "fecha_inic": "07-MAR-1962", "fecha_fin_": "16-MAR-1962", "profundida": 2370.0, "profundi_1": 0.0, "trayectori": "VERTICAL", "disponible": "DISPONIBLE" }, "geometry": { "type": "Point", "coordinates": [ -93.112638, 18.342678 ] } },
{ "type": "Feature", "properties": { "pozo": "CRATER-91", "campo": "CRATER", "entidad": "TABASCO", "ubicacin": "TERRESTRE", "clasificac": "DESARROLLO", "estado_act": "INACTIVO", "tipo_de_hi": "ACEITE", "fecha_inic": "24-MAR-2010", "fecha_fin_": "20-AGO-2010", "profundida": 6053.0, "profundi_1": 5960.3, "trayectori": "DIRECCIONAL", "disponible": "DISPONIBLE" }, "geometry": { "type": "Point", "coordinates": [ -92.754395, 18.517752 ] } },
{ "type": "Feature", "properties": { "pozo": "ARRASTRADERO-104", "campo": "CASTARRICAL", "entidad": "TABASCO", "ubicacin": "TERRESTRE", "clasificac": "EXPLORATORIO", "estado_act": "CERRADO", "tipo_de_hi": null, "fecha_inic": "20-FEB-1983", "fecha_fin_": "28-OCT-1983", "profundida": 4113.0, "profundi_1": 0.0, "trayectori": "VERTICAL", "disponible": "DISPONIBLE" }, "geometry": { "type": "Point", "coordinates": [ -93.285072, 18.38179 ] } },
{ "type": "Feature", "properties": { "pozo": "SAN RAMON-501", "campo": "SAN RAMON", "entidad": "TABASCO", "ubicacin": "TERRESTRE", "clasificac": "DESARROLLO", "estado_act": "INACTIVO", "tipo_de_hi": "ACEITE", "fecha_inic": "22-OCT-2005", "fecha_fin_": "13-NOV-2005", "profundida": 3500.0, "profundi_1": 3475.0, "trayectori": "DIRECCIONAL", "disponible": "DISPONIBLE" }, "geometry": { "type": "Point", "coordinates": [ -93.925553, 18.238392 ] } },
{ "type": "Feature", "properties": { "pozo": "MECOACAN-8", "campo": "MECOACAN", "entidad": "TABASCO", "ubicacin": "TERRESTRE", "clasificac": "DESARROLLO", "estado_act": "INACTIVO", "tipo_de_hi": "ACEITE", "fecha_inic": "30-NOV-1960", "fecha_fin_": "13-DIC-1960", "profundida": 2320.0, "profundi_1": 0.0, "trayectori": "VERTICAL", "disponible": "DISPONIBLE" }, "geometry": { "type": "Point", "coordinates": [ -93.102764, 18.333649 ] } },
{ "type": "Feature", "properties": { "pozo": "MICO-1", "campo": "PUERTO CEIBA", "entidad": "TABASCO", "ubicacin": "TERRESTRE", "clasificac": "EXPLORATORIO", "estado_act": "CERRADO", "tipo_de_hi": "ACEITE", "fecha_inic": "26-DIC-1985", "fecha_fin_": "20-DIC-1986", "profundida": 4049.0, "profundi_1": 0.0, "trayectori": "VERTICAL", "disponible": "DISPONIBLE" }, "geometry": { "type": "Point", "coordinates": [ -93.200969, 18.437043 ] } },
{ "type": "Feature", "properties": { "pozo": "MECOACAN-32D", "campo": "MECOACAN", "entidad": "TABASCO", "ubicacin": "TERRESTRE", "clasificac": "DESARROLLO", "estado_act": "INACTIVO", "tipo_de_hi": "ACEITE", "fecha_inic": "21-MAR-1961", "fecha_fin_": "27-MAR-1961", "profundida": 1655.0, "profundi_1": 0.0, "trayectori": "VERTICAL", "disponible": "DISPONIBLE" }, "geometry": { "type": "Point", "coordinates": [ -93.092879, 18.33549 ] } },
{ "type": "Feature", "properties": { "pozo": "PUERTO CEIBA-111A", "campo": "PUERTO CEIBA", "entidad": "TABASCO", "ubicacin": "TERRESTRE", "clasificac": "DESARROLLO", "estado_act": "INACTIVO", "tipo_de_hi": "ACEITE", "fecha_inic": "22-MAY-1998", "fecha_fin_": "18-MAY-2000", "profundida": 5715.0, "profundi_1": 5527.0, "trayectori": "DIRECCIONAL", "disponible": "DISPONIBLE" }, "geometry": { "type": "Point", "coordinates": [ -93.232187, 18.43567 ] } },
{ "type": "Feature", "properties": { "pozo": "TUPILCO-69", "campo": "TUPILCO", "entidad": "TABASCO", "ubicacin": "TERRESTRE", "clasificac": "DESARROLLO", "estado_act": "INACTIVO", "tipo_de_hi": "ACEITE", "fecha_inic": "10-DIC-1968", "fecha_fin_": "31-DIC-1968", "profundida": 3100.0, "profundi_1": 0.0, "trayectori": "VERTICAL", "disponible": "DISPONIBLE" }, "geometry": { "type": "Point", "coordinates": [ -93.343345, 18.359971 ] } },
{ "type": "Feature", "properties": { "pozo": "SAN RAMON-549", "campo": "SAN RAMON", "entidad": "TABASCO", "ubicacin": "TERRESTRE", "clasificac": "DESARROLLO", "estado_act": "INACTIVO", "tipo_de_hi": "ACEITE", "fecha_inic": "08-ABR-2012", "fecha_fin_": "13-MAY-2012", "profundida": 3607.0, "profundi_1": 3477.9, "trayectori": "DIRECCIONAL", "disponible": "DISPONIBLE" }, "geometry": { "type": "Point", "coordinates": [ -93.925581, 18.235077 ] } },
{ "type": "Feature", "properties": { "pozo": "CASTARRICAL-57", "campo": "CASTARRICAL", "entidad": "TABASCO", "ubicacin": "TERRESTRE", "clasificac": "DESARROLLO", "estado_act": "INACTIVO", "tipo_de_hi": "ACEITE", "fecha_inic": "12-DIC-1971", "fecha_fin_": "31-DIC-1971", "profundida": 3200.0, "profundi_1": 3200.0, "trayectori": "VERTICAL", "disponible": "DISPONIBLE" }, "geometry": { "type": "Point", "coordinates": [ -93.296802, 18.405714 ] } }
]
}
