{
"type": "FeatureCollection",
"name": "Reservas_Loc",
"crs": { "type": "name", "properties": { "name": "urn:ogc:def:crs:OGC:1.3:CRS84" } },
"features": [
{ "type": "Feature", "properties": { "nombre": "PARETO", "superficie": "49.98", "ubicacin": "Terrestre", "comentario": null, "petrleo_cr": "1.37", "crudo_1p_m": "1.2", "gas_natura": "1.12", "condensado": "0", "volumen_or": "59.12", "volumen__1": "108.67", "petrleo__1": "1.37", "crudo_2p_m": "1.2", "gas_natu_1": "1.12", "condensa_1": "0", "volumen__2": "0", "volumen__3": "0", "petrleo__2": "1.37", "crudo_3p_m": "1.2", "gas_natu_2": "1.12", "condensa_2": "0", "volumen__4": "0", "volumen__5": "0" }, "geometry": { "type": "MultiPolygon", "coordinates": [ [ [ [ -93.35888996839833, 18.281682557806789 ], [ -93.360019524481459, 18.281659287746038 ], [ -93.370910825274336, 18.287472996481654 ], [ -93.373108149957091, 18.290287870040231 ], [ -93.381477615599408, 18.301009538859319 ], [ -93.38262129693527, 18.310299796398567 ], [ -93.382795103511171, 18.313332766294252 ], [ -93.365035964241656, 18.333104349536882 ], [ -93.364126835285106, 18.334116499876586 ], [ -93.346077023635701, 18.343599555874846 ], [ -93.345453757550274, 18.343660198826797 ], [ -93.333172683072746, 18.344855130859628 ], [ -93.329784523968556, 18.343539854078585 ], [ -93.31315272661692, 18.337083422661919 ], [ -93.293122714841331, 18.32211965979451 ], [ -93.285994817806511, 18.303847165214506 ], [ -93.294810951863894, 18.303012407296819 ], [ -93.307919436732561, 18.297034371738846 ], [ -93.314785079767603, 18.284409794976227 ], [ -93.314789449573368, 18.284409705043856 ], [ -93.314792840017503, 18.284409637594706 ], [ -93.314794327496145, 18.284409626802983 ], [ -93.314796655840951, 18.284409609715681 ], [ -93.314726033879253, 18.282589155265384 ], [ -93.324077877891682, 18.282398521474704 ], [ -93.335504620641643, 18.282164320926825 ], [ -93.344548609600793, 18.281978005102758 ], [ -93.35888996839833, 18.281682557806789 ] ] ] ] } },
{ "type": "Feature", "properties": { "nombre": "CINCO PRESIDENTES", "superficie": "121.71", "ubicacin": "Terrestre", "comentario": null, "petrleo_cr": "5.98", "crudo_1p_m": "5.03", "gas_natura": "9.6", "condensado": "0", "volumen_or": "1103.48", "volumen__1": "1192.58", "petrleo__1": "11.13", "crudo_2p_m": "9.67", "gas_natu_1": "14.9", "condensa_1": "0", "volumen__2": "0", "volumen__3": "0", "petrleo__2": "17.97", "crudo_3p_m": "15.87", "gas_natu_2": "21.46", "condensa_2": "0", "volumen__4": "4.75", "volumen__5": "2.8" }, "geometry": { "type": "MultiPolygon", "coordinates": [ [ [ [ -94.007638371113899, 18.246406240355789 ], [ -93.99355031769295, 18.225256658068339 ], [ -93.985612499317369, 18.212661772422916 ], [ -93.981559981507928, 18.208611632420968 ], [ -93.97544383976134, 18.205443661695657 ], [ -93.961101278201397, 18.190010603806307 ], [ -93.94519916990572, 18.184545888681829 ], [ -93.936831562826342, 18.18577747245244 ], [ -93.935409590779955, 18.163619738460223 ], [ -93.934675701722199, 18.135692045051897 ], [ -93.98348907675944, 18.135719935726502 ], [ -93.998465243076453, 18.128870452609345 ], [ -94.028048252025201, 18.139440902275833 ], [ -94.036946903376872, 18.145214444590973 ], [ -94.043830276545975, 18.149867791365512 ], [ -94.048264061936891, 18.150426871103267 ], [ -94.056841877450665, 18.151506275194485 ], [ -94.081535818323346, 18.204877628399853 ], [ -94.041644757599443, 18.228892492094872 ], [ -94.007638371113899, 18.246406240355789 ], [ -94.007638371113899, 18.246406240355789 ] ] ] ] } },
{ "type": "Feature", "properties": { "nombre": "RODADOR", "superficie": "23.58", "ubicacin": "Terrestre", "comentario": null, "petrleo_cr": "3.3", "crudo_1p_m": "3.17", "gas_natura": "2.15", "condensado": "0", "volumen_or": "180.76", "volumen__1": "211.1", "petrleo__1": "4.1", "crudo_2p_m": "3.93", "gas_natu_1": "3.08", "condensa_1": "0", "volumen__2": "0", "volumen__3": "0", "petrleo__2": "8.64", "crudo_3p_m": "8.37", "gas_natu_2": "4.6", "condensa_2": "0", "volumen__4": "0", "volumen__5": "0" }, "geometry": { "type": "MultiPolygon", "coordinates": [ [ [ [ -93.998988897619483, 18.234119234015527 ], [ -93.996299389605099, 18.23526825012971 ], [ -93.99231898033662, 18.237386435036015 ], [ -93.986280087655871, 18.240423739663914 ], [ -93.979503071009901, 18.241148574347267 ], [ -93.973460373297542, 18.241929277614098 ], [ -93.963540450031701, 18.24138254287007 ], [ -93.951136749461398, 18.240952470879893 ], [ -93.947839142362511, 18.233514039741152 ], [ -93.946700927106065, 18.226749267364816 ], [ -93.941608610448952, 18.2161852127774 ], [ -93.939061269062279, 18.203032475868035 ], [ -93.944381034157345, 18.191662027080934 ], [ -93.946674942094887, 18.189293959248847 ], [ -93.953912574405763, 18.188572811785868 ], [ -93.96081257424089, 18.190041040461747 ], [ -93.975164209060949, 18.205634980769773 ], [ -93.981110098352303, 18.208950717301814 ], [ -93.985085574839388, 18.212880429987869 ], [ -93.989138157400021, 18.21913291075527 ], [ -93.993072940463776, 18.225744216522369 ], [ -93.997780644061436, 18.232460670123881 ], [ -93.998988897619483, 18.234119234015527 ], [ -93.998988897619483, 18.234119234015527 ] ] ] ] } },
{ "type": "Feature", "properties": { "nombre": "SAN RAMON", "superficie": "17.61", "ubicacin": "Terrestre", "comentario": null, "petrleo_cr": "10.05", "crudo_1p_m": "8.65", "gas_natura": "7.05", "condensado": "0", "volumen_or": "426.16", "volumen__1": "187.11", "petrleo__1": "10.05", "crudo_2p_m": "8.65", "gas_natu_1": "7.05", "condensa_1": "0", "volumen__2": "0", "volumen__3": "0", "petrleo__2": "10.05", "crudo_3p_m": "8.65", "gas_natu_2": "7.05", "condensa_2": "0", "volumen__4": "0", "volumen__5": "0" }, "geometry": { "type": "MultiPolygon", "coordinates": [ [ [ [ -93.944955400571246, 18.242189902941707 ], [ -93.941986496579489, 18.243082288516828 ], [ -93.938058859528724, 18.244606301239838 ], [ -93.933519174470291, 18.246215686604735 ], [ -93.92749467453956, 18.248209479983579 ], [ -93.919506405995776, 18.251089164933084 ], [ -93.910427184267121, 18.254433500805465 ], [ -93.902088209803026, 18.257231679298602 ], [ -93.89482793885827, 18.257265758208252 ], [ -93.88895841639777, 18.255495766516429 ], [ -93.887101702181781, 18.251576434704731 ], [ -93.887438070210749, 18.240334416300289 ], [ -93.888799329925121, 18.232805463901105 ], [ -93.891791895979168, 18.227944039186109 ], [ -93.895541533814708, 18.225754154031048 ], [ -93.904146978300389, 18.224000014688944 ], [ -93.911713829929283, 18.224423962296097 ], [ -93.92290911416427, 18.224579385830086 ], [ -93.930431221823369, 18.224752016992035 ], [ -93.938093066142073, 18.226512003726068 ], [ -93.94445013716404, 18.229572727599344 ], [ -93.947119414929034, 18.231524568504081 ], [ -93.94825368755761, 18.234964960964252 ], [ -93.949569869653715, 18.238280986178562 ], [ -93.947876528978611, 18.240503544602987 ], [ -93.944955400571246, 18.242189902941707 ] ] ] ] } },
{ "type": "Feature", "properties": { "nombre": "PUERTO CEIBA", "superficie": "52.01", "ubicacin": "Terrestre", "comentario": null, "petrleo_cr": "12.14", "crudo_1p_m": "9.89", "gas_natura": "9.96", "condensado": "0.3", "volumen_or": "1362.79", "volumen__1": "829.61", "petrleo__1": "13.4", "crudo_2p_m": "11.05", "gas_natu_1": "10.39", "condensa_1": "0.31", "volumen__2": "0", "volumen__3": "0", "petrleo__2": "13.4", "crudo_3p_m": "11.05", "gas_natu_2": "10.39", "condensa_2": "0.31", "volumen__4": "0", "volumen__5": "0" }, "geometry": { "type": "MultiPolygon", "coordinates": [ [ [ [ -93.190859255450164, 18.498983064616766 ], [ -93.190209214683478, 18.481332189528985 ], [ -93.187637959424251, 18.436805840417378 ], [ -93.203398257223682, 18.43498422584139 ], [ -93.215793591401109, 18.431760847884846 ], [ -93.225014189253329, 18.41149099501348 ], [ -93.260104743539046, 18.410644068369095 ], [ -93.263512998725901, 18.440927464830679 ], [ -93.248385230993563, 18.443956449830409 ], [ -93.252020200771597, 18.486476175835037 ], [ -93.242141523112764, 18.487692266984595 ], [ -93.231621921114652, 18.481487179589749 ], [ -93.216070686013325, 18.485316268930831 ], [ -93.212298855607628, 18.495149523631653 ], [ -93.20851932430736, 18.498964433362005 ], [ -93.190859255450164, 18.498983064616766 ] ] ] ] } },
{ "type": "Feature", "properties": { "nombre": "CASTARRICAL", "superficie": "27.9", "ubicacin": "Terrestre", "comentario": null, "petrleo_cr": "12.41", "crudo_1p_m": "11.43", "gas_natura": "4.76", "condensado": "0.05", "volumen_or": "165", "volumen__1": "101.71", "petrleo__1": "12.41", "crudo_2p_m": "11.43", "gas_natu_1": "4.76", "condensa_1": "0.05", "volumen__2": "0", "volumen__3": "0", "petrleo__2": "12.41", "crudo_3p_m": "11.43", "gas_natu_2": "4.76", "condensa_2": "0.05", "volumen__4": "0", "volumen__5": "0" }, "geometry": { "type": "MultiPolygon", "coordinates": [ [ [ [ -93.296180824385488, 18.411022553448142 ], [ -93.290509993641251, 18.409755880829245 ], [ -93.28589933948291, 18.406013463650496 ], [ -93.28118410226449, 18.402609106125396 ], [ -93.277910194100116, 18.40074832697379 ], [ -93.275951083075995, 18.398583722660703 ], [ -93.275354595138424, 18.395552587382046 ], [ -93.275165960540619, 18.392043139579272 ], [ -93.276827369887201, 18.386352498568996 ], [ -93.284644638639122, 18.374958841877071 ], [ -93.295873394741363, 18.368312575864735 ], [ -93.307004504254451, 18.366672668408963 ], [ -93.313698394765083, 18.367203591272741 ], [ -93.317369779891408, 18.36730525333483 ], [ -93.32104610679238, 18.367948666997478 ], [ -93.324042248550882, 18.368853106185956 ], [ -93.325996898937717, 18.370323129908556 ], [ -93.330913947620559, 18.376466600253387 ], [ -93.337324775617844, 18.376661443770654 ], [ -93.342467155734596, 18.37772531477151 ], [ -93.348743810278563, 18.378067299965966 ], [ -93.34673282096287, 18.386569960035672 ], [ -93.345052314512657, 18.395232096883827 ], [ -93.341445654493327, 18.400437881003469 ], [ -93.332733071973678, 18.40399682479368 ], [ -93.319390007043182, 18.407673997057341 ], [ -93.309670171241351, 18.410146062490863 ], [ -93.302981627200325, 18.411408992131317 ], [ -93.296180824385488, 18.411022553448142 ] ] ] ] } },
{ "type": "Feature", "properties": { "nombre": "TUPILCO", "superficie": "71.68", "ubicacin": "Terrestre", "comentario": null, "petrleo_cr": "4.27", "crudo_1p_m": "3.77", "gas_natura": "2.62", "condensado": "0", "volumen_or": "248.59", "volumen__1": "156.09", "petrleo__1": "8.53", "crudo_2p_m": "7.75", "gas_natu_1": "4.14", "condensa_1": "0.01", "volumen__2": "0", "volumen__3": "0", "petrleo__2": "8.53", "crudo_3p_m": "7.75", "gas_natu_2": "4.14", "condensa_2": "0.01", "volumen__4": "10.56", "volumen__5": "6.64" }, "geometry": { "type": "MultiPolygon", "coordinates": [ [ [ [ -93.330162462427666, 18.375443492822967 ], [ -93.329784523968556, 18.343539854078585 ], [ -93.329157652603499, 18.290622567977152 ], [ -93.373108149957091, 18.290287870040231 ], [ -93.399814883849729, 18.290084489207857 ], [ -93.400093667682938, 18.345792046750091 ], [ -93.400114069915958, 18.349868892098527 ], [ -93.400118806137982, 18.35081530048592 ], [ -93.411412480701415, 18.350804308072327 ], [ -93.411403193402577, 18.374076409099018 ], [ -93.376584850410495, 18.374148466378642 ], [ -93.36708153628382, 18.370741563772242 ], [ -93.363030687719856, 18.370945924584419 ], [ -93.36285535062143, 18.370954770146398 ], [ -93.354632880403017, 18.371369584638671 ], [ -93.349579899192975, 18.377019880263447 ], [ -93.330162462427666, 18.375443492822967 ] ] ] ] } },
{ "type": "Feature", "properties": { "nombre": "LUNA PALAPA", "superficie": "34", "ubicacin": "Terrestre", "comentario": null, "petrleo_cr": "1.14", "crudo_1p_m": "0.51", "gas_natura": "3.04", "condensado": "0.01", "volumen_or": "243.28", "volumen__1": "1149.99", "petrleo__1": "1.14", "crudo_2p_m": "0.51", "gas_natu_1": "3.04", "condensa_1": "0.01", "volumen__2": "0", "volumen__3": "0", "petrleo__2": "1.14", "crudo_3p_m": "0.51", "gas_natu_2": "3.04", "condensa_2": "0.01", "volumen__4": "5.93", "volumen__5": "16.66" }, "geometry": { "type": "MultiPolygon", "coordinates": [ [ [ [ -92.831345727523285, 18.484052223231579 ], [ -92.82512119948376, 18.486088675951706 ], [ -92.820077522659517, 18.48598573235569 ], [ -92.815236982001068, 18.486445796736174 ], [ -92.810973763828088, 18.486209880281805 ], [ -92.805414603700967, 18.485058168899375 ], [ -92.801290305603061, 18.483117530849416 ], [ -92.797657552653902, 18.480129819335737 ], [ -92.793651183555255, 18.478415272646753 ], [ -92.790352165420074, 18.476806881932074 ], [ -92.788195396899994, 18.474735943808813 ], [ -92.783905890644292, 18.46922572748538 ], [ -92.780092293024893, 18.465776033337317 ], [ -92.775529954943408, 18.462386737657852 ], [ -92.770284509822261, 18.456833771161662 ], [ -92.764802304682576, 18.45239499183543 ], [ -92.759750882896867, 18.44840444990545 ], [ -92.752166302932494, 18.43969922563879 ], [ -92.742783658938663, 18.427042607830117 ], [ -92.735054749477058, 18.410564361456192 ], [ -92.729651066843246, 18.395384290952361 ], [ -92.728286986854926, 18.385583228383293 ], [ -92.731917684853215, 18.385308581725717 ], [ -92.734043833256237, 18.386796234858437 ], [ -92.738543435531085, 18.39000789734666 ], [ -92.743267155155024, 18.391279893951989 ], [ -92.74579550106148, 18.393097677415938 ], [ -92.75021234232571, 18.395569904727353 ], [ -92.755258670351338, 18.396770112051097 ], [ -92.759329424613213, 18.397516511577798 ], [ -92.763362733803092, 18.398302709702342 ], [ -92.767475624900158, 18.40000382771451 ], [ -92.771516782473498, 18.402455932695197 ], [ -92.773316389739534, 18.40363704561323 ], [ -92.77274306204265, 18.407640294963727 ], [ -92.772065707066702, 18.419308740406091 ], [ -92.772832611136039, 18.425785711741234 ], [ -92.776121151270104, 18.431155486336642 ], [ -92.781342103355371, 18.441664417878609 ], [ -92.784394198233599, 18.445454065652651 ], [ -92.78840226525233, 18.449403819730538 ], [ -92.793308982523513, 18.454148135628024 ], [ -92.795271586514446, 18.455942296599765 ], [ -92.797803219442983, 18.457268083455332 ], [ -92.799977038209704, 18.458299259603226 ], [ -92.803584636221956, 18.459520996696696 ], [ -92.805102114470969, 18.461383793926991 ], [ -92.807241292251774, 18.464798036800023 ], [ -92.808678282976359, 18.467420883467064 ], [ -92.810523099161685, 18.468777369579993 ], [ -92.812941189084597, 18.469800733317271 ], [ -92.815323478795449, 18.470284176473598 ], [ -92.817909029677935, 18.471543867655463 ], [ -92.820669891702096, 18.473755312257886 ], [ -92.82315541998662, 18.47657801975987 ], [ -92.831345727523285, 18.484052223231579 ] ] ] ] } },
{ "type": "Feature", "properties": { "nombre": "TIZON", "superficie": "41.12", "ubicacin": "Terrestre", "comentario": null, "petrleo_cr": "16.05", "crudo_1p_m": "6.74", "gas_natura": "45.34", "condensado": "0.09", "volumen_or": "205", "volumen__1": "934.43", "petrleo__1": "24.11", "crudo_2p_m": "10.05", "gas_natu_1": "68.54", "condensa_1": "0.13", "volumen__2": "17.34", "volumen__3": "64.61", "petrleo__2": "24.11", "crudo_3p_m": "10.05", "gas_natu_2": "68.54", "condensa_2": "0.13", "volumen__4": "0", "volumen__5": "0" }, "geometry": { "type": "MultiPolygon", "coordinates": [ [ [ [ -92.731763043729472, 18.602461616910166 ], [ -92.726727720707686, 18.602192418345453 ], [ -92.72039574616673, 18.596249955471144 ], [ -92.718465318119911, 18.591110522432686 ], [ -92.716807256949323, 18.587616045644019 ], [ -92.716739877942985, 18.587524293211622 ], [ -92.714641268579669, 18.58565936638669 ], [ -92.713176247785555, 18.583434143271116 ], [ -92.706353257796593, 18.571249317002422 ], [ -92.699171286325793, 18.554238415670397 ], [ -92.694180233331053, 18.536956044985516 ], [ -92.69330910143384, 18.532580603112404 ], [ -92.693230611303647, 18.529316536229199 ], [ -92.694432864584996, 18.52786328486275 ], [ -92.697708363650008, 18.52730222481787 ], [ -92.70358399250722, 18.525331097951845 ], [ -92.712953547767995, 18.517384455428338 ], [ -92.718885913054407, 18.512040169418366 ], [ -92.717616805970806, 18.50751520716112 ], [ -92.71711009645378, 18.502615553165299 ], [ -92.718209044611683, 18.500893881147768 ], [ -92.729736532115226, 18.503024340001314 ], [ -92.738543958037212, 18.508238745921457 ], [ -92.74336303997228, 18.516714121459575 ], [ -92.744738285043809, 18.519272989456923 ], [ -92.746009097241995, 18.534837311492762 ], [ -92.74585464407653, 18.543925566911405 ], [ -92.746240561152945, 18.558979206225423 ], [ -92.746221758127604, 18.571696470715608 ], [ -92.744977463339239, 18.576683231246179 ], [ -92.743080970310473, 18.580097320335124 ], [ -92.741131227524079, 18.582634836628479 ], [ -92.739561739682529, 18.585481493076497 ], [ -92.737197330292531, 18.588066619478973 ], [ -92.73574799367492, 18.591528983276017 ], [ -92.735314001539905, 18.592986179068966 ], [ -92.734941022110434, 18.595086996267934 ], [ -92.735505111071973, 18.597455044314874 ], [ -92.735066439764353, 18.59991495810884 ], [ -92.733528984874738, 18.601614055344452 ], [ -92.731763043729472, 18.602461616910166 ] ] ] ] } },
{ "type": "Feature", "properties": { "nombre": "MAY", "superficie": "31.07", "ubicacin": "Marino", "comentario": null, "petrleo_cr": "46.36", "crudo_1p_m": "21.4", "gas_natura": "137.95", "condensado": "0.58", "volumen_or": "335.55", "volumen__1": "1911.59", "petrleo__1": "46.36", "crudo_2p_m": "21.4", "gas_natu_1": "137.95", "condensa_1": "0.58", "volumen__2": "0", "volumen__3": "0", "petrleo__2": "46.36", "crudo_3p_m": "21.4", "gas_natu_2": "137.95", "condensa_2": "0.58", "volumen__4": "0", "volumen__5": "0" }, "geometry": { "type": "MultiPolygon", "coordinates": [ [ [ [ -92.604019643191918, 18.749174838248223 ], [ -92.603768430168884, 18.749119808732267 ], [ -92.603611957126077, 18.749037462309111 ], [ -92.60345548318395, 18.7489551149866 ], [ -92.603295149351652, 18.748876451287241 ], [ -92.603134815519297, 18.748797787587876 ], [ -92.602981205917899, 18.748712708125044 ], [ -92.602827595417182, 18.748627627762861 ], [ -92.602671493794389, 18.748544923409561 ], [ -92.602515393070917, 18.748462219955517 ], [ -92.602368514895034, 18.748370718433947 ], [ -92.602221635819774, 18.74827921781171 ], [ -92.602101563736142, 18.748162142269098 ], [ -92.601981491652509, 18.748045066726505 ], [ -92.601904120278903, 18.747887254593213 ], [ -92.601826749804616, 18.747729441560519 ], [ -92.601762670410892, 18.74755894718772 ], [ -92.601698591017112, 18.747388453714212 ], [ -92.601638617927847, 18.747214040995235 ], [ -92.601578643939206, 18.747039629175621 ], [ -92.601543144100788, 18.746841867358331 ], [ -92.601507644262313, 18.746644106440378 ], [ -92.601454578865685, 18.746463104388795 ], [ -92.601401514368376, 18.746282102337208 ], [ -92.601323117767606, 18.746125270464887 ], [ -92.601244720267573, 18.745968437693303 ], [ -92.601155471547713, 18.745821957917077 ], [ -92.60106622192859, 18.745675477241544 ], [ -92.600959767379322, 18.745545410991959 ], [ -92.600853311930791, 18.745415344742423 ], [ -92.600728722552446, 18.745302579650414 ], [ -92.600604134073478, 18.745189813658996 ], [ -92.600467626879436, 18.745088420494252 ], [ -92.600331119685393, 18.744987028228817 ], [ -92.600183619178665, 18.744896122957766 ], [ -92.600036118671881, 18.744805217686675 ], [ -92.599879933412183, 18.744722596970341 ], [ -92.599723749051748, 18.744639976253929 ], [ -92.599554857270789, 18.744569479298068 ], [ -92.599385966389207, 18.744498982342257 ], [ -92.599210344082053, 18.744434906545742 ], [ -92.599034721774956, 18.744370829849945 ], [ -92.598869590958827, 18.744296745498453 ], [ -92.598704460142699, 18.74422266114691 ], [ -92.598543895184605, 18.74414422137874 ], [ -92.598383329327135, 18.744065781610534 ], [ -92.598190953549647, 18.743917151555369 ], [ -92.597998577772103, 18.743768520600796 ], [ -92.597850746314862, 18.74360826590879 ], [ -92.59770291575694, 18.743448011216792 ], [ -92.597600021623634, 18.743299275041593 ], [ -92.597497127490385, 18.743150537966979 ], [ -92.597391801590334, 18.74297325011544 ], [ -92.597286475690282, 18.742795962263891 ], [ -92.597213226808947, 18.742634220093237 ], [ -92.597139977028291, 18.742472477922547 ], [ -92.597069746271757, 18.742307855223366 ], [ -92.596999516414542, 18.742143232524214 ], [ -92.596927729830838, 18.741980097303738 ], [ -92.596855943247135, 18.741816962083192 ], [ -92.596809861086172, 18.741712824187516 ], [ -92.596763778025888, 18.74160868629189 ], [ -92.596695352208712, 18.741442344088952 ], [ -92.59662692639148, 18.741276000087417 ], [ -92.596568519021901, 18.741132390947175 ], [ -92.596510111652321, 18.740988780907546 ], [ -92.596435141468589, 18.740802238132858 ], [ -92.596360171284857, 18.740615694458768 ], [ -92.596314547778093, 18.740499521835478 ], [ -92.596268924271385, 18.740383348312935 ], [ -92.596187825207949, 18.740192438430299 ], [ -92.596106726144455, 18.740001527648424 ], [ -92.596016424318464, 18.73980161105553 ], [ -92.595926122492529, 18.739601694462667 ], [ -92.595870316861578, 18.739485500255665 ], [ -92.595814510331365, 18.739369305149367 ], [ -92.595734851082454, 18.739220628329395 ], [ -92.5956551918336, 18.739071952408718 ], [ -92.595551021562358, 18.738890872116077 ], [ -92.595446852190435, 18.738709791823524 ], [ -92.595365267493037, 18.738593540959165 ], [ -92.595283683695015, 18.738477290094931 ], [ -92.595162929925266, 18.73832477227046 ], [ -92.595042177054779, 18.738172253546711 ], [ -92.594948007244682, 18.738055975702746 ], [ -92.594853838333961, 18.737939696959451 ], [ -92.594733019812963, 18.737814702886268 ], [ -92.594612201292023, 18.737689708813019 ], [ -92.594497037708095, 18.737573382405721 ], [ -92.594381873224847, 18.737457055998398 ], [ -92.594350428429493, 18.737334458618417 ], [ -92.594318983634139, 18.737211860339109 ], [ -92.594263391142533, 18.736979591534983 ], [ -92.594207799550247, 18.736747321831494 ], [ -92.594236250502547, 18.736515234690383 ], [ -92.59426470055547, 18.736283146649935 ], [ -92.594208671892659, 18.736061606757794 ], [ -92.594152643229847, 18.735840065966332 ], [ -92.593990636658532, 18.735723639734264 ], [ -92.593828630986479, 18.735607214401476 ], [ -92.593670732518262, 18.735560780605589 ], [ -92.593512834949308, 18.735514347709046 ], [ -92.593265377495129, 18.735465550494819 ], [ -92.59301792004095, 18.7354167532806 ], [ -92.592744630460288, 18.735386322920551 ], [ -92.592471340879626, 18.735355892560456 ], [ -92.592197694268123, 18.735325117760002 ], [ -92.591924047656619, 18.735294342060261 ], [ -92.591640900607047, 18.735254416658051 ], [ -92.591357752658098, 18.73521449125581 ], [ -92.591177499741775, 18.735176462523782 ], [ -92.590997246825452, 18.735138433791718 ], [ -92.590788740807682, 18.735054027921091 ], [ -92.590580234789968, 18.734969622949812 ], [ -92.590265846191812, 18.734852857673282 ], [ -92.589951457593656, 18.734736093296124 ], [ -92.589779986557119, 18.734687342846648 ], [ -92.589608515520524, 18.734638592397147 ], [ -92.589424937810577, 18.734605768941151 ], [ -92.589241360999949, 18.734572945485038 ], [ -92.588903818456401, 18.734480642667567 ], [ -92.588566275912854, 18.734388339850071 ], [ -92.588336829181287, 18.734304182192329 ], [ -92.588107382449721, 18.734220023635267 ], [ -92.587965749119974, 18.734146770257269 ], [ -92.587824116689603, 18.734073516879334 ], [ -92.587622631679096, 18.733956998916454 ], [ -92.587421146668532, 18.73384048095345 ], [ -92.587253507643254, 18.733732301504535 ], [ -92.587085867718599, 18.733624122954939 ], [ -92.586921145194651, 18.733507685031668 ], [ -92.586756421771383, 18.733391247108436 ], [ -92.586521327297362, 18.733203420101812 ], [ -92.58628623372266, 18.733015593095182 ], [ -92.586069168857023, 18.732819097523347 ], [ -92.585852103991385, 18.73262260195159 ], [ -92.585736504236252, 18.732506269248965 ], [ -92.585620905380438, 18.73238993654639 ], [ -92.585511958809832, 18.732237486171059 ], [ -92.585403012239169, 18.732085034896503 ], [ -92.585317155762084, 18.731932040431385 ], [ -92.585231299284999, 18.731779046865626 ], [ -92.585190885550901, 18.731662882336199 ], [ -92.585150471816803, 18.731546718706181 ], [ -92.585109903399314, 18.731351209690622 ], [ -92.585069334981767, 18.731155700675124 ], [ -92.585041143034289, 18.730923488528209 ], [ -92.58501295108681, 18.730691277280712 ], [ -92.584956068967358, 18.730459000382595 ], [ -92.584899185948643, 18.730226722585265 ], [ -92.584813714381369, 18.729994381835276 ], [ -92.584728241914775, 18.729762041085401 ], [ -92.584585023979628, 18.729554030594088 ], [ -92.584441806044481, 18.72934602010281 ], [ -92.584306726074487, 18.729229646031371 ], [ -92.58417164700387, 18.729113271959985 ], [ -92.58398965389938, 18.729029864336812 ], [ -92.583807660794889, 18.728946456713636 ], [ -92.583508883528111, 18.728856063156854 ], [ -92.583210106261333, 18.72876566960003 ], [ -92.582919136908629, 18.728718188093993 ], [ -92.582628167555868, 18.728670705688565 ], [ -92.582372626995095, 18.728657339065013 ], [ -92.58211708643438, 18.728643971542109 ], [ -92.581882078295223, 18.7286503720171 ], [ -92.581647069256803, 18.728656772492126 ], [ -92.581397832943594, 18.72864947359437 ], [ -92.581148596630385, 18.728642173797311 ], [ -92.580977518597592, 18.728624172067974 ], [ -92.580806441464063, 18.728606170338569 ], [ -92.580654729432183, 18.728576430657828 ], [ -92.580503018299623, 18.728546690977041 ], [ -92.580203928968103, 18.728429946384924 ], [ -92.579904839636583, 18.728313201792908 ], [ -92.579602403028446, 18.728138319627828 ], [ -92.579299966420251, 18.727963437462726 ], [ -92.579128037628777, 18.727846974358439 ], [ -92.578956108837303, 18.727730511254151 ], [ -92.578734760500765, 18.72757858608291 ], [ -92.578513411264908, 18.727426660012398 ], [ -92.578235238365494, 18.727193884889896 ], [ -92.577957065466137, 18.726961109767434 ], [ -92.577727284186778, 18.726728442563612 ], [ -92.57749750290742, 18.726495775359805 ], [ -92.577233102225875, 18.72626302991495 ], [ -92.576968700644954, 18.726030284470042 ], [ -92.576697852723669, 18.72583597425087 ], [ -92.576427004802383, 18.725641664930937 ], [ -92.576226824708158, 18.72552513707544 ], [ -92.576026643714613, 18.725408610119324 ], [ -92.575771319890464, 18.725279083462979 ], [ -92.575515996066315, 18.725149555907304 ], [ -92.575266337971073, 18.725032912938616 ], [ -92.57501667987583, 18.72491627086924 ], [ -92.57484893383122, 18.724774236441927 ], [ -92.574681186887233, 18.724632202014579 ], [ -92.574604570044812, 18.724463645680753 ], [ -92.574527952303129, 18.724295088447597 ], [ -92.57457067909354, 18.724179110977239 ], [ -92.574613406783271, 18.724063133506831 ], [ -92.574556680246587, 18.723883164776289 ], [ -92.574499954609166, 18.723703195146424 ], [ -92.574318183637217, 18.723470633163199 ], [ -92.574136413564588, 18.723238071180102 ], [ -92.573948658503753, 18.723005493009165 ], [ -92.573760904342237, 18.722772914838178 ], [ -92.573596869799644, 18.722540390626616 ], [ -92.573432836156428, 18.722307865515639 ], [ -92.573285602748342, 18.722019235299509 ], [ -92.573138370239576, 18.721730603284751 ], [ -92.572660597308698, 18.721314455497719 ], [ -92.572182824377819, 18.720898306811488 ], [ -92.57078987795046, 18.720167711071056 ], [ -92.569396931523158, 18.719437112632736 ], [ -92.566577158509006, 18.71802683537021 ], [ -92.56375738459559, 18.716616546416574 ], [ -92.559680583292277, 18.715411701289039 ], [ -92.555603782888227, 18.714206848067612 ], [ -92.552450025048586, 18.71387535976012 ], [ -92.549296267208945, 18.713543871452543 ], [ -92.548261846307128, 18.713480549287947 ], [ -92.54722742540531, 18.713417227123379 ], [ -92.546985296434229, 18.71339142917115 ], [ -92.546743167463148, 18.713365630319629 ], [ -92.546501035794108, 18.713341207430808 ], [ -92.546258903225748, 18.713316784542045 ], [ -92.546016767959429, 18.713293618905439 ], [ -92.54577463269311, 18.713270454168189 ], [ -92.545532495628152, 18.713247749883795 ], [ -92.545290359462456, 18.713225044700113 ], [ -92.545048313229017, 18.713168807394599 ], [ -92.544806266995579, 18.713112569189796 ], [ -92.544564369150294, 18.713000837418768 ], [ -92.544322471304952, 18.712889105647772 ], [ -92.54412649644064, 18.712769367212566 ], [ -92.543930520676952, 18.712649627878076 ], [ -92.543792854256765, 18.712540697495228 ], [ -92.543655186937315, 18.712431767112445 ], [ -92.543539514337056, 18.712310521413489 ], [ -92.543423841736853, 18.712189276613874 ], [ -92.543329318493193, 18.712047862718737 ], [ -92.543234795249589, 18.711906448823605 ], [ -92.543166324466256, 18.711740192955549 ], [ -92.54309785278366, 18.71157393708754 ], [ -92.543057618014643, 18.711380753718853 ], [ -92.543017383245626, 18.711187571249489 ], [ -92.543011768778058, 18.710961371969805 ], [ -92.543006155209866, 18.710735171790834 ], [ -92.543022657769427, 18.710487880711181 ], [ -92.543039161228251, 18.71024058873224 ], [ -92.543063789162488, 18.710058201724674 ], [ -92.543088417096726, 18.709875813817817 ], [ -92.543166645524252, 18.709688488632882 ], [ -92.543244873951721, 18.709501164347337 ], [ -92.543358578835296, 18.709304937672798 ], [ -92.54347228371887, 18.709108710998223 ], [ -92.543587273733635, 18.708986750338283 ], [ -92.543702263748457, 18.708864790577657 ], [ -92.543823758559597, 18.70874909729303 ], [ -92.543945254270056, 18.708633404907729 ], [ -92.544073656773833, 18.708524367505618 ], [ -92.544202058378232, 18.708415329204126 ], [ -92.544333116580049, 18.7083088503732 ], [ -92.544464174781808, 18.708202372441558 ], [ -92.544578946261311, 18.708080200440971 ], [ -92.54469371774087, 18.707958029339643 ], [ -92.544793506515077, 18.707821424119441 ], [ -92.544893296188604, 18.707684818899349 ], [ -92.544988819478419, 18.707544104676746 ], [ -92.545084342768178, 18.707403389554823 ], [ -92.545186390639401, 18.707268961593336 ], [ -92.545288438510568, 18.707134532732539 ], [ -92.545395399378151, 18.70700483790301 ], [ -92.545502360245678, 18.706875143073411 ], [ -92.545614558764839, 18.70675049523917 ], [ -92.545726758183321, 18.706625847404993 ], [ -92.545842761734036, 18.706504866106734 ], [ -92.545958766184071, 18.706383884808456 ], [ -92.546076248220231, 18.706264326237719 ], [ -92.546193731155711, 18.706144767666977 ], [ -92.546316324938402, 18.706030135582363 ], [ -92.546438919620414, 18.705915503497774 ], [ -92.546570398704887, 18.705809433858331 ], [ -92.546701878688737, 18.705703363319639 ], [ -92.546850568998536, 18.705613873581449 ], [ -92.546999259308336, 18.705524383843279 ], [ -92.547174770998822, 18.705460735224797 ], [ -92.547350283588685, 18.705397085706991 ], [ -92.54754735112931, 18.705354202434545 ], [ -92.547744418669936, 18.705311319162085 ], [ -92.547962177812224, 18.705288371161434 ], [ -92.548179936055192, 18.705265422261533 ], [ -92.548418322047894, 18.70526234747939 ], [ -92.548656708040596, 18.705259272697344 ], [ -92.548909672943012, 18.705270240829012 ], [ -92.549162636946107, 18.70528120896067 ], [ -92.549311075445758, 18.705291387487573 ], [ -92.549459513945351, 18.705301566913807 ], [ -92.549589892259689, 18.705310802051955 ], [ -92.549720269674651, 18.705320038089312 ], [ -92.549951937731691, 18.705326944882625 ], [ -92.550183605788732, 18.705333852575254 ], [ -92.550434082267031, 18.705342422215057 ], [ -92.550684559644651, 18.705350991854882 ], [ -92.55094813474858, 18.705372179882257 ], [ -92.55121170985251, 18.705393367010348 ], [ -92.551463457972147, 18.705403158828759 ], [ -92.551715205192522, 18.705412949747888 ], [ -92.551934356485333, 18.705391338139805 ], [ -92.552153506878824, 18.705369726531718 ], [ -92.552346997815675, 18.705323395258521 ], [ -92.552540488752527, 18.705277063985335 ], [ -92.552737700184707, 18.705234315611197 ], [ -92.552934910717511, 18.705191567237083 ], [ -92.553160145923982, 18.705175815611423 ], [ -92.553385380231077, 18.705160064885156 ], [ -92.553652548126536, 18.705184709007145 ], [ -92.553919715122731, 18.705209354028526 ], [ -92.55412056611118, 18.705248470940198 ], [ -92.554321417099686, 18.705287586952618 ], [ -92.554487930173821, 18.7053316303505 ], [ -92.554654443247898, 18.705375674647712 ], [ -92.554939265734504, 18.705455331198593 ], [ -92.555224087321733, 18.705534988648857 ], [ -92.555523558865104, 18.705622565529019 ], [ -92.555823030408476, 18.705710141509904 ], [ -92.555995661570478, 18.705760078165078 ], [ -92.55616829273248, 18.705810013921042 ], [ -92.556383621906605, 18.705869263955439 ], [ -92.556598950181353, 18.705928513989765 ], [ -92.556938636708708, 18.706023012052391 ], [ -92.557278323236005, 18.706117509215748 ], [ -92.557484628612656, 18.706175329328055 ], [ -92.557690933989363, 18.706233150339639 ], [ -92.557861329436776, 18.706280927722663 ], [ -92.558031723984811, 18.706328706005017 ], [ -92.558335056317731, 18.706412730563073 ], [ -92.558638388650706, 18.70649675512119 ], [ -92.558947108821997, 18.706576128385695 ], [ -92.559255828093967, 18.706655501650111 ], [ -92.55941563042694, 18.706693074425914 ], [ -92.559575431860651, 18.706730647201645 ], [ -92.559745691510443, 18.706763580374954 ], [ -92.559915951160178, 18.706796514447646 ], [ -92.560211491766893, 18.706848476376127 ], [ -92.560507032373607, 18.706900439203952 ], [ -92.560793206541234, 18.706943379133694 ], [ -92.561079380708804, 18.706986319063461 ], [ -92.561357594077663, 18.707021589574762 ], [ -92.561635807446521, 18.707056859186757 ], [ -92.561906995311574, 18.707085358702365 ], [ -92.56217818407589, 18.707113858217987 ], [ -92.562443758372694, 18.707136951009559 ], [ -92.562709333568876, 18.707160042901705 ], [ -92.562898735288343, 18.707173889763208 ], [ -92.563088137907187, 18.707187736624821 ], [ -92.563216826395376, 18.707195334996754 ], [ -92.563345515782885, 18.707202932469379 ], [ -92.563542730812344, 18.707212411323773 ], [ -92.563739944942483, 18.707221890178122 ], [ -92.564009104836259, 18.707248434567681 ], [ -92.564278264730092, 18.707274978057828 ], [ -92.564576428659223, 18.70732945898736 ], [ -92.564874591689033, 18.707383939916941 ], [ -92.565186256240679, 18.707451422345262 ], [ -92.565497920792382, 18.707518905673009 ], [ -92.565779516511441, 18.707572824526263 ], [ -92.56606111133118, 18.707626742480226 ], [ -92.566205400358911, 18.70764936582562 ], [ -92.566349690285961, 18.707671990070313 ], [ -92.566498242999501, 18.707683318830142 ], [ -92.566646795713041, 18.707694647589982 ], [ -92.566905962340229, 18.707711561139689 ], [ -92.567165129866794, 18.707728475588713 ], [ -92.567416004744814, 18.707737401360024 ], [ -92.567666880522097, 18.707746326232048 ], [ -92.567910061699934, 18.707747840690313 ], [ -92.568153241978507, 18.707749354249376 ], [ -92.568400230885914, 18.707754537042309 ], [ -92.56864722069264, 18.707759718935908 ], [ -92.569419405581073, 18.707741311612256 ], [ -92.570191590469506, 18.707722903389282 ], [ -92.571035115877862, 18.707626145330384 ], [ -92.571878640386899, 18.707529387271443 ], [ -92.57144544774917, 18.706894082795692 ], [ -92.571012255111441, 18.706258776521381 ], [ -92.569438717622688, 18.705270831683617 ], [ -92.567865180133936, 18.704282881449817 ], [ -92.566781881078896, 18.703638537888271 ], [ -92.565698582923233, 18.702994191628701 ], [ -92.56543843783362, 18.702677180607438 ], [ -92.565178293643328, 18.702360168686887 ], [ -92.564936629621741, 18.702157579308924 ], [ -92.564694965600154, 18.701954989930826 ], [ -92.564453317766379, 18.701746114291762 ], [ -92.564211670831924, 18.70153723865268 ], [ -92.563970041883863, 18.701322025491173 ], [ -92.563728412036539, 18.70110681143024 ], [ -92.563486812766143, 18.700880521319043 ], [ -92.563245212596428, 18.700654231207871 ], [ -92.563071593978862, 18.700438584573103 ], [ -92.562897974461919, 18.700222938837619 ], [ -92.562843230930355, 18.700006051138459 ], [ -92.562788486499414, 18.699789163439185 ], [ -92.562818384460854, 18.699585238567952 ], [ -92.562848281522918, 18.699381313696708 ], [ -92.562924067391748, 18.699221595899981 ], [ -92.562999853260578, 18.699061878103237 ], [ -92.563095892761226, 18.698921671098265 ], [ -92.563191931362496, 18.698781463194017 ], [ -92.563301063193478, 18.698653866482786 ], [ -92.56341019412514, 18.698526269771623 ], [ -92.563525197629758, 18.698404330695389 ], [ -92.563640200235, 18.698282391619127 ], [ -92.563753409592152, 18.698158724045896 ], [ -92.563866618949248, 18.698035056472726 ], [ -92.563982303240664, 18.697913772102915 ], [ -92.56409798753208, 18.697792486833848 ], [ -92.564222405139844, 18.697679615621816 ], [ -92.564346822747609, 18.697566745309082 ], [ -92.564476824246015, 18.697459255640148 ], [ -92.564606826643683, 18.697351765971284 ], [ -92.564741224927559, 18.697248509411228 ], [ -92.564875623211378, 18.697145251951838 ], [ -92.565014197047503, 18.697046018059307 ], [ -92.565152770883628, 18.696946783267464 ], [ -92.565300374812409, 18.696856248517115 ], [ -92.56544797874119, 18.696765712867425 ], [ -92.565608389015892, 18.696687514117553 ], [ -92.565768799290595, 18.696609316266962 ], [ -92.565969181732328, 18.696539454232528 ], [ -92.566169564174004, 18.696469592197982 ], [ -92.566408135427082, 18.69640441653063 ], [ -92.56664670668016, 18.696339240863331 ], [ -92.566889034401356, 18.696278497055086 ], [ -92.567131363021929, 18.696217753246732 ], [ -92.567373668260132, 18.696165637534225 ], [ -92.567615974397654, 18.696113521821619 ], [ -92.567858237367716, 18.696078075942502 ], [ -92.568100501237097, 18.696042629164072 ], [ -92.568342731831592, 18.696019695552533 ], [ -92.56858496332535, 18.695996761041737 ], [ -92.568827192121205, 18.69597471685973 ], [ -92.569069420917003, 18.695952672677787 ], [ -92.569311650612121, 18.695930455825934 ], [ -92.569553879407977, 18.695908238974113 ], [ -92.569796094713979, 18.69589151428201 ], [ -92.570038310019982, 18.695874789589915 ], [ -92.570280530721902, 18.695855849867659 ], [ -92.570522751423823, 18.695836910145314 ], [ -92.570765047668772, 18.695788181279568 ], [ -92.571007343014458, 18.695739452413868 ], [ -92.571225248746202, 18.695664905810816 ], [ -92.571443153578628, 18.695590358308426 ], [ -92.571614718144701, 18.69550727893785 ], [ -92.571786282710718, 18.695424200466533 ], [ -92.571927630955372, 18.69532763756045 ], [ -92.572068978300649, 18.695231074654416 ], [ -92.572205365884884, 18.695129735448951 ], [ -92.572341754368438, 18.695028396243508 ], [ -92.572474330625823, 18.694923385106176 ], [ -92.572606907782529, 18.694818373968833 ], [ -92.572740853707387, 18.694714683935548 ], [ -92.572874800531565, 18.694610993003003 ], [ -92.573022796564771, 18.694520834169214 ], [ -92.573170791698658, 18.694430675335454 ], [ -92.573340046805697, 18.694360994964001 ], [ -92.573509301912736, 18.694291314592537 ], [ -92.573704389146201, 18.69424651486479 ], [ -92.573899476379722, 18.694201714237764 ], [ -92.574135522336462, 18.694196366868905 ], [ -92.574371568293202, 18.694191018600698 ], [ -92.574510375953025, 18.694204488646278 ], [ -92.574649183612905, 18.694217957792528 ], [ -92.574816362185345, 18.694262628917219 ], [ -92.574983540757785, 18.694307300041874 ], [ -92.575329464982758, 18.694424157948543 ], [ -92.575675389207788, 18.694541015855243 ], [ -92.57588312720452, 18.694624752630279 ], [ -92.576090866100571, 18.694708490304595 ], [ -92.576339919851364, 18.694819521503764 ], [ -92.576588974501533, 18.694930553602205 ], [ -92.57682520212137, 18.695036932608392 ], [ -92.57706142974115, 18.695143311614586 ], [ -92.577240808516478, 18.695265396380993 ], [ -92.57742018639243, 18.695387481147378 ], [ -92.577656926625821, 18.69556624478636 ], [ -92.577893665959891, 18.695745007526153 ], [ -92.578014108564219, 18.695861356416525 ], [ -92.578134552067866, 18.695977704407614 ], [ -92.578255304039033, 18.696112817652477 ], [ -92.578376056909462, 18.696247930897339 ], [ -92.578565710439136, 18.696299755229546 ], [ -92.57875536306949, 18.696351578662458 ], [ -92.578902417512495, 18.696387064111789 ], [ -92.57904947105618, 18.696422548661754 ], [ -92.579170117806655, 18.696600670184825 ], [ -92.579290765456449, 18.696778791707892 ], [ -92.579392996789352, 18.696895095632236 ], [ -92.579495228122255, 18.697011399556509 ], [ -92.579616243594728, 18.697040478235543 ], [ -92.579737259966521, 18.697069557813887 ], [ -92.579971854417522, 18.697107725940835 ], [ -92.580206448868466, 18.697145893168511 ], [ -92.580448576040908, 18.697165299638925 ], [ -92.580690704112669, 18.697184705210031 ], [ -92.58093283488239, 18.697202621503823 ], [ -92.58117496655143, 18.69722053779763 ], [ -92.581417093723871, 18.697239857933145 ], [ -92.581659221795633, 18.697259178967986 ], [ -92.581901350766714, 18.697278201427896 ], [ -92.582143478838418, 18.697297222988464 ], [ -92.582385609608139, 18.697315275079898 ], [ -92.582627740377859, 18.697333328070677 ], [ -92.582869876543555, 18.697349652564476 ], [ -92.583112011809874, 18.697365977957595 ], [ -92.583354169559243, 18.697373299338334 ], [ -92.583596327308612, 18.697380619819796 ], [ -92.583838539916655, 18.697365218929722 ], [ -92.584080753424018, 18.697349818039676 ], [ -92.584323004702867, 18.697318609766068 ], [ -92.584565255981715, 18.697287401492403 ], [ -92.584807572911132, 18.697229212658108 ], [ -92.585049889840491, 18.69717102382371 ], [ -92.585205066060894, 18.697115264058276 ], [ -92.585360242281297, 18.69705950519203 ], [ -92.585570002853331, 18.696929270769246 ], [ -92.585779762525988, 18.696799036346455 ], [ -92.586052925302226, 18.696567489697951 ], [ -92.586326088078465, 18.696335942150089 ], [ -92.586480400949711, 18.696132446255415 ], [ -92.586634712921636, 18.695928949461532 ], [ -92.586714298426102, 18.695813047534148 ], [ -92.586793883031248, 18.695697145606871 ], [ -92.586915277118294, 18.695570493183777 ], [ -92.587036670306077, 18.695443839861341 ], [ -92.587163479211142, 18.695328044054051 ], [ -92.587290288116264, 18.695212248246712 ], [ -92.587411502338909, 18.695159286272094 ], [ -92.587532716561611, 18.695106325196765 ], [ -92.587746975542473, 18.695055437958175 ], [ -92.587961234523334, 18.695004551618805 ], [ -92.58820340216522, 18.695006491456464 ], [ -92.588445569807163, 18.695008430394825 ], [ -92.588687685288392, 18.695031982739863 ], [ -92.588929800769677, 18.695055535084876 ], [ -92.589171926143422, 18.69507486871024 ], [ -92.589414052416544, 18.695094202335607 ], [ -92.589656178689665, 18.695113300338573 ], [ -92.589898304063468, 18.695132398341567 ], [ -92.590140443826385, 18.695146006882716 ], [ -92.590382583589303, 18.695159616323306 ], [ -92.590624771915657, 18.695152973031323 ], [ -92.59086696024201, 18.695146330638671 ], [ -92.59110918454121, 18.695124844036403 ], [ -92.59135140884041, 18.695103358333391 ], [ -92.591827157397347, 18.695229740060487 ], [ -92.592302905954284, 18.695356120888356 ], [ -92.593149525030526, 18.69577005274579 ], [ -92.593996144106711, 18.696183983703893 ], [ -92.595827151202002, 18.697234734495421 ], [ -92.59765815739803, 18.698285478991686 ], [ -92.599950457347688, 18.699344070972135 ], [ -92.602242757297347, 18.700402656657367 ], [ -92.60451397893695, 18.700896154234155 ], [ -92.606785200576496, 18.701389650012381 ], [ -92.610775577031234, 18.703451227991792 ], [ -92.614765954385234, 18.70551277989091 ], [ -92.617521926795462, 18.707084028605102 ], [ -92.620277898306313, 18.70865526203076 ], [ -92.619358164347773, 18.707697958893728 ], [ -92.618438429489913, 18.706740649461427 ], [ -92.616897151582236, 18.70569923273349 ], [ -92.615355873674616, 18.70465780881084 ], [ -92.61430907270551, 18.703876747613855 ], [ -92.613262270837083, 18.703095683718878 ], [ -92.611814794916825, 18.702384168894326 ], [ -92.610367319895886, 18.701672650472531 ], [ -92.60833273596694, 18.701175162603686 ], [ -92.60629815293737, 18.700677672936298 ], [ -92.604444357920727, 18.700232598455717 ], [ -92.60259056380346, 18.699787523975079 ], [ -92.601082588690474, 18.699209204141482 ], [ -92.599574612678168, 18.698630883408626 ], [ -92.59814756216025, 18.697823587188839 ], [ -92.596720512541594, 18.697016286472493 ], [ -92.595576593784756, 18.69619659759497 ], [ -92.594432675027917, 18.695376905120099 ], [ -92.593448302297304, 18.694746880564111 ], [ -92.592463928667314, 18.694116854209501 ], [ -92.591451226392962, 18.69355881228935 ], [ -92.590438524118554, 18.693000768570649 ], [ -92.589283766732422, 18.692381151868659 ], [ -92.588129009346289, 18.691761533368084 ], [ -92.587420193387175, 18.691272887633719 ], [ -92.586711378327436, 18.690784240999946 ], [ -92.586764158638971, 18.690512047692891 ], [ -92.586816938950562, 18.690239854385837 ], [ -92.587059157853787, 18.689987009992581 ], [ -92.587301376757068, 18.689734165599297 ], [ -92.587581922068011, 18.689572137444266 ], [ -92.587862467378955, 18.689410109289167 ], [ -92.588225461635716, 18.689378281382627 ], [ -92.588588455892477, 18.689346453476102 ], [ -92.589029496014405, 18.689397853328302 ], [ -92.589470536136275, 18.689449252281232 ], [ -92.589915062030457, 18.689557037827093 ], [ -92.590359587025262, 18.689664822473599 ], [ -92.590761669415485, 18.689792760027913 ], [ -92.591163751805652, 18.689920697582174 ], [ -92.591692627812506, 18.690108127088433 ], [ -92.592221503819303, 18.690295555695393 ], [ -92.592876744466139, 18.690526629300592 ], [ -92.593531985112975, 18.690757702006419 ], [ -92.594098683007758, 18.690981902992473 ], [ -92.594665380902597, 18.69120610397858 ], [ -92.595157547482813, 18.691451415650359 ], [ -92.595649714063029, 18.691696727322164 ], [ -92.596093384701931, 18.691935205945036 ], [ -92.596537054441455, 18.692173683668589 ], [ -92.596912523194362, 18.692354980697861 ], [ -92.597287991047892, 18.692536277727093 ], [ -92.597673381121581, 18.692685968083033 ], [ -92.59805877029595, 18.692835659338247 ], [ -92.598474508891456, 18.692966908196304 ], [ -92.598890247486906, 18.69309815795366 ], [ -92.599258371476651, 18.693180379371096 ], [ -92.599626496365659, 18.69326260078844 ], [ -92.600058080116241, 18.693305257431717 ], [ -92.600489663866881, 18.693347914075026 ], [ -92.60115601833553, 18.693357776040568 ], [ -92.601822371904916, 18.693367638006116 ], [ -92.602543207303142, 18.693388561632844 ], [ -92.603264043600689, 18.693409484360235 ], [ -92.6037657789675, 18.693461275417544 ], [ -92.60426751433431, 18.693513067374216 ], [ -92.60463533615183, 18.693578006519822 ], [ -92.60500315796935, 18.693642946564804 ], [ -92.60531758613763, 18.693719022015344 ], [ -92.605632013406648, 18.693795097465866 ], [ -92.60592899922392, 18.693897383657387 ], [ -92.606225984141815, 18.693999668949623 ], [ -92.60649444346376, 18.694125523674018 ], [ -92.606762902785704, 18.694251378398462 ], [ -92.606966164856601, 18.694370774191952 ], [ -92.607169426028179, 18.694490169985393 ], [ -92.607479177721814, 18.694376111668241 ], [ -92.607788929415506, 18.694262054250391 ], [ -92.608172403033961, 18.694070960906167 ], [ -92.608555875753041, 18.693879868461224 ], [ -92.608870562926086, 18.693790429085073 ], [ -92.609185250099188, 18.693700988809585 ], [ -92.609419680873543, 18.693571698674951 ], [ -92.609654112547219, 18.693442407641054 ], [ -92.609871583007134, 18.693258081695163 ], [ -92.610089053466993, 18.693073754849927 ], [ -92.61032873268482, 18.692849210322812 ], [ -92.610568411902648, 18.692624665795762 ], [ -92.610844269947052, 18.692396366599102 ], [ -92.611120127991455, 18.692168066503129 ], [ -92.611397373689783, 18.691948653507598 ], [ -92.611674619388111, 18.691729239612773 ], [ -92.611898273586405, 18.69154291537329 ], [ -92.612121927784699, 18.691356590234509 ], [ -92.612384431796045, 18.691167593209876 ], [ -92.612646934908071, 18.690978596185293 ], [ -92.612974061503678, 18.690794611981786 ], [ -92.613301188099342, 18.690610627778316 ], [ -92.613629206822395, 18.690452474801948 ], [ -92.613957224646185, 18.690294320926235 ], [ -92.61427170767314, 18.690140298536019 ], [ -92.614586191599415, 18.689986275246397 ], [ -92.614925227916899, 18.689793677336411 ], [ -92.615264265133703, 18.689601077627696 ], [ -92.615665253948293, 18.689356748015548 ], [ -92.616066242762884, 18.689112417504145 ], [ -92.61645073980975, 18.68887181648121 ], [ -92.616835235957353, 18.688631214558946 ], [ -92.61707279817108, 18.688483182552897 ], [ -92.617310359485487, 18.688335151446143 ], [ -92.617485985389862, 18.688318339519817 ], [ -92.617661611294295, 18.688301527593456 ], [ -92.617754262149447, 18.688418786597776 ], [ -92.617846913004598, 18.68853604470274 ], [ -92.618067742432345, 18.688356640746388 ], [ -92.618288571860091, 18.688177236790036 ], [ -92.618632432140998, 18.687797243547994 ], [ -92.618976292421905, 18.687417250305856 ], [ -92.61919897355375, 18.687132758769856 ], [ -92.619421654685596, 18.686848267233799 ], [ -92.619543183670942, 18.686647394661559 ], [ -92.619664713555665, 18.686446521190049 ], [ -92.619806213785694, 18.686309966331937 ], [ -92.61994771401578, 18.686173410574483 ], [ -92.620146662038792, 18.686065751833052 ], [ -92.620345609162484, 18.685958093990894 ], [ -92.62046666150718, 18.685970508232419 ], [ -92.620587713851876, 18.685982922473961 ], [ -92.620752144995436, 18.686029054097617 ], [ -92.620916575239733, 18.686075185721275 ], [ -92.621158564815858, 18.686152315177296 ], [ -92.62140055349272, 18.686229444633213 ], [ -92.621595498633326, 18.68630011605757 ], [ -92.621790442874612, 18.686370787481877 ], [ -92.621934768774508, 18.686422221508426 ], [ -92.622079094674461, 18.686473654635517 ], [ -92.622291043296968, 18.686516168286534 ], [ -92.622502992818852, 18.686558681937672 ], [ -92.622735433393473, 18.686549811025028 ], [ -92.62296787396815, 18.686540940112359 ], [ -92.623166341753233, 18.686445576002608 ], [ -92.623364809538316, 18.686350211892854 ], [ -92.623568222695269, 18.686197075334803 ], [ -92.623771636751599, 18.686043939676086 ], [ -92.623920494335323, 18.685892069363561 ], [ -92.624069352818367, 18.685740199950313 ], [ -92.624175051037753, 18.6856093126197 ], [ -92.624280750156458, 18.685478426188471 ], [ -92.624377171868957, 18.685338608589959 ], [ -92.624473594480776, 18.685198791890794 ], [ -92.62459131303865, 18.685079477036282 ], [ -92.624709030697147, 18.684960161282419 ], [ -92.624862564755517, 18.684875327334566 ], [ -92.625016097914568, 18.684790493386618 ], [ -92.625225800929911, 18.684759731176726 ], [ -92.625435503045992, 18.684728968966795 ], [ -92.625729975258139, 18.684779813937318 ], [ -92.626024447470229, 18.684830658008526 ], [ -92.626258246021223, 18.684905214504088 ], [ -92.62649204367284, 18.684979770100362 ], [ -92.626749768686864, 18.685111557652295 ], [ -92.627007492801511, 18.685243345204238 ], [ -92.627224125093278, 18.685359850576667 ], [ -92.627440757384989, 18.685476356848422 ], [ -92.627572925350194, 18.685610004198416 ], [ -92.627705094214662, 18.685743652447602 ], [ -92.627815577726722, 18.685866727367646 ], [ -92.627926062138044, 18.685989802287612 ], [ -92.628011043574759, 18.686106048655287 ], [ -92.62809602411221, 18.686222295022954 ], [ -92.628231118471319, 18.686447935823665 ], [ -92.628366211931109, 18.68667357572496 ], [ -92.62845706324282, 18.686905906582361 ], [ -92.628547915453908, 18.68713823743974 ], [ -92.628585752630329, 18.687370463975746 ], [ -92.628623588907487, 18.687602689612515 ], [ -92.628565612313139, 18.687826433742988 ], [ -92.62850763571879, 18.688050176974109 ], [ -92.628384141714719, 18.688214704345196 ], [ -92.628260646811384, 18.688379230816931 ], [ -92.628131500568259, 18.688487546962794 ], [ -92.628002354325133, 18.688595862209301 ], [ -92.627830146743861, 18.688747205519171 ], [ -92.627657939162532, 18.688898548829016 ], [ -92.627484418571044, 18.689080466390454 ], [ -92.627310897979498, 18.68926238395192 ], [ -92.627196114808839, 18.689416366771969 ], [ -92.627081331638124, 18.689570348692715 ], [ -92.62699626656439, 18.689721101147963 ], [ -92.626911200591394, 18.689871852703899 ], [ -92.626836506499558, 18.690046293301851 ], [ -92.626761813306985, 18.690220733000476 ], [ -92.626693761607783, 18.690387863908807 ], [ -92.626625710807843, 18.690554993917882 ], [ -92.62655301321098, 18.690703946829743 ], [ -92.62648031651338, 18.690852899741579 ], [ -92.626391126249416, 18.690999679891338 ], [ -92.62630193508619, 18.691146460041104 ], [ -92.626199517593648, 18.691281371837878 ], [ -92.626097100101049, 18.69141628363462 ], [ -92.625922109117994, 18.69162883030635 ], [ -92.625747118134939, 18.691841376978005 ], [ -92.625584174470021, 18.692072341765208 ], [ -92.625421231704422, 18.692303306552397 ], [ -92.625358039941545, 18.692503358043584 ], [ -92.625294849077989, 18.69270340863547 ], [ -92.625269865012228, 18.692935510165753 ], [ -92.625244880946468, 18.693167610796653 ], [ -92.625234036021936, 18.693399742004537 ], [ -92.625223191996668, 18.693631873212439 ], [ -92.625204184825236, 18.693863988232525 ], [ -92.625185178553124, 18.694096103252601 ], [ -92.625169442215963, 18.694328222769311 ], [ -92.625153706778121, 18.69456034228601 ], [ -92.625146286471931, 18.694792477990514 ], [ -92.625138866165685, 18.695024613695018 ], [ -92.62512565962146, 18.695256738607664 ], [ -92.625112453077236, 18.695488862620934 ], [ -92.625082158514772, 18.695688391606044 ], [ -92.625051863952308, 18.69588792059114 ], [ -92.625023764634989, 18.696003942128268 ], [ -92.62499566531767, 18.696119963665474 ], [ -92.624950491471964, 18.696268511882337 ], [ -92.624905317626258, 18.696417060099289 ], [ -92.624828597361841, 18.696649057308225 ], [ -92.624751877097424, 18.696881054517132 ], [ -92.624681279417473, 18.697113064316515 ], [ -92.624610682636842, 18.697345073216592 ], [ -92.624554845529644, 18.697577112693633 ], [ -92.624499008422447, 18.697809151271365 ], [ -92.624461163152148, 18.698041228519905 ], [ -92.624423317881792, 18.698273305768495 ], [ -92.624404175812003, 18.698505419889283 ], [ -92.624385033742271, 18.698737534909359 ], [ -92.624384794522598, 18.698969685003011 ], [ -92.624384554403605, 18.699201835096694 ], [ -92.624397365246182, 18.699434011270636 ], [ -92.624410176988022, 18.699666187444613 ], [ -92.624435806767053, 18.699898389698987 ], [ -92.624461437445348, 18.700130591054009 ], [ -92.624484643551398, 18.700272396154258 ], [ -92.624507849657505, 18.700414201254421 ], [ -92.624533648509043, 18.700530328012285 ], [ -92.624559447360582, 18.700646455669471 ], [ -92.624609322861943, 18.700853024547516 ], [ -92.624659197463927, 18.701059594324896 ], [ -92.624708614311089, 18.701291846041876 ], [ -92.624758030258874, 18.701524097758934 ], [ -92.624799015062479, 18.701756330590211 ], [ -92.624839999866083, 18.701988562522217 ], [ -92.624877828049307, 18.702220789058266 ], [ -92.624915656232531, 18.702453015594262 ], [ -92.624944471410174, 18.702657321778005 ], [ -92.624973285688554, 18.702861627062465 ], [ -92.62498849592231, 18.702977733135906 ], [ -92.625003706156065, 18.703093838310039 ], [ -92.625026993201118, 18.703237864735705 ], [ -92.625050281145548, 18.703381891161364 ], [ -92.625093421624058, 18.703614130287917 ], [ -92.625136562102625, 18.70384636941445 ], [ -92.625183520203279, 18.704078613936922 ], [ -92.625230478303877, 18.704310857560053 ], [ -92.625265675070807, 18.704543078700191 ], [ -92.625300872737057, 18.704775299840229 ], [ -92.625306509687618, 18.705007461625065 ], [ -92.625312147537556, 18.705239623409948 ], [ -92.625285721858518, 18.705471723141578 ], [ -92.625259297078856, 18.705703822873197 ], [ -92.625212176200932, 18.705935882135307 ], [ -92.625165055323009, 18.706167940498112 ], [ -92.625111087906362, 18.706399982673144 ], [ -92.625057120489657, 18.706632024848091 ], [ -92.625002142235019, 18.706864066123789 ], [ -92.62494716398038, 18.707096106500192 ], [ -92.624892023847792, 18.707328145977215 ], [ -92.624836883715147, 18.707560186353561 ], [ -92.624784446045339, 18.707792232125854 ], [ -92.624732008375474, 18.708024276998874 ], [ -92.62468018314388, 18.708256326368414 ], [ -92.624628357912343, 18.708488374838666 ], [ -92.62458259051408, 18.708692985892636 ], [ -92.624536823115875, 18.708897596946628 ], [ -92.624512325583339, 18.709013622980358 ], [ -92.624487827151484, 18.709129649014134 ], [ -92.62447286153332, 18.709273143940496 ], [ -92.624457896814476, 18.70941663976615 ], [ -92.624451088047238, 18.709648776370006 ], [ -92.624444279280056, 18.709880912973773 ], [ -92.624458235858867, 18.710113091845752 ], [ -92.624472191538359, 18.710345269818397 ], [ -92.624514116133525, 18.710577506246995 ], [ -92.624556040728635, 18.710809742675487 ], [ -92.624618927621384, 18.711042021372265 ], [ -92.624681815413396, 18.711274300068961 ], [ -92.624747669169551, 18.711506582362961 ], [ -92.624813523825026, 18.711738864656976 ], [ -92.624891290001017, 18.711971170333314 ], [ -92.624969055277631, 18.712203476009687 ], [ -92.625061503785332, 18.712435811363655 ], [ -92.625153951393713, 18.712668146717647 ], [ -92.625252092609969, 18.712900495561492 ], [ -92.625350232926849, 18.713132844405347 ], [ -92.625457666837804, 18.713365211235548 ], [ -92.625565099849439, 18.713597578965178 ], [ -92.62567854123165, 18.713829955687981 ], [ -92.625791981714542, 18.714062332410752 ], [ -92.625856729304587, 18.714199972750581 ], [ -92.625921477793952, 18.714337612191123 ], [ -92.625973820135641, 18.714453792008957 ], [ -92.626026163376707, 18.714569970927489 ], [ -92.626119051652893, 18.714780871839814 ], [ -92.626211939929021, 18.714991771852844 ], [ -92.626310474149022, 18.715224120696671 ], [ -92.626409008369023, 18.715456469540445 ], [ -92.626503201561491, 18.715688810290438 ], [ -92.626597395653278, 18.715921150141028 ], [ -92.626683969789326, 18.716153472904502 ], [ -92.626770544824751, 18.716385795667971 ], [ -92.626843600351833, 18.716599518652927 ], [ -92.626916654979595, 18.716813241637837 ], [ -92.626961557230061, 18.716960609044907 ], [ -92.627006460379789, 18.717107976451988 ], [ -92.627057824259168, 18.7173109606324 ], [ -92.62710918903781, 18.717513943913453 ], [ -92.627177635539397, 18.717812463974109 ], [ -92.62724608204104, 18.718110984034752 ], [ -92.627295462915242, 18.718355180547182 ], [ -92.627344843789444, 18.718599377059657 ], [ -92.627370727177265, 18.718734144065532 ], [ -92.627396610565086, 18.718868911071404 ], [ -92.627425782773628, 18.719020939664688 ], [ -92.62745495498217, 18.719172969157203 ], [ -92.62749904424544, 18.71940520738444 ], [ -92.627543132609446, 18.719637444712383 ], [ -92.627591651033811, 18.719869691932796 ], [ -92.627640169458232, 18.72010193825389 ], [ -92.627694376094553, 18.720334198064812 ], [ -92.627748581831554, 18.720566458775142 ], [ -92.627820030270129, 18.720798752760277 ], [ -92.627891478708761, 18.72103104674548 ], [ -92.62799266502941, 18.721263398287231 ], [ -92.628093850450796, 18.721495748929708 ], [ -92.628217200563313, 18.721728144538289 ], [ -92.62834055157515, 18.721960539247551 ], [ -92.628463795567654, 18.72219293395673 ], [ -92.628587039560216, 18.722425327766729 ], [ -92.628688829325995, 18.722657682006453 ], [ -92.628790619091774, 18.722890036246195 ], [ -92.628873597738334, 18.7231223536138 ], [ -92.628956577284157, 18.723354670081992 ], [ -92.629030104955348, 18.72358696586582 ], [ -92.629103632626482, 18.723819261649695 ], [ -92.629171803935549, 18.724051546641558 ], [ -92.629239976143936, 18.724283831633528 ], [ -92.629299998695956, 18.724516100437697 ], [ -92.629360022147296, 18.724748369241933 ], [ -92.629401423336958, 18.724980603871835 ], [ -92.629442824526677, 18.725212837602438 ], [ -92.629454704570946, 18.725445013776433 ], [ -92.629466584615159, 18.725677189051083 ], [ -92.629453239575298, 18.725909313064399 ], [ -92.629439893636118, 18.726141437077739 ], [ -92.629411759245272, 18.726373531413408 ], [ -92.62938362395505, 18.72660562574907 ], [ -92.629354979648554, 18.726764435230546 ], [ -92.629326335342057, 18.726923245611353 ], [ -92.629296392414517, 18.727039261752548 ], [ -92.629266448587714, 18.727155276994505 ], [ -92.62920003365457, 18.727344504245536 ], [ -92.629133617822163, 18.727533730597273 ], [ -92.629068790192491, 18.727735270466368 ], [ -92.629003963462083, 18.727936809436226 ], [ -92.629005993231942, 18.72829864626555 ], [ -92.629008023001802, 18.728660483094846 ], [ -92.629086208261867, 18.729137393575879 ], [ -92.629164393521933, 18.729614302258323 ], [ -92.629275654048172, 18.729956881005325 ], [ -92.629386913675091, 18.730299458852979 ], [ -92.629451869008506, 18.730669670169217 ], [ -92.62951682434192, 18.731039879686747 ], [ -92.629464644777499, 18.731382134677798 ], [ -92.629412466112399, 18.731724388769575 ], [ -92.629274973261374, 18.731911910006708 ], [ -92.62913747951103, 18.732099431243824 ], [ -92.628988005891699, 18.732268422849479 ], [ -92.628838532272425, 18.732437414455138 ], [ -92.628641718340589, 18.732590964701355 ], [ -92.628444904408752, 18.732744514048139 ], [ -92.628067675682644, 18.73278460402625 ], [ -92.627690446956535, 18.732824694004496 ], [ -92.627306028150656, 18.732799432947512 ], [ -92.626921610244096, 18.732774171890586 ], [ -92.626611388204992, 18.732819497721714 ], [ -92.626301165266511, 18.732864823552795 ], [ -92.625943250380658, 18.732978732582442 ], [ -92.625585334595485, 18.73309264071289 ], [ -92.625000315711986, 18.73333165173436 ], [ -92.624415295929111, 18.733570661856614 ], [ -92.623542907678996, 18.733876929576674 ], [ -92.62267051942888, 18.73418319729679 ], [ -92.622126398114744, 18.734347099638981 ], [ -92.621582277699929, 18.734511002880524 ], [ -92.62140499884157, 18.734583347043895 ], [ -92.621227719983267, 18.734655691207241 ], [ -92.620928992179188, 18.734712044525288 ], [ -92.620630264375166, 18.734768397843315 ], [ -92.620285336598954, 18.73476662527959 ], [ -92.619940407923423, 18.734764852715838 ], [ -92.619512646291582, 18.734616366552114 ], [ -92.619084885559005, 18.734467880388394 ], [ -92.618594445677104, 18.734282093044207 ], [ -92.618104005795203, 18.734096305699982 ], [ -92.617661520462775, 18.733983190771724 ], [ -92.617219034231027, 18.733870075843353 ], [ -92.616798977990413, 18.733868076650477 ], [ -92.616378921749799, 18.733866077457531 ], [ -92.616084916285843, 18.734039411889384 ], [ -92.615790910821829, 18.734212745421939 ], [ -92.61564956977179, 18.734420169555204 ], [ -92.615508228721751, 18.734627593688561 ], [ -92.615439040279455, 18.734908084140837 ], [ -92.615369850937839, 18.735188574593117 ], [ -92.615316828708615, 18.735595144600243 ], [ -92.615263805580128, 18.736001713708173 ], [ -92.615202774888132, 18.736511157164209 ], [ -92.615141743296761, 18.737020598821623 ], [ -92.615055347226473, 18.737492232980244 ], [ -92.614968951156129, 18.737963866239518 ], [ -92.61489038997945, 18.738252970398314 ], [ -92.614811828802829, 18.738542074557159 ], [ -92.614673841324702, 18.738788079606255 ], [ -92.614535853846519, 18.739034084655323 ], [ -92.614199405777924, 18.739298256009754 ], [ -92.613862958608593, 18.739562426464879 ], [ -92.613384971639107, 18.739728873888424 ], [ -92.612906985568884, 18.739895320412757 ], [ -92.612429178463799, 18.739982389175974 ], [ -92.611951370459337, 18.74006945703988 ], [ -92.611473551663039, 18.740225336530099 ], [ -92.610995732866741, 18.740381216919705 ], [ -92.610560393547303, 18.740557198955614 ], [ -92.610125054227808, 18.740733180092253 ], [ -92.609766467548411, 18.740834308856311 ], [ -92.609407879969638, 18.740935437620386 ], [ -92.609006880363211, 18.740975386405019 ], [ -92.608605880756727, 18.74101533429026 ], [ -92.608217915924058, 18.740973357534486 ], [ -92.607829951091333, 18.740931381677946 ], [ -92.607650663147524, 18.740953935775565 ], [ -92.607471376103092, 18.740976488973846 ], [ -92.607420854888517, 18.741149517636181 ], [ -92.607370333673941, 18.741322545399207 ], [ -92.607334158444644, 18.741501462822313 ], [ -92.60729798321529, 18.741680380245377 ], [ -92.607253433499125, 18.741905759343329 ], [ -92.607208882883583, 18.742131138441337 ], [ -92.607152692342822, 18.742416387206553 ], [ -92.607096502701381, 18.742701634173127 ], [ -92.607053995345552, 18.742908319063677 ], [ -92.607011487989723, 18.743115002155672 ], [ -92.606972202904785, 18.743268305088243 ], [ -92.606932917819847, 18.743421607121533 ], [ -92.606867939104063, 18.743664933090241 ], [ -92.606802960388279, 18.743908259058955 ], [ -92.60670513843138, 18.744231427738232 ], [ -92.606607316474424, 18.744554596417494 ], [ -92.606548440558072, 18.744726588161516 ], [ -92.606489565540983, 18.744898579905584 ], [ -92.606409814561232, 18.74509228847834 ], [ -92.606330063581538, 18.745285997051148 ], [ -92.605864998071183, 18.746371875361842 ], [ -92.605399931661452, 18.74745774557854 ], [ -92.604835393938231, 18.748343808919657 ], [ -92.60427085621501, 18.749229867764274 ], [ -92.604019643191918, 18.749174838248223 ] ] ] ] } },
{ "type": "Feature", "properties": { "nombre": "TSIMIN", "superficie": "50.56", "ubicacin": "Marino", "comentario": null, "petrleo_cr": "17.17", "crudo_1p_m": "9.3", "gas_natura": "43.44", "condensado": "0.18", "volumen_or": "311.92", "volumen__1": "1084.64", "petrleo__1": "17.17", "crudo_2p_m": "9.3", "gas_natu_1": "43.44", "condensa_1": "0.18", "volumen__2": "0", "volumen__3": "0", "petrleo__2": "17.17", "crudo_3p_m": "9.3", "gas_natu_2": "43.44", "condensa_2": "0.18", "volumen__4": "0", "volumen__5": "0" }, "geometry": { "type": "MultiPolygon", "coordinates": [ [ [ [ -92.732405972657489, 18.753857415687197 ], [ -92.728841838879703, 18.752873784897321 ], [ -92.725966530031315, 18.750459269779501 ], [ -92.72309122118287, 18.748044720487471 ], [ -92.720474716534909, 18.745380217223282 ], [ -92.717858210987629, 18.742715671690959 ], [ -92.715483700412392, 18.740063592560755 ], [ -92.713109190736532, 18.737411471162503 ], [ -92.711197888571689, 18.735050439626107 ], [ -92.70928658640679, 18.73268937481485 ], [ -92.70728335194508, 18.731890434196227 ], [ -92.705280116584049, 18.731091489080971 ], [ -92.702796377051129, 18.732328479575667 ], [ -92.700312636618833, 18.733565460177882 ], [ -92.697661114169023, 18.735804233378694 ], [ -92.69500959171927, 18.738042976002593 ], [ -92.691661050616972, 18.739714924504216 ], [ -92.688312509514674, 18.741386856818057 ], [ -92.68356478968326, 18.741149885458913 ], [ -92.678817068952526, 18.740912914999061 ], [ -92.674519109968912, 18.738755422524765 ], [ -92.670221150985299, 18.73659790127213 ], [ -92.66777822358614, 18.733671435388501 ], [ -92.665335296186925, 18.730744918243435 ], [ -92.663319229298963, 18.727785059632811 ], [ -92.661303162411002, 18.724825149760832 ], [ -92.659176084108935, 18.721915279066941 ], [ -92.657049006706245, 18.719005358010907 ], [ -92.65570042293615, 18.716121019969144 ], [ -92.654351840065317, 18.713236632464643 ], [ -92.653568980224236, 18.710361864108791 ], [ -92.651519181564936, 18.710322574527225 ], [ -92.649469382905636, 18.710283284046415 ], [ -92.646714507668378, 18.709959573975173 ], [ -92.643959631531743, 18.709635863904047 ], [ -92.641197505060745, 18.70860143940499 ], [ -92.638435378589804, 18.707567008610603 ], [ -92.63663103279589, 18.705880518970851 ], [ -92.634826687901295, 18.704194011344605 ], [ -92.634574116002625, 18.70205190447188 ], [ -92.634321544103955, 18.699909768820838 ], [ -92.635581696637928, 18.697413758937913 ], [ -92.636841849171958, 18.694917712182711 ], [ -92.63858835776648, 18.692500416361135 ], [ -92.640334866360945, 18.690083086365394 ], [ -92.641294710982095, 18.688089468354345 ], [ -92.642254555603245, 18.686095826960923 ], [ -92.642167795307444, 18.68444570860262 ], [ -92.642081035011699, 18.682795574955879 ], [ -92.641881491637491, 18.681109313743871 ], [ -92.641681947363963, 18.679423036344033 ], [ -92.642041016979306, 18.677212027912784 ], [ -92.642400086594705, 18.675000990703222 ], [ -92.642937020527029, 18.67229030905057 ], [ -92.64347395356009, 18.669579583331139 ], [ -92.643867747798311, 18.667046712935537 ], [ -92.644261542935794, 18.664513803869017 ], [ -92.644922362077295, 18.663164156200857 ], [ -92.645583181218797, 18.661814496841611 ], [ -92.646851945660728, 18.662641257987733 ], [ -92.64812071010266, 18.663468015536544 ], [ -92.649664862243583, 18.666678386598331 ], [ -92.651209015283769, 18.669888695606836 ], [ -92.652373438583311, 18.67405982410169 ], [ -92.653537862782116, 18.678230848275085 ], [ -92.653857755231172, 18.68169687051418 ], [ -92.654177648579605, 18.6851628217069 ], [ -92.653838399122776, 18.688187506148548 ], [ -92.653499150565324, 18.691212135731497 ], [ -92.653431032316234, 18.694283130761896 ], [ -92.653362913167882, 18.697354069135034 ], [ -92.654465599807565, 18.699347108882009 ], [ -92.655568285547929, 18.701340124347318 ], [ -92.657926245000169, 18.700963568314076 ], [ -92.66028420445241, 18.700587012280835 ], [ -92.662814977629068, 18.697941788682655 ], [ -92.665345749906407, 18.695296523715644 ], [ -92.66673729429067, 18.69190684402572 ], [ -92.668128837775612, 18.688517095987272 ], [ -92.668725303230133, 18.686016482474727 ], [ -92.669321767785334, 18.68351583119075 ], [ -92.670451725466705, 18.682532641967928 ], [ -92.671581682248814, 18.681549446449822 ], [ -92.673582578473201, 18.681652408032299 ], [ -92.675583475596909, 18.681755370513958 ], [ -92.678030777298488, 18.682257106780124 ], [ -92.680478079000125, 18.682758842146875 ], [ -92.682832814382834, 18.683561425919098 ], [ -92.685187548866224, 18.684364006094018 ], [ -92.687100771083692, 18.685632129319348 ], [ -92.689013992401783, 18.686900242652165 ], [ -92.69126096741968, 18.688161549915677 ], [ -92.693507942437577, 18.689422848185906 ], [ -92.697307045683601, 18.689858839513885 ], [ -92.701106148929568, 18.690294829942491 ], [ -92.705630648935255, 18.690056850443334 ], [ -92.710155148940942, 18.689818870044864 ], [ -92.713268738561396, 18.69019933003511 ], [ -92.716382328181851, 18.690579789125977 ], [ -92.717671562092903, 18.692451227042543 ], [ -92.718960796003898, 18.694322644274667 ], [ -92.719452287193235, 18.697068441755231 ], [ -92.719943778382628, 18.699814193370411 ], [ -92.720156504019428, 18.702452089292532 ], [ -92.720369229656171, 18.705089942946582 ], [ -92.720209319404546, 18.707642664977058 ], [ -92.720049410052184, 18.710195348336722 ], [ -92.719942395225303, 18.712872862992302 ], [ -92.719835379499102, 18.715550335379689 ], [ -92.720432844100458, 18.717561080079825 ], [ -92.721030309601076, 18.719571801397585 ], [ -92.722358488653299, 18.720230894740062 ], [ -92.723686667705522, 18.720889985384609 ], [ -92.725487895549918, 18.720753413439347 ], [ -92.727289124293634, 18.72061684059474 ], [ -92.729026262851733, 18.720692294613713 ], [ -92.730763401409831, 18.720767747733404 ], [ -92.731893601008835, 18.721501610710806 ], [ -92.733023801507215, 18.722235471889558 ], [ -92.733667970600322, 18.723393909301517 ], [ -92.734312140592806, 18.724552339518898 ], [ -92.735082485468297, 18.725727728252075 ], [ -92.735852830343788, 18.72690310889141 ], [ -92.737121215271827, 18.727879583775785 ], [ -92.738389600199866, 18.728856052364975 ], [ -92.739649492829813, 18.729630364149997 ], [ -92.740909384560439, 18.730404671438471 ], [ -92.741542154746583, 18.731078163826233 ], [ -92.742174924033463, 18.731751654415344 ], [ -92.742826015208379, 18.732395387337291 ], [ -92.743477106383295, 18.733039118460631 ], [ -92.745030960410475, 18.733627968456009 ], [ -92.746584815336917, 18.734216815753467 ], [ -92.748473273822469, 18.734529406606885 ], [ -92.750361733207399, 18.734841995661636 ], [ -92.751702554029634, 18.734833470088631 ], [ -92.753043374851813, 18.734824944515651 ], [ -92.753762507833414, 18.735056961509606 ], [ -92.754481640815015, 18.735288977604284 ], [ -92.754513785282938, 18.736166142153763 ], [ -92.754545930650124, 18.73704330220669 ], [ -92.753739200103951, 18.738345478261216 ], [ -92.752932469557777, 18.739647645322638 ], [ -92.751549713348538, 18.74101385670415 ], [ -92.750166958038619, 18.742380057293893 ], [ -92.748755734689382, 18.743543357340094 ], [ -92.747344511340089, 18.744706649292468 ], [ -92.746363801548171, 18.745661846217242 ], [ -92.745383091756253, 18.746617038645482 ], [ -92.745022003162887, 18.747647314571946 ], [ -92.744660914569522, 18.7486775842032 ], [ -92.744575201084615, 18.749910677935443 ], [ -92.744489487599708, 18.751143761775207 ], [ -92.743312742688886, 18.752377009291621 ], [ -92.742135996878744, 18.753610248714033 ], [ -92.739053051656981, 18.754225645796978 ], [ -92.735970107334538, 18.754841040181915 ], [ -92.732405972657489, 18.753857415687197 ] ] ] ] } },
{ "type": "Feature", "properties": { "nombre": "XANAB", "superficie": "50.35", "ubicacin": "Marino", "comentario": null, "petrleo_cr": "31.16", "crudo_1p_m": "28.83", "gas_natura": "19.05", "condensado": "0.12", "volumen_or": "1038.82", "volumen__1": "683.78", "petrleo__1": "31.16", "crudo_2p_m": "28.83", "gas_natu_1": "19.05", "condensa_1": "0.12", "volumen__2": "0", "volumen__3": "0", "petrleo__2": "51.88", "crudo_3p_m": "48", "gas_natu_2": "31.72", "condensa_2": "0.2", "volumen__4": "91.58", "volumen__5": "60.52" }, "geometry": { "type": "MultiPolygon", "coordinates": [ [ [ [ -93.387916127427275, 18.578755367266524 ], [ -93.387723405410782, 18.578671381379309 ], [ -93.387605239889865, 18.578615165657425 ], [ -93.387487073469572, 18.578558950834974 ], [ -93.387384562447494, 18.578506594104113 ], [ -93.387282052324792, 18.578454237373251 ], [ -93.387141575523231, 18.578375908221687 ], [ -93.387001099620932, 18.578297579070181 ], [ -93.386840687547647, 18.578196373863648 ], [ -93.386680275474305, 18.578095168657114 ], [ -93.386577168201711, 18.578027290527189 ], [ -93.386474061828437, 18.577959411497829 ], [ -93.386336455662843, 18.577870646613178 ], [ -93.386198849497191, 18.57778188172864 ], [ -93.386033985779761, 18.577674636675283 ], [ -93.385869122062218, 18.577567392521246 ], [ -93.385735605114064, 18.577483037012541 ], [ -93.385602089065117, 18.577398682403384 ], [ -93.385472986888772, 18.577317003277187 ], [ -93.385343884712427, 18.577235324150934 ], [ -93.385219024638161, 18.577150599020911 ], [ -93.385094163664689, 18.577065873891115 ], [ -93.384943979580953, 18.576954873268903 ], [ -93.384793794597897, 18.576843872646691 ], [ -93.384651556923757, 18.576730180353593 ], [ -93.384509319249673, 18.576616488060665 ], [ -93.384434258234364, 18.576555601259997 ], [ -93.384359196319735, 18.576494713560351 ], [ -93.384289272232081, 18.576429345438044 ], [ -93.384219348144313, 18.57636397641636 ], [ -93.384089284592733, 18.576239065980246 ], [ -93.383959221041152, 18.576114155543962 ], [ -93.383844734646743, 18.575999514466162 ], [ -93.383730249151654, 18.575884873388361 ], [ -93.383608748045276, 18.57575600593492 ], [ -93.383487246938785, 18.575627137582501 ], [ -93.383404402291262, 18.575537551616833 ], [ -93.38332155674442, 18.575447964751788 ], [ -93.383190694594759, 18.57532108569967 ], [ -93.383059832445213, 18.575194206647495 ], [ -93.382926223766162, 18.575067079382336 ], [ -93.382792614187736, 18.574939953016553 ], [ -93.382711337957801, 18.574878149806864 ], [ -93.382630060828603, 18.574816345697855 ], [ -93.382490234236855, 18.57471334364601 ], [ -93.382350408544426, 18.574610341594109 ], [ -93.382258675897162, 18.574545351187112 ], [ -93.382166944149105, 18.574480360780115 ], [ -93.382039743139558, 18.574413836129793 ], [ -93.381912541230747, 18.574347311479301 ], [ -93.381749884449562, 18.574273686681295 ], [ -93.381587226769057, 18.57420006188346 ], [ -93.381453803350325, 18.574155588609699 ], [ -93.3813203808308, 18.574111116235144 ], [ -93.381203837686883, 18.574078741540745 ], [ -93.381087294542965, 18.574046367745723 ], [ -93.380953916989597, 18.574022597764724 ], [ -93.380820540335606, 18.573998828683045 ], [ -93.380695901494562, 18.573978499508257 ], [ -93.380571263552895, 18.573958170333299 ], [ -93.380437900388756, 18.573940599379171 ], [ -93.380304536325241, 18.573923028425099 ], [ -93.380097014165756, 18.573895796054217 ], [ -93.379889491107065, 18.573868564582767 ], [ -93.379717534436622, 18.573845710111527 ], [ -93.379545577766123, 18.573822856539721 ], [ -93.379383208768047, 18.573799739466494 ], [ -93.379220839769914, 18.573776622393268 ], [ -93.379058877265322, 18.573750644576705 ], [ -93.378896914760787, 18.573724666760029 ], [ -93.378717736534213, 18.573692637405372 ], [ -93.37853855830781, 18.573660608949979 ], [ -93.378338993349757, 18.57362453894126 ], [ -93.378139428391876, 18.573588468932769 ], [ -93.377921028932292, 18.573547681980131 ], [ -93.377702629472708, 18.573506894127945 ], [ -93.377567597166831, 18.573481161826294 ], [ -93.377432564860953, 18.573455429524529 ], [ -93.377317903098628, 18.573432938379369 ], [ -93.377203242235794, 18.573410447234437 ], [ -93.377038906420353, 18.573378117506195 ], [ -93.376874570604912, 18.573345787777953 ], [ -93.376719910595284, 18.573314010233446 ], [ -93.376565249686507, 18.573282233588316 ], [ -93.376392862240778, 18.573245400954477 ], [ -93.376220475694311, 18.573208568320865 ], [ -93.376048761840877, 18.573170666393196 ], [ -93.375877047987331, 18.573132763566377 ], [ -93.37570204351448, 18.573093446105815 ], [ -93.375527039041572, 18.573054128645197 ], [ -93.375419709451933, 18.573029500711016 ], [ -93.375312379862351, 18.573004872776664 ], [ -93.375173613571349, 18.572971829886114 ], [ -93.37503484728029, 18.57293878789477 ], [ -93.374888026660983, 18.572902902247222 ], [ -93.37474120604179, 18.572867017498936 ], [ -93.374635936798938, 18.572840415552832 ], [ -93.374530668455463, 18.572813812707409 ], [ -93.374361496086124, 18.572770075978326 ], [ -93.374192322817407, 18.572726338349867 ], [ -93.374016001737061, 18.572679616770927 ], [ -93.373839679757396, 18.57263289519193 ], [ -93.373636021984794, 18.572576316144193 ], [ -93.373432363312816, 18.572519737096229 ], [ -93.37329806485377, 18.572481688579217 ], [ -93.373163765495292, 18.572443640961353 ], [ -93.373059358702392, 18.572413001958523 ], [ -93.372954952808811, 18.572382362056544 ], [ -93.372767129399449, 18.572329165358838 ], [ -93.372579306889463, 18.572275969560337 ], [ -93.372415224682754, 18.572232011598089 ], [ -93.372251142476216, 18.572188053635841 ], [ -93.372069459637828, 18.572142387860993 ], [ -93.37188777679944, 18.572096722985577 ], [ -93.371740837469588, 18.572061223146932 ], [ -93.371593899039112, 18.57202572420789 ], [ -93.371474514936835, 18.571997553844085 ], [ -93.371355131733878, 18.571969384379599 ], [ -93.37123528627933, 18.571940825508761 ], [ -93.371115440824894, 18.57191226753713 ], [ -93.370976071988082, 18.571876477217643 ], [ -93.370836703151269, 18.571840686898327 ], [ -93.370637800094357, 18.571787326524088 ], [ -93.370438897037445, 18.571733967048999 ], [ -93.370267654428687, 18.571686168981614 ], [ -93.370096412719249, 18.571638370914059 ], [ -93.36990143070642, 18.571582348546713 ], [ -93.369706447794215, 18.57152632527982 ], [ -93.369569647421201, 18.571486881914097 ], [ -93.369432847048131, 18.571447437649169 ], [ -93.369324288984728, 18.571411906334561 ], [ -93.369215731820475, 18.571376375019781 ], [ -93.369019803720846, 18.571310718215159 ], [ -93.368823875621331, 18.57124506051116 ], [ -93.368659272707191, 18.571188941016885 ], [ -93.368494669793165, 18.571132820623234 ], [ -93.368304455086502, 18.571068851846064 ], [ -93.368114239480462, 18.571004883068952 ], [ -93.367980819659067, 18.570959500580614 ], [ -93.367847400736935, 18.570914118092105 ], [ -93.36774622071141, 18.570873366212879 ], [ -93.367645041585376, 18.570832613434334 ], [ -93.367477037435208, 18.570766671544675 ], [ -93.36730903418453, 18.570700730554393 ], [ -93.367165056322278, 18.570645713628835 ], [ -93.36702107935929, 18.570590697602768 ], [ -93.366908307971983, 18.570547950127889 ], [ -93.366795536584732, 18.570505203552386 ], [ -93.366659799210311, 18.570445850995384 ], [ -93.366524062735266, 18.570386498438381 ], [ -93.366350769672238, 18.5702976292323 ], [ -93.366177477508529, 18.570208760925652 ], [ -93.366014413334426, 18.570111198872837 ], [ -93.36585134916038, 18.570013637719342 ], [ -93.365700559832931, 18.56990321715989 ], [ -93.365549770505424, 18.569792796600439 ], [ -93.365415610541959, 18.569670216307486 ], [ -93.365281450578436, 18.56954763691391 ], [ -93.365213820661211, 18.569480140995722 ], [ -93.365146190744099, 18.569412645077534 ], [ -93.365102549343135, 18.569337429379004 ], [ -93.365058907042851, 18.569262214579624 ], [ -93.364999231629156, 18.569135184441393 ], [ -93.364939555316198, 18.569008154302992 ], [ -93.364982763243859, 18.568879728416903 ], [ -93.365025971171576, 18.568751303429963 ], [ -93.365125456874296, 18.568623965723532 ], [ -93.365224941677695, 18.568496627117781 ], [ -93.365358008065527, 18.568377478637899 ], [ -93.365491074453416, 18.568258330157846 ], [ -93.365663715508049, 18.568185816022662 ], [ -93.365836356562568, 18.568113301887536 ], [ -93.366210721847267, 18.568103781664377 ], [ -93.366585087132023, 18.568094261441161 ], [ -93.367645654923024, 18.568032409668035 ], [ -93.368706222713911, 18.56797055789491 ], [ -93.370112026748529, 18.567911503912967 ], [ -93.371517830783148, 18.567852450830003 ], [ -93.372614792338766, 18.567835339429507 ], [ -93.373711753894213, 18.567818228928218 ], [ -93.374342076125799, 18.567691164615724 ], [ -93.374972398357443, 18.567564100303059 ], [ -93.375196618229268, 18.567329126338166 ], [ -93.37542083720183, 18.567094152373272 ], [ -93.375429495874471, 18.566859237763708 ], [ -93.375438154547169, 18.566624323153974 ], [ -93.375395311744171, 18.566497263338135 ], [ -93.37535246804191, 18.566370202622807 ], [ -93.37527755901209, 18.566275664090767 ], [ -93.37520264998227, 18.566181124659181 ], [ -93.375054207885341, 18.566060874509787 ], [ -93.374905766687675, 18.565940624360394 ], [ -93.374817865152295, 18.56588894841633 ], [ -93.374729962717538, 18.565837272472265 ], [ -93.37472988717451, 18.565802693539524 ], [ -93.374729811631482, 18.565768115506273 ], [ -93.374792734497021, 18.565640845248993 ], [ -93.374855657362616, 18.565513574991542 ], [ -93.374988641912239, 18.565361068858351 ], [ -93.375121626461805, 18.565208562725104 ], [ -93.375302313750751, 18.565081057744635 ], [ -93.375483000140264, 18.564953552764393 ], [ -93.375665839506837, 18.56483163527173 ], [ -93.375848677974034, 18.564709716879918 ], [ -93.376013080339362, 18.564608166333812 ], [ -93.376177481805314, 18.564506615787707 ], [ -93.376296372179752, 18.564427402602576 ], [ -93.376415263453566, 18.564348188518181 ], [ -93.376506908866702, 18.564282478653638 ], [ -93.376598554279838, 18.564216767889661 ], [ -93.376727428927666, 18.564118540338427 ], [ -93.376856303575494, 18.564020311887987 ], [ -93.377053844159491, 18.56382728320267 ], [ -93.377251384743545, 18.563634253618034 ], [ -93.377433843696906, 18.563426900531113 ], [ -93.37761630265021, 18.563219548343625 ], [ -93.377807682878199, 18.562942824251991 ], [ -93.377999063106245, 18.562666099261151 ], [ -93.378189030499243, 18.562304467477247 ], [ -93.378378997892355, 18.561942835693344 ], [ -93.378457077931785, 18.561688388708262 ], [ -93.3785351579711, 18.561433940823633 ], [ -93.37854374469805, 18.561222871738266 ], [ -93.378552331424942, 18.561011801753295 ], [ -93.378533031074483, 18.560876952909211 ], [ -93.378513729824704, 18.5607421040649 ], [ -93.378484883170756, 18.560680811670295 ], [ -93.378456035617432, 18.560619518376143 ], [ -93.37839653467222, 18.560515740209269 ], [ -93.378337033727064, 18.560411961143188 ], [ -93.378254563197459, 18.560298103374862 ], [ -93.378172092667853, 18.560184244707273 ], [ -93.37806011628129, 18.560070016418251 ], [ -93.377948139894727, 18.559955788129173 ], [ -93.377811835048135, 18.559831509017044 ], [ -93.377675531100863, 18.559707229005483 ], [ -93.377533366271791, 18.559588561662906 ], [ -93.37739120144272, 18.559469894320273 ], [ -93.377275856195695, 18.5593751750244 ], [ -93.377160510948727, 18.55928045482915 ], [ -93.377065176516567, 18.559199056291448 ], [ -93.37696984208452, 18.559117658653122 ], [ -93.376893082249921, 18.559049685194793 ], [ -93.376816323314642, 18.558981711736635 ], [ -93.376730876928377, 18.558899932785778 ], [ -93.376645429642792, 18.558818153834864 ], [ -93.376536486669465, 18.558677732791182 ], [ -93.376427543696082, 18.558537310848294 ], [ -93.37635364460499, 18.558410313085574 ], [ -93.376279744614465, 18.55828331532291 ], [ -93.376226398629342, 18.55817487327181 ], [ -93.376173052644219, 18.558066432120313 ], [ -93.376110284462015, 18.557939411874429 ], [ -93.376047516279812, 18.557812391628715 ], [ -93.375941303648233, 18.557723858769123 ], [ -93.375835090117278, 18.557635325909644 ], [ -93.375656411913837, 18.557580148904833 ], [ -93.375477733710397, 18.557524972799342 ], [ -93.375194795303457, 18.55746306436896 ], [ -93.374911856896631, 18.557401155938578 ], [ -93.374645134165519, 18.557355142126085 ], [ -93.374378410535144, 18.557309129212967 ], [ -93.374168265952619, 18.557269492493106 ], [ -93.373958120470775, 18.557229855773244 ], [ -93.373824747414119, 18.557201620658361 ], [ -93.373691375256726, 18.557173384644159 ], [ -93.37357955535208, 18.557139142957169 ], [ -93.373467736346925, 18.557104902169499 ], [ -93.373334330015268, 18.557061155547899 ], [ -93.373200923683669, 18.557017409825676 ], [ -93.37305203642228, 18.556960659906565 ], [ -93.372903149160948, 18.556903909088135 ], [ -93.372749256273096, 18.556844012441388 ], [ -93.372595363385301, 18.556784115794471 ], [ -93.372495410035071, 18.556744153519901 ], [ -93.372395455785579, 18.556704192144878 ], [ -93.372149073021262, 18.556605899842396 ], [ -93.371902689357569, 18.55650760843929 ], [ -93.371606604660997, 18.556385565941241 ], [ -93.371310519964482, 18.556263524342228 ], [ -93.371185042955346, 18.556208310465195 ], [ -93.371059566845418, 18.556153097487538 ], [ -93.371008718277665, 18.556128524412031 ], [ -93.370957870609175, 18.556103950436977 ], [ -93.370871241614452, 18.556059508639578 ], [ -93.37078461261973, 18.556015066841951 ], [ -93.370647462410375, 18.555941044543601 ], [ -93.370510313100453, 18.555867021346103 ], [ -93.370344797374401, 18.555770717444716 ], [ -93.370179282547781, 18.5556744135435 ], [ -93.370070552713742, 18.555607482399466 ], [ -93.369961823779079, 18.555540552154866 ], [ -93.369809241203484, 18.555435388132821 ], [ -93.369656659527095, 18.555330224110605 ], [ -93.369047627845646, 18.55486213957613 ], [ -93.368438597063573, 18.554394054142392 ], [ -93.367953948815568, 18.554013308167725 ], [ -93.367469299668414, 18.553632561293739 ], [ -93.367260948334035, 18.55337833104511 ], [ -93.367052596999713, 18.553124100796708 ], [ -93.36680314574852, 18.552802883646223 ], [ -93.366553694497384, 18.552481665596417 ], [ -93.366463457422583, 18.552333153352492 ], [ -93.366373220347782, 18.55218464110834 ], [ -93.366280412111223, 18.552018712593508 ], [ -93.366187603874778, 18.55185278228015 ], [ -93.366111258627654, 18.551696368592616 ], [ -93.366034912481211, 18.551539954005705 ], [ -93.365971013851151, 18.551392415727435 ], [ -93.365907115221148, 18.551244877449108 ], [ -93.365834106458806, 18.551048638184284 ], [ -93.365761097696463, 18.550852398019913 ], [ -93.365716244908754, 18.550721871317364 ], [ -93.365671392120987, 18.550591343715666 ], [ -93.365639988694454, 18.550480081390617 ], [ -93.365608585267921, 18.550368819065795 ], [ -93.365574020724409, 18.550216020652897 ], [ -93.365539455281578, 18.550063222239885 ], [ -93.365522923943672, 18.549942455879773 ], [ -93.36550639260588, 18.54982168951949 ], [ -93.365513042193129, 18.549632025197923 ], [ -93.365519692679584, 18.549442359976922 ], [ -93.365543247722599, 18.549286047912858 ], [ -93.365566803665047, 18.549129734949418 ], [ -93.365590234601598, 18.549074155947721 ], [ -93.365613664638886, 18.549018576945684 ], [ -93.365737637082248, 18.548891191575365 ], [ -93.36586160862629, 18.548763805305498 ], [ -93.365990399637212, 18.548645624496146 ], [ -93.366119191547398, 18.54852744368668 ], [ -93.366217062067733, 18.548491859311923 ], [ -93.366314933487274, 18.548456275836543 ], [ -93.366452413747879, 18.548416091429658 ], [ -93.36658989490769, 18.548375907022546 ], [ -93.366719441349062, 18.548349637825595 ], [ -93.366848986891114, 18.54832336952785 ], [ -93.36716142575915, 18.548314439260139 ], [ -93.367473864627073, 18.548305508092824 ], [ -93.368343284215143, 18.548293744960517 ], [ -93.369212703803157, 18.548281980928834 ], [ -93.367738114222504, 18.547005060535184 ], [ -93.366263524641852, 18.545728130249074 ], [ -93.362561746926986, 18.543552493053141 ], [ -93.358859969212176, 18.541376827978411 ], [ -93.355658805409519, 18.540238671177747 ], [ -93.352457642506124, 18.539100508082072 ], [ -93.350255729818002, 18.53839258335114 ], [ -93.348053817129937, 18.537684655922305 ], [ -93.347557064906596, 18.536415952634286 ], [ -93.347060312683197, 18.535147239453522 ], [ -93.346818864498914, 18.533723898639096 ], [ -93.346577417214007, 18.532300545234023 ], [ -93.345429789653053, 18.531055066038505 ], [ -93.344282162991419, 18.52980957695047 ], [ -93.343544267453865, 18.528423198272094 ], [ -93.342806372815744, 18.527036807902505 ], [ -93.341931834286697, 18.526064762179089 ], [ -93.3410572966568, 18.525092711959076 ], [ -93.339355277523964, 18.525987695675724 ], [ -93.337653258391072, 18.526882675795036 ], [ -93.336074925717185, 18.528422965347659 ], [ -93.334496593942561, 18.529963240511279 ], [ -93.333774548956171, 18.528744073680116 ], [ -93.333052503070519, 18.527524897855812 ], [ -93.334299093828065, 18.523488192825823 ], [ -93.335545685484988, 18.519451390669303 ], [ -93.338002407585009, 18.517454330053397 ], [ -93.34045913058435, 18.515457245155744 ], [ -93.342084994227093, 18.515245048320367 ], [ -93.343710857869723, 18.515032850585612 ], [ -93.343721397024751, 18.513501857324911 ], [ -93.343731935280573, 18.511970850574357 ], [ -93.342726090336782, 18.510170162323277 ], [ -93.341720246292255, 18.508369455186255 ], [ -93.339889417262725, 18.507151680505672 ], [ -93.338058589132572, 18.505933896831948 ], [ -93.335472789137896, 18.506494098024234 ], [ -93.332886989143162, 18.507054296518618 ], [ -93.331057532479122, 18.506245384217209 ], [ -93.329228074915648, 18.505436467419088 ], [ -93.330095647296275, 18.502027857899293 ], [ -93.330963220576052, 18.498619179131992 ], [ -93.33389951335181, 18.496123374294314 ], [ -93.336835807026773, 18.493627532584696 ], [ -93.339289925589526, 18.49255603083617 ], [ -93.341744043252959, 18.491484520993936 ], [ -93.343218765933273, 18.490844165026374 ], [ -93.344693489512906, 18.490203805461363 ], [ -93.345978408476753, 18.489612147782395 ], [ -93.347263328339864, 18.489020488304902 ], [ -93.34859610022977, 18.488796706402923 ], [ -93.349928871220413, 18.488572924500943 ], [ -93.352576678570756, 18.489110583286902 ], [ -93.355224485921212, 18.48964824027405 ], [ -93.358122060184826, 18.490418568062466 ], [ -93.361019634448496, 18.491188892253604 ], [ -93.363037714918505, 18.491491166983792 ], [ -93.365055795388628, 18.491793441714037 ], [ -93.367433096560092, 18.491693609772369 ], [ -93.369810396832293, 18.491593777830758 ], [ -93.372164802163866, 18.490967090658899 ], [ -93.374519207495382, 18.490340401688286 ], [ -93.376203613405949, 18.489735997918046 ], [ -93.377888020215892, 18.489131592349281 ], [ -93.379011665555879, 18.489130566222741 ], [ -93.380135309996547, 18.489129539196938 ], [ -93.380881068306621, 18.489678695815257 ], [ -93.381626827516016, 18.490227850634824 ], [ -93.381945110178606, 18.491403277139625 ], [ -93.382263393740516, 18.492578695550549 ], [ -93.382251510998344, 18.493492453514079 ], [ -93.382239628256173, 18.494406206081578 ], [ -93.38208088352593, 18.495713861705326 ], [ -93.38192213879563, 18.497021506537408 ], [ -93.381894707328286, 18.497209005811101 ], [ -93.381780052783427, 18.497992691337913 ], [ -93.381581427940432, 18.499350329753952 ], [ -93.381240717085348, 18.501679121494419 ], [ -93.380723312830526, 18.503607763487537 ], [ -93.38045995252952, 18.504589436541153 ], [ -93.380205908575704, 18.505536382997661 ], [ -93.380011891030563, 18.506075685131975 ], [ -93.379667017718646, 18.507034314482098 ], [ -93.379128125962154, 18.508532232476739 ], [ -93.379192274603781, 18.510040746283437 ], [ -93.379256422345975, 18.511549245701246 ], [ -93.379917885888744, 18.51261511371888 ], [ -93.380587108708085, 18.513693484866508 ], [ -93.381661022491016, 18.515423944488987 ], [ -93.381917795070137, 18.515837697052064 ], [ -93.383503466211891, 18.517749290597408 ], [ -93.385089136454383, 18.519660863458114 ], [ -93.385935322057435, 18.520679617270616 ], [ -93.38678150766043, 18.521698364787881 ], [ -93.387410294749202, 18.522702212337322 ], [ -93.388039080938825, 18.523706053591525 ], [ -93.388416360026952, 18.524485944770561 ], [ -93.388793639115136, 18.525265831453055 ], [ -93.38888787367631, 18.525756724593236 ], [ -93.388982107338279, 18.526247616834098 ], [ -93.38902604371691, 18.526900739577513 ], [ -93.389069980095428, 18.527553859623026 ], [ -93.389030980095583, 18.528816755089281 ], [ -93.388991980995115, 18.530079640663018 ], [ -93.388924906858904, 18.53114556121875 ], [ -93.388857833622069, 18.532211474580038 ], [ -93.38878333018647, 18.532627909250778 ], [ -93.388708826750872, 18.533044343022141 ], [ -93.388613687471661, 18.533375858309398 ], [ -93.388518548192337, 18.533707372697222 ], [ -93.388353704259998, 18.534056833955731 ], [ -93.388188860327602, 18.534406294315033 ], [ -93.387993307245267, 18.534763896236996 ], [ -93.387797755062309, 18.535121498158787 ], [ -93.387663128350653, 18.535331314488758 ], [ -93.387528501638997, 18.535541129919238 ], [ -93.387044278770361, 18.536158798689769 ], [ -93.386560055901782, 18.536776465661546 ], [ -93.385993664675766, 18.537450769237694 ], [ -93.385427272550487, 18.538125070115939 ], [ -93.384992386489387, 18.538541196319329 ], [ -93.384557499528967, 18.538957322522492 ], [ -93.38381190939208, 18.539597204547363 ], [ -93.383066319255136, 18.540237084773707 ], [ -93.382463411057472, 18.540732265881388 ], [ -93.381860501960489, 18.541227445190486 ], [ -93.381653731634287, 18.541395276670755 ], [ -93.3814469613082, 18.541563107251648 ], [ -93.381243834135603, 18.541714192456084 ], [ -93.381040706963006, 18.54186527766052 ], [ -93.380716884476612, 18.542070308697816 ], [ -93.380393061990162, 18.542275339735113 ], [ -93.379970080254907, 18.542529306482493 ], [ -93.379547099419085, 18.542783272330325 ], [ -93.379290916742377, 18.543016037560164 ], [ -93.379034734964989, 18.543248802790174 ], [ -93.379075046176354, 18.543577078719295 ], [ -93.379115358287038, 18.54390535374921 ], [ -93.379220181466167, 18.544268288650699 ], [ -93.379325005544558, 18.544631223552244 ], [ -93.379437391122678, 18.54485320770948 ], [ -93.379549777600118, 18.545075190967395 ], [ -93.379656378738787, 18.54524795073246 ], [ -93.379762979877569, 18.545420710497581 ], [ -93.380151932165859, 18.54584064532952 ], [ -93.380540884454206, 18.546260580161686 ], [ -93.381093123049141, 18.546769769109744 ], [ -93.381645360744756, 18.547278956258936 ], [ -93.38204165060165, 18.547557489786357 ], [ -93.382437940458487, 18.547836023313948 ], [ -93.383318850684361, 18.548411761193904 ], [ -93.384199760910178, 18.548987498174483 ], [ -93.385122708146412, 18.549680877270703 ], [ -93.386045655382645, 18.550374253668963 ], [ -93.386347207957272, 18.550670174688889 ], [ -93.386648759632465, 18.550966095708873 ], [ -93.386808632112604, 18.551040036168843 ], [ -93.386968504592744, 18.551113977528189 ], [ -93.387180363283107, 18.551154947942621 ], [ -93.387392221973414, 18.551195919256429 ], [ -93.38757660097923, 18.551229985575446 ], [ -93.38776097998516, 18.551264051894634 ], [ -93.387920938800164, 18.551304662580264 ], [ -93.388080897615225, 18.551345274165101 ], [ -93.388307991720353, 18.551401339700078 ], [ -93.388535086724858, 18.551457406134432 ], [ -93.388777848818563, 18.5515203883553 ], [ -93.389020610013119, 18.551583370576168 ], [ -93.389232458810909, 18.551637165322973 ], [ -93.389444307608699, 18.55169096006972 ], [ -93.389622449816159, 18.55173001133096 ], [ -93.389800591124356, 18.551769062592257 ], [ -93.389935071246498, 18.551799957901835 ], [ -93.390069550469264, 18.551830853211413 ], [ -93.390240460328869, 18.551852406363594 ], [ -93.390411369289211, 18.551873958616341 ], [ -93.390586305413649, 18.551891302941442 ], [ -93.39076124243735, 18.551908647266373 ], [ -93.39091293018754, 18.551939304255654 ], [ -93.39106461793773, 18.551969961244765 ], [ -93.391218404705569, 18.552004998831649 ], [ -93.391372192372671, 18.552040036418532 ], [ -93.391555049725696, 18.552067839858978 ], [ -93.39173790797804, 18.552095643299424 ], [ -93.391917020554047, 18.552126665413368 ], [ -93.392096133129996, 18.552157688426689 ], [ -93.392232919113894, 18.55219621178577 ], [ -93.392369705097735, 18.552234736044397 ], [ -93.392571171222528, 18.552288100015915 ], [ -93.392772636448001, 18.552341464886865 ], [ -93.392961570520015, 18.55239548536349 ], [ -93.393150504592029, 18.552449504940739 ], [ -93.393269332013972, 18.552490379127789 ], [ -93.393388159435915, 18.552531253314669 ], [ -93.393521458748239, 18.55256925146989 ], [ -93.393654758959883, 18.552607250524261 ], [ -93.393880625490453, 18.552675344491718 ], [ -93.39410649202091, 18.552743438459004 ], [ -93.394356616864343, 18.552828552096173 ], [ -93.394606742607039, 18.552913666632378 ], [ -93.394804006199877, 18.552979619314101 ], [ -93.395001268893395, 18.55304557289503 ], [ -93.395236651150469, 18.553115625585804 ], [ -93.395472033407543, 18.553185679175726 ], [ -93.395717243455977, 18.553261994745412 ], [ -93.39596245350441, 18.553338311214134 ], [ -93.396118672039051, 18.553385670412467 ], [ -93.396274890573693, 18.55343302961063 ], [ -93.396445888566802, 18.553471493614722 ], [ -93.396616886560025, 18.553509958517793 ], [ -93.3968337778565, 18.553558513814437 ], [ -93.397050670052352, 18.553607070010344 ], [ -93.397217122871837, 18.553640178551461 ], [ -93.397383575691379, 18.553673287092636 ], [ -93.397577947064519, 18.553695769244428 ], [ -93.397772318437717, 18.553718251396219 ], [ -93.397966377746059, 18.553741988102331 ], [ -93.398160437054514, 18.553765723909066 ], [ -93.39833558631824, 18.553797996979995 ], [ -93.398510734682588, 18.553830269151604 ], [ -93.398689370617888, 18.553859128396027 ], [ -93.398868005653867, 18.553887987640621 ], [ -93.399073100543035, 18.55389971120286 ], [ -93.399278195432316, 18.553911435664247 ], [ -93.399728991399797, 18.553919110478603 ], [ -93.400179787367279, 18.553926786192392 ], [ -93.400666226165299, 18.553928917585552 ], [ -93.40115266406417, 18.553931049878145 ], [ -93.401428169574331, 18.553926304155766 ], [ -93.401703674185171, 18.55392155843316 ], [ -93.401871900467768, 18.553909675691102 ], [ -93.402040125851045, 18.553897792948817 ], [ -93.4022226405624, 18.553861027764356 ], [ -93.402405155273584, 18.553824261680461 ], [ -93.402583940496356, 18.553784963105613 ], [ -93.402762724819809, 18.553745663631503 ], [ -93.402889638046304, 18.553730814025869 ], [ -93.403016551272742, 18.553715963521086 ], [ -93.403246299277271, 18.553707758106555 ], [ -93.403476047281742, 18.553699552692251 ], [ -93.403739507272348, 18.553691398539343 ], [ -93.404002967263068, 18.553683244386264 ], [ -93.40416490728461, 18.553670116083026 ], [ -93.404326847306095, 18.553656988679165 ], [ -93.404461576540427, 18.553632390422592 ], [ -93.404596304875497, 18.553607792165963 ], [ -93.40479361972973, 18.553569725662442 ], [ -93.404990934583907, 18.553531659158864 ], [ -93.40517943967933, 18.553497699859008 ], [ -93.40536794477481, 18.553463741458643 ], [ -93.405537784441094, 18.553417916503747 ], [ -93.405707624107549, 18.553372090649532 ], [ -93.405878680556611, 18.553322882445116 ], [ -93.406049737005731, 18.553273674240643 ], [ -93.406210155374254, 18.553237566460609 ], [ -93.40637057374289, 18.553201458680348 ], [ -93.406578497899261, 18.553151910532392 ], [ -93.406786421156369, 18.553102361484832 ], [ -93.407023933008077, 18.553054959119095 ], [ -93.407261444859671, 18.553007555854151 ], [ -93.407449909485706, 18.552977070635336 ], [ -93.407638374111571, 18.552946585416748 ], [ -93.407806395348757, 18.55290634165442 ], [ -93.40797441748532, 18.552866097892149 ], [ -93.408210653198978, 18.552811810316825 ], [ -93.408446889812012, 18.552757522741501 ], [ -93.408686730008526, 18.552703786450536 ], [ -93.408926571104303, 18.552650051059118 ], [ -93.40909602676021, 18.552613779602325 ], [ -93.40926548241606, 18.552577507246212 ], [ -93.409445162464181, 18.552554784975371 ], [ -93.409624843411734, 18.552532062704586 ], [ -93.40980204402905, 18.552506370872436 ], [ -93.409979244646308, 18.552480679040116 ], [ -93.410139568586146, 18.552441607993842 ], [ -93.410299893425247, 18.552402537846888 ], [ -93.410466696980393, 18.552367531736365 ], [ -93.410633500535539, 18.552332525625616 ], [ -93.410796757164519, 18.552321316475741 ], [ -93.410960014692819, 18.552310107325695 ], [ -93.411295092194678, 18.552302467584923 ], [ -93.411630168797217, 18.552294826944831 ], [ -93.411931437185956, 18.552284874147631 ], [ -93.412232705574866, 18.552274920451282 ], [ -93.412418539683756, 18.552243606956949 ], [ -93.41260437379276, 18.552212292563354 ], [ -93.412789672805047, 18.552177980729255 ], [ -93.412974970918071, 18.552143667996006 ], [ -93.413140756440725, 18.552129295930342 ], [ -93.413306541064003, 18.552114922965472 ], [ -93.413715077888469, 18.552110492905058 ], [ -93.414123614712935, 18.552106062844643 ], [ -93.414567228694636, 18.552104914410393 ], [ -93.415010841776905, 18.552103766875348 ], [ -93.41521292573583, 18.552097118187532 ], [ -93.415415009694925, 18.552090469499717 ], [ -93.415545521108868, 18.552075946347998 ], [ -93.415676031623491, 18.552061423196221 ], [ -93.415847200487804, 18.552026462051685 ], [ -93.416018368452853, 18.551991500907093 ], [ -93.416169159578942, 18.551960548940258 ], [ -93.416319949805825, 18.551929596973423 ], [ -93.417078307617771, 18.551621277000265 ], [ -93.417836665429661, 18.551312956128186 ], [ -93.419226213319064, 18.550854964684845 ], [ -93.420615761208353, 18.550396973241845 ], [ -93.421881593860348, 18.550168102975647 ], [ -93.423147425613138, 18.549939231810242 ], [ -93.42429969907181, 18.549816165883328 ], [ -93.425451973429801, 18.549693099057265 ], [ -93.426358223852844, 18.549595022592314 ], [ -93.427264474276001, 18.549496947026512 ], [ -93.427673839376155, 18.549378442461204 ], [ -93.428083205375515, 18.549259938795331 ], [ -93.428294275360486, 18.549077418688 ], [ -93.428505346244719, 18.54889489768135 ], [ -93.429233780914217, 18.54872578556666 ], [ -93.429962216483034, 18.548556673451742 ], [ -93.43056175402171, 18.548527726073758 ], [ -93.431161291560329, 18.548498778695773 ], [ -93.431233548489388, 18.548678933586018 ], [ -93.431305806317823, 18.548859088476149 ], [ -93.431723121424795, 18.549277291214196 ], [ -93.432140437431201, 18.549695493952072 ], [ -93.432628438351685, 18.550014477186551 ], [ -93.433116440171489, 18.550333460420859 ], [ -93.433242551202738, 18.550386531213633 ], [ -93.433368662233931, 18.550439602006179 ], [ -93.433502325771599, 18.550433205128286 ], [ -93.433635989309437, 18.550426808250791 ], [ -93.433888574697846, 18.550413708725785 ], [ -93.434141160086369, 18.550400609200722 ], [ -93.43429102311211, 18.550390895623423 ], [ -93.434440885238644, 18.550381182945273 ], [ -93.434587722944968, 18.550370632099032 ], [ -93.43473456065135, 18.550360081252791 ], [ -93.434954062679822, 18.550346307236396 ], [ -93.435173563808803, 18.55033253411915 ], [ -93.435344247039268, 18.550319602767559 ], [ -93.435514931169052, 18.55030667141591 ], [ -93.435678696814364, 18.55029405392753 ], [ -93.435842461560298, 18.550281435539944 ], [ -93.43602388269602, 18.550271154490304 ], [ -93.436205303831628, 18.55026087344072 ], [ -93.436395691208077, 18.550247279288612 ], [ -93.436586078584639, 18.550233686035824 ], [ -93.436767099522001, 18.55021947494879 ], [ -93.436948120459306, 18.550205264761246 ], [ -93.437091627976201, 18.550196493673411 ], [ -93.43723513459372, 18.550187723484726 ], [ -93.437430300068172, 18.550178487447397 ], [ -93.437625464643361, 18.550169251409841 ], [ -93.437824713039959, 18.550160991136863 ], [ -93.438023960537237, 18.550152731763205 ], [ -93.43816235720692, 18.550157254453893 ], [ -93.438300752977341, 18.55016177804373 ], [ -93.438473105349431, 18.550194929752308 ], [ -93.438645457721634, 18.550228080561567 ], [ -93.43880339576009, 18.550290989937366 ], [ -93.438961333798488, 18.550353900212428 ], [ -93.439055937981095, 18.550456292523961 ], [ -93.439150542163702, 18.550558684835437 ], [ -93.439228427949558, 18.550685648424064 ], [ -93.439306313735358, 18.550812612012521 ], [ -93.439440086990317, 18.550995188777051 ], [ -93.439573859346069, 18.551177765541638 ], [ -93.439677050255568, 18.551304669774879 ], [ -93.439780241165181, 18.55143157400812 ], [ -93.439913865132723, 18.551555731711801 ], [ -93.440047489100266, 18.551679890314858 ], [ -93.440184614128555, 18.551806715407679 ], [ -93.4403217391569, 18.55193354050067 ], [ -93.440455361325746, 18.552056575850429 ], [ -93.440588983494763, 18.552179610300755 ], [ -93.440727685034574, 18.552306431796467 ], [ -93.440866386574442, 18.552433252392802 ], [ -93.440967348064646, 18.55251798201931 ], [ -93.441068309554737, 18.552602711645818 ], [ -93.441204514576668, 18.552713868750175 ], [ -93.441340719598486, 18.552825026753681 ], [ -93.441464913275013, 18.552919320670185 ], [ -93.44158910605239, 18.553013614586689 ], [ -93.44174094219062, 18.55312300092578 ], [ -93.441892778328963, 18.553232387265041 ], [ -93.442047649679182, 18.553338864297189 ], [ -93.442202521029458, 18.553445341329564 ], [ -93.442359959944156, 18.553549356917358 ], [ -93.442517398858854, 18.553653373404529 ], [ -93.442671594818137, 18.553753635222222 ], [ -93.44282579167691, 18.553853897939064 ], [ -93.442910396297691, 18.553909531799434 ], [ -93.442995001817792, 18.553965165659974 ], [ -93.443128540349846, 18.554054688672977 ], [ -93.443262079781107, 18.554144212585527 ], [ -93.443444741081862, 18.554270927960999 ], [ -93.443627402382617, 18.554397644235962 ], [ -93.443760964297041, 18.55449556331962 ], [ -93.443894525311975, 18.55459348330271 ], [ -93.444061801910607, 18.554720234651143 ], [ -93.444229078509125, 18.554846985100369 ], [ -93.444362653913288, 18.554949943984809 ], [ -93.444496228418188, 18.555052902869249 ], [ -93.444632011657916, 18.555151768039707 ], [ -93.444767793998437, 18.555250632310958 ], [ -93.444901656286333, 18.555347251874366 ], [ -93.445035517674967, 18.555443871437546 ], [ -93.445207820584415, 18.555545229528889 ], [ -93.445380123493862, 18.555646588519267 ], [ -93.445637438417009, 18.555773125829091 ], [ -93.445894753340156, 18.555899663138973 ], [ -93.446028210033774, 18.55595610638926 ], [ -93.446161665828186, 18.55601254963949 ], [ -93.446269337160118, 18.556045727428568 ], [ -93.44637700849205, 18.556078905217419 ], [ -93.446567993018391, 18.556129915663234 ], [ -93.446758977544732, 18.55618092610888 ], [ -93.446927434953125, 18.556217179579164 ], [ -93.44709589236146, 18.556253432150243 ], [ -93.447220944890603, 18.556278454886808 ], [ -93.447345997419745, 18.55630347762343 ], [ -93.447479376771753, 18.556330329581044 ], [ -93.447612757023023, 18.556357180639509 ], [ -93.447830262556522, 18.556403609039478 ], [ -93.448047768989227, 18.55645003654007 ], [ -93.448314617625385, 18.556537557662125 ], [ -93.448581465362281, 18.556625078784407 ], [ -93.448837108445787, 18.556751616094289 ], [ -93.449092752428555, 18.556878152504794 ], [ -93.449226274772684, 18.556959331607857 ], [ -93.44935979711687, 18.55704050981177 ], [ -93.449424577981802, 18.557116703972781 ], [ -93.44948935974611, 18.557192897234472 ], [ -93.449593933812935, 18.557334940655039 ], [ -93.449698507879759, 18.557476984075606 ], [ -93.449788971583757, 18.55764519776784 ], [ -93.449879436186961, 18.557813411459847 ], [ -93.449927371850663, 18.557930343110911 ], [ -93.449975307514364, 18.558047275661295 ], [ -93.450004167658165, 18.558147076126772 ], [ -93.450033027801965, 18.558246876592079 ], [ -93.450070912642445, 18.558409655681146 ], [ -93.450108798382246, 18.558572435669419 ], [ -93.450137196274568, 18.558736300240184 ], [ -93.450165594166776, 18.55890016391146 ], [ -93.450183190301971, 18.559043690314127 ], [ -93.450200787336371, 18.559187216716794 ], [ -93.450213877868066, 18.559317973645648 ], [ -93.450226969299138, 18.559448731473879 ], [ -93.450246347890584, 18.559593948601957 ], [ -93.450265727381293, 18.559739166629413 ], [ -93.450292075718664, 18.559889374095462 ], [ -93.450318424955242, 18.560039581561455 ], [ -93.450353965263275, 18.560205852717957 ], [ -93.450389505571195, 18.560372123874458 ], [ -93.45041789087287, 18.560492859657757 ], [ -93.450446276174603, 18.560613595441112 ], [ -93.450487314937561, 18.560740641767268 ], [ -93.450528353700463, 18.560867688093424 ], [ -93.450586008337552, 18.561046872615236 ], [ -93.450643662974585, 18.561226056237672 ], [ -93.450690945730514, 18.561402489733211 ], [ -93.450738228486443, 18.561578923228751 ], [ -93.45077559082074, 18.561760517034372 ], [ -93.450812953155207, 18.56194210994056 ], [ -93.450820502963722, 18.562074748251064 ], [ -93.450828052772408, 18.562207385662305 ], [ -93.450815989266403, 18.562334559692204 ], [ -93.450803924861191, 18.562461732822896 ], [ -93.45075860802325, 18.562620221246334 ], [ -93.450713290286046, 18.562778710569148 ], [ -93.450645636986508, 18.562919035385278 ], [ -93.450577982787593, 18.563059360201407 ], [ -93.450489967937642, 18.563184449602829 ], [ -93.450401953087635, 18.563309539004081 ], [ -93.450280258627004, 18.563447709944001 ], [ -93.450158563266996, 18.56358588088375 ], [ -93.450026359328945, 18.563714079241436 ], [ -93.449894154491574, 18.563842276699802 ], [ -93.449754453804928, 18.563963361420178 ], [ -93.449614752218963, 18.564084446140384 ], [ -93.449471902106552, 18.564202543312774 ], [ -93.449329051094821, 18.564320639586015 ], [ -93.449192898233548, 18.564430745382651 ], [ -93.449056745372388, 18.564540851179459 ], [ -93.448978025915096, 18.564604952156799 ], [ -93.448899306457747, 18.56466905313448 ], [ -93.448806946982927, 18.564743159968941 ], [ -93.448714586608844, 18.564817265904196 ], [ -93.448576572151012, 18.564927978743242 ], [ -93.448438558592557, 18.565038690683139 ], [ -93.448305081214414, 18.565145105662225 ], [ -93.448171604735705, 18.565251519741878 ], [ -93.448026617834103, 18.565367589842424 ], [ -93.4478816309325, 18.56548365994297 ], [ -93.447789607804111, 18.56555818316366 ], [ -93.447697585575042, 18.565632705485143 ], [ -93.447581490293487, 18.56573313367727 ], [ -93.447465395011932, 18.565833560970248 ], [ -93.447320943206932, 18.565961047964038 ], [ -93.447176490502613, 18.566088534957942 ], [ -93.447043481671301, 18.566206960382999 ], [ -93.446910472839988, 18.566325384908623 ], [ -93.446764654065475, 18.566452874600486 ], [ -93.446618836190282, 18.566580364292349 ], [ -93.446485794983346, 18.566686571528066 ], [ -93.446352752877203, 18.566792777864407 ], [ -93.446174010821835, 18.566920344898165 ], [ -93.445995267867261, 18.567047911931752 ], [ -93.445862181694281, 18.567137124678595 ], [ -93.445729095521244, 18.567226336526289 ], [ -93.445629590033491, 18.567283900331915 ], [ -93.445530084545737, 18.567341463237995 ], [ -93.445396963299174, 18.567417524299458 ], [ -93.445263842052611, 18.567493585360751 ], [ -93.445143021732974, 18.567563687514337 ], [ -93.445022201413451, 18.567633788768376 ], [ -93.44488907477097, 18.567707701349491 ], [ -93.444755947229169, 18.567781613930435 ], [ -93.444623936645257, 18.567852072215487 ], [ -93.44449192606146, 18.567922530500425 ], [ -93.444358796721019, 18.567995622000353 ], [ -93.444225667380579, 18.568068713500509 ], [ -93.44412234876728, 18.568125954449386 ], [ -93.444019030154038, 18.568183194498886 ], [ -93.44388589361904, 18.568253715736432 ], [ -93.443752757083985, 18.568324236074659 ], [ -93.44358039751728, 18.568412697887823 ], [ -93.443408037051199, 18.56850115880161 ], [ -93.443290296010275, 18.568560383654869 ], [ -93.443172554070088, 18.56861960760898 ], [ -93.443103648014926, 18.568654224312979 ], [ -93.443034741060387, 18.568688840117943 ], [ -93.442925552572149, 18.568741400095632 ], [ -93.442816364083853, 18.568793960073378 ], [ -93.442639042957353, 18.568879348003691 ], [ -93.442461722730229, 18.568964735034626 ], [ -93.442294181731029, 18.569047644433283 ], [ -93.442126641631091, 18.56913055473143 ], [ -93.442039338144923, 18.569174536076048 ], [ -93.441952035557961, 18.569218518320042 ], [ -93.441856184015592, 18.569266146415657 ], [ -93.441760333372656, 18.569313775410421 ], [ -93.441584915211649, 18.569400967380886 ], [ -93.441409496151209, 18.56948816025033 ], [ -93.441234068997005, 18.569575296462915 ], [ -93.441058641842801, 18.569662432675273 ], [ -93.440883756080439, 18.569750130963882 ], [ -93.440708870318076, 18.569837829252549 ], [ -93.440535827266501, 18.569927324386697 ], [ -93.44036278511436, 18.570016819520674 ], [ -93.440192765583618, 18.570109135827977 ], [ -93.440022746952195, 18.570201453034656 ], [ -93.43989094411171, 18.570276700209718 ], [ -93.439759141271338, 18.570351946485232 ], [ -93.439616944066699, 18.570437033142582 ], [ -93.439474747761381, 18.57052211980016 ], [ -93.439324885634846, 18.570612775958978 ], [ -93.439175023508483, 18.570703431218476 ], [ -93.439041916651036, 18.570787213858864 ], [ -93.438908809793702, 18.570870997398799 ], [ -93.438714887182186, 18.570994013862617 ], [ -93.438520964570785, 18.571117029427455 ], [ -93.438391750878509, 18.571198436059149 ], [ -93.438262537186233, 18.571279842690615 ], [ -93.43822683769838, 18.571302388694448 ], [ -93.438191138210357, 18.571324935597431 ], [ -93.438054137288532, 18.571411150004622 ], [ -93.43791713636665, 18.571497365311131 ], [ -93.437745711195532, 18.57160702414501 ], [ -93.437574286024415, 18.571716682079284 ], [ -93.437471999832894, 18.571783882120542 ], [ -93.437369712741997, 18.571851081262423 ], [ -93.437246541594504, 18.571933502329387 ], [ -93.437123369547805, 18.572015923396179 ], [ -93.436968571941975, 18.572122685513705 ], [ -93.436813773436825, 18.572229448530265 ], [ -93.436702205342442, 18.572306354055058 ], [ -93.436590638147379, 18.572383259579851 ], [ -93.436511704651366, 18.572435184636106 ], [ -93.43643277115541, 18.572487109692531 ], [ -93.436309021743853, 18.572567387674837 ], [ -93.436185272332352, 18.572647665657314 ], [ -93.436023481598284, 18.572747793476083 ], [ -93.435861690864328, 18.572847920395304 ], [ -93.435695317185036, 18.572943697293852 ], [ -93.435528942606595, 18.573039474192456 ], [ -93.435361201957846, 18.573131002693685 ], [ -93.435193460409778, 18.573222530295709 ], [ -93.435103937396718, 18.573270002808556 ], [ -93.435014414383602, 18.573317476220609 ], [ -93.434881264358751, 18.573385719475368 ], [ -93.434748114333956, 18.573453962730355 ], [ -93.43449472045495, 18.573581690742515 ], [ -93.434241327475263, 18.573709418754675 ], [ -93.43410817115506, 18.573775411905899 ], [ -93.433975014834971, 18.573841405056953 ], [ -93.433960242571118, 18.57384882446371 ], [ -93.433945471206471, 18.573856244770013 ], [ -93.433812315785701, 18.573923045512231 ], [ -93.433679161264251, 18.573989847153769 ], [ -93.433441819384427, 18.57411015126246 ], [ -93.433204477504603, 18.574230455371378 ], [ -93.433071325681055, 18.574298566425796 ], [ -93.432938173857622, 18.574366677480157 ], [ -93.432838056830803, 18.574418721246957 ], [ -93.432737940703305, 18.574470765013984 ], [ -93.432594843277286, 18.574545077793175 ], [ -93.432451745851381, 18.574619390572593 ], [ -93.432303543873331, 18.5746950613281 ], [ -93.432155341895452, 18.574770731184458 ], [ -93.432045719933967, 18.574826436990634 ], [ -93.431936097073162, 18.574882141897433 ], [ -93.431854128365217, 18.574923153680572 ], [ -93.431772158758065, 18.574964165464053 ], [ -93.431625416379802, 18.575036889141302 ], [ -93.431478674001539, 18.575109611919117 ], [ -93.431303910547001, 18.57519633264468 ], [ -93.431129147092349, 18.575283052470979 ], [ -93.430995992570899, 18.575350530402886 ], [ -93.430862837150187, 18.575418008334566 ], [ -93.430745608722759, 18.575480071448112 ], [ -93.430628380295502, 18.575542134561886 ], [ -93.430498194436097, 18.575611884181114 ], [ -93.430368009475956, 18.575681633800343 ], [ -93.430282743853468, 18.575727550486079 ], [ -93.43019747823098, 18.575773467171871 ], [ -93.430089392311572, 18.57583277386351 ], [ -93.429981306392165, 18.57589208055515 ], [ -93.429811319236876, 18.575984429238133 ], [ -93.429641332081758, 18.576076777021797 ], [ -93.429480163678534, 18.576161416716161 ], [ -93.429318995275366, 18.576246057309731 ], [ -93.429211183649159, 18.576299533696613 ], [ -93.429103372022951, 18.576353010083437 ], [ -93.429040895221021, 18.57638171374515 ], [ -93.428978418419263, 18.576410417406976 ], [ -93.42887730314493, 18.576456843108815 ], [ -93.428776187870653, 18.576503268810882 ], [ -93.428624529798185, 18.576568455270149 ], [ -93.428472871725546, 18.576633641729188 ], [ -93.428317728780144, 18.576695569045455 ], [ -93.428162584935251, 18.576757495462175 ], [ -93.42799091874582, 18.576820886874486 ], [ -93.427819251657127, 18.576884278286911 ], [ -93.427691413028185, 18.576928203873649 ], [ -93.427563573500038, 18.576972129460216 ], [ -93.427463110234271, 18.57700362102031 ], [ -93.427362646968561, 18.577035112580461 ], [ -93.427188810714995, 18.577085391877404 ], [ -93.427014974461486, 18.577135671174403 ], [ -93.426846463993002, 18.577179986167494 ], [ -93.426677954424008, 18.577224300261264 ], [ -93.42657194324056, 18.577250526290754 ], [ -93.426465932057056, 18.577276752320302 ], [ -93.426321416400128, 18.577310737700486 ], [ -93.426176901642634, 18.5773447230805 ], [ -93.426052666597172, 18.577373594915571 ], [ -93.425928431551824, 18.577402465851264 ], [ -93.425795188896757, 18.57743609330123 ], [ -93.425661946241803, 18.577469720751026 ], [ -93.425468931046282, 18.577520271643209 ], [ -93.425275916750138, 18.577570822535563 ], [ -93.425090932500439, 18.577620822143217 ], [ -93.424905948250853, 18.577670821751099 ], [ -93.424741267995103, 18.577714326455066 ], [ -93.424576587739296, 18.57775783115909 ], [ -93.42447175376833, 18.57778517324715 ], [ -93.424366918898158, 18.577812516234758 ], [ -93.424216563043899, 18.577850532376317 ], [ -93.424066207189639, 18.577888549417196 ], [ -93.423949459899575, 18.577917617304308 ], [ -93.423832711710247, 18.577946686090797 ], [ -93.423695508440858, 18.577983161693624 ], [ -93.423558304272206, 18.578019636397244 ], [ -93.423361815895078, 18.578073798067408 ], [ -93.423165326618516, 18.578127959737742 ], [ -93.423032094755285, 18.578166215998294 ], [ -93.422898861992849, 18.578204472258676 ], [ -93.422716365268002, 18.578258538600835 ], [ -93.422533868543155, 18.578312604942823 ], [ -93.422393533834509, 18.578355374001319 ], [ -93.422253200025068, 18.578398142160665 ], [ -93.422132014580711, 18.578436373240095 ], [ -93.422010829136354, 18.578474603420375 ], [ -93.421837666475085, 18.578526666972266 ], [ -93.421664502914439, 18.57857872962478 ], [ -93.42150535528782, 18.578621885391726 ], [ -93.421346207661259, 18.578665040259466 ], [ -93.421172295864665, 18.578704222821727 ], [ -93.420998384068128, 18.578743405383818 ], [ -93.420859097968957, 18.578768991995389 ], [ -93.420719810970468, 18.57879457770764 ], [ -93.420566679808417, 18.578813849279868 ], [ -93.420413549545628, 18.578833120851925 ], [ -93.420263892464618, 18.578846454200573 ], [ -93.420114236282927, 18.57885978754922 ], [ -93.419973420436918, 18.578864099798466 ], [ -93.419832604590908, 18.578868412047711 ], [ -93.419699352043438, 18.578868779870447 ], [ -93.419566099495853, 18.578869146793807 ], [ -93.419414534053431, 18.578862293959787 ], [ -93.419262967711745, 18.578855441125768 ], [ -93.419112058774374, 18.578845763521258 ], [ -93.418961149837116, 18.578836085017372 ], [ -93.418827792968216, 18.578824183389429 ], [ -93.418694436099315, 18.578812281761486 ], [ -93.418528672160448, 18.578798170499283 ], [ -93.418362909120901, 18.57878405923708 ], [ -93.41822955584928, 18.578773713436249 ], [ -93.418096203476921, 18.578763367635418 ], [ -93.417956801365278, 18.578756995039441 ], [ -93.417817399253465, 18.578750622443295 ], [ -93.41763128635472, 18.57875125376745 ], [ -93.417445173455917, 18.578751885091606 ], [ -93.417256864412707, 18.578759265827443 ], [ -93.417068555369497, 18.578766645664302 ], [ -93.416927029958401, 18.578781036615624 ], [ -93.416785504547363, 18.578795426667625 ], [ -93.416678732537434, 18.578811735872989 ], [ -93.416571959628186, 18.578828045078183 ], [ -93.416478074903125, 18.578843900125946 ], [ -93.416384190178121, 18.57885975517371 ], [ -93.416228408714062, 18.578893306181214 ], [ -93.416072627249889, 18.578926858088039 ], [ -93.415953807921824, 18.57895457519362 ], [ -93.415834988593758, 18.578982292299031 ], [ -93.415697776331228, 18.579021729369401 ], [ -93.415560564068699, 18.579061166439715 ], [ -93.415366507458259, 18.579117014338806 ], [ -93.41517245084782, 18.579172862237897 ], [ -93.415000940241157, 18.579220931900636 ], [ -93.414829429634437, 18.579269000663828 ], [ -93.414630941164887, 18.579322431185346 ], [ -93.414432452695507, 18.579375861706694 ], [ -93.414327362417794, 18.57940295917922 ], [ -93.4142222730394, 18.579430055752596 ], [ -93.414106632814821, 18.579458999533301 ], [ -93.413990992590129, 18.579487942414801 ], [ -93.413836783140994, 18.579527598919526 ], [ -93.413682573691801, 18.579567254525273 ], [ -93.4135779987256, 18.579594839430285 ], [ -93.413473423759399, 18.579622425234845 ], [ -93.413314544130856, 18.579666130487624 ], [ -93.413155665401575, 18.579709835740346 ], [ -93.412976158023241, 18.579762098042409 ], [ -93.412796650644793, 18.579814360344642 ], [ -93.412619090298733, 18.579868875448369 ], [ -93.412441530851936, 18.579923390552096 ], [ -93.412308303485361, 18.579965661386211 ], [ -93.412175077018162, 18.580007933119703 ], [ -93.4120510263337, 18.580047672362184 ], [ -93.411926975649294, 18.580087412504156 ], [ -93.411793747383456, 18.580129346092519 ], [ -93.411660519117618, 18.580171279680826 ], [ -93.41154071593121, 18.58020693240411 ], [ -93.411420911845539, 18.580242584228017 ], [ -93.411257125515817, 18.580288432565226 ], [ -93.411093339186152, 18.580334280902434 ], [ -93.410905298140904, 18.58038246298031 ], [ -93.410717256196335, 18.580430645957563 ], [ -93.410591864622745, 18.580460069076992 ], [ -93.410466472149892, 18.580489492196364 ], [ -93.410333206112512, 18.58051587920454 ], [ -93.410199940075131, 18.58054226621266 ], [ -93.409995507086876, 18.580580313830524 ], [ -93.409791073199358, 18.580618360549011 ], [ -93.409600925941959, 18.580651446606964 ], [ -93.409410778684389, 18.580684532665146 ], [ -93.409241053231938, 18.580714534947958 ], [ -93.409071327779486, 18.580744538130091 ], [ -93.408943399218401, 18.580768540136148 ], [ -93.40881547065743, 18.580792543041412 ], [ -93.408679243152505, 18.580820207087072 ], [ -93.408543015647581, 18.580847870233129 ], [ -93.40832841492437, 18.580897127900244 ], [ -93.408113815100478, 18.580946384667982 ], [ -93.407979530131115, 18.580979214419358 ], [ -93.407845246061186, 18.581012044170507 ], [ -93.407727649811136, 18.581042719146353 ], [ -93.407610053561086, 18.581073395021349 ], [ -93.407427984913511, 18.581121361261921 ], [ -93.407245916265992, 18.581169326603288 ], [ -93.407096633302956, 18.581209394997757 ], [ -93.406947351239239, 18.581249462492849 ], [ -93.406780888527067, 18.581293960947562 ], [ -93.406614425815008, 18.58133845850324 ], [ -93.406481179562775, 18.58137386031558 ], [ -93.406347934209691, 18.58140926212792 ], [ -93.406209192200379, 18.581444993991397 ], [ -93.406070449291747, 18.581480725854931 ], [ -93.405946054167032, 18.581511676922389 ], [ -93.40582165904226, 18.581542627990075 ], [ -93.405762416202492, 18.581556647521381 ], [ -93.405703173362667, 18.581570667052688 ], [ -93.405561059795048, 18.581603449139948 ], [ -93.405418946227371, 18.581636231227208 ], [ -93.405226677469102, 18.581679701756798 ], [ -93.405034408710947, 18.581723171387353 ], [ -93.404851897596984, 18.581762793718042 ], [ -93.404669386482965, 18.581802416048674 ], [ -93.404514837090005, 18.581836305201307 ], [ -93.404360288596365, 18.581870194354167 ], [ -93.404250649547805, 18.58189296968493 ], [ -93.404141010499188, 18.581915745015692 ], [ -93.403972778820616, 18.581949462397858 ], [ -93.403804548041364, 18.581983179779968 ], [ -93.403694458432483, 18.582005528832156 ], [ -93.403584367924225, 18.582027876985023 ], [ -93.403464766185948, 18.582047741210317 ], [ -93.403345164447728, 18.582067605435782 ], [ -93.403188979187973, 18.582094465487216 ], [ -93.403032793928219, 18.582121324639445 ], [ -93.402882401201794, 18.582146759265584 ], [ -93.402732008475311, 18.582172193891722 ], [ -93.402545400949464, 18.582200486563181 ], [ -93.402358793423559, 18.582228780134244 ], [ -93.402160564858093, 18.582252965602095 ], [ -93.401962335393421, 18.582277150170398 ], [ -93.401830155737059, 18.582291635550575 ], [ -93.401697975181321, 18.582306121830129 ], [ -93.40160862753612, 18.582310445770645 ], [ -93.401519278991486, 18.582314769710933 ], [ -93.401393466535183, 18.582315574604138 ], [ -93.401267654978199, 18.582316380396776 ], [ -93.401100234488183, 18.582299881434551 ], [ -93.400932813098734, 18.582283382472156 ], [ -93.400773952355962, 18.582260437169623 ], [ -93.400615090713814, 18.58223749186692 ], [ -93.400507501220147, 18.582213119339997 ], [ -93.400399912625801, 18.582188746813245 ], [ -93.400259030230018, 18.582151507686092 ], [ -93.400118147834235, 18.582114269458089 ], [ -93.400016472282346, 18.582084231202487 ], [ -93.399914797629719, 18.582054193846034 ], [ -93.399879496541473, 18.582043527886583 ], [ -93.399844196352547, 18.582032861927075 ], [ -93.399708281811684, 18.581991690963889 ], [ -93.399572368170197, 18.581950520899909 ], [ -93.399376756631966, 18.581892522721773 ], [ -93.399181145993055, 18.581834524543751 ], [ -93.399011883691458, 18.581785725530949 ], [ -93.398842621389747, 18.58173692651809 ], [ -93.398650205142758, 18.581680264732597 ], [ -93.398457788895826, 18.581623602047728 ], [ -93.398356288711739, 18.581593396518144 ], [ -93.398254789426915, 18.581563190089298 ], [ -93.398142695229183, 18.581529245178615 ], [ -93.398030601930714, 18.581495301167251 ], [ -93.397846689672917, 18.581440101679448 ], [ -93.397662776515858, 18.581384902191587 ], [ -93.397500757353953, 18.581337644616667 ], [ -93.397338738192161, 18.581290387041747 ], [ -93.397172513800399, 18.581240745364141 ], [ -93.397006288509374, 18.581191103686535 ], [ -93.39687286329189, 18.581149758254924 ], [ -93.396739438074519, 18.581108411923765 ], [ -93.396662501073479, 18.58108327227535 ], [ -93.396585564072439, 18.581058131727389 ], [ -93.396452127163911, 18.581011477597769 ], [ -93.396318689356008, 18.58096482346798 ], [ -93.396146210179381, 18.580904519428145 ], [ -93.395973731002812, 18.580844215388368 ], [ -93.395806267345336, 18.580786115586761 ], [ -93.395638804587065, 18.580728014886006 ], [ -93.395443668790222, 18.58066007020625 ], [ -93.395248532993378, 18.580592125526323 ], [ -93.395144662196344, 18.580555669708417 ], [ -93.395040790500047, 18.580519213890625 ], [ -93.3949053822775, 18.580470587547723 ], [ -93.394769974055009, 18.580421960305387 ], [ -93.394550037654028, 18.580340009583779 ], [ -93.394330100353727, 18.580258058862398 ], [ -93.394178491743901, 18.580199320542192 ], [ -93.394026882234755, 18.58014058312159 ], [ -93.393867112277348, 18.580085041891323 ], [ -93.393707343219262, 18.580029501560432 ], [ -93.393563316793518, 18.579985091239109 ], [ -93.393419290367888, 18.579940680018467 ], [ -93.39326973850757, 18.57990399037692 ], [ -93.393120186647252, 18.579867300735373 ], [ -93.392948517759805, 18.579831174069454 ], [ -93.392776848872415, 18.579795048302913 ], [ -93.392595334207272, 18.57976656137788 ], [ -93.392413819542128, 18.579738073553358 ], [ -93.392214096303462, 18.579710080356051 ], [ -93.392014373064796, 18.579682087158631 ], [ -93.391818335247876, 18.579658114830124 ], [ -93.39162229743107, 18.579634142501845 ], [ -93.391470570110641, 18.579617121932699 ], [ -93.39131884189095, 18.579600100464404 ], [ -93.391168858356025, 18.579584562877358 ], [ -93.3910188748211, 18.579569026189688 ], [ -93.390899175056802, 18.579556249521431 ], [ -93.390779474393185, 18.579543473752381 ], [ -93.390651714904607, 18.579527073715667 ], [ -93.390523956315462, 18.579510673678783 ], [ -93.390378572812836, 18.579490551347931 ], [ -93.390233189310152, 18.579470429017135 ], [ -93.390088256367903, 18.579442841414163 ], [ -93.389943324324918, 18.579415253811021 ], [ -93.389754644761013, 18.579373067513188 ], [ -93.38956596519705, 18.579330880315979 ], [ -93.389415564376691, 18.579288544730673 ], [ -93.389265162657011, 18.57924620914531 ], [ -93.389078736794204, 18.579185973454003 ], [ -93.388892311830716, 18.579125737762752 ], [ -93.388771964554508, 18.579084101849901 ], [ -93.388651617278242, 18.579042465037844 ], [ -93.388543103281506, 18.579002920048879 ], [ -93.388434588385508, 18.578963375059743 ], [ -93.388305052735916, 18.578914728032316 ], [ -93.388175516187061, 18.578866081904152 ], [ -93.388108848544448, 18.578839354053116 ], [ -93.387916127427275, 18.578755367266524 ] ] ] ] } },
{ "type": "Feature", "properties": { "nombre": "XUX", "superficie": "27.95", "ubicacin": "Marino", "comentario": null, "petrleo_cr": "23.79", "crudo_1p_m": "11.54", "gas_natura": "67.62", "condensado": "0.29", "volumen_or": "287.41", "volumen__1": "1331.28", "petrleo__1": "28.86", "crudo_2p_m": "15.76", "gas_natu_1": "72.32", "condensa_1": "0.31", "volumen__2": "19.35", "volumen__3": "17.27", "petrleo__2": "28.86", "crudo_3p_m": "15.76", "gas_natu_2": "72.32", "condensa_2": "0.31", "volumen__4": "0", "volumen__5": "0" }, "geometry": { "type": "MultiPolygon", "coordinates": [ [ [ [ -92.767957729865316, 18.72545982740921 ], [ -92.76775128329507, 18.725443933690631 ], [ -92.767596474897346, 18.725363098128508 ], [ -92.767441666499678, 18.725282262566399 ], [ -92.767311501324684, 18.725178131865309 ], [ -92.76718133704901, 18.725074002063586 ], [ -92.767064609544036, 18.724957170237246 ], [ -92.766947882938382, 18.724840339310276 ], [ -92.766837971395205, 18.724717065640082 ], [ -92.766728058952708, 18.724593791969991 ], [ -92.766605181883619, 18.724457769510483 ], [ -92.766482303915154, 18.72432174705105 ], [ -92.766311104473857, 18.724165327068253 ], [ -92.76613990413324, 18.724008907085409 ], [ -92.765917841734961, 18.723861907501107 ], [ -92.765695779336738, 18.723714907017403 ], [ -92.765456096521575, 18.723622127559153 ], [ -92.765216413706469, 18.723529348101028 ], [ -92.764976445806269, 18.72349903825009 ], [ -92.76473647700675, 18.723468728399169 ], [ -92.764496457845212, 18.723475408563342 ], [ -92.764256437784354, 18.72348208872744 ], [ -92.764016414126161, 18.723491831982521 ], [ -92.763776391367344, 18.723501575237528 ], [ -92.76353639199084, 18.723493716961542 ], [ -92.763296392614393, 18.72348585958478 ], [ -92.763056415720996, 18.723461775740429 ], [ -92.762816439726862, 18.723437692795354 ], [ -92.762576470028023, 18.723408592532561 ], [ -92.762336501228503, 18.723379493169148 ], [ -92.762096526133746, 18.723354329238934 ], [ -92.761856551038989, 18.723329164409467 ], [ -92.761616566950977, 18.723310842521421 ], [ -92.761376582862965, 18.723292520633354 ], [ -92.761136592479716, 18.723279112640984 ], [ -92.760896601197146, 18.723265704648611 ], [ -92.760656608115937, 18.723253570096254 ], [ -92.760416615934048, 18.723241434644564 ], [ -92.760176621953519, 18.723230015053232 ], [ -92.75993662887231, 18.723218595461809 ], [ -92.759696626797847, 18.723212984591608 ], [ -92.759456624723441, 18.72320737282206 ], [ -92.759216610058445, 18.723211258792624 ], [ -92.758976594494186, 18.723215143863865 ], [ -92.758736579829247, 18.723218852667973 ], [ -92.758496565164307, 18.72322256147207 ], [ -92.758256580176976, 18.723205154194535 ], [ -92.758016595189702, 18.723187746017647 ], [ -92.75777665606779, 18.723138319278057 ], [ -92.757536716945879, 18.723088892538396 ], [ -92.757320953399244, 18.723024894982995 ], [ -92.757105189852609, 18.722960898326843 ], [ -92.756925246303012, 18.722897480834121 ], [ -92.756745301854153, 18.722834063341416 ], [ -92.756549258641314, 18.722753810539952 ], [ -92.756353216327852, 18.72267355773856 ], [ -92.756136083113688, 18.722574113404665 ], [ -92.755918949899581, 18.722474669070763 ], [ -92.75572160266978, 18.72237475888803 ], [ -92.75552425543998, 18.722274848705354 ], [ -92.755345585330474, 18.722183235667835 ], [ -92.755166916120231, 18.722091621731007 ], [ -92.755014312860226, 18.722019268574439 ], [ -92.754861709600164, 18.72194691541787 ], [ -92.754711798910364, 18.721881370129164 ], [ -92.754561889119827, 18.721815825739839 ], [ -92.754385706535118, 18.721737706130298 ], [ -92.754209524849671, 18.721659585621396 ], [ -92.754026344640067, 18.721565654131652 ], [ -92.753843164430464, 18.721471722641922 ], [ -92.753623986158004, 18.721329395035582 ], [ -92.753404807885545, 18.721187067429206 ], [ -92.753142526906061, 18.720982745957041 ], [ -92.752880246825896, 18.720778423585458 ], [ -92.752652759717023, 18.720566800517428 ], [ -92.752425273507527, 18.720355176550175 ], [ -92.752276536432987, 18.720188225506252 ], [ -92.752127800257767, 18.720021275361628 ], [ -92.752029834409313, 18.71987898282887 ], [ -92.75193186766154, 18.719736690296084 ], [ -92.751846509408836, 18.719572581109794 ], [ -92.751761152055508, 18.719408471024167 ], [ -92.751687496680574, 18.71924252362361 ], [ -92.751613842205018, 18.719076576223085 ], [ -92.751552036297426, 18.71893433135434 ], [ -92.751490229490457, 18.718792085586301 ], [ -92.751410688952092, 18.71862893417801 ], [ -92.751331147514406, 18.718465782769737 ], [ -92.751227575292319, 18.718256175082406 ], [ -92.751124003070231, 18.718046567395206 ], [ -92.751032175094792, 18.7178189849582 ], [ -92.750940347119297, 18.717591401621952 ], [ -92.750900797633676, 18.717363888432796 ], [ -92.750861248148055, 18.717136374344257 ], [ -92.750896712912947, 18.716908960080488 ], [ -92.750932177677839, 18.716681546716046 ], [ -92.751034574485971, 18.716454221485215 ], [ -92.751136971294159, 18.716226896254273 ], [ -92.751269353297971, 18.715999610593599 ], [ -92.751401735301783, 18.715772325832226 ], [ -92.751527147559784, 18.715545031178262 ], [ -92.751652559817728, 18.715317735625028 ], [ -92.751750659665163, 18.715104045015721 ], [ -92.751848759512598, 18.71489035350703 ], [ -92.751914110547716, 18.714718690914903 ], [ -92.751979462482154, 18.714547029222047 ], [ -92.752025602199751, 18.714404926446282 ], [ -92.752071742816668, 18.714262824569715 ], [ -92.752118065096568, 18.714093442658271 ], [ -92.752164387376524, 18.713924060746869 ], [ -92.752210698864644, 18.713711453820551 ], [ -92.752257010352707, 18.713498846894286 ], [ -92.752293303393174, 18.713271433529869 ], [ -92.752329596433697, 18.713044020165466 ], [ -92.752356967300159, 18.712816595109796 ], [ -92.752384339065941, 18.712589170054184 ], [ -92.752411544457175, 18.712361744998582 ], [ -92.752438749848409, 18.712134319942926 ], [ -92.752474794676004, 18.711906906578498 ], [ -92.7525108395036, 18.711679492314751 ], [ -92.75256610913857, 18.711452104131332 ], [ -92.752621377874277, 18.711224715947939 ], [ -92.75269673296782, 18.711015657746444 ], [ -92.752772088061363, 18.710806599544995 ], [ -92.752871273390497, 18.710624912209997 ], [ -92.752970459619007, 18.710443225774331 ], [ -92.753125684402789, 18.71023473144778 ], [ -92.753280910085891, 18.710026238020518 ], [ -92.75348110277065, 18.709775703985592 ], [ -92.753681295455408, 18.709525169950673 ], [ -92.753850635997992, 18.709308026844067 ], [ -92.754019977439953, 18.70909088373735 ], [ -92.754132718250332, 18.708931357496247 ], [ -92.754245459060655, 18.708771832154362 ], [ -92.754333653775063, 18.708627188793805 ], [ -92.754421848489471, 18.708482546332522 ], [ -92.754506124857755, 18.708312402695313 ], [ -92.754590402125302, 18.708142259957349 ], [ -92.754671171137602, 18.70792706927886 ], [ -92.754751940149902, 18.707711878600378 ], [ -92.754811087661551, 18.707499731227635 ], [ -92.7548702351732, 18.707287582955633 ], [ -92.75489443503011, 18.707124987328363 ], [ -92.754918634887076, 18.706962391701008 ], [ -92.75491414277343, 18.706806267595191 ], [ -92.75490965065984, 18.706650142590039 ], [ -92.754880662812297, 18.706469583904166 ], [ -92.754851675864131, 18.706289025218375 ], [ -92.754799563748804, 18.70611113032448 ], [ -92.754747452532854, 18.705933236329837 ], [ -92.754676955576997, 18.705772719935137 ], [ -92.75460645772182, 18.705612203540401 ], [ -92.754520927698593, 18.705465897333315 ], [ -92.754435397675422, 18.705319591126266 ], [ -92.754336827482575, 18.705185610127828 ], [ -92.754238257289728, 18.705051629129454 ], [ -92.754137178887675, 18.704935145340777 ], [ -92.754036100485621, 18.704818661552054 ], [ -92.753952807975679, 18.704732434554288 ], [ -92.753869514566418, 18.704646206657188 ], [ -92.753811206122236, 18.704591294952362 ], [ -92.753752897678055, 18.704536383247561 ], [ -92.75371117543034, 18.70449942920531 ], [ -92.753669453182681, 18.70446247426386 ], [ -92.753636537096497, 18.704432321794254 ], [ -92.753603621010257, 18.704402169324691 ], [ -92.753573664592921, 18.704373697688009 ], [ -92.753543708175528, 18.704345225152053 ], [ -92.753513751758192, 18.70431675351541 ], [ -92.753483794441536, 18.704288280979405 ], [ -92.753453835326184, 18.704261586403149 ], [ -92.753423876210888, 18.704234890927538 ], [ -92.753393907203019, 18.704215303693424 ], [ -92.753363937295831, 18.704195717358512 ], [ -92.753333954798165, 18.704185015426155 ], [ -92.753303972300444, 18.704174313493805 ], [ -92.753273990702098, 18.704163612460775 ], [ -92.753244008204376, 18.704152910528396 ], [ -92.753214035599228, 18.704135100354595 ], [ -92.7531840638934, 18.704117291080181 ], [ -92.753154092187572, 18.704099480906404 ], [ -92.753124119582424, 18.704081670732606 ], [ -92.753094137984021, 18.704070968800245 ], [ -92.753064155486356, 18.704060267767172 ], [ -92.753034172988635, 18.704049565834843 ], [ -92.753004190490969, 18.704038863902504 ], [ -92.752974218785141, 18.704021053728674 ], [ -92.752944247079313, 18.70400324445426 ], [ -92.752914274474165, 18.703985434280405 ], [ -92.752884302768337, 18.703967624106582 ], [ -92.752854320270615, 18.703956922174285 ], [ -92.752824338672269, 18.70394622114123 ], [ -92.752794356174547, 18.703935519208862 ], [ -92.752764373676882, 18.703924817276558 ], [ -92.752734401971054, 18.703907007102789 ], [ -92.752704430265226, 18.703889196928984 ], [ -92.752674457660078, 18.703871387654498 ], [ -92.752644485954249, 18.703853577480661 ], [ -92.752614504355847, 18.703842875548325 ], [ -92.752584521858182, 18.703832173615936 ], [ -92.75255453936046, 18.7038214716836 ], [ -92.752524556862795, 18.703810769751243 ], [ -92.752494585156967, 18.70379296047679 ], [ -92.752464613451139, 18.703775150303002 ], [ -92.75243464174531, 18.703757340129197 ], [ -92.752404670039482, 18.703739529955399 ], [ -92.75237468754176, 18.70372882802306 ], [ -92.752344705044038, 18.703718126090696 ], [ -92.752314723445693, 18.703707424158303 ], [ -92.752284740948028, 18.70369672312534 ], [ -92.752254769242143, 18.703678912951531 ], [ -92.752224797536314, 18.703661102777737 ], [ -92.752194825830486, 18.703643292603921 ], [ -92.752164853225338, 18.703625482430127 ], [ -92.752134871626993, 18.703614780497798 ], [ -92.752104889129271, 18.703604078565458 ], [ -92.752074907530925, 18.703593376633069 ], [ -92.752044925033204, 18.703582674700716 ], [ -92.752014953327375, 18.703564864526932 ], [ -92.751984981621547, 18.703547055252447 ], [ -92.751955009915719, 18.703529245078631 ], [ -92.75192503820989, 18.703511434904833 ], [ -92.751895053014266, 18.703502510032894 ], [ -92.751865068717905, 18.703493585160832 ], [ -92.751835073629707, 18.703491768530355 ], [ -92.751805078541508, 18.703489951899805 ], [ -92.75177508345331, 18.703488134369938 ], [ -92.751745088365112, 18.703486317739387 ], [ -92.751715103169431, 18.703477392867448 ], [ -92.751685118873127, 18.703468467995435 ], [ -92.751655147167298, 18.70345065782163 ], [ -92.75162517546147, 18.703432847647836 ], [ -92.751595203755585, 18.703415037474016 ], [ -92.751565232049757, 18.703397227300222 ], [ -92.751535249552091, 18.703386525367872 ], [ -92.751505267953689, 18.703375823435589 ], [ -92.751475285456024, 18.703365121503218 ], [ -92.751445303857622, 18.703354419570875 ], [ -92.751415332151794, 18.703336609397052 ], [ -92.751385360445965, 18.703318799223265 ], [ -92.751355388740137, 18.703300989049492 ], [ -92.751325417034309, 18.703283178875687 ], [ -92.751295434536644, 18.703272476943294 ], [ -92.751265452938242, 18.703261775010954 ], [ -92.751235470440577, 18.703251073078569 ], [ -92.751205488842174, 18.703240371146293 ], [ -92.751175517136346, 18.703222560972435 ], [ -92.751145545430518, 18.703204750798644 ], [ -92.75111557372469, 18.703186940624839 ], [ -92.751085602018861, 18.703169130451073 ], [ -92.751055620420516, 18.703158428518694 ], [ -92.751025637922794, 18.703147725687046 ], [ -92.750995656324449, 18.703137023754707 ], [ -92.750965673826727, 18.703126321822381 ], [ -92.750935702120898, 18.703108511648558 ], [ -92.75090573131439, 18.703090701474764 ], [ -92.750875759608562, 18.703072891300941 ], [ -92.750845787902733, 18.703055081127168 ], [ -92.750815805405068, 18.703044379194822 ], [ -92.750785823806666, 18.703033676363134 ], [ -92.750755842208321, 18.703022974430795 ], [ -92.750725859710599, 18.703012272498412 ], [ -92.75069589070273, 18.702992685264302 ], [ -92.750665921694917, 18.702973098030053 ], [ -92.750635963478885, 18.702946402554467 ], [ -92.75060600526291, 18.70291970707888 ], [ -92.750576048845517, 18.702891234542928 ], [ -92.7505460933275, 18.702862762006905 ], [ -92.750516136910164, 18.702834289470964 ], [ -92.750486181392148, 18.702805816934895 ], [ -92.750456225874075, 18.702777344398953 ], [ -92.750426269456739, 18.702748871862962 ], [ -92.750396313938722, 18.702720399327024 ], [ -92.75036635752133, 18.702691926791008 ], [ -92.750336402003313, 18.702663454255067 ], [ -92.750306446485297, 18.702634981719093 ], [ -92.750276490067904, 18.702606509183131 ], [ -92.750246534549888, 18.702578036647125 ], [ -92.750216579031871, 18.70254956411117 ], [ -92.750186623513855, 18.702521091575193 ], [ -92.750156667096462, 18.702492619039152 ], [ -92.750126711578446, 18.702464145603855 ], [ -92.750096756060429, 18.702435673067896 ], [ -92.750066800542356, 18.702407200531919 ], [ -92.75003684412502, 18.702378727995949 ], [ -92.750006888607004, 18.702350255460011 ], [ -92.749976933088931, 18.702321782924002 ], [ -92.749946977570914, 18.702293310388011 ], [ -92.749917022052898, 18.702264837852073 ], [ -92.749887065635562, 18.702236365316029 ], [ -92.749858985203957, 18.702207894578748 ], [ -92.749830903873089, 18.702179424740709 ], [ -92.749810322888038, 18.702150964795255 ], [ -92.749789741003724, 18.702122504849815 ], [ -92.749778534551695, 18.702094056595502 ], [ -92.749767327200345, 18.702065609240538 ], [ -92.749756119848996, 18.702037161885588 ], [ -92.749744912497704, 18.702008713631304 ], [ -92.749724330613333, 18.701980253685775 ], [ -92.749703749628281, 18.701951793740349 ], [ -92.749675669196733, 18.701923323902346 ], [ -92.749647587865866, 18.701894853164994 ], [ -92.749619507434261, 18.701866383327001 ], [ -92.749591427002713, 18.701837913488983 ], [ -92.749570845118399, 18.701809452644184 ], [ -92.749550264133347, 18.701780992698765 ], [ -92.749539056781998, 18.70175254534373 ], [ -92.749527849430649, 18.701724097089489 ], [ -92.749516642079357, 18.701695649734503 ], [ -92.749505435627327, 18.701667202379575 ], [ -92.749484853742956, 18.701638741534694 ], [ -92.749464272757962, 18.701610281589286 ], [ -92.749436192326357, 18.701581811751279 ], [ -92.749408110995489, 18.701553341013966 ], [ -92.749380030563941, 18.701524871175927 ], [ -92.749351950132336, 18.701496401337909 ], [ -92.749331368248022, 18.701467940493089 ], [ -92.749310787262971, 18.701439480547641 ], [ -92.749299579911622, 18.701411033192691 ], [ -92.749288373459649, 18.701382584938425 ], [ -92.7492771661083, 18.701354137583468 ], [ -92.749265958756951, 18.701325690228472 ], [ -92.749245377771956, 18.701297229383705 ], [ -92.749224796786905, 18.701268769438236 ], [ -92.749196715456037, 18.701240299600222 ], [ -92.749168635024432, 18.701211828862856 ], [ -92.749140554592884, 18.701183359024846 ], [ -92.749112474161336, 18.70115488828753 ], [ -92.749091893176285, 18.701126428341997 ], [ -92.74907131219129, 18.701097968396624 ], [ -92.749060104839941, 18.701069520142315 ], [ -92.749048897488592, 18.701041072787334 ], [ -92.749037691036563, 18.701012625432369 ], [ -92.749026483685213, 18.700984177178064 ], [ -92.749005902700219, 18.700955717232624 ], [ -92.748985321715168, 18.700927257287159 ], [ -92.7489572403843, 18.700898786549836 ], [ -92.748929159952752, 18.700870316711828 ], [ -92.748899205333998, 18.700841843276514 ], [ -92.748869249815982, 18.700813370740477 ], [ -92.748839294297966, 18.70078489820451 ], [ -92.748809339679269, 18.700756425668541 ], [ -92.748779384161196, 18.700727952233262 ], [ -92.74874942864318, 18.700699479697253 ], [ -92.748719474024483, 18.700671007161308 ], [ -92.74868951850641, 18.700642533726029 ], [ -92.748661438074862, 18.70061406388799 ], [ -92.748633357643314, 18.700585593150656 ], [ -92.748612776658263, 18.700557133205177 ], [ -92.748592195673268, 18.700528673259701 ], [ -92.748580988321919, 18.700500225005413 ], [ -92.74856978186989, 18.700471777650463 ], [ -92.74855857451854, 18.700443329396165 ], [ -92.748547368066568, 18.700414882041184 ], [ -92.748526787081516, 18.700386422095725 ], [ -92.748506206096522, 18.700357961250962 ], [ -92.748478125664917, 18.700329491412958 ], [ -92.748450045233369, 18.700301020675607 ], [ -92.748420090614673, 18.700272548139623 ], [ -92.748390135096599, 18.700244074704404 ], [ -92.748360180477903, 18.700215602168317 ], [ -92.748330224959886, 18.70018712963234 ], [ -92.74830027034119, 18.700158656197054 ], [ -92.748270314823117, 18.700130183661098 ], [ -92.74824036020442, 18.700101710225773 ], [ -92.748210404686404, 18.700073237689818 ], [ -92.748180450067707, 18.700044765153859 ], [ -92.748150494549634, 18.700016291718544 ], [ -92.748120539930937, 18.699987819182574 ], [ -92.748090585312241, 18.699959345747224 ], [ -92.748060629794168, 18.699930873211262 ], [ -92.748030675175471, 18.699902400675299 ], [ -92.748000719657455, 18.699873927239981 ], [ -92.747970765038758, 18.699845454704015 ], [ -92.747940810420005, 18.699816981268739 ], [ -92.747910854901988, 18.699788508732748 ], [ -92.747880900283292, 18.699760035297476 ], [ -92.747850945664595, 18.699731562761507 ], [ -92.747820991045842, 18.699703089326132 ], [ -92.747791035527825, 18.699674616790169 ], [ -92.747761080909129, 18.699646143354851 ], [ -92.747731126290432, 18.699617670818892 ], [ -92.747703045858827, 18.699589200081579 ], [ -92.747674966326599, 18.699560730243533 ], [ -92.747654385341548, 18.699532269398773 ], [ -92.747633804356553, 18.699503809453322 ], [ -92.747622597904524, 18.699475361198992 ], [ -92.747611390553175, 18.699446913844032 ], [ -92.747600184101202, 18.699418465589766 ], [ -92.747588977649173, 18.699390018234805 ], [ -92.747568396664121, 18.699361557390048 ], [ -92.747547815679127, 18.699333097444544 ], [ -92.747519736146842, 18.699304626707182 ], [ -92.747491656614613, 18.699276155969883 ], [ -92.747463576183065, 18.699247686131837 ], [ -92.747435496650837, 18.699219215394521 ], [ -92.747414915665786, 18.699190754549704 ], [ -92.747394334680791, 18.699162294604278 ], [ -92.747383128228762, 18.699133846349984 ], [ -92.747371921776733, 18.699105398995005 ], [ -92.747360715324703, 18.699076950740761 ], [ -92.747349507973354, 18.699048503385786 ], [ -92.747330802074828, 18.699020045238964 ], [ -92.747312096176245, 18.698991587991422 ], [ -92.747293391177038, 18.698963129844614 ], [ -92.747274685278455, 18.698934671697778 ], [ -92.747263477927106, 18.69890622434281 ], [ -92.747252271475134, 18.698877776088533 ], [ -92.747241065023104, 18.698849328733569 ], [ -92.747229858571075, 18.698820880479268 ], [ -92.747211152672548, 18.69879242233247 ], [ -92.747192446773965, 18.698763965085018 ], [ -92.747173740875382, 18.69873550693811 ], [ -92.747155034976856, 18.698707048791327 ], [ -92.747143828524827, 18.69867860143636 ], [ -92.747132622072797, 18.69865015318209 ], [ -92.747121415620825, 18.698621705827126 ], [ -92.747110209168795, 18.698593257572856 ], [ -92.747091503270212, 18.6985648003253 ], [ -92.747072797371686, 18.698536342178507 ], [ -92.747054091473103, 18.698507884031724 ], [ -92.74703538557452, 18.698479425884837 ], [ -92.747026054209016, 18.698450981227861 ], [ -92.747016721944135, 18.698422535671476 ], [ -92.747014890025127, 18.69839410090708 ], [ -92.7470130572068, 18.698365665243312 ], [ -92.747011224388473, 18.69833723047882 ], [ -92.747009392469465, 18.69830879481508 ], [ -92.747000060204584, 18.698280350158083 ], [ -92.746990728839023, 18.698251904601754 ], [ -92.746972022940497, 18.698223446454953 ], [ -92.746953317041914, 18.698194988308067 ], [ -92.746934611143331, 18.698166531060643 ], [ -92.746915906144125, 18.69813807291375 ], [ -92.746904699692095, 18.698109624659477 ], [ -92.746893492340746, 18.698081177304502 ], [ -92.746882285888773, 18.698052729050207 ], [ -92.746871079436744, 18.698024281695297 ], [ -92.746852374437481, 18.697995823548489 ], [ -92.746833668538954, 18.697967365401681 ], [ -92.746814962640372, 18.697938908154129 ], [ -92.746796256741845, 18.697910450007324 ], [ -92.746785050289816, 18.697882001753012 ], [ -92.746773843837786, 18.697853554398062 ], [ -92.746762637385757, 18.697825106143785 ], [ -92.746751430933728, 18.697796658788839 ], [ -92.746732725934521, 18.697768200641949 ], [ -92.746714020035938, 18.697739742495166 ], [ -92.746695314137412, 18.69771128434833 ], [ -92.746676609138149, 18.697682827100817 ], [ -92.746664310009862, 18.697648696929871 ], [ -92.746652011780895, 18.697614566758929 ], [ -92.746629270624283, 18.697558748537457 ], [ -92.746606529467726, 18.697502930316073 ], [ -92.746546665196433, 18.697415775217902 ], [ -92.746486801824403, 18.69732861832113 ], [ -92.746387925862052, 18.697220784211869 ], [ -92.746289049000382, 18.697112950102621 ], [ -92.746172207281518, 18.696999410694257 ], [ -92.746055366461974, 18.696885871285975 ], [ -92.74593554978577, 18.69677197844409 ], [ -92.745815734008886, 18.696658085602213 ], [ -92.745695917332682, 18.69654419186098 ], [ -92.745576101555798, 18.696430299019141 ], [ -92.745456286678234, 18.696316405277894 ], [ -92.74533647090135, 18.696202512436034 ], [ -92.745216655124523, 18.696088618694841 ], [ -92.745096840246958, 18.695974724953651 ], [ -92.744977025369394, 18.695860832111766 ], [ -92.74485721049183, 18.695746938370572 ], [ -92.744744895060819, 18.69563305452191 ], [ -92.744632579629808, 18.695519170673247 ], [ -92.744535262192585, 18.695405307508977 ], [ -92.744437944755305, 18.695291444344718 ], [ -92.744340628217401, 18.695177581180463 ], [ -92.744243310780121, 18.695063717116891 ], [ -92.74413099624843, 18.694949833268229 ], [ -92.744018681716739, 18.694835949419577 ], [ -92.743906367185048, 18.694722065570947 ], [ -92.743794052653357, 18.694608181722263 ], [ -92.743696737014773, 18.694494317658652 ], [ -92.743599420476812, 18.694380453595098 ], [ -92.743502104838228, 18.694266590430868 ], [ -92.743404789199644, 18.694152726367278 ], [ -92.743292475567273, 18.694038841619317 ], [ -92.743180161934902, 18.693924956871292 ], [ -92.743060349755297, 18.693811062230818 ], [ -92.742940537575691, 18.69369716759023 ], [ -92.742820726295463, 18.693583272949756 ], [ -92.742700914115858, 18.693469377409865 ], [ -92.742588601382806, 18.693355492661876 ], [ -92.742476288649755, 18.693241607913908 ], [ -92.74237897480981, 18.693127742951049 ], [ -92.742281660070546, 18.693013878887456 ], [ -92.742191844777778, 18.692900024716444 ], [ -92.742102029485011, 18.692786170545389 ], [ -92.742027212186031, 18.692672337058742 ], [ -92.741952394887051, 18.692558503572112 ], [ -92.741907573575645, 18.692444710554991 ], [ -92.741862752264183, 18.692330918437161 ], [ -92.741832928946451, 18.692217147003753 ], [ -92.741803105628776, 18.692103374671007 ], [ -92.741773283210421, 18.691989603237658 ], [ -92.741743459892746, 18.69187583090488 ], [ -92.741713636575014, 18.691762059471504 ], [ -92.741683813257339, 18.691648287138797 ], [ -92.741661489386217, 18.691534525597959 ], [ -92.741639164615719, 18.691420764057074 ], [ -92.741624339291775, 18.691307013308073 ], [ -92.74160951396783, 18.691193261659766 ], [ -92.741587190096709, 18.691079500118846 ], [ -92.741564866225588, 18.690965738578019 ], [ -92.741535042907856, 18.690851967144628 ], [ -92.741505220489501, 18.690738194811903 ], [ -92.741467898624592, 18.690624412586587 ], [ -92.741430576759683, 18.690510630361349 ], [ -92.741370759253073, 18.690396817559115 ], [ -92.7413109408472, 18.69028300385758 ], [ -92.741221128252448, 18.690169149686536 ], [ -92.74113131475832, 18.690055294616243 ], [ -92.741019005622547, 18.68994140896886 ], [ -92.740906696486832, 18.689827523321572 ], [ -92.740786878011988, 18.689720735123888 ], [ -92.740667058637825, 18.689613946926197 ], [ -92.740547207787358, 18.689528482553506 ], [ -92.740427356936948, 18.689443019080091 ], [ -92.74030746291902, 18.689385987673244 ], [ -92.740187568901149, 18.689328956266351 ], [ -92.740067631715817, 18.689300357825278 ], [ -92.739947694530429, 18.689271758484882 ], [ -92.739827724969473, 18.689264483868875 ], [ -92.739707755408574, 18.689257209252862 ], [ -92.739587764263888, 18.689264151119726 ], [ -92.739467773119202, 18.689271092986601 ], [ -92.739347748699629, 18.689299358678483 ], [ -92.739227724279999, 18.689327624370396 ], [ -92.739107667484802, 18.689377214786671 ], [ -92.738987610689662, 18.689426805202942 ], [ -92.738867543102572, 18.689483503860703 ], [ -92.738747475515538, 18.689540201619092 ], [ -92.738627407928504, 18.689596900276808 ], [ -92.738507339442151, 18.689653598035182 ], [ -92.738387271855061, 18.689710295793596 ], [ -92.738267203368707, 18.689766994451301 ], [ -92.738147145674191, 18.689816583968245 ], [ -92.738027088878994, 18.689866173485139 ], [ -92.737914541422924, 18.689908665552533 ], [ -92.737801993067478, 18.689951156720564 ], [ -92.737711908877429, 18.690015004988549 ], [ -92.737621824687437, 18.69007885235721 ], [ -92.737554182179736, 18.690178272409412 ], [ -92.737486539672034, 18.690277692461546 ], [ -92.737433872675069, 18.69039134878177 ], [ -92.737381205678048, 18.690505006001256 ], [ -92.737351034322728, 18.690618694697022 ], [ -92.737320863866728, 18.690732383392888 ], [ -92.737328198737373, 18.690839016007835 ], [ -92.737335532708641, 18.690945648622836 ], [ -92.737387883144265, 18.691038128606841 ], [ -92.737440232680569, 18.691130607691441 ], [ -92.737507579311284, 18.691223108359765 ], [ -92.737574926841376, 18.691315609028198 ], [ -92.737604758252928, 18.691422273119468 ], [ -92.737634589664538, 18.691528937210691 ], [ -92.737604430000431, 18.691635517665059 ], [ -92.737574270336268, 18.691742098119416 ], [ -92.737491650519246, 18.691827281004244 ], [ -92.737409031601487, 18.691912462989833 ], [ -92.737296449071835, 18.691976278882269 ], [ -92.737183867441502, 18.692040094774576 ], [ -92.737063797156452, 18.692096791633663 ], [ -92.736943726871459, 18.692153489392062 ], [ -92.736823656586466, 18.692210186251152 ], [ -92.736703586301417, 18.692266883110207 ], [ -92.736583515117104, 18.69232357996928 ], [ -92.736463444832054, 18.692380275929089 ], [ -92.736343374547062, 18.692436972788101 ], [ -92.736223303362749, 18.692493669647192 ], [ -92.736103233077699, 18.69255036560698 ], [ -92.735983161893387, 18.692607062466021 ], [ -92.735863090709017, 18.69266375842577 ], [ -92.735743019524705, 18.692720455284785 ], [ -92.735622960031549, 18.692770043003097 ], [ -92.735502899639073, 18.692819630721431 ], [ -92.735382860830327, 18.692855002856142 ], [ -92.735262822920902, 18.692890374091533 ], [ -92.73514279580337, 18.692918637085448 ], [ -92.735022768685781, 18.692946900079441 ], [ -92.734902741568249, 18.69297516397269 ], [ -92.73478271355134, 18.693003426966612 ], [ -92.734662686433808, 18.693031689960549 ], [ -92.734542659316219, 18.693059952055187 ], [ -92.734422642990523, 18.693081106807703 ], [ -92.734302626664828, 18.693102261560163 ], [ -92.734182631922863, 18.693109199829696 ], [ -92.734062638080275, 18.693116138099352 ], [ -92.733942655029466, 18.69311596812749 ], [ -92.733822671978714, 18.69311579725623 ], [ -92.7337026997198, 18.693108519043019 ], [ -92.733582727460885, 18.69310124082967 ], [ -92.73346280016807, 18.693065529650539 ], [ -92.733342872875255, 18.693029818471416 ], [ -92.733230499887611, 18.692958576876876 ], [ -92.733118126900024, 18.692887335282368 ], [ -92.733020774389217, 18.692801898788659 ], [ -92.732923421878354, 18.692716462294918 ], [ -92.732833579605995, 18.692623928351683 ], [ -92.732743737333578, 18.692531393509071 ], [ -92.732653918443532, 18.692424643082845 ], [ -92.732564098654166, 18.692317892656693 ], [ -92.732474290556013, 18.692204033989015 ], [ -92.73238448155854, 18.692090175321361 ], [ -92.732302172906941, 18.69197632744563 ], [ -92.732219863355965, 18.691862478670501 ], [ -92.732145053251543, 18.691748641586578 ], [ -92.732070243147177, 18.691634803603346 ], [ -92.731987934495521, 18.691520955727544 ], [ -92.731905625843922, 18.691407106952436 ], [ -92.731823317192323, 18.691293259076705 ], [ -92.731741008540666, 18.691179410301572 ], [ -92.731673697882798, 18.691065584009554 ], [ -92.731606387224929, 18.690951756818158 ], [ -92.731546576013614, 18.690837940418653 ], [ -92.731486764802298, 18.690724124019138 ], [ -92.731426952691663, 18.690610307619632 ], [ -92.731367141480348, 18.690496491220149 ], [ -92.731307330269033, 18.69038267482064 ], [ -92.731247519057717, 18.69026885842111 ], [ -92.731187707846402, 18.690155042021622 ], [ -92.731127896635087, 18.690041225622135 ], [ -92.731068086323091, 18.689927409222577 ], [ -92.731008275111776, 18.689813592823072 ], [ -92.730948463900461, 18.689699776423573 ], [ -92.730888653588465, 18.689585960024068 ], [ -92.73082884237715, 18.689472143624581 ], [ -92.730769032065155, 18.689358327225079 ], [ -92.730716720300393, 18.689244520718077 ], [ -92.730664408535574, 18.689130715110473 ], [ -92.7306270947646, 18.68901693108652 ], [ -92.730589780993569, 18.688903146163334 ], [ -92.730552466323218, 18.688789362139413 ], [ -92.730515152552186, 18.688675578115443 ], [ -92.730470340233978, 18.688561783299676 ], [ -92.73042552791577, 18.688447987584617 ], [ -92.730388214144739, 18.688334203560736 ], [ -92.730350900373708, 18.688220418637449 ], [ -92.73032108514991, 18.688106645405391 ], [ -92.730291269926113, 18.687992872173371 ], [ -92.730261455601635, 18.687879098042011 ], [ -92.730231640377838, 18.687765324809941 ], [ -92.730201826053417, 18.687651550678602 ], [ -92.730172010829619, 18.687537777446476 ], [ -92.730149695052376, 18.687424015006343 ], [ -92.730127379275075, 18.687310251666833 ], [ -92.730112562045065, 18.687196500018484 ], [ -92.730097744815055, 18.687082747470846 ], [ -92.730075429037811, 18.686968985030649 ], [ -92.73005311236119, 18.686855221691175 ], [ -92.730030796583947, 18.686741459250996 ], [ -92.730008480806703, 18.686627695911518 ], [ -92.73000116212387, 18.68651395505503 ], [ -92.729993844340413, 18.686400213299223 ], [ -92.72998652565758, 18.686286472442802 ], [ -92.729979206974804, 18.686172730687016 ], [ -92.72995689119756, 18.686058968246783 ], [ -92.729934575420259, 18.685945204907298 ], [ -92.729912260542335, 18.685831442467123 ], [ -92.729889944765091, 18.685717679127677 ], [ -92.729882626082315, 18.685603938271161 ], [ -92.729875307399482, 18.685490197414705 ], [ -92.729875488163202, 18.68537646645083 ], [ -92.729875668027603, 18.685262736386218 ], [ -92.729883347338557, 18.685149016214154 ], [ -92.729891025750192, 18.68503529694145 ], [ -92.72992120070279, 18.684921609145011 ], [ -92.729951374756126, 18.684807922247856 ], [ -92.73000404535037, 18.684694266826988 ], [ -92.73005671504535, 18.684580611406176 ], [ -92.730116884186828, 18.684466967676492 ], [ -92.730177052428985, 18.684353323047475 ], [ -92.730237220671142, 18.684239679317777 ], [ -92.730297388913357, 18.68412603468883 ], [ -92.730357557155514, 18.684012390059809 ], [ -92.730417725397672, 18.68389874633009 ], [ -92.730477893639829, 18.683785101701151 ], [ -92.730538061881987, 18.683671457072151 ], [ -92.730590731576967, 18.683557802550592 ], [ -92.730643401271891, 18.683444147129766 ], [ -92.730673574425907, 18.683330459333259 ], [ -92.730703748479186, 18.683216771536834 ], [ -92.730711426890821, 18.683103052264059 ], [ -92.730719105302455, 18.682989332092038 ], [ -92.730719284267536, 18.682875602027494 ], [ -92.730719464131937, 18.682761871063562 ], [ -92.730719643996338, 18.682648140998964 ], [ -92.730719823860738, 18.682534410035046 ], [ -92.730720002825819, 18.682420679970456 ], [ -92.73072018269022, 18.682306949006549 ], [ -92.730720362554678, 18.68219321894199 ], [ -92.730720542419078, 18.682079487978037 ], [ -92.730720721384159, 18.681965757014115 ], [ -92.73072090124856, 18.68185202694951 ], [ -92.730721081112961, 18.681738295985603 ], [ -92.730721260977361, 18.681624565921016 ], [ -92.730721439942442, 18.681510834957123 ], [ -92.7307216198069, 18.68139710489254 ], [ -92.730721799671301, 18.68128337392865 ], [ -92.730721979535701, 18.681169643863985 ], [ -92.730722158500782, 18.681055912900096 ], [ -92.730722338365183, 18.680942181936189 ], [ -92.730722518229584, 18.680828451871616 ], [ -92.730722698093984, 18.680714720907705 ], [ -92.730722877059065, 18.680600990843093 ], [ -92.730723056923523, 18.680487259879222 ], [ -92.730723236787924, 18.680373529814585 ], [ -92.730723416652324, 18.680259798850642 ], [ -92.730723595617405, 18.680146068786058 ], [ -92.730723775481806, 18.680032337822166 ], [ -92.730723955346207, 18.679918606858294 ], [ -92.730724135210608, 18.679804876793682 ], [ -92.730731812722922, 18.679691156621612 ], [ -92.730739491134557, 18.679577437348851 ], [ -92.730762165741339, 18.679463738760646 ], [ -92.730784840348065, 18.67935004017226 ], [ -92.730815012602704, 18.679236352375831 ], [ -92.730845185756664, 18.67912266547869 ], [ -92.730875358910623, 18.679008977682184 ], [ -92.73090553116532, 18.67889528988573 ], [ -92.730928208470004, 18.678779814237092 ], [ -92.730950885774746, 18.678664339487735 ], [ -92.730958555193126, 18.678555950496776 ], [ -92.730966224611564, 18.678447561505852 ], [ -92.73096822020716, 18.678371151507466 ], [ -92.730970214903436, 18.678294741509127 ], [ -92.73097965238901, 18.678253882610658 ], [ -92.730989089874583, 18.678213024611448 ], [ -92.731007883007351, 18.678182841564919 ], [ -92.731026676140175, 18.678152658518414 ], [ -92.73104547556818, 18.678118922250526 ], [ -92.731064274096923, 18.678085185083265 ], [ -92.731073700790603, 18.678051434426198 ], [ -92.731083126584963, 18.678017684668458 ], [ -92.731085048436228, 18.677987477340249 ], [ -92.731086971186755, 18.677957270012037 ], [ -92.731090765426472, 18.677928843341466 ], [ -92.731094558766813, 18.677900415771603 ], [ -92.731109599928061, 18.677872004389549 ], [ -92.731124641988572, 18.677843593007459 ], [ -92.731147181697054, 18.677815193316579 ], [ -92.731169721405479, 18.677786792726348 ], [ -92.731184762566727, 18.677758381344287 ], [ -92.731199803727918, 18.677729969962183 ], [ -92.731203597967635, 18.677701542392281 ], [ -92.731207391308033, 18.677673115721735 ], [ -92.731207436274133, 18.677644682755922 ], [ -92.731207481240233, 18.677616249790162 ], [ -92.73121127547995, 18.677587823119566 ], [ -92.731215068820347, 18.677559395549721 ], [ -92.731230110880858, 18.67753098416761 ], [ -92.731245152042106, 18.677502573684833 ], [ -92.731267691750531, 18.677474173094648 ], [ -92.731290231458956, 18.677445772504452 ], [ -92.731305272620205, 18.677417361122384 ], [ -92.731320313781396, 18.677388949740308 ], [ -92.731324108021113, 18.677360523069744 ], [ -92.73132790136151, 18.67733209549985 ], [ -92.73132794632761, 18.677303662534015 ], [ -92.731327991293711, 18.677275230467551 ], [ -92.731328036259811, 18.677246797501777 ], [ -92.731328080326591, 18.677218364535904 ], [ -92.731328125292691, 18.677189932469414 ], [ -92.731328170258791, 18.677161499503679 ], [ -92.731331964498509, 18.677133071933799 ], [ -92.731335757838906, 18.677104645263242 ], [ -92.731350799899474, 18.677076233881163 ], [ -92.731365841060665, 18.677047822499059 ], [ -92.73138837986977, 18.67701942190881 ], [ -92.731410919578252, 18.676991021318688 ], [ -92.731425960739443, 18.676962610835851 ], [ -92.731441001900691, 18.676934199453811 ], [ -92.731444796140408, 18.676905771883888 ], [ -92.731448590380126, 18.676877344314061 ], [ -92.731448634446906, 18.676848912247582 ], [ -92.731448679413006, 18.676820479281712 ], [ -92.731448724379106, 18.676792046315921 ], [ -92.731448769345207, 18.67676361424947 ], [ -92.731448814311307, 18.676735181283618 ], [ -92.731448858378087, 18.676706748317798 ], [ -92.731448903344187, 18.676678316251337 ], [ -92.731448948310288, 18.676649883285521 ], [ -92.731448993276388, 18.676621450319683 ], [ -92.731449038242488, 18.676593018253218 ], [ -92.731449082309268, 18.676564585287434 ], [ -92.731449127275368, 18.676536152321606 ], [ -92.731449172241469, 18.676507720255142 ], [ -92.731449217207569, 18.67647928728935 ], [ -92.731449261274349, 18.67645085432347 ], [ -92.731449306240449, 18.676422422257009 ], [ -92.73144935120655, 18.676393989291238 ], [ -92.73144939617265, 18.676365556325418 ], [ -92.73144944113875, 18.676337124258907 ], [ -92.73144948520553, 18.676308691293137 ], [ -92.731449530171631, 18.676280259226655 ], [ -92.731449575137731, 18.676251826260813 ], [ -92.731453369377448, 18.676223398690908 ], [ -92.731457162717845, 18.676194971121035 ], [ -92.731472203879093, 18.676166560638297 ], [ -92.731487245040285, 18.676138149256243 ], [ -92.73150978474871, 18.676109748666036 ], [ -92.731532323557872, 18.676081348075819 ], [ -92.731547364719063, 18.676052936693733 ], [ -92.731562405880311, 18.676024525311615 ], [ -92.731562450846411, 18.67599609324515 ], [ -92.731562495812511, 18.675967660279348 ], [ -92.731547544583464, 18.67593920662917 ], [ -92.731532592455153, 18.675910752079588 ], [ -92.731510142678928, 18.675882287637521 ], [ -92.731487692902647, 18.675853822296133 ], [ -92.731472741673656, 18.675825368645921 ], [ -92.731457789545289, 18.675796914096328 ], [ -92.731454085237829, 18.675768476633923 ], [ -92.731450380930312, 18.675740038272174 ], [ -92.731450425896412, 18.675711605306368 ], [ -92.731450470862512, 18.675683173239911 ], [ -92.731450515828612, 18.675654740274062 ], [ -92.731450559895393, 18.675626307308256 ], [ -92.731450604861493, 18.675597875241809 ], [ -92.731450649827593, 18.675569442275993 ], [ -92.731446945520076, 18.675541003914248 ], [ -92.73144324121256, 18.675512566451857 ], [ -92.731428289983569, 18.675484111902268 ], [ -92.731413337855201, 18.675455658252091 ], [ -92.731390888078977, 18.675427192910671 ], [ -92.731368438302752, 18.675398728468615 ], [ -92.731353487073761, 18.675370273919036 ], [ -92.731338535844714, 18.675341820268809 ], [ -92.731334831537197, 18.675313381907099 ], [ -92.73133112722968, 18.675284944444687 ], [ -92.731331171296461, 18.675256511478889 ], [ -92.731331216262561, 18.67522807851304 ], [ -92.731327511955101, 18.67519964105065 ], [ -92.731323807647584, 18.675171202688865 ], [ -92.731308856418536, 18.675142748139397 ], [ -92.731293905189546, 18.675114294489138 ], [ -92.731267706139704, 18.675085824651145 ], [ -92.731241507089862, 18.67505735391379 ], [ -92.731211559665724, 18.675028878679875 ], [ -92.731181612241585, 18.675000402546566 ], [ -92.731155413191743, 18.674971932708573 ], [ -92.731129214141902, 18.674943461971235 ], [ -92.731114262912854, 18.674915008321037 ], [ -92.731099311683863, 18.674886553771533 ], [ -92.731091858102729, 18.674858110913156 ], [ -92.731084404521596, 18.674829667155457 ], [ -92.731069453292605, 18.674801213505244 ], [ -92.731054502063557, 18.674772758955704 ], [ -92.731028303013716, 18.674744289117715 ], [ -92.731002104863194, 18.674715818380378 ], [ -92.730972157439055, 18.674687343146463 ], [ -92.730942209115597, 18.674658867013111 ], [ -92.730912261691515, 18.6746303917792 ], [ -92.730882314267376, 18.674601915645944 ], [ -92.730852365943917, 18.674573440412029 ], [ -92.730822418519779, 18.674544964278727 ], [ -92.73079247109564, 18.67451648904478 ], [ -92.730762523671501, 18.674488012911524 ], [ -92.730732576247362, 18.674459537677567 ], [ -92.730702627923904, 18.674431061544304 ], [ -92.730672680499765, 18.674402586310347 ], [ -92.730642733075626, 18.674374110177109 ], [ -92.730612785651488, 18.67434563494314 ], [ -92.730582838227349, 18.674317158809856 ], [ -92.730556639177507, 18.674288688971835 ], [ -92.730530441026985, 18.674260218234476 ], [ -92.730515489797995, 18.674231764584292 ], [ -92.730500538568947, 18.674203310034777 ], [ -92.73049308498787, 18.674174866277141 ], [ -92.730485632306056, 18.674146423418751 ], [ -92.730470681077009, 18.674117968869194 ], [ -92.730455729848018, 18.674089515219006 ], [ -92.730429530798176, 18.674061044481643 ], [ -92.730403332647654, 18.674032573744331 ], [ -92.730373385223515, 18.674004098510384 ], [ -92.730343437799377, 18.673975622377121 ], [ -92.730317239648855, 18.673947152539117 ], [ -92.730291040599013, 18.67391868180178 ], [ -92.730276089369966, 18.673890228151539 ], [ -92.730261138140975, 18.673861773602052 ], [ -92.730253685459161, 18.673833329844321 ], [ -92.730246231878084, 18.673804886985977 ], [ -92.730231280649036, 18.673776432436437 ], [ -92.730216329420045, 18.67374797788694 ], [ -92.73019388054314, 18.673719513444819 ], [ -92.730171430766859, 18.673691048103453 ], [ -92.730156479537868, 18.673662594453194 ], [ -92.73014152830882, 18.673634139903683 ], [ -92.73013782490068, 18.673605701541913 ], [ -92.730134120593164, 18.673577264079544 ], [ -92.730134165559264, 18.673548831113695 ], [ -92.730134210525364, 18.673520398147907 ], [ -92.730134255491464, 18.673491966081453 ], [ -92.730134300457564, 18.673463533115605 ], [ -92.730134345423664, 18.673435100149774 ], [ -92.730134390389765, 18.673406668083295 ], [ -92.730134435355865, 18.673378235117507 ], [ -92.730134480321965, 18.673349802151652 ], [ -92.730134525288065, 18.673321370085215 ], [ -92.730134570254165, 18.673292937119459 ], [ -92.730134615220265, 18.673264504153632 ], [ -92.730134660186366, 18.673236072087061 ], [ -92.730134705152466, 18.673207639121308 ], [ -92.730134750118566, 18.673179206155545 ], [ -92.730134795084666, 18.673150774088977 ], [ -92.730134840050766, 18.673122341123168 ], [ -92.730134885016867, 18.673093908157405 ], [ -92.730134929983024, 18.67306547609093 ], [ -92.730134974949124, 18.673037043125039 ], [ -92.730135019915224, 18.6730086101593 ], [ -92.730135064881324, 18.672980178092832 ], [ -92.730135109847424, 18.672951745126955 ], [ -92.730135154813524, 18.672923312161188 ], [ -92.730135200678944, 18.672894880094713 ], [ -92.730135245645045, 18.672866447128833 ], [ -92.730135290611145, 18.672838014163045 ], [ -92.730135335577245, 18.67280958209659 ], [ -92.730135380543345, 18.672781149130781 ], [ -92.730135425509445, 18.672752716164943 ], [ -92.730135470475545, 18.672724284098457 ], [ -92.730135515441646, 18.672695851132655 ], [ -92.730135560407746, 18.672667418166835 ], [ -92.730135605373846, 18.672638986100349 ], [ -92.730135650339946, 18.672610553134597 ], [ -92.730139443680343, 18.672582125564698 ], [ -92.730143237920061, 18.672553698894113 ], [ -92.730158279081252, 18.672525287512073 ], [ -92.7301733202425, 18.672496876129948 ], [ -92.730195859051605, 18.67246847643904 ], [ -92.73021839876003, 18.672440075848897 ], [ -92.730233439021958, 18.672411664466772 ], [ -92.73024848018315, 18.672383253084739 ], [ -92.730252274422867, 18.67235482641415 ], [ -92.730256068662584, 18.672326398844291 ], [ -92.730256113628684, 18.672297965878489 ], [ -92.730256158594784, 18.672269533811971 ], [ -92.730259951935182, 18.672241106242083 ], [ -92.730263746174899, 18.672212678672228 ], [ -92.730278787336147, 18.672184268189472 ], [ -92.730293828497338, 18.672155856807414 ], [ -92.730316367306443, 18.672127456217183 ], [ -92.730338906115605, 18.672099055627015 ], [ -92.730353947276797, 18.672070645144249 ], [ -92.730368988438045, 18.672042233762081 ], [ -92.730372782677762, 18.67201380619225 ], [ -92.730376576018159, 18.671985379521683 ], [ -92.730376620984259, 18.671956946555877 ], [ -92.730376665950359, 18.671928513590096 ], [ -92.730380460190077, 18.671900086919536 ], [ -92.730384254429737, 18.671871659349666 ], [ -92.730399294691665, 18.67184324796759 ], [ -92.730414335852856, 18.671814836585487 ], [ -92.730436874662018, 18.671786436894575 ], [ -92.730459413471124, 18.671758036304386 ], [ -92.730474454632315, 18.671729624922314 ], [ -92.730489495793563, 18.671701213540235 ], [ -92.73049329003328, 18.671672786869699 ], [ -92.730497083373677, 18.67164435929979 ], [ -92.730497128339778, 18.671615926333981 ], [ -92.730497173305878, 18.671587494267502 ], [ -92.730500967545595, 18.671559066697604 ], [ -92.730504760885992, 18.671530639127717 ], [ -92.730519802047183, 18.671502228645029 ], [ -92.730534843208432, 18.671473817262868 ], [ -92.730557382017537, 18.671445416672622 ], [ -92.730579920826642, 18.671417016082476 ], [ -92.73059496198789, 18.671388605599684 ], [ -92.730610002249762, 18.671360194217648 ], [ -92.730613796489479, 18.671331766647778 ], [ -92.730617590729196, 18.671303339077877 ], [ -92.730617635695296, 18.671274907011412 ], [ -92.730617680661396, 18.671246474045578 ], [ -92.730621474001794, 18.671218046475712 ], [ -92.730625268241511, 18.671189619805144 ], [ -92.730640308503382, 18.671161208423076 ], [ -92.73065534966463, 18.671132797041032 ], [ -92.730677888473735, 18.671104396450801 ], [ -92.730700427282841, 18.671075996759928 ], [ -92.730715468444089, 18.671047585377838 ], [ -92.73073050870596, 18.671019173995738 ], [ -92.730738052219294, 18.670990751821755 ], [ -92.730745594833309, 18.670962330547187 ], [ -92.7307606359945, 18.670933919165059 ], [ -92.730775676256428, 18.670905507783001 ], [ -92.73080196433915, 18.670877112588688 ], [ -92.730828251522553, 18.670848717394449 ], [ -92.730858288878892, 18.670820328495427 ], [ -92.730888325335911, 18.67079193869705 ], [ -92.730914613418634, 18.670763543502822 ], [ -92.730940900602036, 18.670735148308484 ], [ -92.730955941763284, 18.670706736926451 ], [ -92.730970982025156, 18.670678325544326 ], [ -92.73097852553849, 18.670649904269712 ], [ -92.730986068152504, 18.670621482095786 ], [ -92.731001108414375, 18.670593070713682 ], [ -92.731016149575623, 18.6705646593316 ], [ -92.731042436759026, 18.670536264137375 ], [ -92.731068724841748, 18.670507869842353 ], [ -92.731098761298767, 18.670479480044019 ], [ -92.731128797755787, 18.670451090245656 ], [ -92.731158834212806, 18.670422700447297 ], [ -92.731188871569145, 18.670394310648991 ], [ -92.731218908026165, 18.670365920850621 ], [ -92.731248944483184, 18.670337531052301 ], [ -92.731278980940203, 18.670309141253966 ], [ -92.731309017397223, 18.670280751455536 ], [ -92.731339053854242, 18.670252361657234 ], [ -92.731369090311205, 18.670223971858878 ], [ -92.731399126768224, 18.670195582060522 ], [ -92.731429163225243, 18.67016719226217 ], [ -92.731459199682263, 18.670138802463843 ], [ -92.731489237038602, 18.670110412665458 ], [ -92.731519273495621, 18.670082022867089 ], [ -92.731549309952641, 18.670053633068765 ], [ -92.73157934640966, 18.670025243270409 ], [ -92.731609382866679, 18.669996853472096 ], [ -92.731639413028461, 18.669972017794425 ], [ -92.731669444089562, 18.6699471821168 ], [ -92.731699458063474, 18.669933008801362 ], [ -92.731729472037443, 18.669918835485948 ], [ -92.731759475219576, 18.669911769512641 ], [ -92.731789478401652, 18.669904704438625 ], [ -92.731819492375621, 18.669890531123141 ], [ -92.73184950634959, 18.669876357807695 ], [ -92.731879537410691, 18.669851522130102 ], [ -92.731909567572472, 18.669826685553101 ], [ -92.731939604029492, 18.669798295754788 ], [ -92.731969640486454, 18.669769905956475 ], [ -92.731999676943474, 18.669741516158066 ], [ -92.732029713400493, 18.669713126359753 ], [ -92.732059749857513, 18.669684736561393 ], [ -92.732089785415212, 18.66965634676302 ], [ -92.732119821872232, 18.669627956964693 ], [ -92.732149858329251, 18.669599567166362 ], [ -92.73217989478627, 18.669571177367949 ], [ -92.73220993124329, 18.669542786670334 ], [ -92.732239966800989, 18.669514396871982 ], [ -92.732270003258009, 18.669486007073619 ], [ -92.732300039715028, 18.669457617275253 ], [ -92.732330076172047, 18.669429227476918 ], [ -92.732360112629067, 18.66940083767857 ], [ -92.732390148186767, 18.669372447880196 ], [ -92.732420184643786, 18.669344057182581 ], [ -92.732450221100805, 18.669315667384154 ], [ -92.73248025126253, 18.669290831706554 ], [ -92.732510282323631, 18.669265996028958 ], [ -92.7325402962976, 18.669251821814157 ], [ -92.73257030937225, 18.669237648498722 ], [ -92.732600312554325, 18.669230583424724 ], [ -92.732630314837138, 18.669223517451446 ], [ -92.732660328811107, 18.669209344135982 ], [ -92.732690342785077, 18.669195170820501 ], [ -92.732720373846121, 18.669170334243557 ], [ -92.732750404007902, 18.669145498565978 ], [ -92.732780440464921, 18.669117108767601 ], [ -92.732810476022621, 18.669088718969252 ], [ -92.73284051247964, 18.669060328271616 ], [ -92.73287054803734, 18.669031938473221 ], [ -92.732900584494359, 18.669003548674898 ], [ -92.732930620951379, 18.668975158876552 ], [ -92.732960656509078, 18.668946768178845 ], [ -92.732990692966098, 18.668918378380507 ], [ -92.733020728523741, 18.668889988582141 ], [ -92.73305076498076, 18.668861597884479 ], [ -92.73308080053846, 18.668833208086141 ], [ -92.733110836995479, 18.668804818287814 ], [ -92.733140872553179, 18.668776428489416 ], [ -92.733170909010198, 18.668748037791765 ], [ -92.733200944567898, 18.668719647993409 ], [ -92.733230981024917, 18.668691258195054 ], [ -92.733261016582617, 18.668662867497371 ], [ -92.733291052140316, 18.668634477698994 ], [ -92.733321088597336, 18.668606087900702 ], [ -92.733351124155035, 18.668577697203059 ], [ -92.733381160612055, 18.668549307404643 ], [ -92.733411196169754, 18.668520917606312 ], [ -92.733441226331479, 18.66849608102936 ], [ -92.73347125649326, 18.668471245351711 ], [ -92.733501270467229, 18.668457071136967 ], [ -92.733531284441199, 18.6684428978215 ], [ -92.733561286723955, 18.668435831848221 ], [ -92.733591289006768, 18.668428766774234 ], [ -92.733621302980737, 18.668414592559444 ], [ -92.73365131605533, 18.66840041924398 ], [ -92.733681347116431, 18.668375582667043 ], [ -92.733711377278212, 18.668350746989415 ], [ -92.733741412835911, 18.668322356291753 ], [ -92.733771448393611, 18.66829396649344 ], [ -92.73380148485063, 18.668265575795704 ], [ -92.73383152040833, 18.668237185997377 ], [ -92.733861555965973, 18.668208796199025 ], [ -92.733891591523673, 18.668180405501364 ], [ -92.733921627081372, 18.66815201570304 ], [ -92.733951663538392, 18.668123625005357 ], [ -92.733981699096091, 18.66809523520698 ], [ -92.734011734653791, 18.66806684450934 ], [ -92.734041764815572, 18.668042008831744 ], [ -92.734071794977297, 18.668017172254732 ], [ -92.734101808951266, 18.668002998939262 ], [ -92.734131822025915, 18.667988824724564 ], [ -92.734161824308728, 18.667981758751218 ], [ -92.734191826591484, 18.667974693677206 ], [ -92.734221840565453, 18.66796051946244 ], [ -92.734251853640103, 18.667946345247696 ], [ -92.734281883801884, 18.66792150957005 ], [ -92.734311913963609, 18.667896672993088 ], [ -92.734341949521308, 18.667868283194768 ], [ -92.734371985079008, 18.667839892497085 ], [ -92.734402020636708, 18.667811502698743 ], [ -92.734432056194407, 18.667783112001121 ], [ -92.734462091752107, 18.667754722202748 ], [ -92.734492128209126, 18.667726331505026 ], [ -92.734522157471531, 18.667701494928096 ], [ -92.734552187633312, 18.667676659250429 ], [ -92.734582201607282, 18.667662485035706 ], [ -92.734612214681931, 18.667648310820951 ], [ -92.734642216964687, 18.667641245746946 ], [ -92.7346722192475, 18.667634179773625 ], [ -92.734702233221469, 18.667620005558813 ], [ -92.734732246296119, 18.667605831344094 ], [ -92.734762271061925, 18.6675845497872 ], [ -92.734792294928411, 18.667563267330969 ], [ -92.73482230890238, 18.667549093116182 ], [ -92.73485232197703, 18.667534918901421 ], [ -92.734882324259843, 18.667527853827426 ], [ -92.734912326542599, 18.667520787854126 ], [ -92.734942339617248, 18.667506613639372 ], [ -92.734972353591218, 18.667492439424532 ], [ -92.735002377457704, 18.667471156968361 ], [ -92.735032402223567, 18.667449875411499 ], [ -92.735062415298216, 18.667435701196712 ], [ -92.735092429272129, 18.667421526981911 ], [ -92.735122431554942, 18.667414461008615 ], [ -92.735152433837698, 18.667407395035298 ], [ -92.735182446912347, 18.667393221719845 ], [ -92.735212459986997, 18.667379047505133 ], [ -92.73524248475286, 18.66735776504882 ], [ -92.735272508619346, 18.667336482592653 ], [ -92.735302522593315, 18.667322308377898 ], [ -92.735332535667965, 18.667308134163136 ], [ -92.735362537950721, 18.667301069089106 ], [ -92.735392540233534, 18.667294003115796 ], [ -92.735422553308126, 18.667279828901034 ], [ -92.735452566382776, 18.667265654686268 ], [ -92.735482591148639, 18.667244372230016 ], [ -92.735512615015125, 18.667223089773781 ], [ -92.735542628089775, 18.667208915559023 ], [ -92.735572642063744, 18.667194741344318 ], [ -92.735602638950581, 18.667191229491724 ], [ -92.735632634938099, 18.66718771763907 ], [ -92.735662626429018, 18.667187759907215 ], [ -92.735692617919938, 18.667187802175366 ], [ -92.735722614806775, 18.667184290322766 ], [ -92.735752610794293, 18.667180778470183 ], [ -92.735782624768262, 18.667166604255446 ], [ -92.735812637842912, 18.667152430040673 ], [ -92.735842661709455, 18.667131148483765 ], [ -92.735872686475261, 18.667109866027552 ], [ -92.735902699549911, 18.667095691812793 ], [ -92.73593271262456, 18.667081517598039 ], [ -92.735962709511398, 18.667078005745427 ], [ -92.735992706398235, 18.667074493892816 ], [ -92.736022696989835, 18.667074535261619 ], [ -92.736052688480754, 18.667074577529796 ], [ -92.736082679971673, 18.667074619797908 ], [ -92.736112670563273, 18.667074662066057 ], [ -92.736142662054192, 18.667074704334212 ], [ -92.736172653545111, 18.667074746602342 ], [ -92.736202644136654, 18.667074788870483 ], [ -92.736232635627573, 18.667074830239269 ], [ -92.736262627118492, 18.667074872507392 ], [ -92.736292618609411, 18.667074914775498 ], [ -92.736322609201011, 18.667074957043635 ], [ -92.73635260069193, 18.667074999311833 ], [ -92.736382592182849, 18.667075041579945 ], [ -92.736412582774449, 18.667075082948745 ], [ -92.736442574265368, 18.66707512521694 ], [ -92.736472565756287, 18.667075167485052 ], [ -92.736502556347887, 18.667075209753197 ], [ -92.736532547838749, 18.667075252021359 ], [ -92.736562539329668, 18.667075293390184 ], [ -92.736592530820587, 18.667075335658254 ], [ -92.736622521412187, 18.667075377926366 ], [ -92.736652512903106, 18.667075420194507 ], [ -92.736682504394025, 18.667075461563332 ], [ -92.736712494985625, 18.667075503831484 ], [ -92.736742486476544, 18.667075546099646 ], [ -92.736772477967463, 18.667075588367769 ], [ -92.736802468559063, 18.667075629736594 ], [ -92.736832460049982, 18.667075672004756 ], [ -92.736862451540844, 18.667075714272855 ], [ -92.736892442132444, 18.667075756540974 ], [ -92.736922433623363, 18.667075797909778 ], [ -92.736952425114282, 18.667075840177858 ], [ -92.736982416605201, 18.667075882446063 ], [ -92.737012407196801, 18.667075923814885 ], [ -92.737042393291802, 18.667079520203732 ], [ -92.737072378487426, 18.667083116592593 ], [ -92.737102348394615, 18.667097374444321 ], [ -92.737132317402484, 18.667111633195351 ], [ -92.737162275618516, 18.667132999288523 ], [ -92.737192233834492, 18.667154366281011 ], [ -92.73722220374168, 18.667168624132703 ], [ -92.73725217274955, 18.667182882883772 ], [ -92.737282158844494, 18.667186478373292 ], [ -92.737312144040175, 18.66719007476221 ], [ -92.737342135531094, 18.667190117030316 ], [ -92.737372127022013, 18.667190158399158 ], [ -92.737402113117014, 18.667193754787998 ], [ -92.737432098312638, 18.667197350277554 ], [ -92.737462068219827, 18.667211609028566 ], [ -92.737492037227696, 18.667225866880294 ], [ -92.737521995443672, 18.667247233872789 ], [ -92.737551954559024, 18.667268599965926 ], [ -92.737581923566893, 18.66728285781765 ], [ -92.737611892574762, 18.667297116568683 ], [ -92.737641873273787, 18.667304266178991 ], [ -92.73767185397287, 18.66731141668857 ], [ -92.737701822980682, 18.667325674540315 ], [ -92.737731791988551, 18.667339933291288 ], [ -92.737761745707985, 18.667364853505234 ], [ -92.737791698528042, 18.667389773719123 ], [ -92.737821645952181, 18.667418248953105 ], [ -92.73785159337632, 18.667446723287711 ], [ -92.737881547095697, 18.667471643501589 ], [ -92.737911499915754, 18.66749656461479 ], [ -92.737941468923623, 18.667510822466518 ], [ -92.737971438830812, 18.667525080318228 ], [ -92.738001418630517, 18.667532230827838 ], [ -92.7380313993296, 18.667539380438104 ], [ -92.738061369236789, 18.667553639189101 ], [ -92.738091338244601, 18.66756789704084 ], [ -92.738121291064715, 18.667592817254768 ], [ -92.738151244784092, 18.667617737468696 ], [ -92.738181192208231, 18.667646212702621 ], [ -92.738211139632369, 18.667674687037216 ], [ -92.738241087955828, 18.667703161371815 ], [ -92.738271035379967, 18.667731635706446 ], [ -92.738300982804049, 18.667760110041144 ], [ -92.738330931127507, 18.667788584375717 ], [ -92.738360883947621, 18.667813505488933 ], [ -92.738390837666998, 18.667838425702822 ], [ -92.738420806674867, 18.667852683554539 ], [ -92.738450776582056, 18.667866941406281 ], [ -92.738480757281081, 18.667874091915834 ], [ -92.738510737080787, 18.6678812415261 ], [ -92.738540706987976, 18.667895500277137 ], [ -92.738570676895165, 18.667909758128864 ], [ -92.738600629715279, 18.667934678342757 ], [ -92.738630583434656, 18.667959598556699 ], [ -92.738660530858795, 18.667988072891312 ], [ -92.738690478282933, 18.668016547225896 ], [ -92.738720426606392, 18.668045021560566 ], [ -92.738750374030474, 18.668073496794484 ], [ -92.738780322353932, 18.668101971129079 ], [ -92.738810269778071, 18.668130445463763 ], [ -92.738840218101529, 18.668158919798358 ], [ -92.738870165525668, 18.668187394133003 ], [ -92.738900113849127, 18.66821586846762 ], [ -92.738930061273265, 18.668244342802186 ], [ -92.738960009596724, 18.668272817136828 ], [ -92.738989957920182, 18.668301291471508 ], [ -92.739019905344321, 18.668329765806106 ], [ -92.73904985366778, 18.668358240140723 ], [ -92.739079801091918, 18.668386714475318 ], [ -92.739109749415377, 18.668415188809924 ], [ -92.739139697738835, 18.668443663144629 ], [ -92.739169645162974, 18.668472137479206 ], [ -92.739199593486433, 18.668500611813847 ], [ -92.739229540910571, 18.668529086148432 ], [ -92.73925948923403, 18.668557560483052 ], [ -92.739289437557488, 18.668586034817704 ], [ -92.73931938588089, 18.668614509152349 ], [ -92.739349333305029, 18.668642983486954 ], [ -92.739379281628487, 18.668671457821567 ], [ -92.739409229951946, 18.66869993215618 ], [ -92.739439177376084, 18.6687284064908 ], [ -92.739469125699543, 18.668756880825377 ], [ -92.739499074023001, 18.66878535516005 ], [ -92.73952902234646, 18.668813829494695 ], [ -92.739558969770599, 18.668842303829322 ], [ -92.739588918094057, 18.668870778163946 ], [ -92.739618866417516, 18.668899252498541 ], [ -92.739648814740974, 18.668927726833175 ], [ -92.739678763064433, 18.668956201167813 ], [ -92.739708710488571, 18.66898467550244 ], [ -92.73973865881203, 18.669013149837042 ], [ -92.739768607135488, 18.669041624171637 ], [ -92.739798555458947, 18.669070098506239 ], [ -92.739828503782405, 18.669098572840941 ], [ -92.739858452105864, 18.669127046276213 ], [ -92.739888400429322, 18.669155520610854 ], [ -92.739918348752781, 18.669183994945474 ], [ -92.739948297076239, 18.669212469280037 ], [ -92.739978244500321, 18.669240943614678 ], [ -92.74000819282378, 18.669269417949355 ], [ -92.740038141147238, 18.669297892283939 ], [ -92.740068089470697, 18.669326366618588 ], [ -92.740098037794155, 18.669354840053842 ], [ -92.740127986117614, 18.66938331438849 ], [ -92.740154186066775, 18.669411783327135 ], [ -92.740180385116616, 18.669440252265861 ], [ -92.740195337244984, 18.669468705916078 ], [ -92.740210290272614, 18.669497159566323 ], [ -92.740217744753068, 18.669525602424624 ], [ -92.740225199233521, 18.669554045283011 ], [ -92.740240152261208, 18.669582498933234 ], [ -92.740255104389519, 18.669610952583444 ], [ -92.74028130433868, 18.669639421522145 ], [ -92.740307503388522, 18.669667890460801 ], [ -92.74033745171198, 18.669696364795477 ], [ -92.740367400035439, 18.669724839130087 ], [ -92.7403935999846, 18.669753308068763 ], [ -92.740419799034441, 18.669781777007483 ], [ -92.740434752062129, 18.669810230657671 ], [ -92.740449704190439, 18.669838683408564 ], [ -92.740457158670893, 18.669867127166217 ], [ -92.740464614050666, 18.669895570024615 ], [ -92.740479566178976, 18.669924023674785 ], [ -92.740494519206663, 18.669952476425696 ], [ -92.740516968982888, 18.669980940867799 ], [ -92.740539419658433, 18.670009404410493 ], [ -92.74055437268612, 18.670037858060756 ], [ -92.74056932481443, 18.670066310811659 ], [ -92.740576780194203, 18.670094754569323 ], [ -92.740584234674657, 18.670123197427646 ], [ -92.740599187702287, 18.670151650178575 ], [ -92.740614139830654, 18.670180103828791 ], [ -92.740636590506199, 18.670208567371581 ], [ -92.740659041181743, 18.670237031813571 ], [ -92.74067399420943, 18.670265484564549 ], [ -92.740688946337741, 18.670293938214723 ], [ -92.740696400818194, 18.670322381073071 ], [ -92.740703856197968, 18.670350824830699 ], [ -92.740718808326335, 18.670379277581628 ], [ -92.740733761353965, 18.670407731231897 ], [ -92.74075621202951, 18.670436194774592 ], [ -92.740778662705111, 18.670464659216695 ], [ -92.740793615732741, 18.670493111967577 ], [ -92.740808567861109, 18.670521565617832 ], [ -92.740816022341505, 18.670550008476141 ], [ -92.740823477721278, 18.670578451334489 ], [ -92.740838429849646, 18.67060690498467 ], [ -92.740853382877276, 18.670635358634975 ], [ -92.74087583355282, 18.670663822177676 ], [ -92.740898284228422, 18.670692285720449 ], [ -92.740913237256052, 18.670720739370633 ], [ -92.740928190283739, 18.670749193020828 ], [ -92.740931895490576, 18.670777630483336 ], [ -92.740935601596675, 18.670806068845025 ], [ -92.740935558429214, 18.670834500911532 ], [ -92.74093551526181, 18.670862933877327 ], [ -92.740942953554452, 18.670902039097868 ], [ -92.740950392746413, 18.670941144318416 ], [ -92.740972778670766, 18.671012257309869 ], [ -92.74099516459512, 18.671083370301332 ], [ -92.741017501956094, 18.671186469480009 ], [ -92.741039839317068, 18.671289569558045 ], [ -92.741047164295139, 18.67140331041449 ], [ -92.74105449017253, 18.671517051270936 ], [ -92.741069313697835, 18.671630802919228 ], [ -92.741084136323821, 18.671744554567557 ], [ -92.741121454591394, 18.671858336792877 ], [ -92.741158771959704, 18.671972119018143 ], [ -92.741173595485009, 18.672085870666397 ], [ -92.741188419010314, 18.672199622314803 ], [ -92.741165751598146, 18.672313321802374 ], [ -92.741143085085298, 18.672427021290037 ], [ -92.741150421754526, 18.672533654804397 ], [ -92.741157757524434, 18.672640287419398 ], [ -92.741232630581408, 18.672711472356614 ], [ -92.741307502739005, 18.672782657293833 ], [ -92.741419973752727, 18.672782811977214 ], [ -92.741532444766449, 18.672782967559936 ], [ -92.741652499763006, 18.672726267103588 ], [ -92.741772554759564, 18.672669566647208 ], [ -92.741892598964228, 18.672619974432322 ], [ -92.742012643168891, 18.672570382217394 ], [ -92.742132633414258, 18.672556330310449 ], [ -92.742252623659624, 18.672542278403427 ], [ -92.742372581529366, 18.672549551220861 ], [ -92.742492539399166, 18.672556824038217 ], [ -92.742612487376334, 18.672571205097054 ], [ -92.74273243445424, 18.672585586155947 ], [ -92.742852424699606, 18.672571534248977 ], [ -92.742972414944973, 18.672557481442659 ], [ -92.743084981286813, 18.672493661953009 ], [ -92.74319754852803, 18.672429842463323 ], [ -92.743295130365937, 18.672358894047765 ], [ -92.743392712203843, 18.672287945632249 ], [ -92.743490249975025, 18.672245429283173 ], [ -92.74358778864547, 18.672202913833434 ], [ -92.743700312719227, 18.672167526410266 ], [ -92.743812836792927, 18.672132138987063 ], [ -92.743932890890164, 18.672075437631399 ], [ -92.744052944088082, 18.672018735376398 ], [ -92.744173018869674, 18.671947817537774 ], [ -92.744293094550642, 18.671876898799887 ], [ -92.744413136956666, 18.671827304786316 ], [ -92.74453318026201, 18.671777710772833 ], [ -92.744653169608057, 18.671763657966494 ], [ -92.744773158954104, 18.671749604260842 ], [ -92.744893127615683, 18.67174976793752 ], [ -92.745013095377999, 18.671749930714789 ], [ -92.745133084724046, 18.671735877009148 ], [ -92.745253074070092, 18.671721823303539 ], [ -92.745373127267953, 18.671665121048534 ], [ -92.745493180465871, 18.67160841789422 ], [ -92.74561327593193, 18.671523282673402 ], [ -92.745733371397932, 18.671438146553275 ], [ -92.745853423696531, 18.671381444298273 ], [ -92.745973476894392, 18.671324741143927 ], [ -92.746093465341119, 18.67131068653898 ], [ -92.746213454687165, 18.6712966328334 ], [ -92.746333422449425, 18.671296794711338 ], [ -92.746453391111061, 18.671296956589327 ], [ -92.746573278833694, 18.671289489518362 ], [ -92.746693167455703, 18.671282022447432 ], [ -92.74680632824942, 18.671245592709951 ], [ -92.746919489942456, 18.671209162972556 ], [ -92.747007456229085, 18.671141753389243 ], [ -92.747095421616393, 18.671074344705321 ], [ -92.747148183042157, 18.671011482993592 ], [ -92.747200944467977, 18.670948622181236 ], [ -92.747233189659937, 18.67091364484892 ], [ -92.747265434851897, 18.670878668415845 ], [ -92.74729462774485, 18.670864491503146 ], [ -92.747323821537123, 18.670850313691041 ], [ -92.74735381842396, 18.670846800039843 ], [ -92.747383816210117, 18.670843286388632 ], [ -92.747413807701037, 18.670843326858133 ], [ -92.747443800091276, 18.670843367327578 ], [ -92.747473791582195, 18.670843407797047 ], [ -92.747503783073114, 18.670843448266549 ], [ -92.747533775463353, 18.670843487836724 ], [ -92.747563766954272, 18.670843528306243 ], [ -92.747593759344454, 18.670843568775766 ], [ -92.747623750835373, 18.670843609245189 ], [ -92.747653743225612, 18.670843649714698 ], [ -92.747683734716531, 18.67084368928489 ], [ -92.747713732502689, 18.670840175633625 ], [ -92.747743729389583, 18.670836661982428 ], [ -92.747773742464233, 18.670822485969008 ], [ -92.747803754639506, 18.670808309955575 ], [ -92.747833783901967, 18.670783471580041 ], [ -92.747863812265109, 18.6707586332044 ], [ -92.747893846024112, 18.670730240708149 ], [ -92.747923879783173, 18.670701848211774 ], [ -92.747953914441553, 18.670673455715459 ], [ -92.747983948200613, 18.670645063219133 ], [ -92.748013981959673, 18.67061667072284 ], [ -92.748044015718733, 18.670588278226479 ], [ -92.748070300204176, 18.670559881233608 ], [ -92.748096585588939, 18.670531483341325 ], [ -92.748111623152852, 18.670503071059926 ], [ -92.748126661616084, 18.670474658778556 ], [ -92.748134190740302, 18.670453343946672 ], [ -92.748141719864464, 18.670432029114934 ], [ -92.748156716059555, 18.670432049799352 ], [ -92.748171712254702, 18.6704320695844 ], [ -92.748197928391619, 18.670449875261575 ], [ -92.748224145427912, 18.670467680938795 ], [ -92.748254116234421, 18.670481937891154 ], [ -92.748284087040929, 18.670496193944228 ], [ -92.74831407313593, 18.670499788534453 ], [ -92.74834406013025, 18.670503382225377 ], [ -92.74837405162117, 18.670503422694857 ], [ -92.748404044011409, 18.670503463164323 ], [ -92.748434035502328, 18.670503502734505 ], [ -92.74846402789251, 18.670503543203978 ], [ -92.748494019383429, 18.670503583673522 ], [ -92.748524010874348, 18.67050362324369 ], [ -92.748554008660562, 18.670500109592417 ], [ -92.7485840055474, 18.670496595941199 ], [ -92.74861401862205, 18.670482419927779 ], [ -92.748644030797323, 18.670468243015087 ], [ -92.748674054663866, 18.670446958760181 ], [ -92.748704077631032, 18.670425674505363 ], [ -92.748734090705682, 18.670411498491873 ], [ -92.748764102881012, 18.67039732247849 ], [ -92.748794099767849, 18.670393807927937 ], [ -92.748824097554007, 18.670390294276729 ], [ -92.748854089044926, 18.670390334746159 ], [ -92.748884080535845, 18.670390374316341 ], [ -92.748914072926084, 18.670390414785853 ], [ -92.748944064417003, 18.670390454356006 ], [ -92.748974055907922, 18.670390494825515 ], [ -92.749004048298161, 18.670390534395732 ], [ -92.749034034393162, 18.67039412898589 ], [ -92.749064021387426, 18.670397723576102 ], [ -92.749093992193934, 18.670411979629186 ], [ -92.749123963000443, 18.670426235682275 ], [ -92.749153923914434, 18.670447600876134 ], [ -92.749183883929049, 18.670468965170624 ], [ -92.749213854735558, 18.670483221223712 ], [ -92.749243826441386, 18.670497478176117 ], [ -92.749273817932306, 18.670497517746316 ], [ -92.749303809423225, 18.670497558215853 ], [ -92.749333822497874, 18.670483382202338 ], [ -92.749363835572524, 18.670469205289631 ], [ -92.74939385853969, 18.670447921034775 ], [ -92.749423881506914, 18.670426636779887 ], [ -92.749453894581507, 18.670412459867165 ], [ -92.749483906756836, 18.670398283853775 ], [ -92.749513909039649, 18.670391215182448 ], [ -92.749543911322405, 18.670384147410513 ], [ -92.749573924397055, 18.670369971397125 ], [ -92.749603936572385, 18.670355794484365 ], [ -92.749630216561229, 18.670330950712835 ], [ -92.749656495650697, 18.670306107840641 ], [ -92.749671533214666, 18.670277694659941 ], [ -92.749686570778579, 18.670249282378492 ], [ -92.749694110694634, 18.670220859305278 ], [ -92.749701650610632, 18.670192436232021 ], [ -92.749716688174601, 18.670164023950605 ], [ -92.749731725738513, 18.670135610769854 ], [ -92.749758004828038, 18.670110766998306 ], [ -92.749784283917506, 18.670085924126163 ], [ -92.749814296992156, 18.670071747213388 ], [ -92.749844309167486, 18.670057571199994 ], [ -92.749874306054323, 18.670054056649459 ], [ -92.749904302941218, 18.67005054299819 ], [ -92.7499342953314, 18.670050582568354 ], [ -92.749964286822319, 18.670050622138557 ], [ -92.749994278313238, 18.670050662608066 ], [ -92.750024270703477, 18.670050702178205 ], [ -92.750054262194396, 18.670050742647739 ], [ -92.750084253685316, 18.670050782217857 ], [ -92.750114246075555, 18.670050821788049 ], [ -92.750144237566474, 18.670050862257547 ], [ -92.750174229057393, 18.670050901827725 ], [ -92.750204220548312, 18.670050942297234 ], [ -92.750234212938551, 18.670050981867313 ], [ -92.75026420442947, 18.670051021437533 ], [ -92.750294195920389, 18.670051061907042 ], [ -92.750324188310628, 18.670051101477199 ], [ -92.750354179801548, 18.670051141047399 ], [ -92.75038417129241, 18.670051181516857 ], [ -92.750414163682649, 18.670051221087014 ], [ -92.750444155173568, 18.670051260657193 ], [ -92.750474152060406, 18.670047747005977 ], [ -92.7505041489473, 18.670044232455407 ], [ -92.75053416202195, 18.670030055542654 ], [ -92.750564174197223, 18.670015879529267 ], [ -92.750590453286748, 18.669991035757754 ], [ -92.750616732376272, 18.66996619198623 ], [ -92.750631769940185, 18.669937778805501 ], [ -92.750646807504154, 18.669909366524102 ], [ -92.750650598146535, 18.669880938054895 ], [ -92.750654388788973, 18.669852510485011 ], [ -92.750654430157795, 18.669824078418515 ], [ -92.750654471526616, 18.669795645452673 ], [ -92.750654512895437, 18.669767212486903 ], [ -92.750654554264258, 18.669738779521101 ], [ -92.750654596532343, 18.669710347454597 ], [ -92.750654637901164, 18.669681914488816 ], [ -92.750658423147684, 18.669657041039702 ], [ -92.750662208394147, 18.669632166691219 ], [ -92.750677225273705, 18.669617970892716 ], [ -92.750692241253887, 18.669603774194869 ], [ -92.750718484370509, 18.669603809268455 ], [ -92.750744727487131, 18.669603843442619 ], [ -92.75077469829364, 18.669618100395024 ], [ -92.750804669100148, 18.669632356448101 ], [ -92.75083463001414, 18.669653720742662 ], [ -92.750864590028755, 18.669675085037174 ], [ -92.750894560835263, 18.669689341090265 ], [ -92.750924531641772, 18.669703597143304 ], [ -92.750954513240174, 18.669710744954948 ], [ -92.750984494838519, 18.669717892766585 ], [ -92.751014465645028, 18.669732148819655 ], [ -92.751044436451537, 18.669746404872733 ], [ -92.751074402761446, 18.66976421504652 ], [ -92.751104368172037, 18.669782026119666 ], [ -92.751134359662956, 18.669782065689851 ], [ -92.751164352053195, 18.66978210526003 ], [ -92.751194369624443, 18.669764374226535 ], [ -92.751224387195691, 18.669746644092392 ], [ -92.751254399371021, 18.669732467179639 ], [ -92.751284411546294, 18.669718290266925 ], [ -92.751314408433188, 18.669714775716354 ], [ -92.751344405320026, 18.669711262065153 ], [ -92.751374397710265, 18.669711301635303 ], [ -92.751404389201184, 18.669711341205439 ], [ -92.751434380692103, 18.669711380775652 ], [ -92.751464372182966, 18.669711420345831 ], [ -92.751494364573205, 18.669711459916037 ], [ -92.751524356064124, 18.669711499486162 ], [ -92.751554352951018, 18.669707985834929 ], [ -92.751584349837856, 18.669704471284359 ], [ -92.751614362013186, 18.66969029437168 ], [ -92.751644374188459, 18.669676117458888 ], [ -92.7516744025516, 18.669651279083322 ], [ -92.751704430015423, 18.669626439808379 ], [ -92.751734463774426, 18.669598046412737 ], [ -92.751764496634166, 18.66956965391643 ], [ -92.75179078022029, 18.669541256024203 ], [ -92.751817064705733, 18.669512857232643 ], [ -92.751832102269645, 18.669484444951248 ], [ -92.751847138934295, 18.669456031770476 ], [ -92.751854677950973, 18.669427608697223 ], [ -92.751862217867028, 18.669399186523272 ], [ -92.751877254531621, 18.669370773342575 ], [ -92.75189229209559, 18.669342360161849 ], [ -92.751918575681714, 18.669313962269602 ], [ -92.7519448601671, 18.669285564377343 ], [ -92.751974893026841, 18.669257170981719 ], [ -92.752004925886581, 18.669228777586021 ], [ -92.752034954249723, 18.66920393921048 ], [ -92.752064981713488, 18.669179099935548 ], [ -92.752094993888818, 18.669164923022805 ], [ -92.752125006064148, 18.66915074611012 ], [ -92.752155002950985, 18.669147231559499 ], [ -92.752184999837823, 18.669143717008968 ], [ -92.752214991328742, 18.669143756579132 ], [ -92.752244982819661, 18.66914379614931 ], [ -92.752274974310581, 18.669143835719492 ], [ -92.7523049658015, 18.669143875289627 ], [ -92.752334958191739, 18.669143914859831 ], [ -92.752364949682658, 18.669143954429995 ], [ -92.752394946569495, 18.669140439879467 ], [ -92.752424942557013, 18.66913692532885 ], [ -92.752454955631663, 18.66912274841615 ], [ -92.752484967806993, 18.669108571503422 ], [ -92.75251498987484, 18.669087287248537 ], [ -92.752545012842006, 18.6690660020944 ], [ -92.752575025017336, 18.669051825181636 ], [ -92.752605037192666, 18.669037648268898 ], [ -92.752635034079503, 18.669034133718345 ], [ -92.752665030067021, 18.669030619167849 ], [ -92.75269502245726, 18.669030658737938 ], [ -92.752725013948179, 18.669030698308124 ], [ -92.752755005439099, 18.669030737878298 ], [ -92.752784996930018, 18.66903077654916 ], [ -92.752814988420937, 18.669030816119356 ], [ -92.752844979911856, 18.669030855689467 ], [ -92.752874971402775, 18.669030895259635 ], [ -92.752904962893695, 18.669030934829816 ], [ -92.752934955283934, 18.669030974400044 ], [ -92.752964946774853, 18.669031013970166 ], [ -92.752994938265772, 18.669031053540316 ], [ -92.753024929756691, 18.669031092211178 ], [ -92.753054921247553, 18.669031131781367 ], [ -92.753084912738473, 18.669031171351556 ], [ -92.753114904229392, 18.66903121092168 ], [ -92.753144895720311, 18.669031250491862 ], [ -92.75317488721123, 18.66903129006203 ], [ -92.753204879601469, 18.669031329632229 ], [ -92.753234875588987, 18.669027814182343 ], [ -92.753264872475825, 18.669024299631769 ], [ -92.753294884651154, 18.669010122719055 ], [ -92.753324896826484, 18.66899594580633 ], [ -92.753351175916009, 18.668971102034813 ], [ -92.753377454106158, 18.668946257363952 ], [ -92.753392490770807, 18.668917844183213 ], [ -92.753407528334719, 18.668889431901771 ], [ -92.753415067351455, 18.668861008828557 ], [ -92.753422606368133, 18.668832585755307 ], [ -92.753437643032782, 18.668804172574525 ], [ -92.753452679697375, 18.668775759393814 ], [ -92.753475214909201, 18.668747356105644 ], [ -92.753497749221708, 18.668718952817468 ], [ -92.753512785886301, 18.668690540536105 ], [ -92.75352782255095, 18.668662127355336 ], [ -92.75353535707103, 18.668637258402757 ], [ -92.75354289069179, 18.668612389450306 ], [ -92.753557906672029, 18.66859819275242 ], [ -92.75357292355153, 18.668583996054625 ], [ -92.753599171164808, 18.66858047610814 ], [ -92.753625418778029, 18.668576957060964 ], [ -92.753655410268948, 18.668576996631163 ], [ -92.753685401759867, 18.668577035302025 ], [ -92.753715393250786, 18.668577074872122 ], [ -92.753745384741649, 18.668577114442325 ], [ -92.753775376232568, 18.668577153113176 ], [ -92.753805367723487, 18.668577192683355 ], [ -92.753835359214406, 18.668577232253536 ], [ -92.753865350705325, 18.668577271823654 ], [ -92.753895342196245, 18.668577310494523 ], [ -92.753925333687164, 18.668577350064709 ], [ -92.753955325178083, 18.668577389634894 ], [ -92.753985316669002, 18.668577428305671 ], [ -92.754015308159921, 18.668577467875856 ], [ -92.754045299650841, 18.668577507446017 ], [ -92.75407529114176, 18.668577546116918 ], [ -92.754105282632679, 18.668577585687085 ], [ -92.754135274123541, 18.668577625257242 ], [ -92.754165265614461, 18.668577663928094 ], [ -92.75419525710538, 18.668577703498261 ], [ -92.754225248596299, 18.668577743068479 ], [ -92.754255240986538, 18.668577781739273 ], [ -92.754285232477457, 18.668577821309452 ], [ -92.754315223968376, 18.668577860879626 ], [ -92.754345215459296, 18.668577899550471 ], [ -92.754375206950215, 18.668577939120674 ], [ -92.754405198441134, 18.668577977791475 ], [ -92.754435189932053, 18.668578017361657 ], [ -92.754465181422972, 18.66857805693186 ], [ -92.754495172913835, 18.668578095602697 ], [ -92.754525164404754, 18.668578135172826 ], [ -92.754555155895673, 18.668578173843688 ], [ -92.754585147386592, 18.668578213413909 ], [ -92.754615138877512, 18.668578252984059 ], [ -92.754645130368431, 18.668578291654907 ], [ -92.754675127255268, 18.668574777104304 ], [ -92.754705123242786, 18.668571261654478 ], [ -92.754735135418116, 18.668557084741728 ], [ -92.754765147593446, 18.668542907828954 ], [ -92.754791425783651, 18.66851806315816 ], [ -92.754817703973799, 18.668493218487303 ], [ -92.754832740638449, 18.668464805306527 ], [ -92.754847777303041, 18.668436392125859 ], [ -92.75485156704616, 18.668407964555957 ], [ -92.754855356789221, 18.668379536986116 ], [ -92.754855398158043, 18.668351104020317 ], [ -92.754855438627544, 18.668322671054469 ], [ -92.754855479097046, 18.668294238987972 ], [ -92.754855520465867, 18.668265806022173 ], [ -92.754855560935368, 18.668237373056417 ], [ -92.75485560230419, 18.66820894009054 ], [ -92.754859386651333, 18.668184066641363 ], [ -92.754863171897853, 18.668159193192288 ], [ -92.754878187878035, 18.668144996494423 ], [ -92.754893203858217, 18.668130799796671 ], [ -92.754919451471494, 18.668127279850122 ], [ -92.754945699084715, 18.668123759903665 ], [ -92.754975690575634, 18.668123798574474 ], [ -92.755005682066553, 18.668123838144634 ], [ -92.755035673557472, 18.66812387681551 ], [ -92.755065665048392, 18.668123916385674 ], [ -92.755095656539254, 18.668123955056533 ], [ -92.755125648030173, 18.668123994626665 ], [ -92.755155644017748, 18.668120479176849 ], [ -92.755185640904585, 18.668116964626289 ], [ -92.755215652180539, 18.668102786814185 ], [ -92.755245664355868, 18.668088609901481 ], [ -92.755275686423772, 18.668067324747312 ], [ -92.755305708491619, 18.668046038693792 ], [ -92.755335720666949, 18.66803186178106 ], [ -92.755365731942959, 18.668017683968962 ], [ -92.755395728829797, 18.668014169418427 ], [ -92.755425724817314, 18.668010653968551 ], [ -92.755455716308234, 18.668010693538708 ], [ -92.755485707799153, 18.668010732209574 ], [ -92.755515699290072, 18.668010771779727 ], [ -92.755545690780991, 18.668010810450607 ], [ -92.75557568227191, 18.668010849121455 ], [ -92.755605673762773, 18.668010888691562 ], [ -92.755635665253692, 18.668010927362456 ], [ -92.755665656744611, 18.668010966932631 ], [ -92.75569564823553, 18.668011005603478 ], [ -92.75572563972645, 18.668011044274344 ], [ -92.755755635713967, 18.668007529723756 ], [ -92.755785632600805, 18.668004014273883 ], [ -92.755815643876815, 18.667989837361159 ], [ -92.755845656052145, 18.667975659549104 ], [ -92.755875682616647, 18.667950820274221 ], [ -92.755905710080413, 18.667925980099923 ], [ -92.755935742040833, 18.667897586704296 ], [ -92.755965774001254, 18.66786919240937 ], [ -92.755992057587378, 18.667840794517033 ], [ -92.756018340274125, 18.667812395725555 ], [ -92.756033376938774, 18.667783982544822 ], [ -92.756048412704047, 18.667755569364115 ], [ -92.756052202447165, 18.667727140894907 ], [ -92.756055992190227, 18.66769871332502 ], [ -92.756056032659728, 18.667670280359157 ], [ -92.75605607312923, 18.667641847393384 ], [ -92.756056114498051, 18.667613415326901 ], [ -92.756056154967553, 18.667584982361149 ], [ -92.756056195437054, 18.667556549395275 ], [ -92.756056235906499, 18.667528116429494 ], [ -92.756060020253699, 18.667503242980327 ], [ -92.756063805500162, 18.667478369531199 ], [ -92.756078821480401, 18.667464172833366 ], [ -92.756093837460583, 18.667449975236188 ], [ -92.756120089570459, 18.667442901169021 ], [ -92.756146342579598, 18.667435827101766 ], [ -92.756176353855608, 18.667421650189045 ], [ -92.756206365131618, 18.667407472377047 ], [ -92.756228894947526, 18.667382623209548 ], [ -92.756251423864057, 18.667357773142772 ], [ -92.756251464333559, 18.667329341076261 ], [ -92.75625150480306, 18.667300908110477 ], [ -92.756232800703174, 18.667272450862967 ], [ -92.75621409660323, 18.667243993615468 ], [ -92.75619914177696, 18.667215541763859 ], [ -92.756184186950634, 18.667187089912293 ], [ -92.756180479045838, 18.667158651550551 ], [ -92.756176770241723, 18.667130214088147 ], [ -92.756176810711224, 18.667101781122373 ], [ -92.756176852080046, 18.667073349055851 ], [ -92.75617314327593, 18.667044911593461 ], [ -92.756169435371135, 18.667016473231687 ], [ -92.756154480544808, 18.666988021380149 ], [ -92.756139524819162, 18.666959569528547 ], [ -92.756113323071361, 18.666931102388492 ], [ -92.75608712132356, 18.666902635248459 ], [ -92.756057171201462, 18.666874163611798 ], [ -92.756027220180044, 18.66684569197513 ], [ -92.755997270057946, 18.666817220338501 ], [ -92.755967319935849, 18.666788748701808 ], [ -92.755937368914431, 18.666760277065165 ], [ -92.755907418792333, 18.666731805428526 ], [ -92.755877467770858, 18.66670333379189 ], [ -92.75584751764876, 18.666674862155233 ], [ -92.755817566627343, 18.666646390518586 ], [ -92.755787616505245, 18.666617917982602 ], [ -92.755757666383147, 18.66658944634592 ], [ -92.755727715361729, 18.666560974709292 ], [ -92.755697765239631, 18.666532503072631 ], [ -92.755667814218214, 18.66650403143597 ], [ -92.755637864096116, 18.666475559799323 ], [ -92.755607913974018, 18.666447088162617 ], [ -92.7555779629526, 18.666418616525963 ], [ -92.755548012830502, 18.666390143989954 ], [ -92.755518057312486, 18.666365226474074 ], [ -92.755488101794413, 18.666340308958112 ], [ -92.755458130987904, 18.666326053804369 ], [ -92.755428160181395, 18.666311797751291 ], [ -92.75539817948237, 18.66630465083901 ], [ -92.755368198783287, 18.666297503926717 ], [ -92.755338227976779, 18.666283247873629 ], [ -92.75530825717027, 18.666268992719896 ], [ -92.755278296256336, 18.66624762932469 ], [ -92.755248336241664, 18.666226265030147 ], [ -92.755218365435155, 18.666212009876361 ], [ -92.755188394628647, 18.666197754722621 ], [ -92.755158408533703, 18.666194161031722 ], [ -92.755128422438702, 18.666190568240154 ], [ -92.755098431847102, 18.666190528670061 ], [ -92.755068440356183, 18.666190489999149 ], [ -92.755038454261239, 18.666186896308258 ], [ -92.755008468166238, 18.666183303516647 ], [ -92.75497849735973, 18.666169048362878 ], [ -92.754948526553221, 18.666154792309843 ], [ -92.754918566538606, 18.666133428914698 ], [ -92.754888605624615, 18.666112065519496 ], [ -92.754858635717426, 18.666097809466404 ], [ -92.754828664910917, 18.666083554312625 ], [ -92.754798684211892, 18.666076406501013 ], [ -92.754768702613489, 18.666069259588703 ], [ -92.754738732706301, 18.666055003535632 ], [ -92.754708761899792, 18.666040748381867 ], [ -92.754678800985857, 18.666019384986672 ], [ -92.754648840971186, 18.665998020692122 ], [ -92.754618870164677, 18.665983765538382 ], [ -92.754588899358168, 18.665969509485329 ], [ -92.754558918659143, 18.665962362572987 ], [ -92.75452893796006, 18.665955214761411 ], [ -92.754498967153552, 18.665940959607656 ], [ -92.754468996347043, 18.665926703554618 ], [ -92.754439036332428, 18.66590534015938 ], [ -92.754409076317756, 18.665883976764167 ], [ -92.754379105511248, 18.66586972071109 ], [ -92.754349134704739, 18.665855465557339 ], [ -92.754319154005714, 18.665848317745706 ], [ -92.754289173306688, 18.665841170833374 ], [ -92.75425920250018, 18.665826914780315 ], [ -92.754229231693671, 18.665812658727265 ], [ -92.754199271678999, 18.665791295332021 ], [ -92.754169311664384, 18.665769931936808 ], [ -92.754139340857876, 18.665755675883769 ], [ -92.754109370051367, 18.665741420730033 ], [ -92.754079389352285, 18.665734272918428 ], [ -92.754049408653259, 18.66572712510677 ], [ -92.75401943874607, 18.66571286995303 ], [ -92.753989467939562, 18.665698613900002 ], [ -92.753959512421545, 18.665673696384015 ], [ -92.753929557802792, 18.66564877796878 ], [ -92.753899607680694, 18.665620306332123 ], [ -92.753869657558596, 18.665591833796164 ], [ -92.753839707436498, 18.665563362159503 ], [ -92.7538097573144, 18.66553489052286 ], [ -92.753779808091622, 18.665506417986855 ], [ -92.753749857969524, 18.665477946350162 ], [ -92.753719907847426, 18.665449473814171 ], [ -92.753689957725328, 18.665421002177521 ], [ -92.75366000760323, 18.665392529641547 ], [ -92.753630058380452, 18.665364058004922 ], [ -92.753600108258354, 18.665335585468945 ], [ -92.753570158136256, 18.665307113832284 ], [ -92.753540208014158, 18.665278641296339 ], [ -92.75351025879138, 18.665250169659668 ], [ -92.753480303273363, 18.66522525124444 ], [ -92.75345034865461, 18.665200333728489 ], [ -92.753420377848101, 18.665186077675422 ], [ -92.753390407940913, 18.665171821622355 ], [ -92.753360427241887, 18.6651646738107 ], [ -92.753330446542861, 18.665157526898387 ], [ -92.753300475736353, 18.665143270845313 ], [ -92.753270505829164, 18.665129014792225 ], [ -92.753240551210411, 18.665104097276302 ], [ -92.753210595692394, 18.66507917886107 ], [ -92.753180646469616, 18.665050707224392 ], [ -92.753150696347518, 18.665022234688418 ], [ -92.753120741728821, 18.664997316273162 ], [ -92.753090786210805, 18.664972398757229 ], [ -92.753060816303616, 18.664958142704169 ], [ -92.753030845497108, 18.664943886651088 ], [ -92.753000865697345, 18.664936739738764 ], [ -92.752970884998319, 18.664929591927152 ], [ -92.752940914191811, 18.664915335874131 ], [ -92.752910944284622, 18.664901079821053 ], [ -92.752880989665925, 18.664876162305113 ], [ -92.752851034147852, 18.664851243889871 ], [ -92.752821084925074, 18.664822771353826 ], [ -92.752791134802976, 18.664794299717187 ], [ -92.75276118018428, 18.664769381301934 ], [ -92.752731225565583, 18.664744462886667 ], [ -92.752701255658394, 18.664730207732912 ], [ -92.752671284851886, 18.664715951679838 ], [ -92.752641304152803, 18.664708803868255 ], [ -92.752611324353097, 18.664701656056629 ], [ -92.752581353546589, 18.664687400003579 ], [ -92.7525513836394, 18.664673144849793 ], [ -92.752521429020703, 18.664648226434533 ], [ -92.752491474402007, 18.664623308019316 ], [ -92.752461524279909, 18.664594835483346 ], [ -92.75243157505713, 18.664566363846689 ], [ -92.752401624935032, 18.664537891310644 ], [ -92.752371675712254, 18.664509418774703 ], [ -92.752341726489476, 18.664480947138049 ], [ -92.752311776367321, 18.664452474602047 ], [ -92.752281827144543, 18.664424002066124 ], [ -92.752251877921765, 18.664395529530097 ], [ -92.752221927799667, 18.664367057893458 ], [ -92.752191978576889, 18.664338585357505 ], [ -92.75216202935411, 18.664310112821514 ], [ -92.752132080131332, 18.664281640285513 ], [ -92.752102130009234, 18.664253168648909 ], [ -92.752072180786456, 18.664224696112861 ], [ -92.752042231563678, 18.664196223576884 ], [ -92.7520122823409, 18.664167751040914 ], [ -92.751982332218802, 18.664139279404239 ], [ -92.751952382996024, 18.664110806868262 ], [ -92.751922433773245, 18.664082334332317 ], [ -92.751892484550467, 18.664053861796297 ], [ -92.751862535327689, 18.664025389260388 ], [ -92.751832585205591, 18.663996917623713 ], [ -92.75180638525643, 18.663968449584349 ], [ -92.751780184407949, 18.663939982444283 ], [ -92.751765230480942, 18.663911529693362 ], [ -92.751750276553992, 18.663883076942518 ], [ -92.751742820274899, 18.663854634983462 ], [ -92.751735363995806, 18.663826192125121 ], [ -92.751720410068856, 18.663797739374239 ], [ -92.751705456141849, 18.663769286623328 ], [ -92.751679255293368, 18.663740819483284 ], [ -92.751653055344207, 18.663712352343214 ], [ -92.751623106121428, 18.663683879807262 ], [ -92.75159315689865, 18.663655407271264 ], [ -92.751563207675872, 18.66362693473528 ], [ -92.751533258453094, 18.663598462199335 ], [ -92.751503309230316, 18.663569989663323 ], [ -92.751473360007537, 18.663541518026673 ], [ -92.751443410784759, 18.663513045490731 ], [ -92.751413461561981, 18.663484572954729 ], [ -92.751383512339203, 18.66345610041872 ], [ -92.751353563116425, 18.663427627882758 ], [ -92.751327356871968, 18.663402714863413 ], [ -92.751301151526889, 18.663377800944851 ], [ -92.751282433937149, 18.66336000605947 ], [ -92.75126371544809, 18.663342210274855 ], [ -92.751159733135125, 18.663232289738403 ], [ -92.751055750822218, 18.663122370101345 ], [ -92.750945752944119, 18.662989756072417 ], [ -92.750835755066021, 18.662857142043496 ], [ -92.750740037522689, 18.662711027392078 ], [ -92.750644319979358, 18.66256491363993 ], [ -92.750567614104057, 18.662410285106624 ], [ -92.750490908228812, 18.662255657472659 ], [ -92.750422619108576, 18.66209307173791 ], [ -92.750354329988284, 18.661930486003175 ], [ -92.750290497908111, 18.661763686944667 ], [ -92.750226665827938, 18.661596888785422 ], [ -92.75017502405808, 18.661429490778406 ], [ -92.750123382288223, 18.661262093670757 ], [ -92.750092132645761, 18.66109390515965 ], [ -92.7500608830033, 18.660925716648549 ], [ -92.750043766206829, 18.660734412862876 ], [ -92.750026649410302, 18.660543108177926 ], [ -92.750015603936959, 18.660319113136602 ], [ -92.750004557564239, 18.660095118095295 ], [ -92.75000484984389, 18.65985262040217 ], [ -92.750005142123598, 18.659610122709076 ], [ -92.750021854225167, 18.659368238353551 ], [ -92.750038566326737, 18.659126353998101 ], [ -92.750064365178275, 18.658919846273946 ], [ -92.750090163130494, 18.658713338549767 ], [ -92.750123879613341, 18.658527510736068 ], [ -92.75015759699545, 18.658341683821675 ], [ -92.750204373433064, 18.658120094466817 ], [ -92.750251150769941, 18.657898505111984 ], [ -92.750302358167232, 18.657645229943491 ], [ -92.750353564665261, 18.657391954774951 ], [ -92.750397129623821, 18.65715060551609 ], [ -92.7504406954817, 18.656909254458583 ], [ -92.750476898589966, 18.656696286904154 ], [ -92.750513102597552, 18.656483318450459 ], [ -92.750546156280052, 18.656284604251141 ], [ -92.750579209962552, 18.656085890951161 ], [ -92.750606990919835, 18.655884525550441 ], [ -92.750634771877174, 18.655683159250447 ], [ -92.750651812231297, 18.655474560602567 ], [ -92.7506688516861, 18.65526596015599 ], [ -92.750673989512961, 18.655077495530065 ], [ -92.750679126440502, 18.654889030004764 ], [ -92.750673369880076, 18.654722262422542 ], [ -92.750667613319649, 18.654555495739583 ], [ -92.750649672744146, 18.65433803157493 ], [ -92.750631731269323, 18.654120566510976 ], [ -92.750608417244621, 18.653856014743305 ], [ -92.750585103219919, 18.653591462076346 ], [ -92.750570384015987, 18.653349992308325 ], [ -92.750555664812055, 18.653108521640977 ], [ -92.750558732399554, 18.65287847326303 ], [ -92.750561799987054, 18.652648424884891 ], [ -92.750582700231405, 18.652421459382879 ], [ -92.750603599576436, 18.652194493880799 ], [ -92.75063405511753, 18.652006829651519 ], [ -92.750664510658623, 18.651819166321506 ], [ -92.750689592750462, 18.651649091032724 ], [ -92.750714675741676, 18.651479015744034 ], [ -92.750687291385361, 18.651286994299408 ], [ -92.750659907029046, 18.651094972854761 ], [ -92.750527533119111, 18.650904618753199 ], [ -92.750395159209177, 18.650714264651647 ], [ -92.750185064089408, 18.650553224851507 ], [ -92.749974969868902, 18.65039218505137 ], [ -92.749771387639385, 18.650246101876139 ], [ -92.749567805409868, 18.650100018700932 ], [ -92.749424433690649, 18.649955304293876 ], [ -92.749281061072054, 18.64981058988683 ], [ -92.749189320330856, 18.649645934812071 ], [ -92.749097579589602, 18.649481278837957 ], [ -92.749024247071304, 18.649282289446152 ], [ -92.748950914553006, 18.649083299154988 ], [ -92.748898332092324, 18.648870412539591 ], [ -92.748845750530904, 18.648657524125479 ], [ -92.748827773982555, 18.648433931980392 ], [ -92.748809797434149, 18.648210338936064 ], [ -92.748828561788685, 18.647995621300957 ], [ -92.748847327042483, 18.64778090276647 ], [ -92.74892010288039, 18.647590159258467 ], [ -92.748992878718354, 18.647399415750488 ], [ -92.749136156908094, 18.647205858263806 ], [ -92.749279434198513, 18.64701230077716 ], [ -92.749489927717946, 18.646807549428875 ], [ -92.749700421237435, 18.646602797181366 ], [ -92.749932075804622, 18.646394470128751 ], [ -92.75016373037181, 18.646186142176774 ], [ -92.750341691815606, 18.64600616355364 ], [ -92.750519653259346, 18.645826185829904 ], [ -92.750631403016826, 18.645684169388989 ], [ -92.750743152774248, 18.645542153847391 ], [ -92.750846955222755, 18.645381311898046 ], [ -92.750950758570639, 18.645220469948768 ], [ -92.751087751398586, 18.645012213942547 ], [ -92.751224744226533, 18.644803957037041 ], [ -92.75140444765708, 18.644576732530261 ], [ -92.751584151987004, 18.644349507124094 ], [ -92.751815731011163, 18.644122350066436 ], [ -92.752047310035266, 18.643895192109504 ], [ -92.752309848220875, 18.643668075521322 ], [ -92.752572386406484, 18.643440958033835 ], [ -92.752810650091419, 18.64321380907003 ], [ -92.753048913776297, 18.642986659206986 ], [ -92.753234373767327, 18.64275944009615 ], [ -92.753419832858981, 18.642532220085904 ], [ -92.753564766700606, 18.642317113044395 ], [ -92.753709701441551, 18.642102006002819 ], [ -92.753826071915626, 18.641927460184181 ], [ -92.753942442389757, 18.641752914365515 ], [ -92.754045448938257, 18.641618272365406 ], [ -92.754148454587494, 18.641483630365311 ], [ -92.754259505571667, 18.641360487996163 ], [ -92.754370555656578, 18.641237345627054 ], [ -92.754489032342917, 18.641124971740108 ], [ -92.754607509029256, 18.641012596953868 ], [ -92.754742316504689, 18.640911001441623 ], [ -92.754877123080746, 18.640809406828716 ], [ -92.755033451332679, 18.640712011150452 ], [ -92.755189778685292, 18.64061461547217 ], [ -92.755370239345041, 18.640522436761128 ], [ -92.75555069910547, 18.640430258949323 ], [ -92.755770870229469, 18.64033390738399 ], [ -92.755991041353411, 18.640237554919327 ], [ -92.756198532036592, 18.640146003934991 ], [ -92.756406022719716, 18.640054452051356 ], [ -92.756576269778975, 18.639967995726469 ], [ -92.756746516838234, 18.639881538502252 ], [ -92.756919575178188, 18.639788160095563 ], [ -92.757092633518198, 18.639694781688906 ], [ -92.757284789861103, 18.639601451845579 ], [ -92.757476946204065, 18.639508121102956 ], [ -92.757696919477212, 18.639415779614566 ], [ -92.757916891851039, 18.639323438126244 ], [ -92.758111856776736, 18.639246872545208 ], [ -92.758306820803114, 18.639170307863491 ], [ -92.758449572889447, 18.639113173034559 ], [ -92.75859232407646, 18.639056039104982 ], [ -92.758748407712801, 18.639001059951017 ], [ -92.758904490449822, 18.63894608079702 ], [ -92.759114364336426, 18.638925720145902 ], [ -92.759324237323654, 18.638905358595462 ], [ -92.759567097443551, 18.638952700706607 ], [ -92.759809956664128, 18.639000042817774 ], [ -92.760037943796021, 18.639091277240727 ], [ -92.760265930028595, 18.639182511663623 ], [ -92.760498920988368, 18.639313979956313 ], [ -92.760731912847461, 18.639445448248871 ], [ -92.761004067483668, 18.639634358039235 ], [ -92.761276221220612, 18.63982326872895 ], [ -92.761540472614683, 18.640045833848184 ], [ -92.761804724008755, 18.64026839896751 ], [ -92.762043513797096, 18.640496163966816 ], [ -92.7622823044847, 18.640723929865537 ], [ -92.762525394831073, 18.640951699361501 ], [ -92.762768486076709, 18.641179469756743 ], [ -92.76298772730172, 18.641407209575149 ], [ -92.763206968526731, 18.641634948494133 ], [ -92.763363656507522, 18.641862609172097 ], [ -92.763520344488256, 18.642090268950845 ], [ -92.763672073607268, 18.642317923333525 ], [ -92.763823803625598, 18.642545576816971 ], [ -92.764000502421197, 18.642773261776632 ], [ -92.764177201216853, 18.643000945836999 ], [ -92.764321767235742, 18.643228590327215 ], [ -92.764466333254632, 18.643456234817439 ], [ -92.764580353800227, 18.643683840636832 ], [ -92.764694374345879, 18.64391144645613 ], [ -92.764780028475514, 18.644139017201944 ], [ -92.764865683504468, 18.644366587048399 ], [ -92.764924459596102, 18.644594123619985 ], [ -92.764983235687737, 18.644821660191493 ], [ -92.765073288401481, 18.645049235433945 ], [ -92.765163341115283, 18.6452768106763 ], [ -92.765254805764641, 18.645504388616725 ], [ -92.765346271313319, 18.645731965657717 ], [ -92.765410182533856, 18.645959508524541 ], [ -92.765474093754392, 18.646187050492063 ], [ -92.765569152993976, 18.646414632029696 ], [ -92.76566421133424, 18.646642213567361 ], [ -92.765759559256196, 18.646869796004339 ], [ -92.765854906278889, 18.647097377541968 ], [ -92.765890260427113, 18.647324884435925 ], [ -92.765925614575394, 18.647552391329842 ], [ -92.765961107219312, 18.647779899123137 ], [ -92.765996598963852, 18.648007406017015 ], [ -92.766092759872947, 18.648234988453996 ], [ -92.766188919882723, 18.648462570890967 ], [ -92.766283899981943, 18.648690152428632 ], [ -92.76637888008122, 18.648917733066977 ], [ -92.766410679209457, 18.649145235464282 ], [ -92.766442478337694, 18.649372737861558 ], [ -92.766472495908943, 18.649600238460273 ], [ -92.766502514379511, 18.649827738159651 ], [ -92.766592460973243, 18.650055312502694 ], [ -92.766682407567032, 18.65028288774511 ], [ -92.766771840647891, 18.650510461188865 ], [ -92.76686127372875, 18.650738035531955 ], [ -92.766919602857342, 18.650965570304866 ], [ -92.766977931985934, 18.651193105977089 ], [ -92.767065531349147, 18.651420676722928 ], [ -92.767153130712359, 18.651648248367998 ], [ -92.76727026650957, 18.651875855986003 ], [ -92.767387401407404, 18.652103464503359 ], [ -92.76750423862967, 18.652331072121338 ], [ -92.767621074952615, 18.65255867884002 ], [ -92.767708615859874, 18.652786250485097 ], [ -92.76779615676719, 18.653013821230893 ], [ -92.767854980522884, 18.653241356903166 ], [ -92.767913803379258, 18.653468892575411 ], [ -92.768003100662554, 18.653696465119843 ], [ -92.768092397046473, 18.653924038563535 ], [ -92.768181419137136, 18.654151611108048 ], [ -92.768270441227855, 18.654379183652452 ], [ -92.768328730786266, 18.654606718425374 ], [ -92.768387020344676, 18.654834253198253 ], [ -92.768474183536682, 18.655061823044779 ], [ -92.768561346728745, 18.655289392891238 ], [ -92.768677576908601, 18.655516999609915 ], [ -92.768793806189194, 18.655744604529914 ], [ -92.76890978635754, 18.655972210349262 ], [ -92.769025766525886, 18.656199816168606 ], [ -92.76911229929317, 18.656427385115755 ], [ -92.769198832060397, 18.656654954062912 ], [ -92.769256439932747, 18.656882487936496 ], [ -92.76931404780504, 18.657110020910817 ], [ -92.769402765025575, 18.657337592555887 ], [ -92.769491482246053, 18.657565164201017 ], [ -92.769610992253433, 18.657792773617636 ], [ -92.769730503160133, 18.658020383034248 ], [ -92.769850487110261, 18.658247992450939 ], [ -92.769970471959653, 18.658475602766877 ], [ -92.770060697343297, 18.658703175311384 ], [ -92.770150923626204, 18.6589307487551 ], [ -92.770210864339901, 18.659158285326637 ], [ -92.770270804154279, 18.659385820998857 ], [ -92.770359934163594, 18.659613392644022 ], [ -92.770449065072285, 18.659840964289113 ], [ -92.770567176633847, 18.660068571007759 ], [ -92.770685289094786, 18.660296177726512 ], [ -92.770802300785533, 18.660523783545852 ], [ -92.770919311576904, 18.660751388465862 ], [ -92.771035561541908, 18.66097899338585 ], [ -92.771151810607535, 18.661206597406572 ], [ -92.771267891499974, 18.661434201427298 ], [ -92.771383971493037, 18.661661805448048 ], [ -92.771500386933269, 18.661889410368047 ], [ -92.771616802373501, 18.662117014388738 ], [ -92.771733673769972, 18.662344619308758 ], [ -92.771850544267181, 18.662572223329498 ], [ -92.771967542468076, 18.662799828249558 ], [ -92.77208454156829, 18.663027433169574 ], [ -92.772201313140044, 18.66325503719025 ], [ -92.772318085611118, 18.663482641210983 ], [ -92.772434892256456, 18.663710246131018 ], [ -92.772551698002417, 18.663937850151758 ], [ -92.772669256480981, 18.664165455071736 ], [ -92.772786815858808, 18.664393059991738 ], [ -92.772905480503482, 18.664620665811121 ], [ -92.773024146047476, 18.664848271630493 ], [ -92.773143878187398, 18.665075879248501 ], [ -92.773263610327319, 18.665303485967137 ], [ -92.773354110903483, 18.665531058511579 ], [ -92.77344461237891, 18.665758630156688 ], [ -92.77350488494244, 18.665986165828915 ], [ -92.773565157505971, 18.666213700601883 ], [ -92.773654090563809, 18.666441270448313 ], [ -92.773743022722272, 18.666668840294811 ], [ -92.773860823118468, 18.666896444315523 ], [ -92.773978623514608, 18.667124049235554 ], [ -92.774095966155869, 18.667351652356906 ], [ -92.77421330879713, 18.667579256377607 ], [ -92.774300962119696, 18.667806824425419 ], [ -92.774388614542886, 18.668034392473274 ], [ -92.774447041697556, 18.668261925447549 ], [ -92.774505468852283, 18.668489457522458 ], [ -92.774594041281944, 18.668717026469679 ], [ -92.774682613711605, 18.668944595416811 ], [ -92.774771229308726, 18.669172164363971 ], [ -92.774859844006585, 18.669399733311089 ], [ -92.774918866512451, 18.669627266285364 ], [ -92.774977888118997, 18.669854799259614 ], [ -92.775067121550364, 18.670082369106119 ], [ -92.775156354981732, 18.67030993805329 ], [ -92.775245535353122, 18.670537507899731 ], [ -92.775334715724512, 18.670765076846848 ], [ -92.775393642002939, 18.67099260982117 ], [ -92.775452568281366, 18.671220142795406 ], [ -92.775541120925936, 18.671447711742491 ], [ -92.775629673570563, 18.671675279790399 ], [ -92.775718278375791, 18.671902847838219 ], [ -92.775806882281756, 18.672130415886063 ], [ -92.775865765392723, 18.672357948860263 ], [ -92.77592464760437, 18.672585481834549 ], [ -92.776013474542196, 18.672813049882368 ], [ -92.776102302379343, 18.673040618829511 ], [ -92.776191519622898, 18.673268187776678 ], [ -92.776280735967134, 18.673495755824547 ], [ -92.776310902825855, 18.673723254624566 ], [ -92.776341070583896, 18.673950753424627 ], [ -92.77637152522567, 18.674178252224614 ], [ -92.776401980766764, 18.674405750125324 ], [ -92.776492076647969, 18.674633319971814 ], [ -92.776582172529174, 18.674860889818248 ], [ -92.776672342154825, 18.675088459664725 ], [ -92.776762511780476, 18.675316029511169 ], [ -92.776822872477567, 18.675543563384785 ], [ -92.776883233174658, 18.675771097258391 ], [ -92.77697315818466, 18.675998667104892 ], [ -92.777063083194719, 18.676226236051974 ], [ -92.777152835534878, 18.67645380499912 ], [ -92.777242587875094, 18.676681373946238 ], [ -92.777302426965377, 18.676908907819904 ], [ -92.777362265156398, 18.677136440794097 ], [ -92.777451676653527, 18.677364008841987 ], [ -92.777541088150656, 18.677591576889832 ], [ -92.7776306867068, 18.677819145836981 ], [ -92.777720285262944, 18.678046714784109 ], [ -92.777780501169161, 18.678274247758395 ], [ -92.777840717974698, 18.678501781631958 ], [ -92.77793076888986, 18.678729350579079 ], [ -92.778020820704285, 18.678956919526282 ], [ -92.778111154905844, 18.67918448847341 ], [ -92.778201488208083, 18.679412057420553 ], [ -92.77826258005399, 18.679639592193475 ], [ -92.778323672799218, 18.679867126966368 ], [ -92.778414761531963, 18.680094696812823 ], [ -92.778505850264764, 18.680322266659328 ], [ -92.778626813576523, 18.680549871579405 ], [ -92.778747776888338, 18.68077747649934 ], [ -92.778868811246582, 18.681005081419435 ], [ -92.778989845604826, 18.681232686339463 ], [ -92.779081098913537, 18.681460256185922 ], [ -92.779172352222247, 18.681687826032363 ], [ -92.779233660804778, 18.681915359905979 ], [ -92.779294970286628, 18.682142894678918 ], [ -92.779385504137679, 18.682370463626057 ], [ -92.779476037988729, 18.682598031673887 ], [ -92.779565820905873, 18.682825599721692 ], [ -92.779655602923697, 18.683053166870192 ], [ -92.779684981076969, 18.683280663871578 ], [ -92.77971435923024, 18.683508160872972 ], [ -92.779742418977435, 18.683735656075719 ], [ -92.779770479623892, 18.683963151278494 ], [ -92.779856318114525, 18.684190713930384 ], [ -92.779942156605216, 18.68441827658226 ], [ -92.780026617334499, 18.684645838334777 ], [ -92.780111078963102, 18.684873399188032 ], [ -92.780135417315648, 18.685100890793521 ], [ -92.780159754768817, 18.685328380600293 ], [ -92.780154155589798, 18.685555837132259 ], [ -92.780148556410722, 18.685783291865501 ], [ -92.780143064250979, 18.686010748397393 ], [ -92.780137572990554, 18.686238204029952 ], [ -92.780160890612592, 18.686465693836738 ], [ -92.780184207335253, 18.686693182744261 ], [ -92.780264737127879, 18.686920739100874 ], [ -92.780345266920506, 18.687148295457501 ], [ -92.780426061113815, 18.687375852713519 ], [ -92.780506856206387, 18.687603409070086 ], [ -92.780531590260637, 18.687830900675586 ], [ -92.780556324314887, 18.688058391381759 ], [ -92.780554251377566, 18.688285851510884 ], [ -92.780552177540926, 18.688513310740753 ], [ -92.780552007569042, 18.688740772668563 ], [ -92.780551838496535, 18.688968234596377 ], [ -92.780553841286689, 18.68919569922214 ], [ -92.780555843177581, 18.689423163847998 ], [ -92.78058622137695, 18.689650661748693 ], [ -92.780616599576376, 18.689878158750059 ], [ -92.780702045962641, 18.690105721401938 ], [ -92.78078749234885, 18.690333283154541 ], [ -92.780879617999915, 18.690560853000981 ], [ -92.780971743651037, 18.690788421948159 ], [ -92.781021245933744, 18.691015942331948 ], [ -92.781070748216393, 18.691243461816384 ], [ -92.781127968480916, 18.691470991193349 ], [ -92.78118518874544, 18.691698519670958 ], [ -92.781317947565185, 18.691926136282223 ], [ -92.78145070728425, 18.692153752893475 ], [ -92.781638496519349, 18.692381434255822 ], [ -92.781826284855129, 18.692609114718888 ], [ -92.781999992505632, 18.692836778994202 ], [ -92.782173701055399, 18.693064442370151 ], [ -92.782300408337164, 18.693292051786777 ], [ -92.782427115618873, 18.693519660304112 ], [ -92.782512726581047, 18.693747222056682 ], [ -92.78259833754322, 18.693974783809264 ], [ -92.782657700892173, 18.694202314085612 ], [ -92.78271706334175, 18.694429845261222 ], [ -92.782760093203706, 18.694657356651771 ], [ -92.782803123065662, 18.69488486894161 ], [ -92.782837893553904, 18.695112371338904 ], [ -92.782872664042202, 18.695339873736266 ], [ -92.782911383453552, 18.695567380630166 ], [ -92.782950102864902, 18.695794886624746 ], [ -92.783002248255116, 18.696018560608159 ], [ -92.783054394544649, 18.696242233692203 ], [ -92.783111590527426, 18.696433631906647 ], [ -92.783168787409579, 18.696625029221753 ], [ -92.783218973177043, 18.696767250708085 ], [ -92.783269158045186, 18.696909473093736 ], [ -92.783320171188905, 18.697059392776783 ], [ -92.78337118433268, 18.697209313359153 ], [ -92.78341089479693, 18.697412237285 ], [ -92.78345060526118, 18.697615161210756 ], [ -92.783435010117614, 18.697842605152157 ], [ -92.783419414074672, 18.698070049093495 ], [ -92.783321525567942, 18.698297397706735 ], [ -92.783223637960475, 18.698524746320075 ], [ -92.783048181128606, 18.698752005900403 ], [ -92.782872725196057, 18.698979264581471 ], [ -92.782663508713938, 18.699206483692294 ], [ -92.782454292231762, 18.699433703702585 ], [ -92.782258182469093, 18.699660938101871 ], [ -92.782062072706481, 18.699888171601906 ], [ -92.781881666905349, 18.700091877937876 ], [ -92.781701261104274, 18.700295584273796 ], [ -92.781505982315196, 18.700443102767039 ], [ -92.781310703526117, 18.700590620360924 ], [ -92.781082497858961, 18.700695699846733 ], [ -92.780854293091124, 18.700800780231869 ], [ -92.780635792907503, 18.700904481057027 ], [ -92.780417292723826, 18.70100818278145 ], [ -92.780209110462067, 18.701153599559017 ], [ -92.780000928200252, 18.701299017235876 ], [ -92.779763521569237, 18.701488774187624 ], [ -92.779526114938221, 18.701678530240034 ], [ -92.779316043200822, 18.70185094106813 ], [ -92.779105971463366, 18.702023351896255 ], [ -92.778963057499084, 18.702155431727807 ], [ -92.778820143534745, 18.702287511559472 ], [ -92.778700040874128, 18.702407641199702 ], [ -92.778579938213568, 18.702527770840032 ], [ -92.77844642216462, 18.702654529383082 ], [ -92.778312906115673, 18.702781287926147 ], [ -92.778150329374171, 18.70294309035139 ], [ -92.777987753531988, 18.703104892776654 ], [ -92.777813608810959, 18.703313630819483 ], [ -92.77763946319061, 18.703522368862274 ], [ -92.777479484590515, 18.703749641033127 ], [ -92.777319505990363, 18.703976912304693 ], [ -92.777152392169114, 18.704204175482353 ], [ -92.776985277448546, 18.704431438660031 ], [ -92.776794329794427, 18.704658673059384 ], [ -92.776603381240989, 18.704885907458738 ], [ -92.77641930620598, 18.705113149951945 ], [ -92.776235231170972, 18.705340391545828 ], [ -92.776093024073759, 18.705567684401171 ], [ -92.775950816077284, 18.705794975457778 ], [ -92.775853061569478, 18.706022320473775 ], [ -92.775755306162409, 18.706249665489743 ], [ -92.77568636953032, 18.706477044679904 ], [ -92.775617432898173, 18.706704423870139 ], [ -92.775565751558133, 18.7069318237447 ], [ -92.775514070218151, 18.707159223619357 ], [ -92.775466121064596, 18.707386627990534 ], [ -92.775418171911042, 18.707614031462413 ], [ -92.77535327683222, 18.707841416048538 ], [ -92.775288382652718, 18.708068799735369 ], [ -92.775189235994389, 18.708296142053342 ], [ -92.775090088436798, 18.708523484371362 ], [ -92.774959653465203, 18.708750789817135 ], [ -92.774829217594288, 18.708978094363605 ], [ -92.774686467306594, 18.709205384520963 ], [ -92.774543717018901, 18.709432674678236 ], [ -92.774403667395291, 18.709659967533508 ], [ -92.77426361777168, 18.709887260388811 ], [ -92.774130784308227, 18.710114562237315 ], [ -92.773997949945397, 18.710341863186507 ], [ -92.773868545596883, 18.710569169531592 ], [ -92.773739141248313, 18.710796474078055 ], [ -92.77360969103438, 18.711023779523817 ], [ -92.773480241719767, 18.71125108496966 ], [ -92.773355980593976, 18.711478395811341 ], [ -92.773231720367562, 18.711705707552394 ], [ -92.773122894306084, 18.711933037279934 ], [ -92.773014067345287, 18.712160367007375 ], [ -92.7729269050526, 18.712387722815219 ], [ -92.772839743659233, 18.712615078622996 ], [ -92.772780179761469, 18.712842467705784 ], [ -92.772720615863705, 18.713069856788529 ], [ -92.772704307557717, 18.713297298931277 ], [ -92.77268799925173, 18.713524740174662 ], [ -92.772738771377135, 18.713752263256371 ], [ -92.772789543502597, 18.713979786338129 ], [ -92.772919173580988, 18.714204926216446 ], [ -92.773048803659321, 18.714430066094746 ], [ -92.773228349708518, 18.714634732007326 ], [ -92.773407894858451, 18.714839397919967 ], [ -92.773589770151716, 18.714991964307718 ], [ -92.773771645445038, 18.715144531594881 ], [ -92.773944486149105, 18.715238294911419 ], [ -92.774117327752435, 18.715332057328606 ], [ -92.774286519007603, 18.715401761082418 ], [ -92.774455711162091, 18.715471463936979 ], [ -92.774604206319054, 18.715558256608276 ], [ -92.774752702375281, 18.715645050178985 ], [ -92.774857060604802, 18.715760833395791 ], [ -92.77496141883438, 18.715876616612611 ], [ -92.775000186809109, 18.716013274892742 ], [ -92.775038954783895, 18.716149933172886 ], [ -92.774997856665721, 18.716312841764299 ], [ -92.774956757648226, 18.716475751254936 ], [ -92.774852445284068, 18.716677565417378 ], [ -92.774748132919967, 18.716879379579773 ], [ -92.774636265351319, 18.717111458626967 ], [ -92.77452439868199, 18.717343536774862 ], [ -92.774452080599019, 18.717589746869344 ], [ -92.774379762515991, 18.717835957863208 ], [ -92.774333172238073, 18.718090375170721 ], [ -92.774286582859474, 18.718344792478256 ], [ -92.77423287894419, 18.718581671207222 ], [ -92.774179175928168, 18.718818549936202 ], [ -92.7741022083502, 18.719021567391444 ], [ -92.774025240772232, 18.719224584846774 ], [ -92.773895065704664, 18.71944883709422 ], [ -92.773764891536473, 18.719673088442342 ], [ -92.773593098542619, 18.719923796046356 ], [ -92.773421306448085, 18.720174503650441 ], [ -92.77327485814817, 18.720393193591047 ], [ -92.773128409848198, 18.720611883531646 ], [ -92.773018658384331, 18.720820335590087 ], [ -92.772908906920463, 18.721028787648489 ], [ -92.77279618949251, 18.721254950955274 ], [ -92.772683471165237, 18.721481114262083 ], [ -92.772551311293967, 18.721710197667527 ], [ -92.772419150523319, 18.721939281972311 ], [ -92.772283348397764, 18.72216802543408 ], [ -92.772147545372889, 18.722396768895827 ], [ -92.771997227290171, 18.722630238294929 ], [ -92.771846908308135, 18.722863707693978 ], [ -92.77165230041328, 18.723076531356888 ], [ -92.771457693417801, 18.723289354120382 ], [ -92.771263513600218, 18.723440587712997 ], [ -92.771069334682011, 18.723591821305522 ], [ -92.770931619698445, 18.723702413635515 ], [ -92.770793905614198, 18.723813005066198 ], [ -92.770687710069751, 18.723925757567702 ], [ -92.770581515424567, 18.724038510069249 ], [ -92.770457633812725, 18.724157456201688 ], [ -92.770333753100203, 18.724276401434867 ], [ -92.770189400220602, 18.724386645727161 ], [ -92.770045047341, 18.724496889120186 ], [ -92.769889807268726, 18.724598443263577 ], [ -92.769734567196508, 18.724699996507717 ], [ -92.769518892682697, 18.724831260654184 ], [ -92.769303219068263, 18.724962525700082 ], [ -92.76901193675144, 18.72512262570865 ], [ -92.768720654434617, 18.72528272571726 ], [ -92.768442414985429, 18.725379222972805 ], [ -92.768164176435562, 18.725475720228378 ], [ -92.767957729865316, 18.72545982740921 ] ] ] ] } },
{ "type": "Feature", "properties": { "nombre": "YAXCHE", "superficie": "35.06", "ubicacin": "Marino", "comentario": null, "petrleo_cr": "229.14", "crudo_1p_m": "217.98", "gas_natura": "91.11", "condensado": "0.59", "volumen_or": "1270.4", "volumen__1": "539.56", "petrleo__1": "232.23", "crudo_2p_m": "220.89", "gas_natu_1": "92.6", "condensa_1": "0.6", "volumen__2": "0", "volumen__3": "0", "petrleo__2": "303.26", "crudo_3p_m": "288.18", "gas_natu_2": "123.09", "condensa_2": "0.79", "volumen__4": "192.85", "volumen__5": "87.49" }, "geometry": { "type": "MultiPolygon", "coordinates": [ [ [ [ -93.272956502540524, 18.548781812430775 ], [ -93.268848457889987, 18.5478908747641 ], [ -93.26634538922832, 18.546811373546134 ], [ -93.263842320566596, 18.545731865133529 ], [ -93.26393620619092, 18.544763297088561 ], [ -93.264030092714563, 18.543794723647661 ], [ -93.264563794483479, 18.542582460012529 ], [ -93.265097496252395, 18.541370188283615 ], [ -93.265616682963525, 18.539999195206743 ], [ -93.266135870573919, 18.538628191338027 ], [ -93.265906175629482, 18.537599419977294 ], [ -93.265676480684988, 18.536570643220706 ], [ -93.265154993508133, 18.536184780103547 ], [ -93.264633505431902, 18.535798916087167 ], [ -93.265639678628247, 18.534096435602052 ], [ -93.266645852723912, 18.532393938029898 ], [ -93.265961947985488, 18.531834005734829 ], [ -93.265278043247065, 18.531274071641111 ], [ -93.26399140477946, 18.531284698030408 ], [ -93.262704766311856, 18.531295324419741 ], [ -93.261135543770308, 18.531308260268034 ], [ -93.259566320329384, 18.531321195217053 ], [ -93.257516608904325, 18.531083354213472 ], [ -93.255466897479323, 18.530845513209869 ], [ -93.25408803083792, 18.53018039620839 ], [ -93.252709165095837, 18.529515275609501 ], [ -93.252173569354682, 18.528331972842295 ], [ -93.251637972714207, 18.527148660182537 ], [ -93.251388904574242, 18.525672149650077 ], [ -93.251139835534957, 18.524195626527 ], [ -93.251117866895981, 18.522858858049943 ], [ -93.251095897357743, 18.521522077881624 ], [ -93.250359576533185, 18.520635355337451 ], [ -93.249623256607947, 18.519748627397309 ], [ -93.248586823023402, 18.518995925421695 ], [ -93.247550389438857, 18.518243219848795 ], [ -93.247016264988588, 18.517147626162032 ], [ -93.246482140538319, 18.516052024381423 ], [ -93.246435604219698, 18.514536792638893 ], [ -93.246389067001815, 18.513021546507222 ], [ -93.246637886928909, 18.511529723218196 ], [ -93.246886705956683, 18.510037887338669 ], [ -93.246981486406412, 18.508795164565232 ], [ -93.247076265956878, 18.507552433697914 ], [ -93.247094576153756, 18.506387844023823 ], [ -93.247112885451259, 18.505223247155186 ], [ -93.247508398293917, 18.504430769964117 ], [ -93.247903911136575, 18.50363828917574 ], [ -93.248744288018429, 18.503343055237814 ], [ -93.24958466490034, 18.503047820400631 ], [ -93.250536907552203, 18.502879710130557 ], [ -93.251489150204065, 18.502711599860497 ], [ -93.252294395969557, 18.502657443586205 ], [ -93.253099641735048, 18.50260328731191 ], [ -93.253904207613061, 18.502723329717902 ], [ -93.254708772591755, 18.502843373023296 ], [ -93.255675886432982, 18.502814521872754 ], [ -93.256643001173529, 18.502785670722158 ], [ -93.257384356402895, 18.502540284406702 ], [ -93.258125710732941, 18.502294898091108 ], [ -93.25824001456499, 18.501150071918357 ], [ -93.258354318397039, 18.500005239450253 ], [ -93.257931902335372, 18.498429975263182 ], [ -93.257509486273761, 18.496854697586262 ], [ -93.256296616495604, 18.495743520447128 ], [ -93.255083747616823, 18.494632336113423 ], [ -93.253257021294473, 18.49397360160048 ], [ -93.251430295871444, 18.493314863490138 ], [ -93.251150077913735, 18.491317964752319 ], [ -93.250869860855346, 18.489321041732715 ], [ -93.252099599217104, 18.486687904123528 ], [ -93.253329337578805, 18.484054725145487 ], [ -93.254836666079257, 18.482412798711714 ], [ -93.256343993680332, 18.480770856989484 ], [ -93.258120583697917, 18.479324131103795 ], [ -93.259897173715558, 18.477877392627594 ], [ -93.261883605244122, 18.476975728746957 ], [ -93.263870036772744, 18.476074059470303 ], [ -93.268250965409663, 18.475220249415052 ], [ -93.27263189494596, 18.474366434863125 ], [ -93.276349494433589, 18.473974353833366 ], [ -93.280067094820538, 18.473582271904384 ], [ -93.28106281249876, 18.474914052741411 ], [ -93.282058529277663, 18.476245822786545 ], [ -93.283159603432921, 18.478902638645934 ], [ -93.284260676688859, 18.481559412237104 ], [ -93.285734433497282, 18.485752610094945 ], [ -93.287208190305705, 18.489945704530633 ], [ -93.28954022590068, 18.494209130447068 ], [ -93.291872261495655, 18.498472449344071 ], [ -93.293819472690473, 18.500875867727199 ], [ -93.29576668388529, 18.503279251935979 ], [ -93.296720040797197, 18.504649386160303 ], [ -93.297673396809785, 18.50601950869342 ], [ -93.298043993035833, 18.507299197200268 ], [ -93.298414588362505, 18.508578876713848 ], [ -93.298196302217548, 18.50992817634431 ], [ -93.297978016971854, 18.511277464283545 ], [ -93.298060429944826, 18.512421892956073 ], [ -93.298142843817175, 18.513566313534568 ], [ -93.298118608886682, 18.515056201482516 ], [ -93.298094374855452, 18.516546076839997 ], [ -93.297832191902103, 18.51831859202942 ], [ -93.297570008049377, 18.520091089232434 ], [ -93.297523012177237, 18.521548409131814 ], [ -93.297476016305097, 18.52300571734002 ], [ -93.299400466558268, 18.523585290828574 ], [ -93.301324917710758, 18.524164861619091 ], [ -93.304278645642967, 18.524106014481035 ], [ -93.307232373575118, 18.524047167342889 ], [ -93.309613080479267, 18.524071630701251 ], [ -93.311993788282678, 18.52409609495885 ], [ -93.314030098909882, 18.524470742630722 ], [ -93.316066409537143, 18.524845389403243 ], [ -93.317100947350809, 18.525951258743671 ], [ -93.318135485164476, 18.527057120889481 ], [ -93.318206247420335, 18.528248043612393 ], [ -93.318277009676194, 18.529438957342055 ], [ -93.316889553609997, 18.530463647579321 ], [ -93.315502097543742, 18.531488332420682 ], [ -93.313328248200037, 18.532700191360799 ], [ -93.311154397957068, 18.533912042207032 ], [ -93.308621362985491, 18.535272444867491 ], [ -93.306088328013914, 18.536632836736107 ], [ -93.303360625792209, 18.537765882689378 ], [ -93.300632923570504, 18.538898921448109 ], [ -93.298389082689994, 18.539677701964397 ], [ -93.296145241809427, 18.540456478883488 ], [ -93.294170252355229, 18.541791365079479 ], [ -93.292195262001712, 18.543126239584364 ], [ -93.290328863885918, 18.544800238540244 ], [ -93.288462464870804, 18.546474220408989 ], [ -93.286102962181928, 18.547780233870778 ], [ -93.283743460392373, 18.549086237439944 ], [ -93.280404004241348, 18.549379491969965 ], [ -93.27706454809038, 18.549672745600784 ], [ -93.272956502540524, 18.548781812430775 ] ] ] ] } },
{ "type": "Feature", "properties": { "nombre": "KAB", "superficie": "45.58", "ubicacin": "Marino", "comentario": null, "petrleo_cr": "5.25", "crudo_1p_m": "4.25", "gas_natura": "5.55", "condensado": "0.02", "volumen_or": "234.61", "volumen__1": "351.53", "petrleo__1": "5.25", "crudo_2p_m": "4.25", "gas_natu_1": "5.55", "condensa_1": "0.02", "volumen__2": "0", "volumen__3": "0", "petrleo__2": "5.25", "crudo_3p_m": "4.25", "gas_natu_2": "5.55", "condensa_2": "0.02", "volumen__4": "0", "volumen__5": "0" }, "geometry": { "type": "MultiPolygon", "coordinates": [ [ [ [ -92.712368020767485, 18.776853664065399 ], [ -92.713346342859381, 18.776236796590922 ], [ -92.716479217541803, 18.775325529749452 ], [ -92.720981741713956, 18.773847383350134 ], [ -92.72453542087294, 18.77200556550449 ], [ -92.729411869662044, 18.770291008923007 ], [ -92.735403913060111, 18.76808280997377 ], [ -92.740433074826512, 18.765817088587809 ], [ -92.745561613477662, 18.76316145263899 ], [ -92.750029609079149, 18.762310014095934 ], [ -92.753958895486619, 18.76282638682834 ], [ -92.758037808398115, 18.765056315196833 ], [ -92.762467625980094, 18.767586509210094 ], [ -92.765150500595098, 18.767946434080709 ], [ -92.77218964353716, 18.766703806635412 ], [ -92.780018741971332, 18.764881430333773 ], [ -92.782727442417524, 18.764460796728414 ], [ -92.790555418497718, 18.764691035762727 ], [ -92.798111934218355, 18.765120493515997 ], [ -92.804451513426557, 18.764725263959814 ], [ -92.808957687946929, 18.7653576834104 ], [ -92.811214704794736, 18.766194666250868 ], [ -92.812289595188645, 18.76999847385056 ], [ -92.811838472767249, 18.770716975508055 ], [ -92.809736976580155, 18.774065576864942 ], [ -92.808080426270635, 18.775702015635549 ], [ -92.805761369691425, 18.777836582592272 ], [ -92.803227840092688, 18.779210145931508 ], [ -92.801480897125657, 18.779042228116374 ], [ -92.799957410506067, 18.77825317194635 ], [ -92.797127717969772, 18.776653656640985 ], [ -92.794939477674745, 18.776180377622396 ], [ -92.792763870156421, 18.775847743578542 ], [ -92.789557446219135, 18.773856207498017 ], [ -92.786770422916675, 18.771658750950625 ], [ -92.785200336126593, 18.771293218807013 ], [ -92.782810537076614, 18.773542821643943 ], [ -92.780550151368345, 18.777317315841511 ], [ -92.779109477920031, 18.780359095495918 ], [ -92.778514624949935, 18.784726743844217 ], [ -92.777868961183572, 18.789163258677466 ], [ -92.779532528003756, 18.792285032128579 ], [ -92.783011254066082, 18.794958116723773 ], [ -92.786759474570033, 18.798208378114218 ], [ -92.787190666216247, 18.80123640893315 ], [ -92.785956886301221, 18.803440960232177 ], [ -92.784155764576838, 18.804339240863328 ], [ -92.781023451071349, 18.80463866654128 ], [ -92.776837863276739, 18.804805221883566 ], [ -92.774162006970982, 18.805638263894803 ], [ -92.772026261902454, 18.80638334591475 ], [ -92.770010105981555, 18.805492026935603 ], [ -92.768423736965872, 18.803214785234218 ], [ -92.76690361920663, 18.800510819718625 ], [ -92.764121929783187, 18.798107585696545 ], [ -92.760286403994314, 18.796599697817843 ], [ -92.755190149205987, 18.795322260314101 ], [ -92.748829515969362, 18.793753656506134 ], [ -92.743173217370042, 18.792661480243186 ], [ -92.7377280229299, 18.793381221166477 ], [ -92.733893900982707, 18.793530408801356 ], [ -92.72881505077396, 18.793186580896005 ], [ -92.724662308019049, 18.792159370758394 ], [ -92.708396344815412, 18.804446713445159 ], [ -92.712442693275648, 18.808245635927406 ], [ -92.716365804937936, 18.812617097401201 ], [ -92.715245437626834, 18.815709558349514 ], [ -92.717176815357732, 18.819116064354951 ], [ -92.718374100784104, 18.822891127823393 ], [ -92.718579590475656, 18.825988476587 ], [ -92.7175998654414, 18.827550895757263 ], [ -92.716555292992325, 18.829444490271044 ], [ -92.71458685959584, 18.830146430013787 ], [ -92.714200022513012, 18.831730194592851 ], [ -92.713934458108724, 18.835453918463593 ], [ -92.713354202934056, 18.838122833801783 ], [ -92.712120984196019, 18.837618723325484 ], [ -92.709918427593323, 18.835495616429608 ], [ -92.709171141335048, 18.833623741442601 ], [ -92.707236394743802, 18.829795995688698 ], [ -92.706556482995268, 18.831454340145733 ], [ -92.705481030525107, 18.830625971911097 ], [ -92.703187520087965, 18.827970300888751 ], [ -92.702687550989651, 18.829174512893513 ], [ -92.701940264731377, 18.829644433843605 ], [ -92.699793852804021, 18.8284388890435 ], [ -92.698058139671389, 18.826790137654729 ], [ -92.696525950312321, 18.828265941320165 ], [ -92.693385496143719, 18.82781178728418 ], [ -92.692178666212442, 18.826211947323564 ], [ -92.691641922037036, 18.823842499032146 ], [ -92.690716938735704, 18.822658831140206 ], [ -92.68759866184871, 18.820012388960571 ], [ -92.684916067822257, 18.819311475344353 ], [ -92.68372355419865, 18.817963906908819 ], [ -92.681810703401197, 18.815079468142997 ], [ -92.679299351084126, 18.812806099821675 ], [ -92.675791430330207, 18.811336040126204 ], [ -92.674273558178129, 18.810159768258774 ], [ -92.674147232208952, 18.807558574568588 ], [ -92.674243801410285, 18.804726355836678 ], [ -92.675363888132892, 18.801523274679401 ], [ -92.676949695072324, 18.800126903633739 ], [ -92.675611767369105, 18.790623087685354 ], [ -92.679223274734284, 18.790005469277034 ], [ -92.712368020767485, 18.776853664065399 ] ] ] ] } },
{ "type": "Feature", "properties": { "nombre": "MAGALLANES TUCAN PAJONAL", "superficie": "133.07", "ubicacin": "Terrestre", "comentario": null, "petrleo_cr": "4.75", "crudo_1p_m": "4.49", "gas_natura": "5.73", "condensado": "0", "volumen_or": "1030.65", "volumen__1": "616.65", "petrleo__1": "14.86", "crudo_2p_m": "13.98", "gas_natu_1": "18.91", "condensa_1": "0", "volumen__2": "0", "volumen__3": "0", "petrleo__2": "18.34", "crudo_3p_m": "17.24", "gas_natu_2": "23.45", "condensa_2": "0", "volumen__4": "0", "volumen__5": "0" }, "geometry": { "type": "MultiPolygon", "coordinates": [ [ [ [ -93.933271056913725, 18.083344346064752 ], [ -93.933288299615299, 18.133328499910416 ], [ -93.933297394459146, 18.159690419677208 ], [ -93.933311299776619, 18.199999800050787 ], [ -93.899971099586537, 18.199996399714113 ], [ -93.899980400375114, 18.216666699908316 ], [ -93.849981299797093, 18.216666299710042 ], [ -93.84997240010614, 18.06666809955323 ], [ -93.900027300019872, 18.066676500120415 ], [ -93.899954999923295, 18.083357600273054 ], [ -93.933093144932684, 18.083344417111203 ], [ -93.933271056913725, 18.083344346064752 ] ] ] ] } },
{ "type": "Feature", "properties": { "nombre": "OTATES", "superficie": "35.73", "ubicacin": "Terrestre", "comentario": null, "petrleo_cr": "2.15", "crudo_1p_m": "1.54", "gas_natura": "3.03", "condensado": "0", "volumen_or": "213.8", "volumen__1": "485.97", "petrleo__1": "2.15", "crudo_2p_m": "1.54", "gas_natu_1": "3.03", "condensa_1": "0", "volumen__2": "0", "volumen__3": "0", "petrleo__2": "2.15", "crudo_3p_m": "1.54", "gas_natu_2": "3.03", "condensa_2": "0", "volumen__4": "0", "volumen__5": "0" }, "geometry": { "type": "MultiPolygon", "coordinates": [ [ [ [ -93.933288299615299, 18.133328499910416 ], [ -93.933271056913725, 18.083344346064752 ], [ -93.949976599740239, 18.083337700074797 ], [ -93.949967899698777, 18.066669399972866 ], [ -93.983302499810463, 18.066666600383375 ], [ -93.983304699552207, 18.13333319976736 ], [ -93.933288299615299, 18.133328499910416 ] ] ] ] } },
{ "type": "Feature", "properties": { "nombre": "COSTERO", "superficie": "49.95", "ubicacin": "Terrestre", "comentario": null, "petrleo_cr": "19.31", "crudo_1p_m": "2.75", "gas_natura": "49.34", "condensado": "6.66", "volumen_or": "111.94", "volumen__1": "867.06", "petrleo__1": "24.05", "crudo_2p_m": "4.77", "gas_natu_1": "57.44", "condensa_1": "7.75", "volumen__2": "8.47", "volumen__3": "32.08", "petrleo__2": "24.05", "crudo_3p_m": "4.77", "gas_natu_2": "57.44", "condensa_2": "7.75", "volumen__4": "0", "volumen__5": "0" }, "geometry": { "type": "MultiPolygon", "coordinates": [ [ [ [ -92.524182414886525, 18.680284792808997 ], [ -92.523875436701985, 18.680453938198745 ], [ -92.523549731934565, 18.680648981365451 ], [ -92.52314720078266, 18.680903574940096 ], [ -92.522704547276987, 18.681200083217352 ], [ -92.522239705697814, 18.681530766631621 ], [ -92.521778188012945, 18.681881991460806 ], [ -92.521343134677863, 18.682240283162582 ], [ -92.520959186217453, 18.682590132928343 ], [ -92.520648028883386, 18.682917268517201 ], [ -92.520413512673429, 18.683219661957885 ], [ -92.520221288881316, 18.683527809261044 ], [ -92.519897187605068, 18.684200771048772 ], [ -92.519705421567892, 18.684514355653061 ], [ -92.519477735708904, 18.684824764751188 ], [ -92.51922465299532, 18.68513219709326 ], [ -92.518955267371666, 18.68543691618077 ], [ -92.518121058040379, 18.686340732139115 ], [ -92.517859316654096, 18.686637860049224 ], [ -92.51761668316334, 18.686936002394638 ], [ -92.517408946065984, 18.687229134616921 ], [ -92.517235188053462, 18.687519821582548 ], [ -92.51705949200192, 18.68779069108756 ], [ -92.516914510496235, 18.687958419145787 ], [ -92.516749463317069, 18.688107750672206 ], [ -92.516568994563386, 18.688235807836268 ], [ -92.516357346314464, 18.688347711377837 ], [ -92.516137188680261, 18.688423018807324 ], [ -92.51591327547726, 18.688453839473134 ], [ -92.515700258460129, 18.688437479006481 ], [ -92.515484674777895, 18.688388801402098 ], [ -92.514610073296183, 18.688122742370698 ], [ -92.513970128318704, 18.687881109825387 ], [ -92.513367834358007, 18.687689750281752 ], [ -92.512736426644722, 18.68745027341145 ], [ -92.512120347875737, 18.687229866665071 ], [ -92.511815213301418, 18.687083798778367 ], [ -92.511217599412646, 18.686759317988155 ], [ -92.510915782437394, 18.686620331363276 ], [ -92.510603501850085, 18.686513786881783 ], [ -92.510289231962474, 18.68641819614286 ], [ -92.509669860775432, 18.686206419290858 ], [ -92.509036181374654, 18.686015740534046 ], [ -92.508728096124685, 18.685884024028525 ], [ -92.508119398991028, 18.685579702441366 ], [ -92.507810705799386, 18.68544855160939 ], [ -92.507173413821931, 18.685257945697668 ], [ -92.506262789096411, 18.684928615763035 ], [ -92.505971656067061, 18.684799428151177 ], [ -92.5057536577051, 18.684662166425902 ], [ -92.505548515151816, 18.684495630868707 ], [ -92.50536064497777, 18.684309415447217 ], [ -92.505188052486574, 18.684105941136348 ], [ -92.505033029150923, 18.683889491406951 ], [ -92.504905468412574, 18.683676585905744 ], [ -92.504799025554576, 18.683458324941796 ], [ -92.504717154872765, 18.683237348924532 ], [ -92.504563420265583, 18.682588671530006 ], [ -92.504488472564901, 18.682358766144223 ], [ -92.50439259584158, 18.682123119486494 ], [ -92.504279296552284, 18.681882923158398 ], [ -92.504152246628848, 18.681640399384943 ], [ -92.503864929422946, 18.681147808324724 ], [ -92.503546684531841, 18.680650176564413 ], [ -92.50320834159163, 18.680149368398716 ], [ -92.501796322342386, 18.678145974757001 ], [ -92.501280030548912, 18.677402253411362 ], [ -92.500799569544483, 18.676669064026164 ], [ -92.500583252015417, 18.676308884647383 ], [ -92.500390530898244, 18.675953940222183 ], [ -92.50023033196419, 18.675607176030379 ], [ -92.500112704237893, 18.67526969104345 ], [ -92.49996508232266, 18.674604264675132 ], [ -92.499851893649918, 18.674273726051631 ], [ -92.499700761680742, 18.673937851750519 ], [ -92.499525425358058, 18.67360011765135 ], [ -92.499151688699442, 18.672927436452113 ], [ -92.498977926190321, 18.672596561482173 ], [ -92.498831671244602, 18.672274622176143 ], [ -92.498726398404528, 18.67196069672886 ], [ -92.498668886759674, 18.671658035290157 ], [ -92.498622266804148, 18.671356593332195 ], [ -92.498426784768242, 18.670506070298938 ], [ -92.498382514741252, 18.670225073528343 ], [ -92.498360971481588, 18.669944965287982 ], [ -92.498375221239428, 18.66925384978536 ], [ -92.498360877052789, 18.669015413430646 ], [ -92.498332723776173, 18.668773829448689 ], [ -92.498234629324656, 18.668056559862414 ], [ -92.498218996409548, 18.667823502352782 ], [ -92.498225372602803, 18.667154039827132 ], [ -92.498195399997655, 18.666814546654045 ], [ -92.4980915705695, 18.666129380166787 ], [ -92.498059272317505, 18.665792450960932 ], [ -92.498055374655792, 18.665130799047155 ], [ -92.49802175619908, 18.664797538175876 ], [ -92.497912756568439, 18.664122792133174 ], [ -92.49787776214896, 18.66378938557175 ], [ -92.497868064759359, 18.663130990103166 ], [ -92.497832342788342, 18.662798386636272 ], [ -92.497719636152226, 18.662124370843109 ], [ -92.497682325978531, 18.661790944496541 ], [ -92.497665090471514, 18.661136582487341 ], [ -92.497622689235698, 18.660804632827574 ], [ -92.497485045298561, 18.660138888099258 ], [ -92.497426235032663, 18.659815302134497 ], [ -92.497387784518594, 18.659506711465625 ], [ -92.497334318923663, 18.659207414390714 ], [ -92.497227001924557, 18.658909867396488 ], [ -92.497069184395286, 18.658626911902498 ], [ -92.496868664357351, 18.658366370211841 ], [ -92.496634109476531, 18.658144078486487 ], [ -92.496379836060555, 18.657968529024473 ], [ -92.496112073713221, 18.657796098411268 ], [ -92.495925201786577, 18.6576575677426 ], [ -92.495550652140821, 18.657337717561678 ], [ -92.494977964761233, 18.656814321124063 ], [ -92.494781442209728, 18.656644985977366 ], [ -92.494582108377585, 18.656486914839288 ], [ -92.494379167364627, 18.656345116034331 ], [ -92.493790584467888, 18.655995287852299 ], [ -92.493588221718994, 18.655847820620465 ], [ -92.493389619035668, 18.655680749067383 ], [ -92.493193908571982, 18.655498649842865 ], [ -92.492999644218173, 18.655304988034779 ], [ -92.492228445886042, 18.654492560283469 ], [ -92.491836837899712, 18.654112686651231 ], [ -92.491637210888541, 18.653942686905502 ], [ -92.49143422580886, 18.65379206844927 ], [ -92.490852166594152, 18.653432116598914 ], [ -92.490648634726654, 18.653280819154517 ], [ -92.490448566148359, 18.653109943469158 ], [ -92.490251189240951, 18.65292403651512 ], [ -92.490054569562687, 18.652725932955484 ], [ -92.489275436512173, 18.651897384856468 ], [ -92.48888300474681, 18.651513457080483 ], [ -92.488684101689898, 18.651342983391984 ], [ -92.488481907114306, 18.651192489941472 ], [ -92.487912691117742, 18.6508438659517 ], [ -92.487711630587228, 18.650698612850743 ], [ -92.487513878662526, 18.650536265436344 ], [ -92.487318540518174, 18.650361887790929 ], [ -92.486740629876124, 18.649815510077779 ], [ -92.486547943832477, 18.649640873427661 ], [ -92.486353345830196, 18.649477376679609 ], [ -92.486155838521086, 18.649330083016981 ], [ -92.485597044767758, 18.648972069205684 ], [ -92.485400315372203, 18.64881901088869 ], [ -92.485207431477761, 18.648646891440947 ], [ -92.485017386742982, 18.648460753361089 ], [ -92.484271444971171, 18.64767286810844 ], [ -92.484083203377111, 18.647486873020799 ], [ -92.483891960745382, 18.647314638459843 ], [ -92.483696877109139, 18.647162038797081 ], [ -92.483496188897959, 18.647035020349975 ], [ -92.483288296217836, 18.646940764204967 ], [ -92.482984260615126, 18.646869906620985 ], [ -92.482669809064419, 18.64684625265247 ], [ -92.482351762024166, 18.646839788325622 ], [ -92.482036090093459, 18.646822010527391 ], [ -92.481811150763974, 18.646789624141896 ], [ -92.481364780360309, 18.646707472871633 ], [ -92.480741819978959, 18.646619996715511 ], [ -92.480081999984293, 18.646468028376816 ], [ -92.479458791390073, 18.646366957169363 ], [ -92.47879955145811, 18.646223279680662 ], [ -92.47816709603461, 18.646153066011216 ], [ -92.477720025958376, 18.646095652392496 ], [ -92.477493423782448, 18.64608036032039 ], [ -92.477165291744768, 18.646093710756169 ], [ -92.476497773553376, 18.646168470498523 ], [ -92.476168593805539, 18.646181221985827 ], [ -92.475941201125522, 18.646165043182219 ], [ -92.475170986651676, 18.646064111369668 ], [ -92.474852357750081, 18.646011684491675 ], [ -92.474632431241673, 18.645953298705795 ], [ -92.4738882080743, 18.645699302281024 ], [ -92.473584230927486, 18.645563546020828 ], [ -92.473379128843703, 18.645434223510676 ], [ -92.473179997358955, 18.645277748669258 ], [ -92.472986010895625, 18.645099236840309 ], [ -92.472797267479848, 18.644903728724127 ], [ -92.472612746381117, 18.644694203774517 ], [ -92.472432379250847, 18.644473663029192 ], [ -92.472171717950403, 18.644129791956381 ], [ -92.471922613837535, 18.643773705392192 ], [ -92.471689984405202, 18.643413119519906 ], [ -92.471477466511828, 18.643050084793625 ], [ -92.471293205317124, 18.642689481834193 ], [ -92.471147043001622, 18.642333901588358 ], [ -92.471053090827468, 18.641987133799262 ], [ -92.471029971056282, 18.641653566259166 ], [ -92.471088657215716, 18.64134137200675 ], [ -92.471202014061646, 18.641039943538576 ], [ -92.471463628643505, 18.640444427768148 ], [ -92.471658764440406, 18.639828171832733 ], [ -92.471891715829997, 18.639228125277786 ], [ -92.471995714330717, 18.638921817088253 ], [ -92.472111279911587, 18.638617893001431 ], [ -92.47226442906009, 18.638324924455734 ], [ -92.472618163897096, 18.63774824048895 ], [ -92.47277010885341, 18.637454997650071 ], [ -92.472883985507508, 18.637150539365962 ], [ -92.472986245618699, 18.636843747341139 ], [ -92.473220107122188, 18.636242196220415 ], [ -92.473321064115794, 18.63593437986777 ], [ -92.47343273473291, 18.635628618466001 ], [ -92.473581953844075, 18.635333576983015 ], [ -92.473928580439576, 18.634752781315832 ], [ -92.474077505472451, 18.634457653497982 ], [ -92.474188612214618, 18.634151806660608 ], [ -92.474288717550223, 18.633843884187979 ], [ -92.474520498921834, 18.633240413913988 ], [ -92.474620853369629, 18.632932768432624 ], [ -92.474732399880338, 18.632627398235908 ], [ -92.474882436475241, 18.632332148110205 ], [ -92.475232048819976, 18.631751448670439 ], [ -92.475382755409782, 18.631456355026774 ], [ -92.475495248007235, 18.63115176993831 ], [ -92.475596984713036, 18.630845113711093 ], [ -92.475833653899997, 18.630241415908639 ], [ -92.47593611456, 18.629934915264183 ], [ -92.476049827537452, 18.629630676414664 ], [ -92.476202741962936, 18.629335361537734 ], [ -92.47655851376436, 18.628754623427216 ], [ -92.476712101782027, 18.628459340026545 ], [ -92.476827019851044, 18.628154670401798 ], [ -92.476930978781581, 18.627847792042015 ], [ -92.477171262343859, 18.627243296540925 ], [ -92.477274518903869, 18.6269356852337 ], [ -92.477387864957961, 18.626630077616024 ], [ -92.477538424958311, 18.626333793270014 ], [ -92.477879701486984, 18.625749345455965 ], [ -92.478017770803433, 18.625450691396338 ], [ -92.478108569055166, 18.625139735510462 ], [ -92.478243303685474, 18.624511791985654 ], [ -92.478287912756912, 18.624194994103735 ], [ -92.478284913517882, 18.623864817007735 ], [ -92.478215314085446, 18.623191808455246 ], [ -92.478203568939534, 18.622859817426686 ], [ -92.478232395808391, 18.622540559899008 ], [ -92.478274532643525, 18.622224021021768 ], [ -92.478340254199338, 18.621577249290716 ], [ -92.478461108693182, 18.620952582895431 ], [ -92.478486987584347, 18.620737772630168 ], [ -92.478524782492684, 18.620305565649396 ], [ -92.478563534279658, 18.619989501614274 ], [ -92.478585654904009, 18.619670288153308 ], [ -92.478574343231344, 18.619448387633028 ], [ -92.478544585564123, 18.619222923099446 ], [ -92.47841421264576, 18.618538817812233 ], [ -92.47837883241715, 18.618312442265459 ], [ -92.478344276866835, 18.617982672562292 ], [ -92.478295292593657, 18.617650152732416 ], [ -92.478233005548702, 18.617418613278403 ], [ -92.478147204829611, 18.617182507067056 ], [ -92.478042351972931, 18.616942701944211 ], [ -92.477922306868948, 18.616699983017842 ], [ -92.477649407594072, 18.616208174367785 ], [ -92.476891390625156, 18.614964187147585 ], [ -92.476602656087664, 18.614469487177146 ], [ -92.476349816191032, 18.613981837891576 ], [ -92.476244252869947, 18.61374210471438 ], [ -92.476157448507422, 18.613506043469147 ], [ -92.476093781003158, 18.613274511209813 ], [ -92.476041705760053, 18.612940534478156 ], [ -92.476002515103971, 18.612608994009928 ], [ -92.475962789351229, 18.612382149017019 ], [ -92.47581017619865, 18.611694697352451 ], [ -92.475768747129962, 18.611467310068331 ], [ -92.475742860144862, 18.611242957096874 ], [ -92.475737945349863, 18.610591663574425 ], [ -92.475666955565487, 18.609699207852206 ], [ -92.475668760504846, 18.609479736400793 ], [ -92.475695538718128, 18.609265160858502 ], [ -92.475790794009924, 18.608957830139779 ], [ -92.475929157404664, 18.608658872109274 ], [ -92.476080207535517, 18.608362372825308 ], [ -92.476215056379715, 18.608062389567667 ], [ -92.476285714314201, 18.607855830582125 ], [ -92.476411765990179, 18.607439411199884 ], [ -92.47664190160242, 18.606830316565876 ], [ -92.476779571619886, 18.60641684785929 ], [ -92.476860908104413, 18.606213235052785 ], [ -92.477020295849911, 18.605920261111248 ], [ -92.477592198121386, 18.605081320446608 ], [ -92.477808367262298, 18.604717435861001 ], [ -92.477928056234759, 18.604546567370207 ], [ -92.478149750810303, 18.60431624919563 ], [ -92.47841446085863, 18.604118740087777 ], [ -92.478707768448714, 18.603959892834833 ], [ -92.479017479672905, 18.603848688965844 ], [ -92.479230288047347, 18.603803363134777 ], [ -92.479670744509235, 18.603731483920889 ], [ -92.480017036556944, 18.603646045628579 ], [ -92.480375455962474, 18.603533546735861 ], [ -92.481108041003267, 18.60328437067723 ], [ -92.481473382490549, 18.603175871069649 ], [ -92.481832563621879, 18.603098167846206 ], [ -92.482539694251443, 18.603015600189856 ], [ -92.482899228816336, 18.602937065992876 ], [ -92.483265299653795, 18.602827456621863 ], [ -92.484003596288915, 18.602577142920843 ], [ -92.484369098754883, 18.60246643367903 ], [ -92.484727519959051, 18.602386270809795 ], [ -92.485430457949235, 18.602299597748289 ], [ -92.485787669565241, 18.602219910620434 ], [ -92.486151327521725, 18.602110172646391 ], [ -92.486883265050608, 18.601864725177023 ], [ -92.487244935505316, 18.601759975742311 ], [ -92.487598986004343, 18.601689082185437 ], [ -92.487831034474652, 18.601666348223407 ], [ -92.488291663629354, 18.601636178666752 ], [ -92.488640240854409, 18.601584837270487 ], [ -92.489345839039231, 18.601443748030587 ], [ -92.489694381190702, 18.601392346379729 ], [ -92.490155059808103, 18.60136201134782 ], [ -92.490387105580396, 18.601339206339318 ], [ -92.490739892531963, 18.601268566391305 ], [ -92.491100151950434, 18.601164310684432 ], [ -92.491829025489096, 18.600919921717043 ], [ -92.492191101538083, 18.600810459834911 ], [ -92.492546707864221, 18.600730687271422 ], [ -92.493248296871343, 18.60064264454245 ], [ -92.493603747614827, 18.600562204682021 ], [ -92.493965855140061, 18.600451408205984 ], [ -92.494697041735037, 18.600200261732763 ], [ -92.495059773389812, 18.600089466155953 ], [ -92.495415765525138, 18.600009233139595 ], [ -92.496117100024094, 18.599921787560493 ], [ -92.496472142475341, 18.59984187740076 ], [ -92.496833893869052, 18.599731469431841 ], [ -92.497564061532159, 18.599479849915234 ], [ -92.497926403780468, 18.599367415773649 ], [ -92.498282289795782, 18.599283893936605 ], [ -92.4989866810904, 18.599181662603701 ], [ -92.499342540126065, 18.599089043224801 ], [ -92.499706482268323, 18.598960315166426 ], [ -92.500075293340103, 18.598808833361034 ], [ -92.500817895029797, 18.598483863339666 ], [ -92.501186736678505, 18.598332551506068 ], [ -92.501551069126492, 18.598204007808771 ], [ -92.501907318467943, 18.598111794024145 ], [ -92.502612831217164, 18.5980111562899 ], [ -92.50296517390359, 18.597929870167405 ], [ -92.503323861307138, 18.59782042717103 ], [ -92.504047748105052, 18.597575282773072 ], [ -92.504406969705826, 18.597467853358779 ], [ -92.504759512041801, 18.597390620480763 ], [ -92.505463096644576, 18.597307376534243 ], [ -92.505814756745565, 18.597230654471172 ], [ -92.506173122191797, 18.597124093801945 ], [ -92.506898724896189, 18.596880769631856 ], [ -92.507259697477025, 18.596772997575854 ], [ -92.507614140080477, 18.596695127078462 ], [ -92.508320616003573, 18.596610152836316 ], [ -92.508675742991102, 18.596531542196924 ], [ -92.509037563632603, 18.59642249849956 ], [ -92.50977151564291, 18.596172896162276 ], [ -92.510136946163072, 18.596062052022177 ], [ -92.51049576936424, 18.595981728174234 ], [ -92.511204560142289, 18.595893887792723 ], [ -92.511564251189213, 18.595812689803854 ], [ -92.511930607111765, 18.595700372574179 ], [ -92.512673216895394, 18.595443852651741 ], [ -92.512920014247243, 18.595365406588314 ], [ -92.513164315081042, 18.595298417887669 ], [ -92.513405036613108, 18.595247928149416 ], [ -92.514114119670865, 18.595159222620051 ], [ -92.514353517400878, 18.595109046745158 ], [ -92.514596417090956, 18.595042514000848 ], [ -92.514841745849878, 18.594964579651638 ], [ -92.515584276493144, 18.594707659530908 ], [ -92.515830965026964, 18.594629261131576 ], [ -92.516075112976068, 18.594562431610989 ], [ -92.516315625865388, 18.594512226058431 ], [ -92.517023747547853, 18.594424876706736 ], [ -92.517381114746627, 18.594344420658594 ], [ -92.51774513872715, 18.594232875946506 ], [ -92.51848087229439, 18.593977761664377 ], [ -92.518725426737035, 18.593899055696919 ], [ -92.51896757549315, 18.593831129902725 ], [ -92.519206271752012, 18.593778782165113 ], [ -92.519915733424341, 18.59367611106369 ], [ -92.520271307374912, 18.593582982668558 ], [ -92.520634774675102, 18.593453223087817 ], [ -92.521003673880386, 18.593299878786432 ], [ -92.521747400622019, 18.592968859924991 ], [ -92.522117537294491, 18.592813168393022 ], [ -92.522484672029975, 18.592678850148825 ], [ -92.522844351385686, 18.592579715181774 ], [ -92.523557361782764, 18.592458059391937 ], [ -92.523915243393731, 18.592359142060815 ], [ -92.524280579485094, 18.59222503335867 ], [ -92.524652907805432, 18.592067562967728 ], [ -92.52540443346777, 18.591729569863766 ], [ -92.525779141394196, 18.591570895280668 ], [ -92.526028189749127, 18.59147626411831 ], [ -92.526274471789407, 18.591395528380975 ], [ -92.526517120568599, 18.591332878909252 ], [ -92.527235329946507, 18.591209964967941 ], [ -92.527597378116468, 18.591109847041896 ], [ -92.527966689211326, 18.590974178915236 ], [ -92.528342430458736, 18.590815066362268 ], [ -92.529226983838214, 18.59041745540129 ], [ -92.529730171610083, 18.59021463849486 ], [ -92.529978941175159, 18.590131208388588 ], [ -92.530224199786971, 18.590065312364324 ], [ -92.530950012033372, 18.589926905802045 ], [ -92.531314172710893, 18.589814390721582 ], [ -92.531686217744721, 18.58966136478022 ], [ -92.532063723462045, 18.589479057812284 ], [ -92.532445168209904, 18.589276563762432 ], [ -92.533597590956049, 18.588624016585115 ], [ -92.533980432351029, 18.588414885538612 ], [ -92.534361659463002, 18.588222458499757 ], [ -92.534737643527365, 18.588057941920493 ], [ -92.534986092933821, 18.587969383880022 ], [ -92.535230111380486, 18.587903879960148 ], [ -92.535468586406125, 18.587866977179324 ], [ -92.535704555920461, 18.587861993136514 ], [ -92.535935937093768, 18.58788018642149 ], [ -92.536500168148223, 18.587959112722885 ], [ -92.536828691390951, 18.588039481536878 ], [ -92.537044628506749, 18.588125329020802 ], [ -92.537256100488605, 18.588232074051007 ], [ -92.537877639041767, 18.588595666356987 ], [ -92.538085877960839, 18.588706151667623 ], [ -92.538694573295857, 18.588982112234753 ], [ -92.538899819271194, 18.589097059981373 ], [ -92.5396013938892, 18.589558627129001 ], [ -92.539903826900058, 18.589735701841207 ], [ -92.540495729194504, 18.590012391758528 ], [ -92.540698648623675, 18.590126020199715 ], [ -92.541390815433772, 18.590576719040399 ], [ -92.54168700355234, 18.590748128923057 ], [ -92.542270528661959, 18.59102072512643 ], [ -92.542556378174254, 18.591191683549386 ], [ -92.543340108559107, 18.591747651632872 ], [ -92.54358223303359, 18.591897925648802 ], [ -92.543808772257023, 18.592057679418421 ], [ -92.543978570554543, 18.592223154674905 ], [ -92.544128537901656, 18.592415002550361 ], [ -92.544259934248544, 18.592630677064154 ], [ -92.544362804999423, 18.59285932969436 ], [ -92.544429095826047, 18.593095810023677 ], [ -92.544456985601357, 18.593390281336436 ], [ -92.544473658132802, 18.594138904886599 ], [ -92.544472479121566, 18.594364761524581 ], [ -92.544435075418335, 18.595005733527806 ], [ -92.54444577015613, 18.595231722366119 ], [ -92.544544879942237, 18.596031220564438 ], [ -92.544560683728548, 18.596365873586233 ], [ -92.544535309357002, 18.596691588246241 ], [ -92.544498427260578, 18.597014684979783 ], [ -92.544459474025473, 18.597662969370639 ], [ -92.544423207964655, 18.597985167681369 ], [ -92.544398724821235, 18.598309364285797 ], [ -92.544414985463163, 18.598637166272301 ], [ -92.54451303404926, 18.599420578297089 ], [ -92.544522726042942, 18.599642447341122 ], [ -92.544503694589821, 18.599964176205848 ], [ -92.544474269671753, 18.600283909474896 ], [ -92.544451330664344, 18.600936905413903 ], [ -92.544423797020556, 18.601257885143333 ], [ -92.544408260332887, 18.601580971085038 ], [ -92.544434192284086, 18.601914122239005 ], [ -92.544524020167387, 18.60248086150262 ], [ -92.544553888451162, 18.602708298249393 ], [ -92.544568036585588, 18.602933080197509 ], [ -92.544554060221685, 18.603251850292683 ], [ -92.54452676849553, 18.60356835679428 ], [ -92.544505898828106, 18.604011291787728 ], [ -92.544487942064848, 18.604231648172057 ], [ -92.544385462519017, 18.604850712690268 ], [ -92.544305019960689, 18.605510524591054 ], [ -92.544164423549262, 18.606116535449821 ], [ -92.544073111784655, 18.606550284767906 ], [ -92.544014272740469, 18.606765216441644 ], [ -92.543899298014139, 18.607056411524233 ], [ -92.543619907432742, 18.607632620649003 ], [ -92.543501358800654, 18.607924152977343 ], [ -92.543439597859106, 18.608137518032098 ], [ -92.543338055406878, 18.608567015355504 ], [ -92.543169262551373, 18.609147225564072 ], [ -92.543068595139516, 18.609571180365716 ], [ -92.54300800061867, 18.609781936487252 ], [ -92.542897066546345, 18.6100609943195 ], [ -92.54264094232559, 18.610605359349915 ], [ -92.542534065994289, 18.610877361101355 ], [ -92.54244673103176, 18.611197795841623 ], [ -92.542369190585646, 18.611523750620609 ], [ -92.542107379052254, 18.612440389112688 ], [ -92.542034249780784, 18.612667835752056 ], [ -92.541748026150458, 18.613389536298076 ], [ -92.541551086313518, 18.614018816215445 ], [ -92.541288547228646, 18.614693010973731 ], [ -92.541110397826571, 18.615299673840894 ], [ -92.540863303698472, 18.615948959177128 ], [ -92.540689075340538, 18.616549442802569 ], [ -92.540607282000451, 18.616760614410818 ], [ -92.540429974363803, 18.617178645378214 ], [ -92.540287085580474, 18.617580684600945 ], [ -92.540203203115311, 18.617779468947404 ], [ -92.54009404610332, 18.61797773978094 ], [ -92.539966908046324, 18.618172476278758 ], [ -92.539697443282364, 18.618557464355526 ], [ -92.539573138089793, 18.618751362685295 ], [ -92.53946740659552, 18.618949127200469 ], [ -92.539385918125561, 18.619151159898163 ], [ -92.539249125846425, 18.619561072685421 ], [ -92.539008475360788, 18.62016632451633 ], [ -92.538875732728854, 18.620577957706654 ], [ -92.538797623911194, 18.620781743182928 ], [ -92.538698005108813, 18.620979063433097 ], [ -92.53821536864433, 18.621753264601516 ], [ -92.538117372218892, 18.621950895117791 ], [ -92.538042723992476, 18.622153046525888 ], [ -92.53792074714471, 18.622561843254495 ], [ -92.53771090833169, 18.623174478519449 ], [ -92.537575514498371, 18.623768789198312 ], [ -92.537382857233013, 18.624396428752224 ], [ -92.537258639274739, 18.624991588391147 ], [ -92.537074009358037, 18.625609860606609 ], [ -92.53694507085828, 18.626198690816985 ], [ -92.53688179995504, 18.626399348451262 ], [ -92.536741238617253, 18.626795692267432 ], [ -92.536658107085941, 18.627077005599403 ], [ -92.536563782592452, 18.627353646053944 ], [ -92.536475779433658, 18.627537686914764 ], [ -92.536165515126413, 18.628075372680367 ], [ -92.53598161455983, 18.628461365299792 ], [ -92.535879750150286, 18.628656747510941 ], [ -92.535753469147267, 18.628854190068882 ], [ -92.535168888233557, 18.629631048733984 ], [ -92.535042416574242, 18.629829691886783 ], [ -92.534742919849862, 18.630416147887008 ], [ -92.53456228741959, 18.630710803560781 ], [ -92.534168529154272, 18.631294773834775 ], [ -92.533999013243829, 18.631591362151713 ], [ -92.533731193339861, 18.632214082413981 ], [ -92.533576500055403, 18.632509982749582 ], [ -92.533239816364414, 18.633100011756188 ], [ -92.53310246021033, 18.633400910523676 ], [ -92.533032974092464, 18.633614353819446 ], [ -92.532919160390918, 18.634045064328312 ], [ -92.532727925853067, 18.634658054825422 ], [ -92.532619071013301, 18.635091576615036 ], [ -92.532553805413727, 18.635306528073855 ], [ -92.532426296836093, 18.635606658820272 ], [ -92.532123248688947, 18.636197710356111 ], [ -92.531995856123842, 18.636495917452681 ], [ -92.531929993374433, 18.636710478605789 ], [ -92.531819251757042, 18.637141967028199 ], [ -92.531622807446581, 18.637747672117417 ], [ -92.531504472853101, 18.638170353479115 ], [ -92.531432245601593, 18.63837892065072 ], [ -92.531289247101029, 18.638673500781451 ], [ -92.530941155509879, 18.639248035368578 ], [ -92.530783715695861, 18.639535888570421 ], [ -92.530519523657063, 18.640149081415021 ], [ -92.530359050429809, 18.640434801425013 ], [ -92.530056055342641, 18.640907573225931 ], [ -92.529943391873985, 18.641100350101119 ], [ -92.529848793986616, 18.641295949048882 ], [ -92.529775291496492, 18.641501997219446 ], [ -92.529658475857957, 18.64191876194139 ], [ -92.529526916733801, 18.642324022535636 ], [ -92.529468996796709, 18.642527939313016 ], [ -92.529351353781919, 18.643154895382171 ], [ -92.529190544208234, 18.643777839575709 ], [ -92.529090288685836, 18.644413313123941 ], [ -92.528943620951281, 18.645039453508037 ], [ -92.528914097107872, 18.645248349831526 ], [ -92.528869482640459, 18.645668487011093 ], [ -92.528802229539224, 18.64610401069158 ], [ -92.528784543471886, 18.646324992104713 ], [ -92.528792340594009, 18.646539409366305 ], [ -92.528818893077414, 18.646757666732981 ], [ -92.528926604878848, 18.64741443532796 ], [ -92.528945170483212, 18.647628596282761 ], [ -92.528935619683068, 18.648312682684221 ], [ -92.528955477613181, 18.648527370641702 ], [ -92.529070473923184, 18.649186093463481 ], [ -92.529099422200545, 18.649406008280749 ], [ -92.529108109651474, 18.64962131137446 ], [ -92.529089053916664, 18.649842796407967 ], [ -92.529015813129263, 18.650277380296945 ], [ -92.528966014070249, 18.650694909442574 ], [ -92.528932223843015, 18.650901491810426 ], [ -92.52875598999691, 18.651538671372638 ], [ -92.528639487322437, 18.652160438353572 ], [ -92.528454157733165, 18.652789278502414 ], [ -92.528333690847091, 18.65341051308474 ], [ -92.528142396954024, 18.654040791249507 ], [ -92.528011316269215, 18.654663906314287 ], [ -92.527945339305916, 18.654871676686582 ], [ -92.527797521338528, 18.655285306371873 ], [ -92.527680686814222, 18.655695194877399 ], [ -92.527610526204796, 18.655898517202814 ], [ -92.527516681049974, 18.65610031068087 ], [ -92.527186846595669, 18.656694891156345 ], [ -92.52709809340223, 18.656895052364781 ], [ -92.527037812744823, 18.65710058702253 ], [ -92.52701398610651, 18.657312578812565 ], [ -92.527018657185238, 18.657529721919126 ], [ -92.527094729038481, 18.658202532620766 ], [ -92.527103332852505, 18.65842554020654 ], [ -92.527088999457703, 18.658638664243021 ], [ -92.527035538359371, 18.659060859970737 ], [ -92.527005334628427, 18.659493465351193 ], [ -92.526982055677308, 18.659708511238911 ], [ -92.526849928181605, 18.660335170531752 ], [ -92.526763535708596, 18.66097336273053 ], [ -92.526622887136512, 18.66160530104386 ], [ -92.526595845421866, 18.661816946594833 ], [ -92.526556911971852, 18.662244144351824 ], [ -92.526496305759849, 18.662673897082755 ], [ -92.526479534303007, 18.662892049228716 ], [ -92.526485595733618, 18.663106269538716 ], [ -92.526591587132032, 18.663983411605226 ], [ -92.526595828334791, 18.664199083421028 ], [ -92.526575623266353, 18.664419198787083 ], [ -92.526504271954536, 18.664853463416637 ], [ -92.526453035778957, 18.665270405305009 ], [ -92.526419768057792, 18.665477401361052 ], [ -92.526257701231884, 18.666114315623208 ], [ -92.526150473265716, 18.666738303929634 ], [ -92.526000684883684, 18.667368332982228 ], [ -92.525971728512445, 18.667580981277325 ], [ -92.525930797668138, 18.668009749250572 ], [ -92.525871362373437, 18.668438662014676 ], [ -92.525855802303397, 18.66865638968066 ], [ -92.525873831911781, 18.668978467482344 ], [ -92.525986409045515, 18.669754429523373 ], [ -92.525999515765022, 18.669974773317158 ], [ -92.525991483020505, 18.670190756298425 ], [ -92.525953742970842, 18.670618674412356 ], [ -92.525936717005834, 18.671270428387647 ], [ -92.525899845701304, 18.671700057911377 ], [ -92.525892873257476, 18.6719171488574 ], [ -92.525907834379041, 18.672138536764102 ], [ -92.526051332902682, 18.673040108913966 ], [ -92.526065795799809, 18.673261687476952 ], [ -92.526057663230517, 18.673481534844996 ], [ -92.526016003036091, 18.673916842688175 ], [ -92.525986972021087, 18.674578478414091 ], [ -92.525932358891225, 18.675015692819997 ], [ -92.525913428162141, 18.67523537831012 ], [ -92.525915451636763, 18.675472782243162 ], [ -92.525970271610731, 18.676203270064892 ], [ -92.525957339359707, 18.676448184236367 ], [ -92.525910712209566, 18.67665736744361 ], [ -92.525840390621511, 18.676860099813759 ], [ -92.525665584898775, 18.677297771974608 ], [ -92.525550309798916, 18.677530047973395 ], [ -92.525414976220134, 18.677728588603543 ], [ -92.524864824951692, 18.678412860265329 ], [ -92.524686543349276, 18.678659907628685 ], [ -92.52453342657634, 18.678912310454809 ], [ -92.524386833485551, 18.679226361807203 ], [ -92.5241947427931, 18.679732497556746 ], [ -92.52413841285744, 18.679916559101962 ], [ -92.52411229744456, 18.680070756860033 ], [ -92.524127572429506, 18.680219368029455 ], [ -92.524182414886525, 18.680284792808997 ] ] ] ] } },
{ "type": "Feature", "properties": { "nombre": "RASHA", "superficie": "9.17", "ubicacin": "Terrestre", "comentario": null, "petrleo_cr": "0.09", "crudo_1p_m": "0", "gas_natura": "0.46", "condensado": "0", "volumen_or": "0", "volumen__1": "15.1", "petrleo__1": "0.09", "crudo_2p_m": "0", "gas_natu_1": "0.46", "condensa_1": "0", "volumen__2": "0", "volumen__3": "17.83", "petrleo__2": "0.41", "crudo_3p_m": "0", "gas_natu_2": "2.15", "condensa_2": "0", "volumen__4": "0", "volumen__5": "17.67" }, "geometry": { "type": "MultiPolygon", "coordinates": [ [ [ [ -92.587839039140306, 18.604684973932471 ], [ -92.588353359619816, 18.606682568745637 ], [ -92.588617515685769, 18.607778702924847 ], [ -92.588735538214507, 18.608310925308995 ], [ -92.588834396190407, 18.608799592627118 ], [ -92.588978809324544, 18.609647508525747 ], [ -92.589090862153512, 18.610481484932627 ], [ -92.58912991970999, 18.610858174065513 ], [ -92.589186336879891, 18.611612685477084 ], [ -92.589210888371781, 18.612367175304964 ], [ -92.589207907119203, 18.612753458405429 ], [ -92.589193467604389, 18.613138691997118 ], [ -92.589166730759985, 18.613522296916528 ], [ -92.589125841284499, 18.613903538417603 ], [ -92.58906784490506, 18.614281476708811 ], [ -92.588988548982286, 18.614654913893229 ], [ -92.588870902370218, 18.615065467897068 ], [ -92.58872766375066, 18.61546993439001 ], [ -92.588564502449799, 18.615869125459817 ], [ -92.58838507960769, 18.616263238058028 ], [ -92.588191293693228, 18.61665183781211 ], [ -92.587983423496155, 18.617033805965416 ], [ -92.587760180288058, 18.617407244049087 ], [ -92.587518666453263, 18.617769329091274 ], [ -92.587274690274683, 18.618093902511649 ], [ -92.58701452360134, 18.618406648048406 ], [ -92.586740502871862, 18.618707970396517 ], [ -92.586453757634786, 18.61899723823198 ], [ -92.586154269903602, 18.619272713165227 ], [ -92.585840893042757, 18.619531437326025 ], [ -92.585511320291175, 18.619769077780703 ], [ -92.585125740460512, 18.62000309936359 ], [ -92.584722201168631, 18.620211081076611 ], [ -92.584305251186379, 18.620397598670287 ], [ -92.583878068717866, 18.620564978690883 ], [ -92.583442699720763, 18.620713415391847 ], [ -92.583000239569344, 18.620840979727443 ], [ -92.582550964355505, 18.620943517729192 ], [ -92.582134338129151, 18.621011898580324 ], [ -92.581713449116364, 18.621059488005017 ], [ -92.581289742527531, 18.621090204349496 ], [ -92.58086439917264, 18.621106466790078 ], [ -92.58043842539297, 18.621109314942998 ], [ -92.580012736698393, 18.621098471817067 ], [ -92.579588234209609, 18.621072336619093 ], [ -92.579165878402534, 18.621027932593041 ], [ -92.578733587784825, 18.620960314367 ], [ -92.578304398928822, 18.620874019920116 ], [ -92.577878222801701, 18.620772928028238 ], [ -92.577455252757659, 18.620659487545378 ], [ -92.577036005007585, 18.620534847805004 ], [ -92.576621374376884, 18.620398932364886 ], [ -92.576212708049979, 18.620250439905913 ], [ -92.575811904495765, 18.6200867857766 ], [ -92.575421529479968, 18.619903988678168 ], [ -92.575053667192947, 18.619704435411389 ], [ -92.574696087754205, 18.619487010816954 ], [ -92.574346769487761, 18.619255869762622 ], [ -92.574004385893659, 18.619013997997687 ], [ -92.57366824629247, 18.618763379426451 ], [ -92.573338270644626, 18.618505113020618 ], [ -92.573014988650755, 18.618239492858383 ], [ -92.572699570328894, 18.617966044097699 ], [ -92.572393888067438, 18.617683520278241 ], [ -92.572100602061084, 18.617389868247848 ], [ -92.571802959738761, 18.617061654371909 ], [ -92.571518792857944, 18.616721684558168 ], [ -92.571244418694903, 18.616373268311726 ], [ -92.570714639768767, 18.61566037752446 ], [ -92.569944173484771, 18.614571455008658 ], [ -92.569200971047962, 18.613495382905622 ], [ -92.568474211815385, 18.612425320072528 ], [ -92.567999084689973, 18.611706977594991 ], [ -92.567766698973969, 18.611344942015549 ], [ -92.567328882022252, 18.610636151237436 ], [ -92.566902782337479, 18.609920883541989 ], [ -92.56627803050668, 18.608840393969029 ], [ -92.565871472190679, 18.60811515549009 ], [ -92.565477537658182, 18.607383870869004 ], [ -92.564907459211838, 18.606250882472306 ], [ -92.564358977984398, 18.605107654394786 ], [ -92.563821438808304, 18.603959409898909 ], [ -92.56346986414286, 18.603191004861046 ], [ -92.563125091949416, 18.602412809803344 ], [ -92.56245670950949, 18.600833751376584 ], [ -92.562132511106483, 18.600040243562415 ], [ -92.56181843457307, 18.599243068313022 ], [ -92.561667518441197, 18.598842365482806 ], [ -92.561390556029323, 18.598062083098693 ], [ -92.561129089835617, 18.597276941677588 ], [ -92.560881873399694, 18.596488154404838 ], [ -92.560654496008169, 18.595695467671753 ], [ -92.560552313238645, 18.595297171427394 ], [ -92.560461358504881, 18.59489709542461 ], [ -92.560385429643816, 18.594494719855511 ], [ -92.560329060137974, 18.594100821295886 ], [ -92.560287552828242, 18.593704783249208 ], [ -92.560257975924799, 18.593307148905836 ], [ -92.56023835541572, 18.592908363430325 ], [ -92.560225373701996, 18.592108787890332 ], [ -92.560232249019066, 18.591708638143164 ], [ -92.560249553773872, 18.591308668260449 ], [ -92.560279290756625, 18.590901083818022 ], [ -92.560319653229385, 18.590494146887394 ], [ -92.560426745397933, 18.589683065421191 ], [ -92.56049293550052, 18.589279674517378 ], [ -92.560568680000529, 18.588878514831638 ], [ -92.560656020359033, 18.588480481189311 ], [ -92.560758087115971, 18.588086787675138 ], [ -92.560879268063729, 18.587699041377732 ], [ -92.561034124125513, 18.587292280714216 ], [ -92.561210933537723, 18.5868930230946 ], [ -92.5614049964434, 18.586500301747577 ], [ -92.561613329791328, 18.586113899936635 ], [ -92.561834512652581, 18.585734380637263 ], [ -92.562068607979825, 18.585363167476267 ], [ -92.562317163506236, 18.585002674234062 ], [ -92.56258330077867, 18.584656491004271 ], [ -92.562871875236794, 18.584329628809382 ], [ -92.563193917065576, 18.584020362749566 ], [ -92.563538905096379, 18.583732679519603 ], [ -92.563901347169406, 18.583463042085778 ], [ -92.564277513796185, 18.583209828071194 ], [ -92.564665182751924, 18.582973276695434 ], [ -92.565063469103791, 18.582755540935533 ], [ -92.565472726285236, 18.58256083591392 ], [ -92.565894509224165, 18.582395692507252 ], [ -92.56631864209163, 18.582268648879101 ], [ -92.566753342892412, 18.582169187458046 ], [ -92.567195608790257, 18.58209050127568 ], [ -92.567643180688208, 18.582027767267668 ], [ -92.568094376853992, 18.581977859390747 ], [ -92.568547949028584, 18.581939140878749 ], [ -92.569002967313054, 18.581911339236989 ], [ -92.569458726638914, 18.581895502175719 ], [ -92.569914664030478, 18.581894024589587 ], [ -92.570349844169925, 18.581908253663027 ], [ -92.570784393884651, 18.58193600764066 ], [ -92.571217933660648, 18.581975424925982 ], [ -92.571650007541791, 18.582025778866615 ], [ -92.572080034565886, 18.58208743908407 ], [ -92.572507264698459, 18.582161888560329 ], [ -92.572930712282528, 18.582251787490087 ], [ -92.573360107083261, 18.582362383417347 ], [ -92.573785220211732, 18.582488490851272 ], [ -92.574206709072314, 18.582626581751413 ], [ -92.574624859649532, 18.582774320578483 ], [ -92.575450364442702, 18.58309462131977 ], [ -92.575856257260455, 18.583267572640406 ], [ -92.576255758596346, 18.583450967788011 ], [ -92.5766467271647, 18.583647591962833 ], [ -92.577026241967474, 18.58386147322846 ], [ -92.577374417195585, 18.584084245191818 ], [ -92.577711488494344, 18.584322985517414 ], [ -92.578039376815752, 18.584574279479444 ], [ -92.578359233291962, 18.584835747471796 ], [ -92.578671483302287, 18.585105923599553 ], [ -92.578975836365714, 18.585384172941307 ], [ -92.579271262758539, 18.585670642086551 ], [ -92.579555948548148, 18.585966250142398 ], [ -92.579827202963031, 18.586272713015333 ], [ -92.580106645705087, 18.586622685088884 ], [ -92.580370804468998, 18.586984476952136 ], [ -92.580623619184621, 18.587354861837451 ], [ -92.580867911924543, 18.587731497910315 ], [ -92.581105570365764, 18.588112763693111 ], [ -92.581564657183151, 18.588885526845594 ], [ -92.582001483081967, 18.589670394872908 ], [ -92.582192706827925, 18.590035105935428 ], [ -92.582561113204747, 18.590771153366042 ], [ -92.583090225733315, 18.591885413381181 ], [ -92.583428887932769, 18.592633660115364 ], [ -92.583751227437176, 18.593387893636429 ], [ -92.58405513623552, 18.594159941827883 ], [ -92.584485153367098, 18.59532740033934 ], [ -92.585346971885201, 18.597736667912937 ], [ -92.586607660415154, 18.601221629874388 ], [ -92.587839039140306, 18.604684973932471 ] ] ] ] } },
{ "type": "Feature", "properties": { "nombre": "AMOCA", "superficie": "9.49", "ubicacin": "Marino", "comentario": null, "petrleo_cr": "79.49", "crudo_1p_m": "73.5", "gas_natura": "31.8", "condensado": "0", "volumen_or": "840.3", "volumen__1": "361.77", "petrleo__1": "207.14", "crudo_2p_m": "188.88", "gas_natu_1": "96.97", "condensa_1": "0", "volumen__2": "39", "volumen__3": "18.28", "petrleo__2": "427.62", "crudo_3p_m": "390.39", "gas_natu_2": "197.72", "condensa_2": "0", "volumen__4": "384.98", "volumen__5": "168.26" }, "geometry": { "type": "MultiPolygon", "coordinates": [ [ [ [ -93.882539865832484, 18.351504273786183 ], [ -93.880276568370505, 18.351321279007028 ], [ -93.878456054750757, 18.350717150167647 ], [ -93.876635541130895, 18.350113019189493 ], [ -93.875831770087416, 18.349725376602116 ], [ -93.875137403010854, 18.349355360746284 ], [ -93.874443035934291, 18.348985344088476 ], [ -93.873825233303478, 18.348472786819848 ], [ -93.873207430672721, 18.347960228012145 ], [ -93.87262517177129, 18.347284607590314 ], [ -93.872042912869745, 18.346608984494377 ], [ -93.871352218720233, 18.346056694141389 ], [ -93.870661524570551, 18.345504402001691 ], [ -93.869912130775958, 18.344955045088515 ], [ -93.86916273698148, 18.344405686407665 ], [ -93.868340326511145, 18.343792564805831 ], [ -93.867517916040754, 18.343179441002327 ], [ -93.86706236633313, 18.34267146303435 ], [ -93.866606816625392, 18.342163483555264 ], [ -93.866593622796074, 18.341757288334851 ], [ -93.866580428966586, 18.3413510921485 ], [ -93.866430564210759, 18.340855093052806 ], [ -93.866280699455046, 18.340359092516753 ], [ -93.865814522952064, 18.339959532324301 ], [ -93.865348346449252, 18.339559971197215 ], [ -93.864720390535581, 18.33954312391883 ], [ -93.864092434621909, 18.339526276638573 ], [ -93.863444015795608, 18.33955090034523 ], [ -93.862795596969363, 18.339575524048314 ], [ -93.86211822560216, 18.339691713303864 ], [ -93.8614408542349, 18.33980790248031 ], [ -93.860961755468736, 18.339969320918801 ], [ -93.860482656702857, 18.340130739204657 ], [ -93.860145913211966, 18.340225916846375 ], [ -93.859809169721188, 18.340321094435229 ], [ -93.859516377305169, 18.34039869639404 ], [ -93.859223584889094, 18.340476298317334 ], [ -93.859112150001806, 18.340497923192572 ], [ -93.859000715114462, 18.340519548065163 ], [ -93.858913933928761, 18.340524142423067 ], [ -93.858827152743117, 18.340528736781042 ], [ -93.858744916842852, 18.340514762334923 ], [ -93.85866268094253, 18.340500787887862 ], [ -93.858585320504631, 18.340468235591398 ], [ -93.858507960066845, 18.340435683288664 ], [ -93.858434015525688, 18.34039123649455 ], [ -93.858360070984531, 18.340346789688628 ], [ -93.85829009188592, 18.340295039830046 ], [ -93.858220112787251, 18.340243289955787 ], [ -93.858156600219957, 18.340185439262648 ], [ -93.858093087652549, 18.340127588549649 ], [ -93.858040730707273, 18.340061448081066 ], [ -93.857988373761941, 18.339995307586868 ], [ -93.857950285533889, 18.339918904681049 ], [ -93.85791219730595, 18.339842501740669 ], [ -93.857885483410598, 18.339758642346773 ], [ -93.857858769515303, 18.339674782911672 ], [ -93.857829923722079, 18.339542847114796 ], [ -93.857801077928968, 18.339410911216106 ], [ -93.857765859943981, 18.339210015152648 ], [ -93.857730641959108, 18.339009118853003 ], [ -93.857703908104497, 18.338809154372463 ], [ -93.857677174249886, 18.338609189658023 ], [ -93.857652389584302, 18.338323497224327 ], [ -93.857627604918775, 18.338037804312911 ], [ -93.857606982685866, 18.337730316689157 ], [ -93.85758636045307, 18.337422828511826 ], [ -93.857582954101758, 18.337269171140612 ], [ -93.857579547750504, 18.337115513631417 ], [ -93.857585113705738, 18.337027449071655 ], [ -93.857590679661087, 18.336939384466667 ], [ -93.857622697033548, 18.33669696455814 ], [ -93.857654714406067, 18.336454544305585 ], [ -93.857693377761223, 18.336167932995956 ], [ -93.857732041116321, 18.335881321205484 ], [ -93.857745080880079, 18.335748871962238 ], [ -93.857758120643837, 18.33561642261639 ], [ -93.85775892081773, 18.3355275670712 ], [ -93.857759720991908, 18.335438711479931 ], [ -93.857753442208264, 18.335349566191262 ], [ -93.857747163424619, 18.335260420856237 ], [ -93.857734610622913, 18.3351721089251 ], [ -93.85772205782115, 18.335083796948187 ], [ -93.857702173256598, 18.334997331293451 ], [ -93.857682288691933, 18.334910865595003 ], [ -93.857652606973716, 18.334828420021502 ], [ -93.857622925255384, 18.334745974408271 ], [ -93.857583638083099, 18.334667881383595 ], [ -93.857544350910928, 18.334589788323402 ], [ -93.857498155592509, 18.334514771188559 ], [ -93.857451960274091, 18.334439754020725 ], [ -93.857400120743023, 18.334368292257281 ], [ -93.857348281211841, 18.334296830463863 ], [ -93.857290321165237, 18.334231382633224 ], [ -93.85723236111869, 18.334165934777698 ], [ -93.857168221414099, 18.334108156433171 ], [ -93.857104081709622, 18.334050378069389 ], [ -93.857017110427648, 18.333985684398137 ], [ -93.856930139145732, 18.333920990702229 ], [ -93.856750563817343, 18.333796911276774 ], [ -93.856570988488897, 18.333672831761028 ], [ -93.856411549029019, 18.33355935834048 ], [ -93.856252109569084, 18.333445884844632 ], [ -93.856188628297446, 18.333388351614676 ], [ -93.85612514702575, 18.333330818365397 ], [ -93.856068287553512, 18.333266267060914 ], [ -93.85601142808116, 18.333201715731754 ], [ -93.85596070823658, 18.333131449245858 ], [ -93.855909988392, 18.333061182730926 ], [ -93.855864322645346, 18.33298724120279 ], [ -93.855818656898691, 18.332913299642779 ], [ -93.855767724356667, 18.332817035984363 ], [ -93.855716791814757, 18.332720772271426 ], [ -93.855613185531126, 18.332504069902321 ], [ -93.855509579247382, 18.332287367258264 ], [ -93.855404719997921, 18.332071505500267 ], [ -93.855299860748403, 18.331855643469272 ], [ -93.855245895751295, 18.331761432405742 ], [ -93.855191930754359, 18.331667221290232 ], [ -93.855141479237716, 18.331596925043176 ], [ -93.85509102772096, 18.331526628767396 ], [ -93.855018845586414, 18.331444962543344 ], [ -93.854946663451813, 18.331363296280305 ], [ -93.854738051487516, 18.331219702798652 ], [ -93.854529439522992, 18.331076109196392 ], [ -93.854092280399072, 18.33077752068797 ], [ -93.853655121275153, 18.33047893165806 ], [ -93.853153352061497, 18.330361513113463 ], [ -93.852651582847955, 18.330244094488297 ], [ -93.852276765272279, 18.330463977994153 ], [ -93.85190194769666, 18.330683861217029 ], [ -93.851548172198534, 18.330685440386898 ], [ -93.851194396700294, 18.330687019556596 ], [ -93.850897140094105, 18.330188579090823 ], [ -93.850599883487916, 18.32969013717106 ], [ -93.850420038239292, 18.329085586631166 ], [ -93.850240192990725, 18.328481033952279 ], [ -93.849928340401732, 18.328010811433014 ], [ -93.849616487812625, 18.327540587620092 ], [ -93.84909913136562, 18.327247252337816 ], [ -93.848581774918443, 18.326953916552451 ], [ -93.848241168864774, 18.326631638348662 ], [ -93.847900562810821, 18.326309359537376 ], [ -93.848112890262883, 18.32601981653163 ], [ -93.848325217714773, 18.325730273035642 ], [ -93.848957742099572, 18.325459977129253 ], [ -93.849590266484256, 18.325189680795713 ], [ -93.850302826195843, 18.324707854822208 ], [ -93.85101538590726, 18.324226027490429 ], [ -93.851728972486342, 18.323955360398486 ], [ -93.852442559065196, 18.323684692877723 ], [ -93.853194060850797, 18.323632059787641 ], [ -93.853945562636397, 18.323579426681629 ], [ -93.855197833453246, 18.323454743127289 ], [ -93.856450104270152, 18.323330059482196 ], [ -93.85858221605514, 18.322988580541768 ], [ -93.860714327840412, 18.322647100919102 ], [ -93.862444605812414, 18.322293783576566 ], [ -93.864174883784585, 18.321940465503662 ], [ -93.864993065088186, 18.321722430134002 ], [ -93.865811246391615, 18.32150439448635 ], [ -93.866458957711757, 18.321332518582928 ], [ -93.867106669031728, 18.321160642506676 ], [ -93.86774181057018, 18.320950794120971 ], [ -93.868376952108747, 18.320740945477414 ], [ -93.869076106165096, 18.320540670449173 ], [ -93.869775260221331, 18.320340395186349 ], [ -93.87116913567985, 18.320283129543451 ], [ -93.872563011138482, 18.320225863881383 ], [ -93.874384427970313, 18.32042868995536 ], [ -93.876205844802087, 18.320631515788808 ], [ -93.877261035962192, 18.321128060146449 ], [ -93.878316227122355, 18.321624603062013 ], [ -93.878878864019043, 18.322121777549885 ], [ -93.879441500915789, 18.322618950592005 ], [ -93.880026040784003, 18.323073787171602 ], [ -93.880610580652274, 18.323528622540817 ], [ -93.881188398671213, 18.324110187704843 ], [ -93.881766216690266, 18.324691750890398 ], [ -93.882292844191397, 18.325350977692185 ], [ -93.882819471692585, 18.326010201951934 ], [ -93.883711525027763, 18.327931532942767 ], [ -93.884603578363226, 18.329852842333633 ], [ -93.885396638607801, 18.331687909356763 ], [ -93.88618969885232, 18.333522956671416 ], [ -93.886435578622297, 18.33407413241952 ], [ -93.886681458392331, 18.334625306389228 ], [ -93.886960786244401, 18.335160315924391 ], [ -93.887240114096528, 18.335695323783909 ], [ -93.887611705639472, 18.336241910174451 ], [ -93.887983297182529, 18.336788494816233 ], [ -93.889056526162335, 18.338164521763357 ], [ -93.890129755142084, 18.339540537624618 ], [ -93.891634916564158, 18.341368157036708 ], [ -93.893140077986061, 18.343195756889077 ], [ -93.893879635844655, 18.344162154597267 ], [ -93.894619193703249, 18.34512854683549 ], [ -93.89486921018073, 18.34560309150238 ], [ -93.895119226658096, 18.346077634850065 ], [ -93.895248925237013, 18.346639238323508 ], [ -93.8953786238161, 18.347200839949313 ], [ -93.895130647198812, 18.347709436822395 ], [ -93.894882670581694, 18.348218032180217 ], [ -93.893810276654904, 18.348695893105802 ], [ -93.892737882727999, 18.349173752693403 ], [ -93.890754489656786, 18.349814428845203 ], [ -93.888771096585572, 18.350455102592132 ], [ -93.886787129940046, 18.351071186592478 ], [ -93.884803163294407, 18.351687268368813 ], [ -93.882539865832484, 18.351504273786183 ] ] ] ] } },
{ "type": "Feature", "properties": { "nombre": "MIZTON", "superficie": "7.18", "ubicacin": "Marino", "comentario": null, "petrleo_cr": "27.82", "crudo_1p_m": "23.82", "gas_natura": "21.22", "condensado": "0", "volumen_or": "305", "volumen__1": "232.24", "petrleo__1": "62.73", "crudo_2p_m": "53.59", "gas_natu_1": "48.54", "condensa_1": "0", "volumen__2": "0", "volumen__3": "0", "petrleo__2": "99.5", "crudo_3p_m": "87.08", "gas_natu_2": "65.97", "condensa_2": "0", "volumen__4": "2.69", "volumen__5": "2.05" }, "geometry": { "type": "MultiPolygon", "coordinates": [ [ [ [ -93.788315154270151, 18.423811050407256 ], [ -93.788155459386189, 18.423531063510659 ], [ -93.787990230482023, 18.423415076030405 ], [ -93.787825001577858, 18.423299088470973 ], [ -93.787652062467544, 18.423217824134902 ], [ -93.78747912335723, 18.423136559759946 ], [ -93.787233997282328, 18.423036988696381 ], [ -93.786988871207427, 18.422937417574349 ], [ -93.786758893491594, 18.422843665949912 ], [ -93.786528915775818, 18.42274991427379 ], [ -93.786346473495769, 18.422664103641107 ], [ -93.786164031215662, 18.422578292964982 ], [ -93.785948256976837, 18.422461995509984 ], [ -93.785732482738069, 18.422345697975334 ], [ -93.785498382250523, 18.4222066228714 ], [ -93.785264281763091, 18.422067547653569 ], [ -93.784763041074768, 18.42174547347021 ], [ -93.784261800386503, 18.421423398676531 ], [ -93.783701111722223, 18.421056199293478 ], [ -93.783140423058001, 18.42068899911709 ], [ -93.782766661737639, 18.420447359331394 ], [ -93.782392900417449, 18.420205719202333 ], [ -93.781928880961573, 18.419924216807786 ], [ -93.781464861505754, 18.419642713947081 ], [ -93.78109040345106, 18.419411502761072 ], [ -93.780715945396366, 18.419180291260343 ], [ -93.780474867799285, 18.4190049351614 ], [ -93.780233790202033, 18.4188295788815 ], [ -93.78000347482191, 18.418643244669621 ], [ -93.779773159441902, 18.418456910253248 ], [ -93.779581002680743, 18.418279406424389 ], [ -93.77938884591947, 18.418101902410289 ], [ -93.779231993350209, 18.417939358512786 ], [ -93.779075140781003, 18.417776814459717 ], [ -93.77893004577254, 18.417599944659194 ], [ -93.778784950764361, 18.417423074674389 ], [ -93.778649030279098, 18.41723351070187 ], [ -93.778513109793835, 18.417043946517914 ], [ -93.778411799301978, 18.416880962032849 ], [ -93.778310488810007, 18.41671797739161 ], [ -93.778197247234516, 18.416510458229919 ], [ -93.778084005659025, 18.416302938814923 ], [ -93.777951002050372, 18.416035354179002 ], [ -93.777817998441776, 18.415767769122006 ], [ -93.777704748138319, 18.415539234675677 ], [ -93.777591497834976, 18.415310699922077 ], [ -93.777497711979606, 18.41514493427605 ], [ -93.777403926124293, 18.414979168468065 ], [ -93.777317634885321, 18.414844309168874 ], [ -93.777231343646349, 18.414709449762938 ], [ -93.777105605443523, 18.414540606113597 ], [ -93.776979867240698, 18.414371762296728 ], [ -93.77677259074261, 18.414124648647324 ], [ -93.776565314244408, 18.413877534638711 ], [ -93.776359422461894, 18.413644457887788 ], [ -93.776153530679323, 18.413411380817244 ], [ -93.776029768018304, 18.413263541553416 ], [ -93.775906005357285, 18.413115702161083 ], [ -93.775826181105458, 18.412998159595407 ], [ -93.775746356853631, 18.412880616948289 ], [ -93.775681375995987, 18.412765158781706 ], [ -93.775616395138286, 18.41264970053696 ], [ -93.775565916743517, 18.412531319700626 ], [ -93.775515438348691, 18.412412938781941 ], [ -93.775418030906678, 18.412110149078696 ], [ -93.775320623464722, 18.411807358836253 ], [ -93.775070304282735, 18.411057449367313 ], [ -93.774819985100748, 18.410307536591702 ], [ -93.774578380432899, 18.409629151564953 ], [ -93.774336775764993, 18.408950763832493 ], [ -93.774224999952651, 18.40868220802416 ], [ -93.774113224140422, 18.408413651791403 ], [ -93.774022843710327, 18.40823399859331 ], [ -93.773932463280232, 18.408054345205347 ], [ -93.773847054591442, 18.407911086002638 ], [ -93.773761645902596, 18.407767826679102 ], [ -93.773658724532424, 18.407618064988746 ], [ -93.773555803162139, 18.407468303166642 ], [ -93.773434568272535, 18.407313910145078 ], [ -93.773313333382873, 18.407159516983352 ], [ -93.773182675989233, 18.407013801020117 ], [ -93.773052018595649, 18.406868084932238 ], [ -93.772956977593196, 18.406770595954633 ], [ -93.77286193659063, 18.406673106921076 ], [ -93.772743457249192, 18.40656585774315 ], [ -93.77262497790764, 18.406458608497768 ], [ -93.77245233221339, 18.406314409796742 ], [ -93.772279686519028, 18.406170210973389 ], [ -93.772046069817861, 18.406000614703945 ], [ -93.771812453116468, 18.405831018265335 ], [ -93.771507820420595, 18.405617462455897 ], [ -93.771203187724723, 18.405403906378176 ], [ -93.770958222315471, 18.405222939930102 ], [ -93.770713256906049, 18.405041973289855 ], [ -93.770576194912735, 18.404927041098311 ], [ -93.770439132919364, 18.40481210882928 ], [ -93.77035065021937, 18.40472253251771 ], [ -93.770262167519263, 18.404632956159151 ], [ -93.770190688857213, 18.40454782066637 ], [ -93.770119210195219, 18.404462685130731 ], [ -93.77005933721, 18.404370723862311 ], [ -93.769999464224668, 18.404278762544074 ], [ -93.769954053308652, 18.40419421503821 ], [ -93.769908642392579, 18.404109667490374 ], [ -93.769884056306751, 18.404047096982115 ], [ -93.769859470220695, 18.403984526450987 ], [ -93.769837546527469, 18.403897665768437 ], [ -93.76981562283413, 18.403810805041616 ], [ -93.769802830596348, 18.403711708856495 ], [ -93.769790038358678, 18.403612612613866 ], [ -93.769791060341277, 18.403530827359507 ], [ -93.769792082323875, 18.403449042066118 ], [ -93.769810363280158, 18.403346822945863 ], [ -93.769828644236441, 18.403244603764335 ], [ -93.769864747019199, 18.403119350454002 ], [ -93.7699008498019, 18.402994097051693 ], [ -93.769963090674992, 18.402842697596231 ], [ -93.77002533154797, 18.402691298006143 ], [ -93.770142706999081, 18.402442520881547 ], [ -93.770260082450136, 18.402193743393141 ], [ -93.770374548078962, 18.40194342503138 ], [ -93.770489013707731, 18.401693106301348 ], [ -93.770548863108274, 18.40153388654614 ], [ -93.770608712508817, 18.401374666641871 ], [ -93.770650631229159, 18.401228114879977 ], [ -93.770692549949388, 18.401081562992204 ], [ -93.770726950176595, 18.400916494718164 ], [ -93.770761350403689, 18.400751426283669 ], [ -93.77078420889984, 18.400569454901355 ], [ -93.770807067395822, 18.400387483324149 ], [ -93.77081743134562, 18.400177264615724 ], [ -93.770827795295531, 18.399967045648054 ], [ -93.77082457399041, 18.399746244077235 ], [ -93.770821352685402, 18.399525442219886 ], [ -93.7707961003847, 18.399135307285565 ], [ -93.770770848083941, 18.39874517145671 ], [ -93.770747827157265, 18.398275603386605 ], [ -93.770724806230476, 18.397806034020984 ], [ -93.770726802077832, 18.397516005891504 ], [ -93.770728797925187, 18.397225977267578 ], [ -93.770737351603486, 18.397075399794939 ], [ -93.770745905281785, 18.396924822189064 ], [ -93.77076207509208, 18.396781649817736 ], [ -93.770778244902374, 18.396638477325894 ], [ -93.770802030129971, 18.396484134895662 ], [ -93.770825815357512, 18.39632979232567 ], [ -93.770865279705845, 18.396170324285485 ], [ -93.770904744054405, 18.396010856095874 ], [ -93.770988619253103, 18.395775298878632 ], [ -93.771072494451914, 18.395539741335007 ], [ -93.771278849981115, 18.395171839548489 ], [ -93.771485205510373, 18.394803936966778 ], [ -93.771876292639206, 18.394224709045687 ], [ -93.772267379767925, 18.393645479153768 ], [ -93.772769964855456, 18.393425886141877 ], [ -93.773272549943044, 18.393206292847072 ], [ -93.774244495611356, 18.393821554182978 ], [ -93.775216441279724, 18.394436813295247 ], [ -93.7763679586227, 18.395175745277541 ], [ -93.777519475965448, 18.395914674052399 ], [ -93.778195841979311, 18.396238488189333 ], [ -93.778872207993174, 18.396562301710205 ], [ -93.779347214033521, 18.396656460113931 ], [ -93.779822220073811, 18.396750618465983 ], [ -93.780553283463291, 18.396692396228666 ], [ -93.781284346852999, 18.396634173971631 ], [ -93.781893893420204, 18.396535563749225 ], [ -93.782503439987636, 18.396436953469642 ], [ -93.782971147594083, 18.396195671350689 ], [ -93.783438855200643, 18.395954388889876 ], [ -93.784133243740484, 18.395565534592841 ], [ -93.784827632280383, 18.39517667940726 ], [ -93.785389426918698, 18.394917448938536 ], [ -93.785951221556957, 18.394658218074778 ], [ -93.78643865858777, 18.394479131391343 ], [ -93.786926095618583, 18.394300044519387 ], [ -93.787267289195086, 18.39408800472458 ], [ -93.787608482771702, 18.393875964665476 ], [ -93.787851380513075, 18.393337472838539 ], [ -93.788094278254391, 18.392798979308036 ], [ -93.788311324392339, 18.392238345482479 ], [ -93.788528370530116, 18.391677709810537 ], [ -93.788685063888124, 18.391133563417728 ], [ -93.788841757246132, 18.390589415286009 ], [ -93.789073958290487, 18.389925081886329 ], [ -93.789306159334956, 18.389260745894958 ], [ -93.789666986680913, 18.388477712560032 ], [ -93.790027814026757, 18.387694675624694 ], [ -93.790714096581212, 18.386584474169872 ], [ -93.791400379135609, 18.385474265477903 ], [ -93.792202720541468, 18.384380663511259 ], [ -93.793005061947326, 18.383287054523343 ], [ -93.793696742566965, 18.38266927007183 ], [ -93.794388423186547, 18.382051483379982 ], [ -93.794764827678478, 18.381917248857132 ], [ -93.795141232170238, 18.381783014228585 ], [ -93.795574358915303, 18.381487786293285 ], [ -93.796007485660596, 18.381192557846777 ], [ -93.796456455057125, 18.380913413402219 ], [ -93.796905424453541, 18.38063426850033 ], [ -93.796984158597013, 18.380736812788069 ], [ -93.797062892740485, 18.380839357014153 ], [ -93.797122331152707, 18.381175510016121 ], [ -93.797181769564929, 18.3815116623548 ], [ -93.797257505587822, 18.382012291703063 ], [ -93.797333241610772, 18.382512919580421 ], [ -93.797386585422714, 18.382908211462276 ], [ -93.797439929234883, 18.383303502426845 ], [ -93.79747072756328, 18.383611767215612 ], [ -93.797501525891619, 18.383920031446511 ], [ -93.797532079164228, 18.384347106282277 ], [ -93.797562632436836, 18.384774180047241 ], [ -93.797591698034807, 18.385119550907511 ], [ -93.797620763632608, 18.385464921067353 ], [ -93.797651156711424, 18.385637631700874 ], [ -93.797681549790354, 18.385810342159317 ], [ -93.797719762351448, 18.385954653301507 ], [ -93.797757974912543, 18.386098964321341 ], [ -93.797798240316638, 18.386217644551426 ], [ -93.797838505720733, 18.386336324698551 ], [ -93.797892190056473, 18.386463956892097 ], [ -93.797945874392099, 18.386591588989873 ], [ -93.798042046652142, 18.386789871031308 ], [ -93.798138218912072, 18.386988152842029 ], [ -93.798242424270995, 18.387201470882065 ], [ -93.798346629629805, 18.387414788654965 ], [ -93.798410706610412, 18.387567379797137 ], [ -93.798474783591018, 18.387719970802554 ], [ -93.798511889606345, 18.387840323427337 ], [ -93.798548995621672, 18.387960675967008 ], [ -93.798578577182411, 18.38811899623359 ], [ -93.798608158742923, 18.388277316353083 ], [ -93.798630031737559, 18.388480369951044 ], [ -93.798651904732083, 18.388683423306631 ], [ -93.798664663006662, 18.388824121333919 ], [ -93.798677421281127, 18.38896481924483 ], [ -93.798692575530708, 18.3890413688103 ], [ -93.798707729780631, 18.389117918341046 ], [ -93.798732058846156, 18.389189627578578 ], [ -93.798756387911851, 18.389261336786028 ], [ -93.798789200164151, 18.389317635623808 ], [ -93.798822012416338, 18.389373934442922 ], [ -93.798880729782354, 18.389431306536149 ], [ -93.798939447148427, 18.389488678610174 ], [ -93.799040170804005, 18.389546979520041 ], [ -93.79914089445964, 18.389605280410013 ], [ -93.799262323769767, 18.389652161596427 ], [ -93.799383753079837, 18.389699042770008 ], [ -93.799503846293476, 18.3897431186017 ], [ -93.799623939507114, 18.38978719442207 ], [ -93.799732796194007, 18.389844618504053 ], [ -93.799841652881128, 18.389902042566725 ], [ -93.799920543001974, 18.389969595228148 ], [ -93.799999433122821, 18.39003714786292 ], [ -93.80005145448041, 18.390112468852347 ], [ -93.800103475838114, 18.39018778980882 ], [ -93.800138644057654, 18.390264520462765 ], [ -93.800173812277308, 18.39034125108212 ], [ -93.800204061067973, 18.390454998735425 ], [ -93.800234309858809, 18.390568746312635 ], [ -93.800262768497362, 18.390733559702092 ], [ -93.800291227136029, 18.390898372931815 ], [ -93.800320942920507, 18.391239669491501 ], [ -93.800350658704929, 18.391580965367162 ], [ -93.800384174694045, 18.391983806688007 ], [ -93.800417690683048, 18.392386647055446 ], [ -93.800452931204575, 18.392664898726903 ], [ -93.800488171726101, 18.392943149943832 ], [ -93.800518180078484, 18.393158184969344 ], [ -93.800548188430753, 18.393373219723415 ], [ -93.800557549884672, 18.393548379408802 ], [ -93.800566911338592, 18.393723538913971 ], [ -93.800559807034858, 18.393871080865232 ], [ -93.800552702731238, 18.394018622688868 ], [ -93.800534402958078, 18.394130519040065 ], [ -93.800516103184918, 18.394242415317713 ], [ -93.800484710453304, 18.394365183527718 ], [ -93.80045331772169, 18.394487951649051 ], [ -93.800409083735701, 18.394621865675607 ], [ -93.800364849749712, 18.394755779596817 ], [ -93.800292969251359, 18.394928200939781 ], [ -93.800221088752835, 18.395100622108131 ], [ -93.800092466410547, 18.39537374089031 ], [ -93.799963844068145, 18.395646859234276 ], [ -93.799859729541936, 18.395874522940993 ], [ -93.79975561501567, 18.396102186343445 ], [ -93.79971901122093, 18.396215257566379 ], [ -93.799682407426189, 18.396328328714542 ], [ -93.799660807751309, 18.396439380162246 ], [ -93.799639208076371, 18.396550431537502 ], [ -93.799629405368876, 18.396662393992905 ], [ -93.799619602661323, 18.396774356374493 ], [ -93.799627710052619, 18.396979431991841 ], [ -93.799635817443971, 18.397184507361644 ], [ -93.799648785305806, 18.397414542001929 ], [ -93.799661753167868, 18.397644576331071 ], [ -93.799664165639854, 18.397751032588936 ], [ -93.799666578111783, 18.397857488780168 ], [ -93.799654280563004, 18.397968652639783 ], [ -93.799641983014169, 18.398079816426957 ], [ -93.799607895417239, 18.398226746037672 ], [ -93.799573807820138, 18.398373675521739 ], [ -93.799521225177273, 18.398491587731815 ], [ -93.79946864253435, 18.398609499860409 ], [ -93.799400747060758, 18.398713418118387 ], [ -93.799332851587053, 18.398817336313193 ], [ -93.799187039470269, 18.398986921979184 ], [ -93.799041227353655, 18.399156507476324 ], [ -93.798850084431137, 18.399375516498818 ], [ -93.798658941508563, 18.399594525239376 ], [ -93.798537955499171, 18.399748037200194 ], [ -93.798416969489779, 18.399901549022495 ], [ -93.798344238206653, 18.400011767612117 ], [ -93.798271506923413, 18.40012198613017 ], [ -93.798204881944741, 18.400238309127648 ], [ -93.798138256966126, 18.400354632045648 ], [ -93.798037306069432, 18.400573251300624 ], [ -93.797936355172908, 18.400791870275096 ], [ -93.797827696383365, 18.401040731154374 ], [ -93.797719037593708, 18.401289591669688 ], [ -93.797625068642674, 18.401479905675675 ], [ -93.797531099691469, 18.40167021946905 ], [ -93.797422039561297, 18.401851523892788 ], [ -93.797312979431126, 18.402032828123268 ], [ -93.797198392418068, 18.402191921744716 ], [ -93.797083805404782, 18.402351015217484 ], [ -93.797002564895251, 18.402454193658993 ], [ -93.796921324385551, 18.40255737203767 ], [ -93.796790467238225, 18.402692100342623 ], [ -93.796659610090899, 18.402826828541066 ], [ -93.796414520891005, 18.403040252592071 ], [ -93.796169431691169, 18.403253676375421 ], [ -93.795861044958997, 18.40344751970807 ], [ -93.795552658226939, 18.403641362819755 ], [ -93.795154586322269, 18.403812392833363 ], [ -93.7947565144176, 18.403983422674894 ], [ -93.794346507378862, 18.404122102399878 ], [ -93.793936500340124, 18.404260782011811 ], [ -93.793567584540028, 18.404348873605585 ], [ -93.793198668739876, 18.404436965154211 ], [ -93.792789598477782, 18.404457935246128 ], [ -93.792380528215574, 18.404478905335488 ], [ -93.791834257181563, 18.404415117629338 ], [ -93.791287986147381, 18.404351329899054 ], [ -93.790668776145594, 18.404226572832862 ], [ -93.79004956614375, 18.404101815674998 ], [ -93.78941823685858, 18.404002866781866 ], [ -93.788786907573353, 18.403903917830725 ], [ -93.788235875351461, 18.403892195270597 ], [ -93.787684843129739, 18.403880472709535 ], [ -93.787354786611445, 18.40394242956997 ], [ -93.787024730093151, 18.404004386408062 ], [ -93.78682732924932, 18.404144489913218 ], [ -93.786629928405432, 18.404284593302904 ], [ -93.786814371988157, 18.404866946700917 ], [ -93.786998815570882, 18.405449298105729 ], [ -93.787461560726172, 18.406079743812221 ], [ -93.787924305881518, 18.406710187182227 ], [ -93.788307941477228, 18.406924939950308 ], [ -93.788691577072882, 18.407139692447576 ], [ -93.789067131215347, 18.407325410575172 ], [ -93.789442685357699, 18.407511128499937 ], [ -93.790073535775832, 18.407990971786987 ], [ -93.790704386193966, 18.408470813720491 ], [ -93.791210332077981, 18.409210563032413 ], [ -93.791716277962109, 18.409950309127058 ], [ -93.79177275821786, 18.410717974139107 ], [ -93.791829238473554, 18.411485635686088 ], [ -93.791760017634715, 18.412420633709083 ], [ -93.791690796795876, 18.413355626591528 ], [ -93.791524840926456, 18.414279820221566 ], [ -93.791358885057207, 18.415204008828223 ], [ -93.791057025089458, 18.416439645441759 ], [ -93.790755165121766, 18.417675273075037 ], [ -93.790433679774537, 18.419162485696003 ], [ -93.790112194427138, 18.420649685306184 ], [ -93.78987197351347, 18.421918466589283 ], [ -93.78945202910171, 18.422857980651521 ], [ -93.789032084689893, 18.423797489520258 ], [ -93.78875346692206, 18.423944263244831 ], [ -93.788474849154227, 18.424091036842594 ], [ -93.788315154270151, 18.423811050407256 ] ] ] ] } },
{ "type": "Feature", "properties": { "nombre": "MULACH", "superficie": "18.61", "ubicacin": "Marino", "comentario": null, "petrleo_cr": "119.59", "crudo_1p_m": "113.89", "gas_natura": "46.77", "condensado": "0.3", "volumen_or": "505.38", "volumen__1": "198.1", "petrleo__1": "119.59", "crudo_2p_m": "113.89", "gas_natu_1": "46.77", "condensa_1": "0.3", "volumen__2": "101.8", "volumen__3": "40.78", "petrleo__2": "123.95", "crudo_3p_m": "118.02", "gas_natu_2": "48.6", "condensa_2": "0.31", "volumen__4": "46.66", "volumen__5": "19.92" }, "geometry": { "type": "MultiPolygon", "coordinates": [ [ [ [ -93.358686472338206, 18.486796841449291 ], [ -93.355687041645865, 18.486670181975285 ], [ -93.352731710438832, 18.486751064335465 ], [ -93.347801832285484, 18.486941830670617 ], [ -93.341950791729801, 18.487019078578101 ], [ -93.337232811628951, 18.48663128514994 ], [ -93.333862415171552, 18.484219153222 ], [ -93.333332061697774, 18.483790269778524 ], [ -93.331704706926132, 18.482474269124509 ], [ -93.329915287277856, 18.480531397803418 ], [ -93.32892729365949, 18.479458678797187 ], [ -93.327288797188089, 18.478004996090533 ], [ -93.324352599357894, 18.476941986650957 ], [ -93.32228672829666, 18.476444768838576 ], [ -93.320317054389193, 18.476269161909443 ], [ -93.317555673995628, 18.476022970126564 ], [ -93.316355850614684, 18.475224605451729 ], [ -93.315438797033266, 18.474614396319112 ], [ -93.313570198922264, 18.474152326568117 ], [ -93.313524693854106, 18.474142187493442 ], [ -93.311169045978147, 18.473617320910705 ], [ -93.310266910701898, 18.473423219941992 ], [ -93.310209828678524, 18.473416080342133 ], [ -93.310099808312202, 18.473331485348581 ], [ -93.309966334904232, 18.473186212937946 ], [ -93.309823400647701, 18.472991484333306 ], [ -93.309699447910816, 18.472784741450596 ], [ -93.309595173118453, 18.472573325107305 ], [ -93.309424192029269, 18.472119734884132 ], [ -93.309224557221569, 18.471375879071275 ], [ -93.309087276236312, 18.47067486349647 ], [ -93.308997464838797, 18.469990331851932 ], [ -93.308956679417633, 18.469288651219927 ], [ -93.30897263381587, 18.46856234649141 ], [ -93.309008042218466, 18.46816317873072 ], [ -93.309079347801685, 18.467660096766338 ], [ -93.309208910059681, 18.467031756623385 ], [ -93.309522884088608, 18.465859219919025 ], [ -93.309939859783981, 18.465329336860748 ], [ -93.310719435182364, 18.464940528486636 ], [ -93.311442338275754, 18.464728084344529 ], [ -93.311882837984911, 18.464427008603479 ], [ -93.312155452315665, 18.464095735466742 ], [ -93.312603572369881, 18.463890162702057 ], [ -93.313598117122126, 18.463722561576901 ], [ -93.314651755400234, 18.463750494383703 ], [ -93.314812524646698, 18.463762341713561 ], [ -93.314994069472618, 18.46381789789865 ], [ -93.315181079065667, 18.463910404101 ], [ -93.31540481227222, 18.464050547417344 ], [ -93.315816902762208, 18.46433780612341 ], [ -93.316729914880227, 18.465026046699393 ], [ -93.317880023571092, 18.465986042945815 ], [ -93.318015316155481, 18.466092236724194 ], [ -93.318357650818257, 18.466360941852372 ], [ -93.31846537050086, 18.466436143054466 ], [ -93.318973226135824, 18.466790686934189 ], [ -93.319562330607766, 18.467152372476505 ], [ -93.31996748312099, 18.467373565813432 ], [ -93.320313589591876, 18.467542524773648 ], [ -93.320637643650116, 18.46768276764999 ], [ -93.320954677442217, 18.467799293296366 ], [ -93.321238944091476, 18.467884994371389 ], [ -93.321532880401946, 18.467953934748039 ], [ -93.321814024188257, 18.468001816206311 ], [ -93.322171941445504, 18.46803975050608 ], [ -93.322610657155394, 18.468055042088849 ], [ -93.323086059649938, 18.468039200723808 ], [ -93.323620875364043, 18.467994838294544 ], [ -93.32412374961217, 18.46792556717287 ], [ -93.325025924455076, 18.467746463903438 ], [ -93.325372987904814, 18.46766056062927 ], [ -93.326986207940649, 18.46726126510157 ], [ -93.327877345965533, 18.467074238368127 ], [ -93.328350140152622, 18.467004167315679 ], [ -93.328449147992615, 18.466992515269794 ], [ -93.329621188638214, 18.466854580017412 ], [ -93.330365506877968, 18.466746222483778 ], [ -93.331145267806505, 18.466607583264022 ], [ -93.332424920305584, 18.466345172530339 ], [ -93.332927496346429, 18.466255654004442 ], [ -93.334551059759747, 18.466011299808713 ], [ -93.336938521852744, 18.465609201921609 ], [ -93.34026986033399, 18.465075743825821 ], [ -93.341361054282004, 18.464917296076294 ], [ -93.342411410674003, 18.464802466971491 ], [ -93.343368704820989, 18.464746420058987 ], [ -93.345429724243843, 18.464711621927677 ], [ -93.347187783975926, 18.464661807777873 ], [ -93.3476665396729, 18.464666879030119 ], [ -93.348118100428621, 18.464696862456151 ], [ -93.348522072631226, 18.464744534657598 ], [ -93.349029958898143, 18.464827847761796 ], [ -93.34957679776852, 18.464942479185254 ], [ -93.350022250530401, 18.465054528353562 ], [ -93.35068024005858, 18.465253449336046 ], [ -93.353135723035166, 18.466078343935749 ], [ -93.353821541038712, 18.466268309435293 ], [ -93.354594254381993, 18.466446089550516 ], [ -93.35543140076868, 18.466598808372794 ], [ -93.358158666860675, 18.467008071232669 ], [ -93.358907029520253, 18.4671039761011 ], [ -93.359976817164863, 18.467220847385818 ], [ -93.360591755944654, 18.467308413948729 ], [ -93.362905812272288, 18.46770833183615 ], [ -93.364104715848441, 18.467963268068445 ], [ -93.365294502531754, 18.468280229230857 ], [ -93.366653254294761, 18.468691942170324 ], [ -93.367326388099286, 18.468922840603454 ], [ -93.368580218982572, 18.46940437645236 ], [ -93.369233347187503, 18.469615318809815 ], [ -93.370209232567049, 18.469892373508969 ], [ -93.371379004795983, 18.470168783214945 ], [ -93.372214207046, 18.470384061402569 ], [ -93.372798760781734, 18.470558240871128 ], [ -93.373252867157873, 18.470713867528275 ], [ -93.374020391296369, 18.471004414315644 ], [ -93.374979017103726, 18.471395398641107 ], [ -93.37825671818706, 18.472822049947524 ], [ -93.379911089252971, 18.473581450823531 ], [ -93.381216986573747, 18.474217640811332 ], [ -93.382531213805066, 18.474825708462163 ], [ -93.38413823474832, 18.475607258485468 ], [ -93.385584779745329, 18.476271568673837 ], [ -93.386866532366014, 18.4768906327634 ], [ -93.387681930470762, 18.477260134538881 ], [ -93.389228962062759, 18.477927220275205 ], [ -93.390727902062338, 18.478633786488047 ], [ -93.391402600155459, 18.478976503188392 ], [ -93.392007027735474, 18.479308995943711 ], [ -93.392638562726518, 18.479685495044237 ], [ -93.393256207592174, 18.48008169693793 ], [ -93.394204512087981, 18.480729242574739 ], [ -93.394631070982143, 18.481043182723624 ], [ -93.394801419964097, 18.481188473183295 ], [ -93.39489776692534, 18.481293153240642 ], [ -93.39493158135366, 18.481365559118046 ], [ -93.394922397314019, 18.481389721760252 ], [ -93.394894139323469, 18.48139997451409 ], [ -93.391825803032305, 18.482260258021256 ], [ -93.384175675722361, 18.482613494455165 ], [ -93.379814414640293, 18.48295556495259 ], [ -93.377604678587488, 18.483223493318462 ], [ -93.374190711381232, 18.484268557407802 ], [ -93.371622730832598, 18.485604373038541 ], [ -93.368862725756628, 18.486418672516493 ], [ -93.364784202072371, 18.487354145919085 ], [ -93.358686472338206, 18.486796841449291 ] ] ] ] } },
{ "type": "Feature", "properties": { "nombre": "KOBAN", "superficie": "36.39", "ubicacin": "Marino", "comentario": null, "petrleo_cr": "12.79", "crudo_1p_m": "5.97", "gas_natura": "37.72", "condensado": "0.16", "volumen_or": "26.46", "volumen__1": "125.62", "petrleo__1": "27.81", "crudo_2p_m": "13.01", "gas_natu_1": "81.74", "condensa_1": "0.35", "volumen__2": "17.58", "volumen__3": "83.45", "petrleo__2": "27.81", "crudo_3p_m": "13.01", "gas_natu_2": "81.74", "condensa_2": "0.35", "volumen__4": "0", "volumen__5": "0" }, "geometry": { "type": "MultiPolygon", "coordinates": [ [ [ [ -92.77206125664668, 18.578767844083 ], [ -92.771668639978088, 18.578755924960721 ], [ -92.771663634886636, 18.578755769378912 ], [ -92.77127086150648, 18.578743837737662 ], [ -92.770898750468348, 18.578730515679503 ], [ -92.770850316628469, 18.578728294520747 ], [ -92.770480473353814, 18.578714801868848 ], [ -92.770139095372883, 18.578700285039801 ], [ -92.770024236275276, 18.578693244010037 ], [ -92.769690095254987, 18.578678505161498 ], [ -92.769380901826082, 18.578668661430122 ], [ -92.769199047666291, 18.578659042097065 ], [ -92.768899708215088, 18.578649117624302 ], [ -92.768625896777564, 18.578634002251505 ], [ -92.768353647260312, 18.578605511983241 ], [ -92.768109360786639, 18.578590662160344 ], [ -92.767896880684134, 18.578574620495512 ], [ -92.767458909767356, 18.578504806501428 ], [ -92.76731906794663, 18.578492396252791 ], [ -92.76720460194349, 18.578480293267976 ], [ -92.766741924783616, 18.578370547896657 ], [ -92.766659078352404, 18.578246377130206 ], [ -92.766529299811737, 18.578009397574736 ], [ -92.766278763586286, 18.577855321705893 ], [ -92.766248551368164, 18.577616164995977 ], [ -92.766011752625957, 18.577356497665825 ], [ -92.765740194920568, 18.577044097813186 ], [ -92.765717740121204, 18.576883357382261 ], [ -92.765715671078567, 18.576861731712295 ], [ -92.765713113655409, 18.576835631293907 ], [ -92.765655054312276, 18.576190190120364 ], [ -92.765646844849755, 18.576107874114598 ], [ -92.765624359636433, 18.57599601563291 ], [ -92.765510720229827, 18.575574683954688 ], [ -92.765473042883514, 18.575353885931808 ], [ -92.765447039884123, 18.575071718105573 ], [ -92.765432432974137, 18.574896357271705 ], [ -92.76540460418704, 18.57460002862377 ], [ -92.765245096801777, 18.574321754734562 ], [ -92.764953696226542, 18.574183372005514 ], [ -92.764711810409153, 18.574076208576038 ], [ -92.764565964715473, 18.573845211441384 ], [ -92.764523233657144, 18.573502788427383 ], [ -92.764509814184237, 18.573420833904027 ], [ -92.764465847501071, 18.573091314175379 ], [ -92.764443260473513, 18.572826069359895 ], [ -92.764417249453231, 18.572577566665597 ], [ -92.764396075303068, 18.572337454708762 ], [ -92.764380943390563, 18.572132556853344 ], [ -92.764350485206933, 18.571758968091043 ], [ -92.764337338971814, 18.571583608949631 ], [ -92.764276299615233, 18.571479304692513 ], [ -92.764167079888182, 18.571426916163592 ], [ -92.763866713363825, 18.571296399194075 ], [ -92.763680420159574, 18.571293301994785 ], [ -92.763622280998788, 18.571062678490691 ], [ -92.763471353843329, 18.570828752688389 ], [ -92.763466441434332, 18.570744048343744 ], [ -92.763400882034659, 18.570096215917768 ], [ -92.763399536562929, 18.570074890161152 ], [ -92.76339813917042, 18.570056232723239 ], [ -92.763379011794711, 18.569741166881002 ], [ -92.763172134992999, 18.569518419258024 ], [ -92.762935990233416, 18.569320535718592 ], [ -92.76262846889648, 18.569282757157865 ], [ -92.762589546304412, 18.5690764834874 ], [ -92.762341906192887, 18.568802547291849 ], [ -92.762165768706609, 18.568565793764684 ], [ -92.762069655316282, 18.568308725568297 ], [ -92.76192428894791, 18.567929528087571 ], [ -92.761879636832134, 18.567811660262553 ], [ -92.761868039245257, 18.567747719413656 ], [ -92.76180128115675, 18.567551485877409 ], [ -92.761654843498491, 18.567197728485827 ], [ -92.761610765454293, 18.567057548100642 ], [ -92.761548654330738, 18.566815566741102 ], [ -92.761480799708181, 18.56661049841982 ], [ -92.761415607469758, 18.566303528741752 ], [ -92.761389997149479, 18.565944092516428 ], [ -92.761390310731883, 18.565909380905396 ], [ -92.761368162086399, 18.565549696004339 ], [ -92.761358741909021, 18.565221047163217 ], [ -92.761365259398076, 18.565130652357254 ], [ -92.761357391389083, 18.564795909584735 ], [ -92.761544015800723, 18.564546812510255 ], [ -92.761805930283742, 18.56420181742417 ], [ -92.761857084920848, 18.564091408527958 ], [ -92.761884226880113, 18.564042802251272 ], [ -92.76194795781015, 18.563907818643155 ], [ -92.762103742148838, 18.563572500108936 ], [ -92.762240929480924, 18.563289479063769 ], [ -92.762353962865859, 18.563057000304369 ], [ -92.762598559151229, 18.562561137891709 ], [ -92.762606940115006, 18.562544137473378 ], [ -92.762610737913235, 18.562536171597458 ], [ -92.762628311995172, 18.562507888107728 ], [ -92.762899744919991, 18.562069360308247 ], [ -92.763079565597366, 18.561782987647575 ], [ -92.763172121708976, 18.561575050190068 ], [ -92.763390931610445, 18.561095383119543 ], [ -92.763411725627464, 18.561049402521899 ], [ -92.763423185460056, 18.56102964552268 ], [ -92.763446714648524, 18.560976629329303 ], [ -92.763649160175362, 18.56052168148922 ], [ -92.763757600772124, 18.560276291161237 ], [ -92.76389592719039, 18.560002885581284 ], [ -92.764095769503626, 18.559606442924476 ], [ -92.764137887768413, 18.559522993447061 ], [ -92.764148136486938, 18.559489294862725 ], [ -92.764183642583816, 18.559373241380669 ], [ -92.76434105284261, 18.558919007023849 ], [ -92.764390280079851, 18.55876953526997 ], [ -92.764456601308268, 18.558510416407028 ], [ -92.764506544333869, 18.558322495423049 ], [ -92.764583084262142, 18.558016002364422 ], [ -92.764652174603953, 18.557706992609553 ], [ -92.764688417016487, 18.557537112098814 ], [ -92.764748861543808, 18.557262435503727 ], [ -92.764765382283542, 18.557060486729963 ], [ -92.764795819967219, 18.55668215413823 ], [ -92.764809986104183, 18.556508738063776 ], [ -92.764812264912166, 18.556350558393536 ], [ -92.764820567901666, 18.555905822030052 ], [ -92.764822764279302, 18.555754980314632 ], [ -92.764815019519745, 18.555598432883407 ], [ -92.764798633511873, 18.555173897171255 ], [ -92.764789885921573, 18.555001165623928 ], [ -92.764776826160698, 18.554807150601764 ], [ -92.764757282700486, 18.554460442755889 ], [ -92.764742609112034, 18.554247332928266 ], [ -92.76472342224514, 18.554001322677529 ], [ -92.764707528041527, 18.553754982974265 ], [ -92.764686565668001, 18.553493489238605 ], [ -92.764653001491865, 18.553179221593822 ], [ -92.764643163138942, 18.553063421947524 ], [ -92.764606910944735, 18.552739616040416 ], [ -92.764577506712328, 18.552373089922508 ], [ -92.764575054293289, 18.552349922485522 ], [ -92.764544465150323, 18.551985764216937 ], [ -92.764519989195833, 18.551675015849128 ], [ -92.764503045122012, 18.551526301013631 ], [ -92.764478353927529, 18.55123190774626 ], [ -92.764451810103253, 18.550987084394233 ], [ -92.764393160768691, 18.550666459410422 ], [ -92.764369892220088, 18.550477998353522 ], [ -92.764358407447048, 18.550323148403944 ], [ -92.764318521976122, 18.550000000000125 ], [ -92.764296175643778, 18.54981895207797 ], [ -92.764288479526158, 18.549724122614808 ], [ -92.764283346910133, 18.549641764172414 ], [ -92.764210921360757, 18.54898266191552 ], [ -92.764210070158015, 18.548970250538233 ], [ -92.764209421950909, 18.548959300127841 ], [ -92.76419806809281, 18.548867376011192 ], [ -92.76415404410551, 18.548259192591093 ], [ -92.764148290507819, 18.54821639914605 ], [ -92.764142612349985, 18.548162575681427 ], [ -92.764119797111732, 18.547538983439953 ], [ -92.764110460008908, 18.547462577595802 ], [ -92.764098859487376, 18.547365971966851 ], [ -92.764080587770877, 18.546823483722036 ], [ -92.764063935490981, 18.546708745119787 ], [ -92.764064235503156, 18.546578086359304 ], [ -92.764122410209723, 18.546030908860423 ], [ -92.764122598770825, 18.54595504397987 ], [ -92.764137383027389, 18.545893298393757 ], [ -92.764202453030919, 18.545672501276457 ], [ -92.764359619916888, 18.545351041284661 ], [ -92.764445718155741, 18.545201672770514 ], [ -92.764711255230736, 18.544932565245993 ], [ -92.764994093820178, 18.544673508331933 ], [ -92.765184364690072, 18.544630245600402 ], [ -92.765695090395639, 18.544534794768992 ], [ -92.76578457869897, 18.544515789956172 ], [ -92.765872413206637, 18.544533473436054 ], [ -92.766359738679341, 18.544655281690563 ], [ -92.766574606680251, 18.544693364918302 ], [ -92.766894433828043, 18.544899387108202 ], [ -92.76722107671668, 18.545068427730271 ], [ -92.767364262353453, 18.545147160683587 ], [ -92.767403207303914, 18.545168164725954 ], [ -92.768101935031325, 18.545156027032494 ], [ -92.768154505043924, 18.54516901947072 ], [ -92.768174425352186, 18.545187262598223 ], [ -92.768188049999083, 18.545206303114821 ], [ -92.768205324699068, 18.545254907450424 ], [ -92.768336433383809, 18.545785940253612 ], [ -92.768421633770515, 18.5459603643306 ], [ -92.768602908105095, 18.546285233166927 ], [ -92.768942820056225, 18.546624512064898 ], [ -92.768996006029511, 18.546664073924081 ], [ -92.769079854177164, 18.546714944916875 ], [ -92.769388622752217, 18.547043350341315 ], [ -92.769732164016091, 18.547322202387644 ], [ -92.769784658177286, 18.547419386635507 ], [ -92.769818162453987, 18.547469620839145 ], [ -92.769904114030055, 18.547634130700324 ], [ -92.770039162033072, 18.547930072581075 ], [ -92.770237256797941, 18.548223905759532 ], [ -92.770348737746644, 18.548388365961127 ], [ -92.770520801794362, 18.548553359794955 ], [ -92.770672840357292, 18.548832839941536 ], [ -92.770778438570119, 18.548978337963884 ], [ -92.770927155723996, 18.549343708457926 ], [ -92.77095613741534, 18.549394845602968 ], [ -92.771127526776638, 18.549732535869794 ], [ -92.771175037024307, 18.549860699219906 ], [ -92.771252191628605, 18.550000000000132 ], [ -92.771309027315851, 18.550102615464855 ], [ -92.771398916185888, 18.55040052593483 ], [ -92.771433362547043, 18.550486680747703 ], [ -92.771513438984698, 18.550682478824847 ], [ -92.771605289031811, 18.550957008634025 ], [ -92.771752128225785, 18.551240840726781 ], [ -92.771817639978053, 18.551507804979131 ], [ -92.771928692353697, 18.551834276419925 ], [ -92.77197435182984, 18.551994883564177 ], [ -92.771995387227889, 18.552091523105556 ], [ -92.772096211472729, 18.552447299871627 ], [ -92.772159032804097, 18.552688657988259 ], [ -92.772177644539966, 18.552748903256262 ], [ -92.772200207559933, 18.552848627063216 ], [ -92.772293302477408, 18.553313740866162 ], [ -92.772338936920107, 18.553502872044415 ], [ -92.772346613396394, 18.553743346953404 ], [ -92.772351190170809, 18.554011491162623 ], [ -92.772359258397159, 18.554256670718203 ], [ -92.772337990347239, 18.554489830141563 ], [ -92.772305599822516, 18.554807686014367 ], [ -92.772286795968398, 18.55501035743622 ], [ -92.772244577183642, 18.555155239170052 ], [ -92.772091952234689, 18.555656815721001 ], [ -92.772068504863, 18.555741612291861 ], [ -92.772063555117143, 18.555763862063504 ], [ -92.772054511698627, 18.555799379828883 ], [ -92.771903030114345, 18.55633811948378 ], [ -92.771860342897867, 18.556517390554809 ], [ -92.771782531406984, 18.556810945821837 ], [ -92.771746262090574, 18.556942952722689 ], [ -92.771661470253548, 18.557270923999845 ], [ -92.771582832523791, 18.557541417294491 ], [ -92.771496589403057, 18.557835790320159 ], [ -92.771441576146685, 18.558024431705505 ], [ -92.771426580126104, 18.558146745365708 ], [ -92.771352294097198, 18.558725879740997 ], [ -92.771345833002272, 18.558778089516196 ], [ -92.771345253676429, 18.558823715956962 ], [ -92.771335955110771, 18.559494240784073 ], [ -92.771335470872259, 18.559531850669934 ], [ -92.771344069118584, 18.559577315700441 ], [ -92.771453913561061, 18.560134842829445 ], [ -92.771481980442104, 18.560285801764721 ], [ -92.771556936533898, 18.560535582315975 ], [ -92.771617987206753, 18.560731575688944 ], [ -92.77170767522307, 18.561039848499316 ], [ -92.771820170683839, 18.561292055183948 ], [ -92.77198725677539, 18.5617017626391 ], [ -92.772026340555783, 18.561794007252455 ], [ -92.772050357448165, 18.561825895892156 ], [ -92.772083700393978, 18.561873058509583 ], [ -92.772456792846128, 18.562192070505446 ], [ -92.772849554613572, 18.56254877341426 ], [ -92.772861056475165, 18.562560311932504 ], [ -92.772873123322881, 18.562573231330425 ], [ -92.773172283742497, 18.563017061063075 ], [ -92.773348510497328, 18.563303146819376 ], [ -92.773470254255301, 18.563486422594654 ], [ -92.773661850355097, 18.563806019365344 ], [ -92.773764096716775, 18.563959712269821 ], [ -92.773823893620204, 18.564057490634411 ], [ -92.774097510808076, 18.564395357886092 ], [ -92.774273129000051, 18.564642060321415 ], [ -92.774396918357411, 18.564811949995558 ], [ -92.774413707518988, 18.564847383706578 ], [ -92.774450725323675, 18.564934806137295 ], [ -92.7746590371313, 18.565366827666807 ], [ -92.774747947331264, 18.565566142723203 ], [ -92.774876450521674, 18.565912829845036 ], [ -92.774905254702787, 18.566001151012802 ], [ -92.775016319642134, 18.566320236226375 ], [ -92.775074883135915, 18.566476889750096 ], [ -92.775238417561468, 18.566974531735877 ], [ -92.775268136782188, 18.567045877471383 ], [ -92.775279737566848, 18.567074323409262 ], [ -92.775294176013745, 18.567127708339505 ], [ -92.775434343214158, 18.567640596514636 ], [ -92.775484810640933, 18.56782834076558 ], [ -92.77557910441169, 18.56815483572516 ], [ -92.775602265460861, 18.568233684189114 ], [ -92.77570170450565, 18.56858237190977 ], [ -92.775806040334828, 18.568792665852509 ], [ -92.776025797928867, 18.569267336045627 ], [ -92.7760607742606, 18.569303170746672 ], [ -92.776091653232584, 18.569336608232238 ], [ -92.776423197243673, 18.569711231096331 ], [ -92.776444883947818, 18.56973728506275 ], [ -92.77674130057153, 18.570091151239492 ], [ -92.776777760926166, 18.570126769032122 ], [ -92.776815015976752, 18.570163388402563 ], [ -92.777151103424671, 18.570524443396518 ], [ -92.777436300676982, 18.570845745515786 ], [ -92.777535629387501, 18.570911479669554 ], [ -92.777604376075658, 18.570956198685444 ], [ -92.777816387206428, 18.571048496325385 ], [ -92.778069190436611, 18.571156737022314 ], [ -92.778394320508198, 18.571302270244249 ], [ -92.77863851997347, 18.571367966922196 ], [ -92.779064992267479, 18.5714874861075 ], [ -92.779184433055207, 18.571520221675204 ], [ -92.779261670278515, 18.571527995182858 ], [ -92.779965916241395, 18.571594078396952 ], [ -92.77997473131984, 18.571594951303876 ], [ -92.779982280715615, 18.571595305159111 ], [ -92.780264365291487, 18.571602833999638 ], [ -92.780751482146229, 18.57161638617071 ], [ -92.780765098081645, 18.571616643530557 ], [ -92.780777811203222, 18.571615554145641 ], [ -92.780931947129034, 18.571603610454446 ], [ -92.781511203923003, 18.571561979140395 ], [ -92.78155556478174, 18.571560029226013 ], [ -92.781606332414071, 18.571555981914059 ], [ -92.782224491709201, 18.571489181789826 ], [ -92.782346060574469, 18.571480097760688 ], [ -92.78248477671616, 18.571473126729277 ], [ -92.782957702812041, 18.571435428416336 ], [ -92.783136521705785, 18.571427030828332 ], [ -92.783320800885008, 18.571430624079383 ], [ -92.783740843885539, 18.57142940384443 ], [ -92.783926908190381, 18.571432872031561 ], [ -92.784084822004161, 18.571456619760507 ], [ -92.784618293049448, 18.571513530275553 ], [ -92.784717183620671, 18.571527284137222 ], [ -92.784777794860759, 18.571550207112733 ], [ -92.784968494499765, 18.571608254974265 ], [ -92.785335409505819, 18.571772571631929 ], [ -92.785507181074593, 18.57184475596296 ], [ -92.785797646467472, 18.572085677899405 ], [ -92.786160466115405, 18.572363383246881 ], [ -92.78622969802808, 18.572427503001009 ], [ -92.786296775000551, 18.572488537841238 ], [ -92.786623148056094, 18.572806054282694 ], [ -92.786960697252084, 18.573118061982537 ], [ -92.787023880949789, 18.573177677462365 ], [ -92.787086250411562, 18.57323258782041 ], [ -92.787320530394823, 18.573648326825012 ], [ -92.787460662408364, 18.573872399217844 ], [ -92.787556420700923, 18.574176783669731 ], [ -92.787630615338742, 18.574393098538167 ], [ -92.787707152969233, 18.574626449977462 ], [ -92.787732288106042, 18.574762347438728 ], [ -92.787848409943308, 18.575355952496718 ], [ -92.787853011042728, 18.57538038720763 ], [ -92.78785531675436, 18.575398182876008 ], [ -92.78787380780642, 18.575533141200957 ], [ -92.78793619252275, 18.576074123114019 ], [ -92.787946430135719, 18.576134265322771 ], [ -92.787989916035144, 18.576245880348605 ], [ -92.78801223888803, 18.576754658511323 ], [ -92.788179936473568, 18.576888300731959 ], [ -92.788021353535669, 18.577030593646121 ], [ -92.788010944951793, 18.577508775058153 ], [ -92.78796212684739, 18.57764182890892 ], [ -92.787956526364098, 18.577723288882105 ], [ -92.787918604388324, 18.578349511697589 ], [ -92.787915483975155, 18.578395549336847 ], [ -92.787912418972951, 18.578435790200988 ], [ -92.787874575797616, 18.579144284420014 ], [ -92.787874207793607, 18.579149275726401 ], [ -92.787874828477072, 18.579154521181483 ], [ -92.788038458486369, 18.579741255316222 ], [ -92.788051802813584, 18.579903248182333 ], [ -92.788024746308679, 18.580052486299461 ], [ -92.787867591532176, 18.580558762097592 ], [ -92.787839111929429, 18.580629706788116 ], [ -92.787835942547133, 18.580656778125064 ], [ -92.787837366461019, 18.58068545336079 ], [ -92.78785567138749, 18.581400198462127 ], [ -92.787856165119649, 18.581410573512407 ], [ -92.787856804951559, 18.581419844567989 ], [ -92.787866351135335, 18.581561383198544 ], [ -92.787908195137106, 18.582123838279461 ], [ -92.787911304989905, 18.582164408119411 ], [ -92.787924864159606, 18.582221000018428 ], [ -92.788037412052859, 18.582753791269152 ], [ -92.788079736602583, 18.582918370029557 ], [ -92.788175751092183, 18.583215473670627 ], [ -92.788213217125929, 18.583339423090983 ], [ -92.788327219424275, 18.583672420512219 ], [ -92.788449509613372, 18.583867510818475 ], [ -92.788653612098244, 18.584140938529693 ], [ -92.788794410781179, 18.584292274060815 ], [ -92.788945132687331, 18.584426885688789 ], [ -92.789194595373658, 18.584664443921447 ], [ -92.789443152231684, 18.584883920212636 ], [ -92.789623026326865, 18.585009742088417 ], [ -92.789875622753812, 18.585181697485162 ], [ -92.790081792675949, 18.585326180911288 ], [ -92.790232935150414, 18.585434085140673 ], [ -92.790614619701387, 18.585572161254056 ], [ -92.79065990085212, 18.585589901085946 ], [ -92.791023036325555, 18.585727357691066 ], [ -92.791163496562149, 18.585802872180505 ], [ -92.791388388098653, 18.5859371499532 ], [ -92.791654557667414, 18.586088587544882 ], [ -92.79181292813405, 18.586195267824621 ], [ -92.792098538265407, 18.586419094665406 ], [ -92.792386441669294, 18.586692024159049 ], [ -92.792452461900496, 18.586835280941983 ], [ -92.792602117977992, 18.587246917296351 ], [ -92.792647413697637, 18.587402711007581 ], [ -92.792657251715582, 18.58744609456161 ], [ -92.792659139561295, 18.587500763992843 ], [ -92.79269400696154, 18.58811128703956 ], [ -92.792696927242901, 18.58819991047849 ], [ -92.792682768928557, 18.588277991121938 ], [ -92.792600371510673, 18.588690246180651 ], [ -92.792550669114235, 18.588906376516462 ], [ -92.792540600859695, 18.588953510701725 ], [ -92.792511140218551, 18.589038164927448 ], [ -92.792364835201397, 18.589483405222911 ], [ -92.792282604761226, 18.589706998704379 ], [ -92.792133917141143, 18.590017344812185 ], [ -92.79197526229882, 18.590300880945232 ], [ -92.79189038286512, 18.590460338112493 ], [ -92.791852191980638, 18.590502725520448 ], [ -92.791807646122436, 18.590543783210851 ], [ -92.791437794621515, 18.590861302854684 ], [ -92.791253492976807, 18.590987536428088 ], [ -92.791016417932497, 18.591155439282964 ], [ -92.790975216359698, 18.591173830732348 ], [ -92.790869651549485, 18.591212980246713 ], [ -92.790425253826584, 18.591402838855917 ], [ -92.790225541449104, 18.591475180556344 ], [ -92.78988810865377, 18.591644097397413 ], [ -92.789681491620513, 18.59173014077891 ], [ -92.789434606417046, 18.591840188885392 ], [ -92.789342914091037, 18.59187766229234 ], [ -92.789101701649997, 18.591964782017591 ], [ -92.788767297571383, 18.592082149842796 ], [ -92.788643773192007, 18.592119943775927 ], [ -92.788402793680461, 18.592193697948822 ], [ -92.788171162481262, 18.592267025256408 ], [ -92.787852985004804, 18.592361256873549 ], [ -92.787562159224024, 18.592439600509032 ], [ -92.787275476275511, 18.592513232695016 ], [ -92.787062235714757, 18.59256949944718 ], [ -92.786928433030255, 18.592588544457385 ], [ -92.786313889690405, 18.592675100102479 ], [ -92.78627160507159, 18.592681102015792 ], [ -92.786240407274875, 18.592685586776952 ], [ -92.786059525579049, 18.592715124768059 ], [ -92.785544802861978, 18.592775383419799 ], [ -92.785480984521939, 18.592783845004142 ], [ -92.785418878238261, 18.592773629849539 ], [ -92.785311963057268, 18.592714274626019 ], [ -92.784887135505642, 18.592526589461905 ], [ -92.784690859720001, 18.592491319818905 ], [ -92.784484327815505, 18.592516421862513 ], [ -92.784028151140717, 18.592712807732234 ], [ -92.783947496238284, 18.592757974240833 ], [ -92.783900019638395, 18.592768133262727 ], [ -92.783845383315111, 18.592764700622741 ], [ -92.783133903568682, 18.592711780790104 ], [ -92.783112014073083, 18.592709455271336 ], [ -92.783109602137984, 18.592709095944585 ], [ -92.783104912346573, 18.592707273287889 ], [ -92.782534818950239, 18.592505648136264 ], [ -92.782319488136352, 18.592411603659905 ], [ -92.782053669871175, 18.592210477793696 ], [ -92.781741758782232, 18.591956402133967 ], [ -92.781632265060409, 18.591858476846539 ], [ -92.781529825220218, 18.591762468945198 ], [ -92.781275543858328, 18.59144494725108 ], [ -92.781091139048044, 18.591201875999609 ], [ -92.780922761318323, 18.59102767202145 ], [ -92.780740511718136, 18.590844917537552 ], [ -92.780564763440054, 18.590615358765724 ], [ -92.780429983043348, 18.59044733533694 ], [ -92.780257186672543, 18.590155084265234 ], [ -92.779951498814512, 18.589699814675377 ], [ -92.779948500512091, 18.589695866111633 ], [ -92.77994599535208, 18.58969299927794 ], [ -92.77992146246936, 18.589664285537935 ], [ -92.779599927398237, 18.589274590734174 ], [ -92.779207788211238, 18.588938364336336 ], [ -92.779182809914914, 18.588918517744958 ], [ -92.779162045780879, 18.588904438410832 ], [ -92.779080769057941, 18.58826273550849 ], [ -92.779078131984704, 18.588184440730185 ], [ -92.779074778837185, 18.588100233267088 ], [ -92.779035572554506, 18.587552881581864 ], [ -92.779031014098678, 18.587430613758261 ], [ -92.779024419300981, 18.587297393980297 ], [ -92.778995412227971, 18.586838237313149 ], [ -92.778987647716974, 18.586676791116979 ], [ -92.778979794404336, 18.586500036123429 ], [ -92.778951122108481, 18.586127521705354 ], [ -92.77894262926003, 18.585922966471795 ], [ -92.778936350447509, 18.585703806738763 ], [ -92.778920876999848, 18.585403446093252 ], [ -92.778914472995666, 18.585169161535138 ], [ -92.778907940941679, 18.584921948969118 ], [ -92.778898348802045, 18.584672029920686 ], [ -92.778891720423587, 18.584415362873909 ], [ -92.778714628212299, 18.584093948565467 ], [ -92.778378014870725, 18.583920890423538 ], [ -92.778196012727335, 18.583834437029619 ], [ -92.77810260559994, 18.583660663725972 ], [ -92.778092814921763, 18.583388028624597 ], [ -92.77808405186363, 18.583188096648737 ], [ -92.77807411557319, 18.58290685812829 ], [ -92.77790880091851, 18.582601961769946 ], [ -92.777589489091042, 18.582436674718725 ], [ -92.777385143343054, 18.582347249766322 ], [ -92.777273179232623, 18.582152141571484 ], [ -92.777115786510933, 18.581850635356446 ], [ -92.776800026950298, 18.581682188220555 ], [ -92.776597916887397, 18.581590418729874 ], [ -92.776492223176831, 18.581397445303129 ], [ -92.776314567296424, 18.58110711700186 ], [ -92.776010513492224, 18.580972301761271 ], [ -92.7757782005134, 18.580864496720078 ], [ -92.775658325866345, 18.580642682824124 ], [ -92.775491014217607, 18.580384846712921 ], [ -92.775220990006005, 18.580275052306305 ], [ -92.774948612806384, 18.580147967725381 ], [ -92.774807912299366, 18.579887896942175 ], [ -92.774674882820932, 18.57965551969194 ], [ -92.774431511888622, 18.579548194358757 ], [ -92.774078193926528, 18.579550094717369 ], [ -92.773994502791879, 18.579549890914731 ], [ -92.773641076327522, 18.579551755819416 ], [ -92.773317770639892, 18.579440790576179 ], [ -92.77206125664668, 18.578767844083 ] ] ] ] } },
{ "type": "Feature", "properties": { "nombre": "MEN", "superficie": "4.82", "ubicacin": "Marino", "comentario": null, "petrleo_cr": "0", "crudo_1p_m": "0", "gas_natura": "0", "condensado": "0", "volumen_or": "0", "volumen__1": "0", "petrleo__1": "20.11", "crudo_2p_m": "0", "gas_natu_1": "104.59", "condensa_1": "0", "volumen__2": "0", "volumen__3": "150.22", "petrleo__2": "35.92", "crudo_3p_m": "0", "gas_natu_2": "186.84", "condensa_2": "0", "volumen__4": "0", "volumen__5": "116.69" }, "geometry": { "type": "MultiPolygon", "coordinates": [ [ [ [ -92.524592340953674, 18.733439136409554 ], [ -92.52401489891345, 18.73333799872854 ], [ -92.523794044642486, 18.733143943941791 ], [ -92.523573190371522, 18.73294988892949 ], [ -92.523601158926638, 18.732772165047685 ], [ -92.523629127481669, 18.732594440976666 ], [ -92.523669307059649, 18.732409116072873 ], [ -92.523709486637713, 18.732223790963317 ], [ -92.523751257251874, 18.732062481032539 ], [ -92.523793027866049, 18.731901170945925 ], [ -92.523831303225023, 18.73178003351217 ], [ -92.523869578583984, 18.731658895990488 ], [ -92.52391382098395, 18.731531135209352 ], [ -92.523958063383915, 18.731403374330615 ], [ -92.524002118723558, 18.731287661458403 ], [ -92.524046174063301, 18.731171948506095 ], [ -92.524117505779117, 18.73100559653874 ], [ -92.524188837494947, 18.730839244405697 ], [ -92.52425505191475, 18.73069586016199 ], [ -92.524321266334567, 18.730552475795001 ], [ -92.524368016021, 18.730466465266908 ], [ -92.524414765707519, 18.730380454694433 ], [ -92.524483069247509, 18.730267978231893 ], [ -92.52455137278757, 18.730155501693673 ], [ -92.524654096217688, 18.730008815557358 ], [ -92.52475681964772, 18.729862129292272 ], [ -92.524903120519753, 18.729671734644988 ], [ -92.525049421391714, 18.72948133978068 ], [ -92.525201552390527, 18.729284649158046 ], [ -92.525353683389355, 18.729087958303779 ], [ -92.525488861430645, 18.728899336676967 ], [ -92.525624039471936, 18.728710714837035 ], [ -92.525763090312296, 18.728498893498227 ], [ -92.525902141152642, 18.728287071890804 ], [ -92.526062510243534, 18.728040252037236 ], [ -92.526222879334526, 18.727793431818956 ], [ -92.526378181875756, 18.727567878917181 ], [ -92.526533484416973, 18.727342325710769 ], [ -92.526703756230248, 18.72711716293799 ], [ -92.526874028043522, 18.726891999861692 ], [ -92.527068042210203, 18.726638777056714 ], [ -92.527262056376898, 18.726385553867765 ], [ -92.527425678502794, 18.726150499601829 ], [ -92.527589300628591, 18.725915445005157 ], [ -92.527709469217356, 18.725708079289216 ], [ -92.527829637806136, 18.725500713315885 ], [ -92.527911522513151, 18.725328296195709 ], [ -92.527993407220066, 18.72515587889745 ], [ -92.528060818277339, 18.72498604721542 ], [ -92.528128229334527, 18.7248162153608 ], [ -92.528308464108122, 18.724322043354984 ], [ -92.528488698881617, 18.723827869887252 ], [ -92.528665986370584, 18.723338853423257 ], [ -92.528843273859451, 18.7228498355277 ], [ -92.528898233714159, 18.722678892248485 ], [ -92.528953193568867, 18.722507948794384 ], [ -92.528992605108499, 18.722345028630055 ], [ -92.529032016648131, 18.722182108306974 ], [ -92.529057081273706, 18.72202530311068 ], [ -92.529082145899281, 18.721868497767186 ], [ -92.529101518117514, 18.721671222417811 ], [ -92.529120890335648, 18.721473946835449 ], [ -92.529148192355493, 18.72121102610312 ], [ -92.529175494375338, 18.720948104956882 ], [ -92.529211407700814, 18.720715682163171 ], [ -92.52924732102619, 18.720483259046169 ], [ -92.529281134477614, 18.720335789395961 ], [ -92.529314947928938, 18.720188319615584 ], [ -92.52939562078933, 18.719901412757643 ], [ -92.529476293649637, 18.719614505407151 ], [ -92.52957067531851, 18.719294732681462 ], [ -92.529665056987483, 18.718974959343793 ], [ -92.529715955398032, 18.718825360241201 ], [ -92.529766853808681, 18.718675761004508 ], [ -92.529810814122285, 18.718571589705949 ], [ -92.529854774435805, 18.718467418342367 ], [ -92.529913087766687, 18.718365218708126 ], [ -92.52997140109747, 18.718263019011317 ], [ -92.530045594157698, 18.71816524818459 ], [ -92.530119787218013, 18.718067477300661 ], [ -92.530195903647709, 18.71799347444534 ], [ -92.530272020077405, 18.717919471557341 ], [ -92.530380816173363, 18.717840995447386 ], [ -92.530489612269307, 18.717762519300667 ], [ -92.530625796262456, 18.717677122420969 ], [ -92.530761980255519, 18.71759172549773 ], [ -92.530885550499875, 18.717514784665191 ], [ -92.531009120744216, 18.717437843797196 ], [ -92.531148614549522, 18.717336614836615 ], [ -92.531288108354744, 18.717235385814753 ], [ -92.531434171708511, 18.717111101362114 ], [ -92.531580235062194, 18.716986816817087 ], [ -92.531720054417221, 18.716841595640201 ], [ -92.531859873772149, 18.716696374337239 ], [ -92.532034599036194, 18.716488722789876 ], [ -92.532209324300226, 18.716281070984579 ], [ -92.532427257152165, 18.716015764055516 ], [ -92.532645190004203, 18.715750456705244 ], [ -92.53284329735294, 18.715504724846941 ], [ -92.533041404701692, 18.715258992627184 ], [ -92.53321931488162, 18.715007530649338 ], [ -92.533397225061449, 18.714756068293017 ], [ -92.533626075417715, 18.71439643164377 ], [ -92.53385492577398, 18.714036794220533 ], [ -92.534017437390858, 18.71377468491259 ], [ -92.534179949007722, 18.713512575193555 ], [ -92.534278547569755, 18.713366461421263 ], [ -92.534377146131874, 18.713220347521254 ], [ -92.534518428426622, 18.713036086737098 ], [ -92.534659710721286, 18.712851825749926 ], [ -92.53478115886314, 18.712718017228603 ], [ -92.534902607004994, 18.712584208600145 ], [ -92.535001795454264, 18.712494970997412 ], [ -92.535100983903632, 18.712405733347072 ], [ -92.535201927884813, 18.712326673778158 ], [ -92.53530287186598, 18.712247614171819 ], [ -92.535413077076271, 18.712172708556682 ], [ -92.535523282286476, 18.712097802908051 ], [ -92.535643613536777, 18.712025922907021 ], [ -92.535763944787064, 18.711954042875018 ], [ -92.535860690391218, 18.711903638348815 ], [ -92.535957435995371, 18.711853233807464 ], [ -92.536065218175622, 18.711806910230546 ], [ -92.536173000355859, 18.711760586640914 ], [ -92.536285367764492, 18.711719275886438 ], [ -92.536397735173026, 18.711677965121666 ], [ -92.53651637203123, 18.711651380349892 ], [ -92.536635008889334, 18.711624795573869 ], [ -92.536772279337498, 18.711610358246372 ], [ -92.536909549785662, 18.711595920917613 ], [ -92.537021072815506, 18.711601898971406 ], [ -92.537132595845335, 18.711607877025024 ], [ -92.537219866425247, 18.711623908941942 ], [ -92.537307137005257, 18.711639940857381 ], [ -92.537398522395264, 18.711669653044787 ], [ -92.537489907785286, 18.711699365226899 ], [ -92.53762661574028, 18.711763693225677 ], [ -92.537763323695287, 18.711828021199654 ], [ -92.537976431354892, 18.71195567408877 ], [ -92.538189539014411, 18.712083326880425 ], [ -92.53839279196896, 18.712209486019365 ], [ -92.538596044923523, 18.712335645063028 ], [ -92.538752202962115, 18.712417578226194 ], [ -92.538908361000608, 18.712499511349186 ], [ -92.539052750200227, 18.712560052308582 ], [ -92.539197139399761, 18.712620593246186 ], [ -92.539312007506339, 18.712655186135031 ], [ -92.539426875612833, 18.712689779016646 ], [ -92.539550722981375, 18.712713936031964 ], [ -92.539674570349817, 18.712738093043857 ], [ -92.539822650158243, 18.712751875569882 ], [ -92.539970729966655, 18.712765658094899 ], [ -92.540110035192143, 18.712765229272534 ], [ -92.540249340417631, 18.712764800450266 ], [ -92.540372227163118, 18.712752001222682 ], [ -92.540495113908605, 18.712739201994079 ], [ -92.540640365834832, 18.712709380175998 ], [ -92.54078561776096, 18.712679558352551 ], [ -92.54092542145429, 18.712639731625142 ], [ -92.541065225147634, 18.712599904888339 ], [ -92.541165582544423, 18.712564163764657 ], [ -92.541265939941212, 18.712528422633465 ], [ -92.541347147548876, 18.712496240693046 ], [ -92.541428355156441, 18.712464058746427 ], [ -92.541576621458617, 18.712395344763941 ], [ -92.541724887760694, 18.712326630753108 ], [ -92.541940279179258, 18.712213688524209 ], [ -92.542155670597921, 18.712100746218887 ], [ -92.542417329767446, 18.711938622167381 ], [ -92.542678988936899, 18.711776497958688 ], [ -92.542918204882795, 18.711621127955585 ], [ -92.543157420828592, 18.711465757808082 ], [ -92.543323433392828, 18.711368171213373 ], [ -92.543489445956965, 18.711270584561642 ], [ -92.543632346710069, 18.711201102694684 ], [ -92.543775247463159, 18.711131620798898 ], [ -92.543930198595177, 18.711074531801653 ], [ -92.544085149727096, 18.711017442784946 ], [ -92.544289089611993, 18.710956726155437 ], [ -92.544493029496877, 18.710896009503902 ], [ -92.544829439415921, 18.710815894996912 ], [ -92.545165849334865, 18.710735780451497 ], [ -92.545562710513806, 18.710643220608176 ], [ -92.545959571692748, 18.710550660713739 ], [ -92.546289715041752, 18.710468063939061 ], [ -92.54661985839077, 18.710385467123533 ], [ -92.546848381758196, 18.71032998603421 ], [ -92.547076905125721, 18.710274504926282 ], [ -92.547211963964315, 18.710250564346037 ], [ -92.54734702280301, 18.710226623762285 ], [ -92.547486434343995, 18.710212458747922 ], [ -92.547625845884966, 18.710198293732347 ], [ -92.547743560960072, 18.710196116530376 ], [ -92.547861276035192, 18.710193939328303 ], [ -92.547953310383235, 18.710202597665397 ], [ -92.548045344731207, 18.71021125600199 ], [ -92.548152183175787, 18.710236362493031 ], [ -92.548259021620282, 18.710261468980235 ], [ -92.548362663427326, 18.71030107406861 ], [ -92.548466305234456, 18.710340679147535 ], [ -92.548560158663307, 18.710400296107867 ], [ -92.548654012092157, 18.710459913047021 ], [ -92.548752105828143, 18.710545446942078 ], [ -92.548850199564114, 18.710630980793365 ], [ -92.548965442384912, 18.710757320346239 ], [ -92.549080685205709, 18.710883659803589 ], [ -92.549226973092232, 18.711046789038971 ], [ -92.54937326097874, 18.711209918115266 ], [ -92.549517919909803, 18.711354545850757 ], [ -92.549662578840767, 18.711499173461103 ], [ -92.549795764702935, 18.711609231087891 ], [ -92.549928950565175, 18.711719288642357 ], [ -92.550045763119115, 18.71180039352161 ], [ -92.550162575673156, 18.71188149836145 ], [ -92.55041922154544, 18.712019637936695 ], [ -92.550675867417723, 18.712157777397707 ], [ -92.550934009662996, 18.712291534059439 ], [ -92.551192151908353, 18.712425290614267 ], [ -92.551313413980822, 18.712493896008873 ], [ -92.551434676053205, 18.712562501375348 ], [ -92.551576380417629, 18.712657984839822 ], [ -92.551718084782053, 18.712753468249733 ], [ -92.551828122431345, 18.712844095562239 ], [ -92.551938160080738, 18.71293472282569 ], [ -92.552007806928231, 18.713010385023466 ], [ -92.552077453775723, 18.713086047186994 ], [ -92.552140856031883, 18.713178344918351 ], [ -92.552204258288029, 18.713270642598694 ], [ -92.552251661018929, 18.713365352078252 ], [ -92.552299063749828, 18.713460061504041 ], [ -92.55232712415814, 18.713574422458944 ], [ -92.552355184566437, 18.713688783335655 ], [ -92.552359942891641, 18.7138340490242 ], [ -92.552364701216845, 18.713979314586414 ], [ -92.552334714507822, 18.714118234198093 ], [ -92.552304727798884, 18.714257153694255 ], [ -92.552260594167819, 18.714364719687318 ], [ -92.55221646053684, 18.714472285611244 ], [ -92.552160591147114, 18.714568129602593 ], [ -92.552104721757289, 18.714663973538816 ], [ -92.552010043689492, 18.714804418444182 ], [ -92.55191536562171, 18.714944863231562 ], [ -92.551802835249674, 18.715113202592494 ], [ -92.551690304877539, 18.715281541783874 ], [ -92.551599723875285, 18.715443134781282 ], [ -92.551509142873115, 18.715604727622448 ], [ -92.551446872850377, 18.715761145948481 ], [ -92.551384602827639, 18.715917564128119 ], [ -92.551349756583889, 18.716063872573017 ], [ -92.551314910340125, 18.716210180889831 ], [ -92.551301953085655, 18.71632671940797 ], [ -92.551288995831271, 18.716443257844745 ], [ -92.551291399669296, 18.716569104355752 ], [ -92.551293803507221, 18.716694950771963 ], [ -92.551315820119754, 18.716869160618305 ], [ -92.551337836732287, 18.717043370283179 ], [ -92.551384080649967, 18.71724044959176 ], [ -92.551430324567633, 18.717437528668011 ], [ -92.551475444710462, 18.717586467457242 ], [ -92.551520564853362, 18.717735406113871 ], [ -92.551681871091247, 18.718183310853835 ], [ -92.551843177329118, 18.718631214393241 ], [ -92.552006214278137, 18.719077538670593 ], [ -92.552169251227141, 18.719523861755675 ], [ -92.552221446001866, 18.719646412515331 ], [ -92.552273640776676, 18.719768963185185 ], [ -92.55234284736008, 18.719910654333955 ], [ -92.55241205394347, 18.72005234536255 ], [ -92.552498123952375, 18.720196878388926 ], [ -92.552584193961181, 18.720341411290324 ], [ -92.552686000470629, 18.720486014829827 ], [ -92.552787806980163, 18.720630618244229 ], [ -92.552907536544026, 18.720767699250906 ], [ -92.55302726610789, 18.720904780145119 ], [ -92.553165343525478, 18.721032909848432 ], [ -92.553303420943067, 18.721161039453587 ], [ -92.553420890740767, 18.721250158650697 ], [ -92.553538360538482, 18.721339277800265 ], [ -92.553692694527271, 18.721430858883334 ], [ -92.55384702851606, 18.721522439916203 ], [ -92.554009212348376, 18.721608096390579 ], [ -92.554171396180706, 18.721693752821036 ], [ -92.554400957850191, 18.721795196520358 ], [ -92.554630519519691, 18.721896640158125 ], [ -92.555206676811082, 18.722136998996909 ], [ -92.555782834102473, 18.722377357489933 ], [ -92.556231925140253, 18.722562097769018 ], [ -92.556681016177933, 18.72274683784379 ], [ -92.556851124442389, 18.722815357954232 ], [ -92.557021232706845, 18.722883878036651 ], [ -92.557182769919876, 18.72294480519129 ], [ -92.557344307132894, 18.723005732323806 ], [ -92.557485374424175, 18.723043246307601 ], [ -92.557626441715357, 18.723080760283015 ], [ -92.55784989907454, 18.723151841084693 ], [ -92.558073356433823, 18.723222921856188 ], [ -92.557676584138363, 18.723714901107233 ], [ -92.557279811842903, 18.724206878909083 ], [ -92.555481724607617, 18.725357108509989 ], [ -92.55368363737233, 18.726507330189552 ], [ -92.551946396296628, 18.727520088286695 ], [ -92.550209155220841, 18.728532840241979 ], [ -92.549297052973245, 18.729151816337975 ], [ -92.548173220369904, 18.729408831298311 ], [ -92.547049387766663, 18.729665845863032 ], [ -92.546940938234812, 18.72852718591982 ], [ -92.54683248870306, 18.727388518212198 ], [ -92.546554641774847, 18.726250462994717 ], [ -92.546276794846619, 18.725112400022024 ], [ -92.545373344844791, 18.724876035327721 ], [ -92.544469894842862, 18.724639670299016 ], [ -92.543019798789587, 18.725313549075253 ], [ -92.541569702736396, 18.725987425132548 ], [ -92.540277126009059, 18.726828930756831 ], [ -92.538984549281722, 18.727670432141053 ], [ -92.5374190839146, 18.728787226567942 ], [ -92.535853618547392, 18.729904013525953 ], [ -92.534455542939142, 18.730787031807221 ], [ -92.533057467330963, 18.731670045418596 ], [ -92.531880187961065, 18.732051804505101 ], [ -92.530702908591167, 18.732433562718647 ], [ -92.529446781570101, 18.732756568791654 ], [ -92.528190654549121, 18.733079574239628 ], [ -92.527329871137283, 18.73327811710498 ], [ -92.52646908772553, 18.733476659734272 ], [ -92.525819435359764, 18.733508466884739 ], [ -92.525169782993999, 18.733540274029327 ], [ -92.524592340953674, 18.733439136409554 ] ] ] ] } },
{ "type": "Feature", "properties": { "nombre": "SANTA ANA", "superficie": "34.83", "ubicacin": "Marino", "comentario": null, "petrleo_cr": "0", "crudo_1p_m": "0", "gas_natura": "0", "condensado": "0", "volumen_or": "141.25", "volumen__1": "133.87", "petrleo__1": "0", "crudo_2p_m": "0", "gas_natu_1": "0", "condensa_1": "0", "volumen__2": "0", "volumen__3": "0", "petrleo__2": "0.64", "crudo_3p_m": "0.55", "gas_natu_2": "0.45", "condensa_2": "0", "volumen__4": "0", "volumen__5": "0" }, "geometry": { "type": "MultiPolygon", "coordinates": [ [ [ [ -93.825, 18.35 ], [ -93.808333333333323, 18.35 ], [ -93.758333333333326, 18.383333333333358 ], [ -93.741666666666674, 18.375 ], [ -93.74166666666666, 18.341666666666654 ], [ -93.808333333333323, 18.316666666666666 ], [ -93.825, 18.35 ] ] ] ] } },
{ "type": "Feature", "properties": { "nombre": "CHOCOL", "superficie": "11.92", "ubicacin": "Terrestre", "comentario": null, "petrleo_cr": "0.43", "crudo_1p_m": "0.38", "gas_natura": "0.27", "condensado": "0", "volumen_or": "63.01", "volumen__1": "46.95", "petrleo__1": "0.43", "crudo_2p_m": "0.38", "gas_natu_1": "0.27", "condensa_1": "0", "volumen__2": "22", "volumen__3": "16.39", "petrleo__2": "0.43", "crudo_3p_m": "0.38", "gas_natu_2": "0.27", "condensa_2": "0", "volumen__4": "43.62", "volumen__5": "32.5" }, "geometry": { "type": "MultiPolygon", "coordinates": [ [ [ [ -93.29174486804726, 18.355850561861875 ], [ -93.29141843761164, 18.35652636518989 ], [ -93.291292223177891, 18.356732687038818 ], [ -93.290994744537898, 18.357124106421907 ], [ -93.290704636509076, 18.357472860628341 ], [ -93.290548285448665, 18.357672125532194 ], [ -93.290362128811694, 18.357857216443563 ], [ -93.290019984408559, 18.358149180568251 ], [ -93.289700210288515, 18.358462432387562 ], [ -93.28937115453499, 18.358781157479804 ], [ -93.289129533380333, 18.358991229030373 ], [ -93.288992541774746, 18.35915301797333 ], [ -93.288694691005674, 18.359430700460944 ], [ -93.288539588158926, 18.359641643542769 ], [ -93.288403001684458, 18.359778472071628 ], [ -93.288232878730412, 18.359946038352042 ], [ -93.287993435756221, 18.360302944588714 ], [ -93.287609446553915, 18.360704885335721 ], [ -93.287471380530576, 18.360825157747062 ], [ -93.287370722063031, 18.360894229194642 ], [ -93.287002986229481, 18.361408662843324 ], [ -93.28666145326514, 18.361575270676418 ], [ -93.286410903655792, 18.361695709363858 ], [ -93.286299486620294, 18.361738008970441 ], [ -93.285727460536975, 18.361801457329165 ], [ -93.285411143118608, 18.361899107747341 ], [ -93.285253734943751, 18.361861749796173 ], [ -93.284250493007562, 18.361738032974248 ], [ -93.283548418394446, 18.362026323802407 ], [ -93.282978354103534, 18.362434127549218 ], [ -93.28271477199803, 18.362674100357228 ], [ -93.282426620076592, 18.362991816659594 ], [ -93.282213401345871, 18.363273431963787 ], [ -93.282062540872744, 18.363453585963491 ], [ -93.281743917383778, 18.363976588300574 ], [ -93.281276174568575, 18.36486268918431 ], [ -93.281073262655298, 18.36539944305899 ], [ -93.280960688070195, 18.365738224069904 ], [ -93.280869790385054, 18.366027123878879 ], [ -93.280742574707858, 18.366509757124703 ], [ -93.280615027021952, 18.366788832497821 ], [ -93.280533825887971, 18.36725893492893 ], [ -93.280335218054233, 18.367770755923601 ], [ -93.28029901956512, 18.368038802020653 ], [ -93.280034526225165, 18.368730845474563 ], [ -93.280038054520219, 18.368785471548318 ], [ -93.279967150193329, 18.369256344073392 ], [ -93.279706861672821, 18.369530298239376 ], [ -93.279437698324045, 18.369791583785858 ], [ -93.27919064894445, 18.370040157446034 ], [ -93.278740080862406, 18.370365109956555 ], [ -93.278479984311048, 18.370617927427219 ], [ -93.278232904391132, 18.37070587757486 ], [ -93.277950347062472, 18.370899550735647 ], [ -93.27755265540668, 18.371072258809111 ], [ -93.276916366952833, 18.371389806545945 ], [ -93.276249165492857, 18.371758124398408 ], [ -93.275586046280466, 18.371910467534697 ], [ -93.275223854092928, 18.371994745926482 ], [ -93.274892559282932, 18.372019802606246 ], [ -93.274663069830694, 18.372036258410422 ], [ -93.274376356618859, 18.372112755155062 ], [ -93.274040870813678, 18.372142826549872 ], [ -93.273621323782265, 18.372206443067597 ], [ -93.272962182473691, 18.372473000705444 ], [ -93.272592438815309, 18.37263170892744 ], [ -93.272029336695255, 18.372894627782905 ], [ -93.27131926633399, 18.373245019240787 ], [ -93.271120006427793, 18.373516029479092 ], [ -93.270913207345416, 18.373773439375341 ], [ -93.270741915982285, 18.373939350699864 ], [ -93.270416269066516, 18.374278015751994 ], [ -93.269875110896294, 18.374774918402871 ], [ -93.269323179642925, 18.375282137351189 ], [ -93.268706631530165, 18.375861541956741 ], [ -93.268269574816372, 18.376251860272276 ], [ -93.267839754724605, 18.376666201622374 ], [ -93.267363241052919, 18.377118374545514 ], [ -93.26678616949664, 18.377656518212227 ], [ -93.266216280757078, 18.378187783175473 ], [ -93.265940861664831, 18.37846457250636 ], [ -93.265722922532291, 18.378703516463474 ], [ -93.265318284513057, 18.379131548620496 ], [ -93.264968170968586, 18.379532039659587 ], [ -93.264650410451736, 18.379922184693903 ], [ -93.264412290531595, 18.380243552705902 ], [ -93.264246021236829, 18.380520187916794 ], [ -93.263997225465289, 18.380913669548125 ], [ -93.263805948422373, 18.381300204209328 ], [ -93.263590235578874, 18.381752004916962 ], [ -93.263274451639745, 18.382612505492496 ], [ -93.263070144249127, 18.383472851420709 ], [ -93.26291952470865, 18.384168324663527 ], [ -93.262815307259416, 18.384633704159103 ], [ -93.262696745089102, 18.38512313427735 ], [ -93.262596003823546, 18.385512977178038 ], [ -93.262455712448002, 18.385906306375762 ], [ -93.262301070926867, 18.386320254883206 ], [ -93.262088861390964, 18.386717116936332 ], [ -93.261807644007092, 18.387086607169728 ], [ -93.261555128903467, 18.387411424800106 ], [ -93.261031872496574, 18.387897542733089 ], [ -93.260691678586113, 18.388160244832072 ], [ -93.260373040705758, 18.388405750646815 ], [ -93.259914286889682, 18.388744145222731 ], [ -93.259452575610567, 18.389086412502603 ], [ -93.259066351307752, 18.389407975146234 ], [ -93.258831609151002, 18.389598431582495 ], [ -93.258639961801236, 18.389747629598112 ], [ -93.258444041046062, 18.389871929443181 ], [ -93.258197795442925, 18.390010030949739 ], [ -93.257944380712615, 18.390167435043633 ], [ -93.257565120822107, 18.390338742785612 ], [ -93.257372430765997, 18.390214534527086 ], [ -93.257103158852317, 18.390013141231545 ], [ -93.256836730702844, 18.389768209261529 ], [ -93.256461023139877, 18.389397348421845 ], [ -93.256188715300937, 18.389060616559828 ], [ -93.255956391586665, 18.388581309463 ], [ -93.255728604076864, 18.388141745542473 ], [ -93.255609853722206, 18.387663664968169 ], [ -93.255522000793633, 18.387351367714242 ], [ -93.255462960361285, 18.387104812453359 ], [ -93.255382162571607, 18.386825396004959 ], [ -93.255301087227622, 18.386354124365422 ], [ -93.25518235547014, 18.385887006840242 ], [ -93.25506360017971, 18.385403442401387 ], [ -93.254960720225768, 18.384932019326914 ], [ -93.254840664047833, 18.38442624100049 ], [ -93.254746141521991, 18.384151145968392 ], [ -93.254714391242373, 18.383890943011917 ], [ -93.254651206926667, 18.383595177787807 ], [ -93.254483911940554, 18.382960752339415 ], [ -93.254442542477818, 18.382625680299036 ], [ -93.254354007129962, 18.382215791624507 ], [ -93.254312181666194, 18.381566223118163 ], [ -93.254326978928134, 18.380961506255506 ], [ -93.254310540434972, 18.380446688029231 ], [ -93.254309675958439, 18.379856969283971 ], [ -93.254340073567562, 18.379192326838393 ], [ -93.25438648851366, 18.378752306414061 ], [ -93.25437066030338, 18.37865681749123 ], [ -93.254369993317539, 18.378201882702104 ], [ -93.254369326351309, 18.377746947891843 ], [ -93.254462729896147, 18.37726193500291 ], [ -93.254540686598716, 18.376941680475966 ], [ -93.254555663268206, 18.376456772368556 ], [ -93.254712137857553, 18.376196316277642 ], [ -93.255091761224037, 18.376094224682451 ], [ -93.255314021157005, 18.375647891740982 ], [ -93.255514705097937, 18.375396277604988 ], [ -93.255809342543898, 18.375039703888444 ], [ -93.256135309915862, 18.374659210589048 ], [ -93.256586901654032, 18.374368404430935 ], [ -93.256960040171975, 18.374062726956716 ], [ -93.257333194957141, 18.373772024897104 ], [ -93.257493202547096, 18.373661322272707 ], [ -93.257845034763932, 18.373201523546168 ], [ -93.257790710980942, 18.372264281809077 ], [ -93.257621820666088, 18.371502606146805 ], [ -93.257547597941993, 18.37092717574637 ], [ -93.257484905825152, 18.370384618999893 ], [ -93.257490874068537, 18.369688485140607 ], [ -93.257485609630123, 18.369156815229871 ], [ -93.257507446522709, 18.368394881177668 ], [ -93.257541215146148, 18.367939899431541 ], [ -93.257648143774702, 18.367342296806299 ], [ -93.257835541451129, 18.36681036381604 ], [ -93.25798844603213, 18.366245590232207 ], [ -93.257980401772215, 18.365549475061233 ], [ -93.257899712772655, 18.365335838055213 ], [ -93.257853352879124, 18.365045411283056 ], [ -93.257949367890433, 18.364831534963066 ], [ -93.258125655969138, 18.364551771145901 ], [ -93.258129911681181, 18.364403797739438 ], [ -93.258306362123278, 18.364233663914085 ], [ -93.25853982952583, 18.363800337848755 ], [ -93.258624292232923, 18.363542625145101 ], [ -93.258706203208305, 18.363267088169103 ], [ -93.258937292038468, 18.362936536523648 ], [ -93.25910602143972, 18.362288136206619 ], [ -93.259183537285537, 18.362067423493709 ], [ -93.259338974771026, 18.361513607572334 ], [ -93.259448783359915, 18.361157189720171 ], [ -93.259454711158867, 18.360439128305888 ], [ -93.2595761960971, 18.360214251834584 ], [ -93.259630220195277, 18.359642752677459 ], [ -93.259879804523052, 18.359323134802914 ], [ -93.260088072595011, 18.359091278679692 ], [ -93.260330518840647, 18.358683966496052 ], [ -93.260419588124876, 18.358513952291577 ], [ -93.260530878312295, 18.357850562964568 ], [ -93.26104434456613, 18.357405890425515 ], [ -93.261328259246454, 18.357016339007913 ], [ -93.261721031459331, 18.356029185749566 ], [ -93.26212633818227, 18.355743655493367 ], [ -93.262840496926856, 18.35470534262593 ], [ -93.263131092862409, 18.354489848637748 ], [ -93.263534640900559, 18.354331707264237 ], [ -93.263972383645637, 18.354009064261636 ], [ -93.264678485251295, 18.353572317972276 ], [ -93.265166697388281, 18.35330032141135 ], [ -93.265964792798002, 18.352958006751543 ], [ -93.266567851206048, 18.352714627565526 ], [ -93.266907003409244, 18.352567531554534 ], [ -93.267441304618785, 18.352409194372733 ], [ -93.267872285665476, 18.352255102437077 ], [ -93.268406528225967, 18.352057014588571 ], [ -93.268982240347157, 18.351872588542193 ], [ -93.269339794634675, 18.351677502424721 ], [ -93.269709013025988, 18.351602998583768 ], [ -93.27008942608694, 18.351342104421729 ], [ -93.270405605569351, 18.351195030371183 ], [ -93.270756226865558, 18.351047906870686 ], [ -93.271063456590468, 18.350903603886568 ], [ -93.271519337782706, 18.350375383229238 ], [ -93.272097321230603, 18.350033356535949 ], [ -93.272422364703971, 18.349461462120875 ], [ -93.272573427771135, 18.34937629768201 ], [ -93.272678396789729, 18.349181570830972 ], [ -93.272966917399401, 18.348898873237221 ], [ -93.273140565013648, 18.348572485916733 ], [ -93.273401573525007, 18.34824187608227 ], [ -93.273604814981979, 18.34768111668701 ], [ -93.273906639026222, 18.346951664934299 ], [ -93.273910760134243, 18.346726945731454 ], [ -93.274020302818656, 18.346228002127159 ], [ -93.274061256148002, 18.345915530867806 ], [ -93.274101826711842, 18.34536186557354 ], [ -93.274142539977277, 18.344895907959863 ], [ -93.274173879114642, 18.344532731176511 ], [ -93.274170727602666, 18.344136721231738 ], [ -93.274213755920243, 18.343905089503551 ], [ -93.274199381877679, 18.343673535917802 ], [ -93.274165315075948, 18.343249964219716 ], [ -93.274134106515987, 18.342965448325245 ], [ -93.274123958886946, 18.342381276719149 ], [ -93.274065184482595, 18.342173175266701 ], [ -93.274003831678442, 18.341600145814446 ], [ -93.273937009856581, 18.341452315751859 ], [ -93.27388725426141, 18.341340856816256 ], [ -93.273775356920964, 18.340869713809756 ], [ -93.273715917514721, 18.340634017412185 ], [ -93.274068761906392, 18.340522896015283 ], [ -93.27490483375658, 18.340467379152859 ], [ -93.275750282058482, 18.340570932135041 ], [ -93.277074588621417, 18.341098600756165 ], [ -93.277916008778334, 18.341228002455143 ], [ -93.279045455117512, 18.341337455106238 ], [ -93.280175927039522, 18.341493180760139 ], [ -93.280904873232316, 18.341384223128021 ], [ -93.281590574578047, 18.341365280821517 ], [ -93.282453601354405, 18.341360133888411 ], [ -93.284530301960729, 18.341488418170908 ], [ -93.285937058092941, 18.341282366550111 ], [ -93.28644516583023, 18.341202797404744 ], [ -93.287193279341921, 18.341056804400285 ], [ -93.288057650412497, 18.340884506742917 ], [ -93.289238165577103, 18.340727873753583 ], [ -93.291446265897378, 18.340667047129713 ], [ -93.292777119326558, 18.340656464271671 ], [ -93.294479590276012, 18.340723862240786 ], [ -93.295036717345511, 18.340792738272253 ], [ -93.29587688526027, 18.340954901082316 ], [ -93.296285359725573, 18.341027927398933 ], [ -93.296652463138912, 18.341118466978045 ], [ -93.297196464081821, 18.341303521180176 ], [ -93.297868926500257, 18.341538838028761 ], [ -93.298543887915628, 18.341767396377939 ], [ -93.299454419635595, 18.342190243976813 ], [ -93.299886352814326, 18.342400859899943 ], [ -93.300131114931901, 18.342520412075821 ], [ -93.300432184223382, 18.342660793741267 ], [ -93.300647246231563, 18.34276970770361 ], [ -93.300873900795523, 18.34285935719458 ], [ -93.301114252489185, 18.34295185776708 ], [ -93.301349306715508, 18.343046418539643 ], [ -93.301808359173606, 18.343195503646712 ], [ -93.301848309962281, 18.343771862594409 ], [ -93.301781670503487, 18.343978097054105 ], [ -93.301774991640002, 18.344418828573673 ], [ -93.301745757695869, 18.344731630897037 ], [ -93.301724585105433, 18.345399863228504 ], [ -93.301740533151303, 18.346110693039893 ], [ -93.301718890546965, 18.346608323726944 ], [ -93.301659655372873, 18.346992272744739 ], [ -93.30157819826087, 18.347440234902471 ], [ -93.301429730729467, 18.347781664297827 ], [ -93.301325817867053, 18.348059045135177 ], [ -93.301006080137313, 18.348471839747631 ], [ -93.300723390371729, 18.348785053544141 ], [ -93.300403242660536, 18.349062789354537 ], [ -93.300060662782585, 18.349283687180538 ], [ -93.299688404565529, 18.34946197037879 ], [ -93.299316145583703, 18.349640257270742 ], [ -93.298921305681233, 18.349775932597598 ], [ -93.298600823456468, 18.349861727503157 ], [ -93.298146242137022, 18.349990402403161 ], [ -93.29775856127344, 18.350062098941635 ], [ -93.297452757142935, 18.350126561689411 ], [ -93.297035284561389, 18.350191198022454 ], [ -93.29653590155192, 18.350241731598096 ], [ -93.296066294902687, 18.350292217614413 ], [ -93.295619195399411, 18.350342660353828 ], [ -93.294881873364375, 18.350457533753108 ], [ -93.29446459795389, 18.350536369042857 ], [ -93.294025061761261, 18.350657886841628 ], [ -93.293406986033574, 18.35095740218798 ], [ -93.292908246658499, 18.351391797865258 ], [ -93.292707311225229, 18.351740420883043 ], [ -93.292573160087159, 18.351960985124624 ], [ -93.292461732816207, 18.352309467637056 ], [ -93.292357688420623, 18.352622394917937 ], [ -93.292291004133233, 18.35291393308718 ], [ -93.292224392512196, 18.353248120183242 ], [ -93.292114170663183, 18.354108421901632 ], [ -93.292055246964708, 18.354485255009624 ], [ -93.291959459563884, 18.355075403117759 ], [ -93.29174486804726, 18.355850561861875 ] ] ] ] } },
{ "type": "Feature", "properties": { "nombre": "XANAB SE", "superficie": null, "ubicacin": "Aguas someras", "comentario": "NUEVOS CAMPOS", "petrleo_cr": "4.29", "crudo_1p_m": "3.92", "gas_natura": "2.97", "condensado": "0.02", "volumen_or": "13.56", "volumen__1": "10.25", "petrleo__1": "25.26", "crudo_2p_m": "23.12", "gas_natu_1": "17.48", "condensa_1": "0.11", "volumen__2": "37.19", "volumen__3": "28.11", "petrleo__2": "25.26", "crudo_3p_m": "23.12", "gas_natu_2": "17.48", "condensa_2": "0.11", "volumen__4": "0", "volumen__5": "0" }, "geometry": { "type": "MultiPolygon", "coordinates": [ [ [ [ -93.331910884823571, 18.486468789953619 ], [ -93.331801390866019, 18.486463715529396 ], [ -93.331789056878222, 18.486464264770007 ], [ -93.331681987751438, 18.486451287957152 ], [ -93.33166884077059, 18.486449694534542 ], [ -93.331560699248541, 18.486436587675655 ], [ -93.331547738722122, 18.486440665712735 ], [ -93.331455570370224, 18.486441392305721 ], [ -93.331424995890472, 18.486441633324318 ], [ -93.33134717155923, 18.486442246791285 ], [ -93.331304128436386, 18.486431194901741 ], [ -93.33126697747133, 18.486426770257481 ], [ -93.331183873536304, 18.486416872630912 ], [ -93.331151947650199, 18.486409449008647 ], [ -93.331064270775357, 18.48639905814025 ], [ -93.331030188398699, 18.486396755856902 ], [ -93.330943059361118, 18.486390870214336 ], [ -93.330906924006968, 18.486385197537459 ], [ -93.330822533882838, 18.486379158316765 ], [ -93.330778239737242, 18.486377347439998 ], [ -93.33070081792755, 18.486374182180271 ], [ -93.330649467323155, 18.486369616989748 ], [ -93.330579669729161, 18.486366512648431 ], [ -93.330520597191082, 18.486364997913256 ], [ -93.330457570896158, 18.486363381775789 ], [ -93.330409254280198, 18.486362142813789 ], [ -93.330336019701178, 18.486358255018843 ], [ -93.330299848431707, 18.486361381047516 ], [ -93.33021160715424, 18.486369007091469 ], [ -93.330198098425626, 18.486370174547858 ], [ -93.330089746608849, 18.486365654271935 ], [ -93.330085183437575, 18.486365136014001 ], [ -93.329968817628412, 18.486351919836295 ], [ -93.32996441283251, 18.486351419562709 ], [ -93.329929157151582, 18.486351447300194 ], [ -93.329855476739397, 18.486351505246887 ], [ -93.329846132470209, 18.486351512593899 ], [ -93.329832548074478, 18.486352545161878 ], [ -93.329721235926456, 18.486361731572458 ], [ -93.329673100264415, 18.486365305495838 ], [ -93.329596596878559, 18.486370985609256 ], [ -93.329517917362409, 18.486374834225614 ], [ -93.329471505235404, 18.486379073742455 ], [ -93.329363825287317, 18.486383311391819 ], [ -93.329346940905339, 18.48638397585637 ], [ -93.329325463415785, 18.486373290316465 ], [ -93.329229876586851, 18.486336019281282 ], [ -93.329160584920714, 18.486309001165921 ], [ -93.32911249955356, 18.486290251762455 ], [ -93.328998170856835, 18.486248185546003 ], [ -93.328994308380175, 18.486246827349248 ], [ -93.32898276879331, 18.486242769581622 ], [ -93.328875880949568, 18.486205183616505 ], [ -93.328847175951012, 18.486200996780951 ], [ -93.328753510473177, 18.48618733494942 ], [ -93.32872035397412, 18.486182498807125 ], [ -93.328628050613929, 18.486190157630006 ], [ -93.328614410565763, 18.486188292693384 ], [ -93.328505207423461, 18.486173361848557 ], [ -93.328488306347481, 18.486171051036195 ], [ -93.32838155284054, 18.486162760102559 ], [ -93.328293051742264, 18.486135091165011 ], [ -93.328261730657175, 18.486125298945012 ], [ -93.328205006037933, 18.486096950022329 ], [ -93.328143165729443, 18.486079637997079 ], [ -93.328099020585114, 18.48607110559459 ], [ -93.328021105737207, 18.486056046134081 ], [ -93.327988831807716, 18.486048132408769 ], [ -93.327899270474234, 18.486031208866166 ], [ -93.327791263468157, 18.486008900068327 ], [ -93.327777443676155, 18.486006045591864 ], [ -93.327657721910157, 18.485981317027267 ], [ -93.327655605524512, 18.485980959207723 ], [ -93.327655453532032, 18.485980924341902 ], [ -93.327532484780875, 18.48596513961246 ], [ -93.327414016939372, 18.485949932558185 ], [ -93.327409362051242, 18.485949335034718 ], [ -93.327403144869095, 18.485947131964451 ], [ -93.327289332059252, 18.485913958046638 ], [ -93.327254017300959, 18.485903664558805 ], [ -93.327169259404059, 18.485878959433762 ], [ -93.327096839451542, 18.485851036044608 ], [ -93.327050123608274, 18.485837657325533 ], [ -93.326948590933114, 18.485808579838078 ], [ -93.326930043884602, 18.485803268225084 ], [ -93.32688827622485, 18.485784779973585 ], [ -93.326812422336729, 18.485751203584812 ], [ -93.326771160797819, 18.485732939328216 ], [ -93.326694024473454, 18.485705233451313 ], [ -93.326656468038152, 18.485684287079039 ], [ -93.326578358216807, 18.485640722802771 ], [ -93.326575989992875, 18.485639401969763 ], [ -93.326461208868011, 18.485586308673419 ], [ -93.326395334620884, 18.485557503880898 ], [ -93.326343427205188, 18.485536302668891 ], [ -93.326232199184972, 18.48549087231504 ], [ -93.326225438729637, 18.485488111048426 ], [ -93.326222356986079, 18.485486901778245 ], [ -93.326107320589585, 18.485441761665243 ], [ -93.326053321118025, 18.485420572319356 ], [ -93.325988722077852, 18.485399175882549 ], [ -93.325896667491406, 18.485368429176049 ], [ -93.32586960540533, 18.485359390289034 ], [ -93.325784480239292, 18.485330957979556 ], [ -93.325750351588397, 18.485320614747707 ], [ -93.325741483318438, 18.485318062484055 ], [ -93.325629622195606, 18.485292633673339 ], [ -93.325602875590107, 18.485286553494859 ], [ -93.325508832743822, 18.485265175148641 ], [ -93.325462578760323, 18.485253158082173 ], [ -93.32538763772277, 18.485239903570744 ], [ -93.325331122389571, 18.485229907916164 ], [ -93.325265939315784, 18.485218379208561 ], [ -93.32519254195347, 18.485198508935298 ], [ -93.325145521542254, 18.485188037325031 ], [ -93.325054628420162, 18.485167795072016 ], [ -93.325024695449031, 18.485161128871653 ], [ -93.324907314584379, 18.485126399252465 ], [ -93.32490492301838, 18.485125915376216 ], [ -93.324883874374336, 18.485121656685067 ], [ -93.324783711874886, 18.485101391156434 ], [ -93.324701433880591, 18.485068191984851 ], [ -93.324665795463659, 18.485053811867999 ], [ -93.324597786134007, 18.485026370048331 ], [ -93.324547874870291, 18.485006463263517 ], [ -93.324435414787899, 18.484967561334372 ], [ -93.324429042116492, 18.484965356912255 ], [ -93.324410199963154, 18.484958839069463 ], [ -93.324309862763812, 18.484926959920926 ], [ -93.324278672247942, 18.484915050055633 ], [ -93.324190818019076, 18.484887497440184 ], [ -93.324125996206703, 18.484867168159496 ], [ -93.32407148986124, 18.484850073972837 ], [ -93.323963049611734, 18.484807387652893 ], [ -93.323953297638809, 18.484804082519531 ], [ -93.323923112229295, 18.484793852093389 ], [ -93.323834372155488, 18.484763776309933 ], [ -93.323803463790739, 18.484751449146131 ], [ -93.323716322729069, 18.484716694693986 ], [ -93.323633827768447, 18.484683793195245 ], [ -93.32359798605745, 18.484671567851478 ], [ -93.323483044512955, 18.484637994568288 ], [ -93.323478030841727, 18.484636530122827 ], [ -93.323474530038595, 18.484635625503699 ], [ -93.323457116464567, 18.484630421231486 ], [ -93.323357317919658, 18.48460664490625 ], [ -93.323243600526212, 18.484597293211891 ], [ -93.323233526320109, 18.484596322360574 ], [ -93.323115566446518, 18.484586679888139 ], [ -93.323109718885121, 18.484586201885065 ], [ -93.323083868817719, 18.484588382918901 ], [ -93.322981435084841, 18.484605481751487 ], [ -93.322935245670692, 18.48461200023894 ], [ -93.322853196952622, 18.484625038335935 ], [ -93.322813724182765, 18.48463607021074 ], [ -93.322727854830077, 18.484660068998778 ], [ -93.322722174528508, 18.484661619229257 ], [ -93.322717670030158, 18.484662783993372 ], [ -93.322591606614878, 18.484695381167739 ], [ -93.32253830510615, 18.484704357361409 ], [ -93.322463146815551, 18.484715140423873 ], [ -93.322357363384469, 18.484730317264109 ], [ -93.322340858372343, 18.484733737662111 ], [ -93.322334834303206, 18.484734448118672 ], [ -93.322328085732693, 18.48473319473834 ], [ -93.322242853795103, 18.48471736498874 ], [ -93.322212535359597, 18.484712152407781 ], [ -93.322099274986272, 18.484692679758552 ], [ -93.322090067996498, 18.484691096814458 ], [ -93.322076269566026, 18.484685432508968 ], [ -93.321970971057283, 18.484647157217069 ], [ -93.321909842564082, 18.484624937390379 ], [ -93.321851797569025, 18.48460383837255 ], [ -93.321753864449363, 18.484549552746614 ], [ -93.321741278716388, 18.484542576301749 ], [ -93.321735546767172, 18.484539399002983 ], [ -93.32172022734278, 18.484530907232852 ], [ -93.321618630388571, 18.484479668854135 ], [ -93.321585092060616, 18.484451600091575 ], [ -93.321538535539219, 18.484412636169509 ], [ -93.321505146795516, 18.484395927530954 ], [ -93.321431152869593, 18.484358898918231 ], [ -93.321388037779343, 18.484337322910392 ], [ -93.321292529231528, 18.484271816217699 ], [ -93.321280638061864, 18.484263660383647 ], [ -93.32127375090846, 18.484258936669448 ], [ -93.321247905829296, 18.484241210216226 ], [ -93.321159239940982, 18.484182453992901 ], [ -93.321136187365141, 18.484164229419775 ], [ -93.321102108515618, 18.484137287841747 ], [ -93.321045219255325, 18.484101348414811 ], [ -93.320981804631003, 18.484061286592521 ], [ -93.320930017122578, 18.484028570103419 ], [ -93.320913607543275, 18.484018688681545 ], [ -93.320875571277327, 18.48399823061095 ], [ -93.320813396120286, 18.483963583991283 ], [ -93.320761419104088, 18.483934620179355 ], [ -93.320697030178906, 18.483897235971938 ], [ -93.320676273751758, 18.483882653152364 ], [ -93.320641276395804, 18.483858065088555 ], [ -93.320582135317181, 18.483821070944089 ], [ -93.3205263733376, 18.483786190474348 ], [ -93.320466715497162, 18.483748873015031 ], [ -93.320427470267418, 18.483719958607082 ], [ -93.320381571708538, 18.483686142253646 ], [ -93.320353013353269, 18.483665101505665 ], [ -93.320310978083626, 18.483634915178584 ], [ -93.320244730064815, 18.483585322266265 ], [ -93.320239247926963, 18.483581828952197 ], [ -93.320162169035598, 18.483537632762534 ], [ -93.320122842675289, 18.483517728771517 ], [ -93.320024128663306, 18.483463256229868 ], [ -93.320006457175111, 18.483453504708677 ], [ -93.319999160954353, 18.48345012839485 ], [ -93.319978987298612, 18.483440712053209 ], [ -93.319912568611812, 18.483409781005605 ], [ -93.319888594494728, 18.483398616299496 ], [ -93.319837537605963, 18.483374839176804 ], [ -93.319770722092926, 18.483343849401251 ], [ -93.31966514915149, 18.483290211727933 ], [ -93.319653513930461, 18.483284955134025 ], [ -93.319568960559479, 18.48324675533479 ], [ -93.319535586571988, 18.483231677510105 ], [ -93.319483474146409, 18.483205866247658 ], [ -93.319418166620892, 18.483174786406551 ], [ -93.319397893535211, 18.483164855985819 ], [ -93.319345221530227, 18.483139055498157 ], [ -93.319300902549287, 18.483117346580116 ], [ -93.319274491033752, 18.483105354857173 ], [ -93.319182887005979, 18.483063763482733 ], [ -93.319139004976421, 18.483043625814446 ], [ -93.319064884310649, 18.483010097887359 ], [ -93.319020126600037, 18.482987439279384 ], [ -93.318947725357077, 18.482950820459962 ], [ -93.318898911384679, 18.482926131493912 ], [ -93.318830576342521, 18.482891569193839 ], [ -93.318712308249133, 18.482838439817897 ], [ -93.318712225190325, 18.482838401847744 ], [ -93.318712074969881, 18.482838333174868 ], [ -93.318594101832332, 18.482784401972253 ], [ -93.318535650364367, 18.482762717982212 ], [ -93.318474178340637, 18.482739913418072 ], [ -93.3184395729524, 18.482726410607995 ], [ -93.31835431312112, 18.482695213395573 ], [ -93.318316896571787, 18.482679421020862 ], [ -93.318256042600069, 18.482653106711211 ], [ -93.318235735826192, 18.482643923969363 ], [ -93.318167798015452, 18.482614210158204 ], [ -93.318117227313962, 18.482592092138759 ], [ -93.318079460935678, 18.482575446328383 ], [ -93.317998755307258, 18.482539928630615 ], [ -93.317969177075383, 18.482526896839147 ], [ -93.317880321569248, 18.482487748197286 ], [ -93.31781308963366, 18.482460253744705 ], [ -93.317761590746557, 18.48243919328894 ], [ -93.317721692314194, 18.482423788459528 ], [ -93.317642802484158, 18.48239094967505 ], [ -93.317602937681102, 18.482372598663119 ], [ -93.317546232441487, 18.482346304848534 ], [ -93.317525434954575, 18.48233635872316 ], [ -93.317460818093934, 18.48230614412239 ], [ -93.317408070793761, 18.482281479659036 ], [ -93.317334164310523, 18.482230170579385 ], [ -93.317295729183002, 18.482203487226457 ], [ -93.317234469708353, 18.482167002898507 ], [ -93.317182926519195, 18.482127865163704 ], [ -93.317150934481276, 18.482097576770229 ], [ -93.31711015864505, 18.482057455333177 ], [ -93.317076052822244, 18.482024105268636 ], [ -93.31705174860781, 18.48200025872643 ], [ -93.317022555647043, 18.481971615484724 ], [ -93.316993486726687, 18.481943013023169 ], [ -93.316969172827555, 18.481919237855379 ], [ -93.31689844275337, 18.481846168382049 ], [ -93.316880096749401, 18.48182699875457 ], [ -93.316864265449283, 18.481806789691859 ], [ -93.316791496371764, 18.481722945929903 ], [ -93.316774491083663, 18.481705177174206 ], [ -93.316759816728052, 18.481686444944557 ], [ -93.316725163989702, 18.481642157503472 ], [ -93.316692720997651, 18.481600694170083 ], [ -93.316676475373072, 18.481578768154577 ], [ -93.316657506765239, 18.481554574039592 ], [ -93.316627242600305, 18.481514936994301 ], [ -93.316600086868846, 18.48147937105125 ], [ -93.316578949487678, 18.481450842790252 ], [ -93.316554269200708, 18.48141936347065 ], [ -93.316504038656262, 18.481357719431628 ], [ -93.316476596114171, 18.481325834987899 ], [ -93.316447815119602, 18.481294727095644 ], [ -93.316421251014106, 18.48126496489283 ], [ -93.316394353180726, 18.481234828769345 ], [ -93.31636757494465, 18.481203716096047 ], [ -93.316339490654741, 18.481173361176559 ], [ -93.316280633358019, 18.481111567873256 ], [ -93.316252889558825, 18.481084287124247 ], [ -93.316227187637196, 18.481060592217204 ], [ -93.316191057014692, 18.481026131393548 ], [ -93.316149718517977, 18.480986703354574 ], [ -93.316130536232265, 18.480967841185304 ], [ -93.316112765714763, 18.480951458301263 ], [ -93.316012279688948, 18.480861275530003 ], [ -93.316002339491831, 18.480852813635352 ], [ -93.315994164443737, 18.480846153798041 ], [ -93.315935118002301, 18.480796864648937 ], [ -93.315874091997443, 18.480745923005486 ], [ -93.315859832809736, 18.480734505294777 ], [ -93.315798266592992, 18.480685207558054 ], [ -93.315750254737168, 18.480646763131233 ], [ -93.315701034834262, 18.480607351356753 ], [ -93.315628217992014, 18.480550251974989 ], [ -93.315583277088649, 18.480372877413004 ], [ -93.315523042977475, 18.480143088931811 ], [ -93.31546338666999, 18.479912795147584 ], [ -93.315451330708413, 18.479838592272074 ], [ -93.315426694221287, 18.479686957897513 ], [ -93.315418573143063, 18.479470014428273 ], [ -93.315421159677726, 18.479258211916203 ], [ -93.315435611696728, 18.479049715274755 ], [ -93.315456191212434, 18.478840012984222 ], [ -93.315456097019705, 18.478623570518835 ], [ -93.315443890750032, 18.478403393370513 ], [ -93.315425694725775, 18.478181465425166 ], [ -93.315411696403373, 18.477959657132885 ], [ -93.315413835967433, 18.477739273788586 ], [ -93.315436862881256, 18.477521334813105 ], [ -93.315481045429635, 18.477306637426295 ], [ -93.315541809777642, 18.477095191098499 ], [ -93.315614867363934, 18.476886554093539 ], [ -93.315723125145894, 18.476680551502739 ], [ -93.315856429284395, 18.47647536727527 ], [ -93.31598633514119, 18.4762690458723 ], [ -93.316106428979253, 18.476059130011777 ], [ -93.316213714779792, 18.475845003742904 ], [ -93.316291190515642, 18.47562740195599 ], [ -93.316331918981518, 18.475407349283557 ], [ -93.316355850614684, 18.475224605451729 ], [ -93.316360926316236, 18.475185846995714 ], [ -93.316381430606612, 18.474964046213529 ], [ -93.316401405673105, 18.47474220811614 ], [ -93.31642180091626, 18.474521119882752 ], [ -93.316439709740848, 18.474300386454217 ], [ -93.316454629319367, 18.474079709907301 ], [ -93.316467703833212, 18.473859079457043 ], [ -93.316475787054685, 18.473638462031602 ], [ -93.316472876487524, 18.473417660207133 ], [ -93.316465950058557, 18.473196624811806 ], [ -93.316460434654289, 18.472975367267225 ], [ -93.316457722091627, 18.472753797918074 ], [ -93.316460364208581, 18.472531749702 ], [ -93.316472423938251, 18.472309116494273 ], [ -93.3164927752822, 18.472085692006999 ], [ -93.316517046760282, 18.471861663950278 ], [ -93.316543803621755, 18.471636865519372 ], [ -93.316583015585252, 18.471410001192623 ], [ -93.316619446209813, 18.471182657457121 ], [ -93.316636792056272, 18.470957114343889 ], [ -93.316661897436461, 18.470731039849625 ], [ -93.316696166520558, 18.470504689751351 ], [ -93.316744098645927, 18.470278389563134 ], [ -93.316804583191299, 18.470050731088122 ], [ -93.316892870115566, 18.469820501115805 ], [ -93.316987251820592, 18.46958944653835 ], [ -93.317061062000107, 18.469359858805547 ], [ -93.317124056580724, 18.469130344025018 ], [ -93.317182147430231, 18.468900202167447 ], [ -93.317244008807904, 18.468669055131215 ], [ -93.317310124151163, 18.468436883647712 ], [ -93.317383619271311, 18.468203337526461 ], [ -93.317463970500967, 18.467968136924355 ], [ -93.317533502195658, 18.467733031139005 ], [ -93.317577545679001, 18.467499759540374 ], [ -93.317607662461512, 18.467267722704378 ], [ -93.317635457303481, 18.467035752389279 ], [ -93.317659801249192, 18.466905567061872 ], [ -93.317679136271124, 18.466802168205277 ], [ -93.317758072740503, 18.466566887912222 ], [ -93.317871502024047, 18.466332354537826 ], [ -93.318010559787581, 18.46609922199417 ], [ -93.318015316155481, 18.466092236724194 ], [ -93.318167236045781, 18.465869124998108 ], [ -93.318334365533531, 18.465642483212264 ], [ -93.318419964649422, 18.465530020629899 ], [ -93.318508595042147, 18.465566988953242 ], [ -93.318528789422714, 18.46557541215509 ], [ -93.318561509174515, 18.465589059760646 ], [ -93.318632465800931, 18.465620990085881 ], [ -93.31868013920058, 18.465640713331993 ], [ -93.318744672084676, 18.465667411589493 ], [ -93.318768144688875, 18.465678023486248 ], [ -93.318856482536319, 18.465713833351913 ], [ -93.318860361770589, 18.465715396018538 ], [ -93.318876355442683, 18.465721838726211 ], [ -93.318974340137174, 18.465761432903207 ], [ -93.319048840337018, 18.465791537294024 ], [ -93.319092629926672, 18.465809231978483 ], [ -93.319169751075435, 18.465836342979969 ], [ -93.319218050753932, 18.465854533543165 ], [ -93.319248062895667, 18.465865836669593 ], [ -93.319339771082298, 18.465900375626006 ], [ -93.319390978756928, 18.465915925735089 ], [ -93.319458574540761, 18.465936452355493 ], [ -93.319470788606964, 18.465940161363335 ], [ -93.319533864833431, 18.46596142415558 ], [ -93.319563461368318, 18.465971401051888 ], [ -93.319596741903467, 18.465981320643266 ], [ -93.31964045321331, 18.465991292563444 ], [ -93.319731106397683, 18.466011973360935 ], [ -93.319787820505667, 18.466024911579609 ], [ -93.319861930293712, 18.466044758115572 ], [ -93.319937970224544, 18.466064913880132 ], [ -93.319997149435494, 18.466080600380224 ], [ -93.320094299408254, 18.46610635165797 ], [ -93.320130819677559, 18.466118076702344 ], [ -93.32022531154405, 18.46615680723437 ], [ -93.320265494722094, 18.466172672203811 ], [ -93.320284684242381, 18.466180248533078 ], [ -93.320401348561916, 18.466226309414537 ], [ -93.32049030551093, 18.466259761141828 ], [ -93.320540412001094, 18.466279786318694 ], [ -93.320639834756264, 18.466319520803722 ], [ -93.320677197340956, 18.466334452810486 ], [ -93.3207007883301, 18.466345113958539 ], [ -93.320817569052792, 18.466397888985398 ], [ -93.320860495344277, 18.466418228914392 ], [ -93.320957238655978, 18.466461007715736 ], [ -93.3209579481628, 18.466461304968448 ], [ -93.321086157163279, 18.466494571364649 ], [ -93.32110314267959, 18.466496579415605 ], [ -93.321220082293223, 18.466525024003261 ], [ -93.321248305359063, 18.466531889016721 ], [ -93.321367832029125, 18.46659254197192 ], [ -93.32140137218903, 18.466609562206884 ], [ -93.321426796064202, 18.466622463438284 ], [ -93.321453886231097, 18.466615962438198 ], [ -93.321499534370957, 18.466605182507806 ], [ -93.321542259752164, 18.466594860535565 ], [ -93.321669729851976, 18.466565656737941 ], [ -93.321752507269423, 18.466547005564394 ], [ -93.321960288393257, 18.466500442021641 ], [ -93.321965647432364, 18.466499272039869 ], [ -93.321966621256593, 18.466499091771254 ], [ -93.322025847704083, 18.466487558332176 ], [ -93.322048000614132, 18.466487103291172 ], [ -93.322178222291029, 18.466484429377488 ], [ -93.322242531682207, 18.466483108603256 ], [ -93.322281906967703, 18.466486218863395 ], [ -93.322382596772059, 18.466509098110464 ], [ -93.322454796344118, 18.466514869053697 ], [ -93.322508187496055, 18.466529835533493 ], [ -93.322584254510105, 18.46654788135163 ], [ -93.322675878852522, 18.466569617879429 ], [ -93.322696673244309, 18.466575079322809 ], [ -93.322790727893562, 18.466599781822936 ], [ -93.322845698690458, 18.466614219320377 ], [ -93.322896549098175, 18.466627156751372 ], [ -93.32290488409717, 18.466629277351785 ], [ -93.322920143227805, 18.466635756846244 ], [ -93.323015630173927, 18.466669379279267 ], [ -93.323071161672146, 18.466688932751879 ], [ -93.323126916762192, 18.466708564933469 ], [ -93.323209951830449, 18.466747742734526 ], [ -93.323225056687932, 18.466754869537851 ], [ -93.32323212226936, 18.466758203233837 ], [ -93.323251607486895, 18.466767396783609 ], [ -93.323338638670123, 18.466805260909666 ], [ -93.32344223640132, 18.466853748389838 ], [ -93.323442837890411, 18.466854053728525 ], [ -93.323515148100398, 18.466890761115678 ], [ -93.323549151126372, 18.466908022317568 ], [ -93.323639999277418, 18.466965572782613 ], [ -93.323652481028091, 18.466973479712635 ], [ -93.323671515492151, 18.466985537647361 ], [ -93.323756904207869, 18.467033589234291 ], [ -93.323817434887133, 18.467074957244279 ], [ -93.323859427085438, 18.467104771819777 ], [ -93.323937337413668, 18.467160088312482 ], [ -93.323962127073969, 18.467177689007997 ], [ -93.323983232815124, 18.467188401603607 ], [ -93.324069535353317, 18.467232205958396 ], [ -93.32413469581752, 18.467265279244373 ], [ -93.324177683307369, 18.467282841879467 ], [ -93.324247059833112, 18.467317470006833 ], [ -93.324286050133878, 18.467335527772264 ], [ -93.324308245461054, 18.467345807195443 ], [ -93.324395169036165, 18.467386064470304 ], [ -93.324480376604015, 18.467426207026222 ], [ -93.324504848488516, 18.467437275262682 ], [ -93.324550910430332, 18.467458108319192 ], [ -93.324598585284434, 18.467479194549242 ], [ -93.324614604646285, 18.467486916135442 ], [ -93.324643910839313, 18.467497088589596 ], [ -93.324727301966675, 18.467526034399782 ], [ -93.32477735796607, 18.46754541924588 ], [ -93.324839577869966, 18.467566486340615 ], [ -93.324922791791096, 18.467584166621691 ], [ -93.324955609254573, 18.467591139265664 ], [ -93.32498150550623, 18.467598587135001 ], [ -93.325071271959757, 18.467617255204743 ], [ -93.325092914466779, 18.467620334979756 ], [ -93.325189346800357, 18.467634057474754 ], [ -93.325211653345207, 18.467638083393865 ], [ -93.325307156758754, 18.467651735429115 ], [ -93.325332161181279, 18.467655087480182 ], [ -93.325372987904814, 18.46766056062927 ], [ -93.325425957399887, 18.467667661613746 ], [ -93.325514887353677, 18.46767958334101 ], [ -93.325544838963765, 18.467682402091555 ], [ -93.32563233000451, 18.46769638406073 ], [ -93.325663602044415, 18.467701381644247 ], [ -93.32569722017746, 18.467704433018525 ], [ -93.325782622537417, 18.467718124209796 ], [ -93.325862668242223, 18.467724223738173 ], [ -93.325903509471743, 18.467727335849986 ], [ -93.325942851320633, 18.467736386138654 ], [ -93.326022984399742, 18.467743434069803 ], [ -93.326073875176746, 18.467747841593052 ], [ -93.326143800785587, 18.46775389765304 ], [ -93.326196236916246, 18.467763775747301 ], [ -93.326263416064251, 18.467770063750152 ], [ -93.326320528178087, 18.467773990142121 ], [ -93.326384631802, 18.467778397171571 ], [ -93.326430818896199, 18.467781572452566 ], [ -93.326504527035922, 18.4677931111097 ], [ -93.32657556801388, 18.467805038394488 ], [ -93.326623787698736, 18.467813134127084 ], [ -93.326674137748228, 18.467821587518472 ], [ -93.326742569011174, 18.467834931256675 ], [ -93.326799908612145, 18.467849046347453 ], [ -93.326860437235894, 18.467863946447665 ], [ -93.326936381353278, 18.467882641289748 ], [ -93.326978169719382, 18.467893247698839 ], [ -93.327007983493559, 18.467903176810637 ], [ -93.327094653951519, 18.467932041310178 ], [ -93.327150076619375, 18.467950499102642 ], [ -93.327201669400267, 18.467966786498437 ], [ -93.32721125931829, 18.467969813950845 ], [ -93.327225679147432, 18.467974814663251 ], [ -93.327327518235336, 18.468011637868699 ], [ -93.3273773448567, 18.468029654264171 ], [ -93.327443723509646, 18.468053655545305 ], [ -93.327485744784667, 18.468068173149504 ], [ -93.327560794211649, 18.468093875802879 ], [ -93.327675685102861, 18.468133506736251 ], [ -93.327677699440017, 18.468134201569057 ], [ -93.327679041480792, 18.46813462911274 ], [ -93.327685926805032, 18.468136934392589 ], [ -93.327795390916492, 18.468173294242661 ], [ -93.327821659622714, 18.468182019704614 ], [ -93.327913076631091, 18.468211376099475 ], [ -93.327967475490482, 18.468229884096218 ], [ -93.3280309265499, 18.468251471877011 ], [ -93.328114895109081, 18.468280040229502 ], [ -93.328148819407033, 18.46829086626002 ], [ -93.328262474293354, 18.46833045617683 ], [ -93.328266597112759, 18.468331892295396 ], [ -93.328282387731917, 18.468337392705337 ], [ -93.328384441230355, 18.468371845537206 ], [ -93.328408894921267, 18.468380498205136 ], [ -93.328502339804004, 18.468411012986053 ], [ -93.328552401855688, 18.468427360915257 ], [ -93.328620296388237, 18.468449532074203 ], [ -93.328696346188735, 18.468475335056553 ], [ -93.328738101577926, 18.46848873159729 ], [ -93.328838466481955, 18.468520932006072 ], [ -93.328856004338093, 18.468526558728456 ], [ -93.328931320744914, 18.468552877017316 ], [ -93.328973458790927, 18.468567601564757 ], [ -93.328983500344862, 18.468571110442724 ], [ -93.329091074861424, 18.468606616616739 ], [ -93.329127567510511, 18.468619777941399 ], [ -93.329208488962081, 18.468648962786688 ], [ -93.329274808437333, 18.468672881301131 ], [ -93.329326038504348, 18.468689888556867 ], [ -93.329417345230979, 18.468719843055112 ], [ -93.32944422396497, 18.468728661003979 ], [ -93.329559465877537, 18.468766467689193 ], [ -93.329562421828371, 18.468767318578898 ], [ -93.329577040750394, 18.468772208573796 ], [ -93.329680577989961, 18.468807286046115 ], [ -93.329702805424006, 18.468814816488646 ], [ -93.329798715125776, 18.468847309742785 ], [ -93.32984873111792, 18.468866810160591 ], [ -93.329916275684923, 18.468891355043354 ], [ -93.329995732618841, 18.468920228696675 ], [ -93.330033974632556, 18.46893412534962 ], [ -93.330148698927417, 18.468982345076995 ], [ -93.330150544148296, 18.468983156294428 ], [ -93.330155525221187, 18.468985346131717 ], [ -93.330242418805142, 18.469024171964918 ], [ -93.330266749680959, 18.469034243874091 ], [ -93.330304748142339, 18.469048550916057 ], [ -93.330383748124518, 18.46907829566868 ], [ -93.33045161685834, 18.469103849294186 ], [ -93.330500825737886, 18.469121607178067 ], [ -93.330591728696731, 18.469150485986177 ], [ -93.330618579471604, 18.469159016153526 ], [ -93.330729352431547, 18.469194207337182 ], [ -93.330736350660857, 18.469196289943625 ], [ -93.330741606188155, 18.469198027522395 ], [ -93.330751511530991, 18.469201302419037 ], [ -93.330775090508439, 18.469209098081649 ], [ -93.330853933513083, 18.469234991603457 ], [ -93.330945373687655, 18.469265022221123 ], [ -93.3309714941077, 18.469273600632334 ], [ -93.331008999056507, 18.469287836555509 ], [ -93.331088388280079, 18.469318137906271 ], [ -93.331156010188579, 18.46934394786274 ], [ -93.331205255714906, 18.46936274389418 ], [ -93.331300589718353, 18.469397179022167 ], [ -93.33132239186034, 18.469404586136875 ], [ -93.331433269581112, 18.469442255965419 ], [ -93.331439781978929, 18.469444468498466 ], [ -93.33144109452445, 18.469444953240327 ], [ -93.331556470672467, 18.46948756325753 ], [ -93.331636232448602, 18.469515623905238 ], [ -93.331673304792105, 18.469529440396116 ], [ -93.331732803546402, 18.469552894238518 ], [ -93.331789446957146, 18.46957522250824 ], [ -93.33182884439799, 18.469590412963896 ], [ -93.331905606592557, 18.469620813237498 ], [ -93.331990562969509, 18.469659341762224 ], [ -93.332014074060908, 18.469670392700834 ], [ -93.332020733267257, 18.469673496479231 ], [ -93.332103701758456, 18.4697124219947 ], [ -93.332135568496824, 18.469727372586192 ], [ -93.332190459513356, 18.469751208094181 ], [ -93.332251093461025, 18.469777974636031 ], [ -93.332286841277551, 18.469793755311287 ], [ -93.3323665359747, 18.46982893605815 ], [ -93.332409988916368, 18.469852210081569 ], [ -93.332462444771238, 18.469880306173593 ], [ -93.332480528151734, 18.469889991880393 ], [ -93.332517638888419, 18.469909868891534 ], [ -93.332594892457223, 18.469948249004688 ], [ -93.33262863971521, 18.469973284613673 ], [ -93.332692730046631, 18.470020830379724 ], [ -93.332705650934258, 18.470029742409452 ], [ -93.33271763538869, 18.470038008544066 ], [ -93.332816881056544, 18.470106461999592 ], [ -93.332915844033209, 18.470178736714502 ], [ -93.332927590082932, 18.470187315090755 ], [ -93.332940205565194, 18.470196528429256 ], [ -93.333038667044946, 18.470265124090531 ], [ -93.333125876053259, 18.470334119245706 ], [ -93.333148629655, 18.4703516836733 ], [ -93.333177119677885, 18.470373676267513 ], [ -93.333258631481328, 18.470436598451442 ], [ -93.333319401663971, 18.470485948294936 ], [ -93.333368121669082, 18.470525512475831 ], [ -93.33343905100304, 18.470583112188422 ], [ -93.333477864154133, 18.470612520670443 ], [ -93.333507953983087, 18.470636540394992 ], [ -93.333587123801067, 18.470701539629431 ], [ -93.333688642932941, 18.470784887758327 ], [ -93.333696243740292, 18.47079112808467 ], [ -93.333708927524697, 18.470802032868562 ], [ -93.333804915294991, 18.470884557525721 ], [ -93.333859004157318, 18.470931059901375 ], [ -93.333913647993995, 18.470976890138047 ], [ -93.33401180555029, 18.471061999807375 ], [ -93.334022148080578, 18.471070938644459 ], [ -93.334024343296164, 18.471072835924076 ], [ -93.33402772147133, 18.471075755611196 ], [ -93.334130622831992, 18.471164691058277 ], [ -93.334189957039939, 18.471219029712756 ], [ -93.334238584814102, 18.471261922386134 ], [ -93.334283627293985, 18.471301652579484 ], [ -93.334346713469301, 18.471357298355315 ], [ -93.334350007889839, 18.471360555561375 ], [ -93.334408584924745, 18.471418470868969 ], [ -93.334453399739346, 18.471462779384581 ], [ -93.334468974097035, 18.471478268076112 ], [ -93.334489456653216, 18.47149842891821 ], [ -93.334529700406904, 18.471537495250743 ], [ -93.334560124040365, 18.471567028754748 ], [ -93.334625512319349, 18.471634487873416 ], [ -93.334666095509021, 18.471676356289322 ], [ -93.334756415480626, 18.471769536492616 ], [ -93.334772071787654, 18.471785424773884 ], [ -93.334844101158978, 18.47186038201005 ], [ -93.334877788256563, 18.471895345659448 ], [ -93.334885022091328, 18.471902853613187 ], [ -93.334983505052605, 18.472005068394708 ], [ -93.335013054458443, 18.472035969215824 ], [ -93.335089167699834, 18.472114585051258 ], [ -93.33514020677103, 18.472167302222658 ], [ -93.335194822037181, 18.472223713118012 ], [ -93.335267294136997, 18.472298307427593 ], [ -93.335300534455826, 18.47233242044291 ], [ -93.335393354614325, 18.472427677412327 ], [ -93.335406117821094, 18.47244077568007 ], [ -93.335459324978444, 18.472492606479079 ], [ -93.335512503684413, 18.47254440951582 ], [ -93.335526001648418, 18.47255755829633 ], [ -93.335618700039163, 18.472647788853749 ], [ -93.335657099294679, 18.472685895913685 ], [ -93.33572466712144, 18.472752949528228 ], [ -93.335785823396691, 18.472813640318236 ], [ -93.335811178997517, 18.472837254303329 ], [ -93.335830911807477, 18.47285563170675 ], [ -93.335914953252313, 18.472940119628277 ], [ -93.335926653140461, 18.472951881663391 ], [ -93.335936516616187, 18.472961797529535 ], [ -93.336040220044026, 18.473066051682792 ], [ -93.336041290525372, 18.473067052624685 ], [ -93.336042135280138, 18.473067842503212 ], [ -93.336052373699147, 18.473078176490617 ], [ -93.336147498476009, 18.473173825238007 ], [ -93.336164248731393, 18.473190667741733 ], [ -93.336252863831646, 18.47327977078919 ], [ -93.336268870477682, 18.473296230472556 ], [ -93.33628724747183, 18.473315127586659 ], [ -93.336358452723744, 18.473383601404748 ], [ -93.336384554676442, 18.473408702065683 ], [ -93.336416417520468, 18.473439342610334 ], [ -93.336464268570808, 18.473485358002563 ], [ -93.336500419232095, 18.473520938786407 ], [ -93.336543519957047, 18.473563360044352 ], [ -93.336570100934296, 18.47358727980901 ], [ -93.336659288334147, 18.473667537941083 ], [ -93.336676673337649, 18.473683182378295 ], [ -93.336681937270839, 18.47368786272682 ], [ -93.336739650400034, 18.473739177479445 ], [ -93.33678353243846, 18.473778194495026 ], [ -93.33682247718076, 18.473812821568686 ], [ -93.336891104108645, 18.473867663421004 ], [ -93.336988902980295, 18.473940074877589 ], [ -93.337000165964866, 18.473948414119036 ], [ -93.337019368125198, 18.473962631613063 ], [ -93.337109251475738, 18.474028353472136 ], [ -93.337166313404623, 18.474068707310096 ], [ -93.337219020848863, 18.474104317085846 ], [ -93.337289616098531, 18.474152012028924 ], [ -93.337328929232172, 18.474178572400092 ], [ -93.33736595803947, 18.47419931314306 ], [ -93.33744089970628, 18.47424128977093 ], [ -93.33749323939162, 18.474271126419296 ], [ -93.337552774018604, 18.474304203705458 ], [ -93.337570295846149, 18.47431375583767 ], [ -93.337609377178012, 18.474335061256966 ], [ -93.337648175506558, 18.474355563558561 ], [ -93.337665110911644, 18.474364128280797 ], [ -93.337706598985221, 18.474385765694819 ], [ -93.337777541457228, 18.474422764525798 ], [ -93.33780593773713, 18.474437682752125 ], [ -93.337880910062722, 18.474473461000912 ], [ -93.337890655698061, 18.474478240681208 ], [ -93.337966481320109, 18.474518076226559 ], [ -93.338003284648096, 18.47453563944697 ], [ -93.338049322955499, 18.474556644275935 ], [ -93.338116964666938, 18.474587505558361 ], [ -93.33813264007938, 18.474594818891944 ], [ -93.33817665938534, 18.47461474102488 ], [ -93.338230814473945, 18.474637720611611 ], [ -93.338302606862044, 18.474668667084018 ], [ -93.338344854019681, 18.474686259371481 ], [ -93.338388639407583, 18.474704971180472 ], [ -93.338458819132654, 18.474734962654338 ], [ -93.338516055486252, 18.47476081395763 ], [ -93.338557704053869, 18.47477962488415 ], [ -93.338572539137544, 18.474786325271396 ], [ -93.33863833408185, 18.474819466850875 ], [ -93.338685739699145, 18.474840053752644 ], [ -93.338723630774609, 18.474856452664881 ], [ -93.338799775492703, 18.474889407372473 ], [ -93.338808855981938, 18.47489345535223 ], [ -93.338836419141444, 18.474905266378698 ], [ -93.338914029809473, 18.474936523134829 ], [ -93.338949110226338, 18.474951234394382 ], [ -93.339028301110773, 18.474983611097514 ], [ -93.339069788494157, 18.475000572939223 ], [ -93.339142561971357, 18.475030325862861 ], [ -93.33919491170326, 18.475054040446253 ], [ -93.339256292674634, 18.475081846181013 ], [ -93.339290300918208, 18.475097251988302 ], [ -93.339369986981296, 18.475132676340479 ], [ -93.339407781254238, 18.475150404083649 ], [ -93.339483475048326, 18.475185908903882 ], [ -93.339509364813409, 18.475198052708777 ], [ -93.339596943030642, 18.475238177427627 ], [ -93.339645799348091, 18.475259992731139 ], [ -93.339710815442288, 18.475288261894548 ], [ -93.33981777046813, 18.475334766142794 ], [ -93.339824686578197, 18.475337773277772 ], [ -93.33983865648645, 18.475343739217692 ], [ -93.339938859720007, 18.475386531615413 ], [ -93.340001608825446, 18.475411376010413 ], [ -93.340053136786537, 18.475433926968833 ], [ -93.340086973984739, 18.475448514916195 ], [ -93.340167250910383, 18.475483123999652 ], [ -93.340188732705201, 18.475492385248288 ], [ -93.340257161395925, 18.475522963709636 ], [ -93.34028100202778, 18.475533617271253 ], [ -93.340329107925811, 18.475554194541814 ], [ -93.340395166549911, 18.475581807632977 ], [ -93.340429253481204, 18.475596056260315 ], [ -93.340509322743742, 18.475629525859517 ], [ -93.340553763071227, 18.475642726453202 ], [ -93.340613946578571, 18.475660603394545 ], [ -93.340625717492401, 18.475664099830396 ], [ -93.34064321230602, 18.475669296493777 ], [ -93.340741836115228, 18.475699445916803 ], [ -93.340788467159769, 18.475713030182249 ], [ -93.340858336987992, 18.475733384199941 ], [ -93.340932240573466, 18.475754913271601 ], [ -93.340974824745558, 18.475766929033682 ], [ -93.341076394418167, 18.475797291693652 ], [ -93.341091182909736, 18.475801712475572 ], [ -93.341151162454537, 18.47581964238293 ], [ -93.341197235154482, 18.475834356736243 ], [ -93.341207319199555, 18.475837577301036 ], [ -93.341293859331245, 18.475863652919315 ], [ -93.341323549448646, 18.475872700223192 ], [ -93.341390603970922, 18.475892942746384 ], [ -93.341439760745914, 18.475907782251682 ], [ -93.341510720370707, 18.475926562246286 ], [ -93.341556725085923, 18.475938607099067 ], [ -93.34159008680183, 18.475947341781534 ], [ -93.341673605727692, 18.475969208471668 ], [ -93.3417850972304, 18.475994926985436 ], [ -93.341791151866232, 18.475996325959159 ], [ -93.341795836081189, 18.475997408285536 ], [ -93.3418325423807, 18.476005889574139 ], [ -93.34190856327757, 18.476023454794301 ], [ -93.34191948620122, 18.476025784547801 ], [ -93.342026393116896, 18.476048586716672 ], [ -93.342051682738941, 18.476053980728807 ], [ -93.342144127122879, 18.476073487034569 ], [ -93.342183148710831, 18.476081449667561 ], [ -93.342262073765824, 18.476097554860303 ], [ -93.34231413035144, 18.476108177340109 ], [ -93.342380060707285, 18.476120859980483 ], [ -93.342443866162512, 18.476133458131414 ], [ -93.342498114295609, 18.476144169206123 ], [ -93.342574090882238, 18.476159170447602 ], [ -93.342616239713152, 18.476166617395904 ], [ -93.342701766240623, 18.47618184850063 ], [ -93.342734588856786, 18.47618769374867 ], [ -93.342829617860559, 18.47620461704787 ], [ -93.342853027227648, 18.476208022956655 ], [ -93.342951032660665, 18.476219752129168 ], [ -93.342972360970805, 18.476222304668681 ], [ -93.343071925110564, 18.476234220320066 ], [ -93.343091662946108, 18.476236659816493 ], [ -93.343110343198134, 18.476239305626279 ], [ -93.343210551538164, 18.476253498775009 ], [ -93.343318458436499, 18.476268782257762 ], [ -93.343329417399843, 18.476270417563512 ], [ -93.34333978490065, 18.476271668512879 ], [ -93.343448618503658, 18.476284800410951 ], [ -93.343560799148634, 18.47629833609659 ], [ -93.343567808285115, 18.476299209930914 ], [ -93.34367974791644, 18.476310474731235 ], [ -93.34368728329099, 18.476311233034835 ], [ -93.343798554816942, 18.476322430530217 ], [ -93.343806770893536, 18.476323124995872 ], [ -93.343912866052335, 18.476329060024852 ], [ -93.343926960790327, 18.476329848488717 ], [ -93.344026984630773, 18.476335443822165 ], [ -93.344047159654792, 18.47633639542596 ], [ -93.344069897019267, 18.476337576187575 ], [ -93.344167342203946, 18.476342636529068 ], [ -93.344197712668688, 18.476343919196381 ], [ -93.344287547216652, 18.476348534123474 ], [ -93.344325007979251, 18.476350583929843 ], [ -93.344407605585332, 18.476355103542062 ], [ -93.344451304378538, 18.476357856521815 ], [ -93.344527564439488, 18.476362062333465 ], [ -93.344596653203325, 18.476366247627709 ], [ -93.344647448683872, 18.476369324726136 ], [ -93.344705029807187, 18.476371259461871 ], [ -93.344767534075629, 18.476374968057428 ], [ -93.344827416945407, 18.476381627938451 ], [ -93.344886501259452, 18.476388198988616 ], [ -93.34494621152561, 18.47639317481304 ], [ -93.345005660550441, 18.476399806941458 ], [ -93.345061282859888, 18.476407948000144 ], [ -93.345123976852619, 18.476417124072327 ], [ -93.345174364997206, 18.476424065583672 ], [ -93.345242313865242, 18.476434040861363 ], [ -93.345319822898205, 18.476447679116689 ], [ -93.345360060858013, 18.476454759253158 ], [ -93.345448169524616, 18.476470262526448 ], [ -93.345477863803296, 18.476474913809568 ], [ -93.345505351435463, 18.476478105207491 ], [ -93.345596558265129, 18.476488694568843 ], [ -93.345622286817559, 18.476491198108249 ], [ -93.345715296582512, 18.476502032683811 ], [ -93.345816176966991, 18.476517882755843 ], [ -93.345833252559942, 18.476520565624526 ], [ -93.345942321749874, 18.476537702226494 ], [ -93.345951250965186, 18.476538747242671 ], [ -93.346064930277237, 18.476553470428371 ], [ -93.346069585615112, 18.476554073363332 ], [ -93.346187655174219, 18.476569365073999 ], [ -93.346187921006731, 18.476569393212912 ], [ -93.346201209423384, 18.476570908745146 ], [ -93.346304315447583, 18.476582739947276 ], [ -93.346306436335396, 18.476582994286957 ], [ -93.346420415934915, 18.476596085026074 ], [ -93.346424949489972, 18.476596605710768 ], [ -93.34653531456263, 18.476610219325323 ], [ -93.346543240805659, 18.476611271454033 ], [ -93.346650048527408, 18.476624475397216 ], [ -93.346661534270368, 18.476625895301027 ], [ -93.346763290180718, 18.476639674561795 ], [ -93.346779560694813, 18.476642201278594 ], [ -93.346797744491141, 18.476644678886032 ], [ -93.346897610688529, 18.476658285981387 ], [ -93.346985613442143, 18.476673014268272 ], [ -93.347015046299077, 18.476678243379638 ], [ -93.347094179494434, 18.476691546261463 ], [ -93.347132490764238, 18.476697986659531 ], [ -93.347200064750496, 18.476711955669657 ], [ -93.347249177782146, 18.476722936389308 ], [ -93.34730341397244, 18.476734245815919 ], [ -93.347365921241249, 18.476747279921085 ], [ -93.347406744454418, 18.476756476533978 ], [ -93.347481950459724, 18.476776724803187 ], [ -93.3475054259834, 18.476782138750139 ], [ -93.347598282204046, 18.476803553306524 ], [ -93.347606606587192, 18.476805907812263 ], [ -93.347640687333865, 18.476817045347957 ], [ -93.347699511547034, 18.476835761430323 ], [ -93.347713296132497, 18.476840147264625 ], [ -93.347795391477064, 18.476863367400256 ], [ -93.347828596944396, 18.476874218855471 ], [ -93.347883687180683, 18.476896579703407 ], [ -93.347942252942005, 18.476920351225203 ], [ -93.347969801997124, 18.476931348025516 ], [ -93.348054789786374, 18.476966029244466 ], [ -93.348055630615988, 18.476966376564121 ], [ -93.348055907215382, 18.47696649081854 ], [ -93.348140539875715, 18.477001979071758 ], [ -93.348168918366298, 18.477016575061782 ], [ -93.348232516821895, 18.477044745976627 ], [ -93.348281932632688, 18.47706663467244 ], [ -93.34830457002306, 18.477077501301267 ], [ -93.348353198140785, 18.477104274277679 ], [ -93.348381360219037, 18.477119148354745 ], [ -93.348393768506412, 18.477125701910836 ], [ -93.348461508529169, 18.477158219086448 ], [ -93.348505842977261, 18.477182628055346 ], [ -93.348537467824997, 18.477200474088079 ], [ -93.348604093386143, 18.477238071139425 ], [ -93.348612904835647, 18.477243075220997 ], [ -93.348617081499128, 18.477245755953277 ], [ -93.34863008121863, 18.477253447632904 ], [ -93.348727897425704, 18.477311323517256 ], [ -93.348759988077973, 18.477330953840408 ], [ -93.348815789975731, 18.477368268345003 ], [ -93.348837956956231, 18.477382630128545 ], [ -93.34886531498347, 18.477400355136865 ], [ -93.348948152333094, 18.477452633342637 ], [ -93.348971266756337, 18.477469791604108 ], [ -93.349007496111597, 18.477496685307926 ], [ -93.349056943524261, 18.477532637627633 ], [ -93.349139143192019, 18.477592403457209 ], [ -93.349165800024423, 18.477611785120985 ], [ -93.349180531190655, 18.47762333217355 ], [ -93.349273939045872, 18.477696550034125 ], [ -93.349340690047484, 18.4777488728202 ], [ -93.349382281451597, 18.477779594342792 ], [ -93.349452657852396, 18.47783071440972 ], [ -93.349491304371554, 18.477857735383623 ], [ -93.349517178852238, 18.477875826361014 ], [ -93.349600535141917, 18.477934107548037 ], [ -93.34970038326145, 18.478003477995003 ], [ -93.349709943594974, 18.478009688363215 ], [ -93.349777286690539, 18.478053434238575 ], [ -93.349819851539564, 18.478081084214409 ], [ -93.349847901666067, 18.478099489121007 ], [ -93.349901861135208, 18.478132780742726 ], [ -93.349920261205966, 18.478144379617447 ], [ -93.349930116762152, 18.478150592274858 ], [ -93.349990864480731, 18.478190451412729 ], [ -93.350040228076182, 18.478220907428579 ], [ -93.350104384069482, 18.478262246329791 ], [ -93.350150445202587, 18.478290754348848 ], [ -93.35020142034432, 18.478322303706989 ], [ -93.350260823539656, 18.478359069294697 ], [ -93.350323703495292, 18.478393161547842 ], [ -93.350357200086819, 18.478411322715147 ], [ -93.350372381630223, 18.478419553834385 ], [ -93.350412731467657, 18.478441430673058 ], [ -93.350483968120159, 18.47847945936843 ], [ -93.350593397321575, 18.478528775058123 ], [ -93.350595928221082, 18.478529909141002 ], [ -93.350596852436695, 18.478530292445214 ], [ -93.350598749893493, 18.478531125753591 ], [ -93.350709843590664, 18.478579914857335 ], [ -93.350765137717701, 18.478601401126468 ], [ -93.350823796407269, 18.47862293361942 ], [ -93.350931125672275, 18.478664098355182 ], [ -93.350937620771617, 18.478666589462989 ], [ -93.350954340657438, 18.478672539892102 ], [ -93.351051911521438, 18.478707264283969 ], [ -93.351119178419253, 18.478732897805969 ], [ -93.351165967163638, 18.478749237232307 ], [ -93.351248336205344, 18.478779366846481 ], [ -93.351280096941082, 18.47879098453285 ], [ -93.35136076190804, 18.478820490753947 ], [ -93.35138709433528, 18.478829839301511 ], [ -93.351394258802543, 18.478832382832422 ], [ -93.351407230573955, 18.478837342322834 ], [ -93.351508285229443, 18.478874524477419 ], [ -93.351566720546884, 18.478896025196491 ], [ -93.351622327417545, 18.478916485193565 ], [ -93.351652447744584, 18.478928472962764 ], [ -93.351735751079673, 18.478963404041735 ], [ -93.351742439067436, 18.478966099905904 ], [ -93.351823739124598, 18.478998456916656 ], [ -93.351849257435902, 18.47900915732771 ], [ -93.351896852594564, 18.479026383625069 ], [ -93.351963450376616, 18.479050487588324 ], [ -93.352055204911949, 18.479083696571649 ], [ -93.352077524222864, 18.479092590034838 ], [ -93.352126817968667, 18.479112012068981 ], [ -93.352191170521451, 18.47913785052782 ], [ -93.352221222626099, 18.47914991686207 ], [ -93.352304745878769, 18.479183452565167 ], [ -93.352386287656884, 18.479214922850531 ], [ -93.352418566780273, 18.479227627862713 ], [ -93.352490192607945, 18.479255819648699 ], [ -93.352522175669833, 18.47926851876673 ], [ -93.352532246943156, 18.479272372136052 ], [ -93.35255148167073, 18.479280159045516 ], [ -93.352645806666828, 18.479318345157537 ], [ -93.35269469792604, 18.479337575230716 ], [ -93.352759384976252, 18.479364005222237 ], [ -93.352845600183741, 18.479398961463005 ], [ -93.352865974503857, 18.479407552376244 ], [ -93.352872832786318, 18.479410853073887 ], [ -93.352949254831003, 18.479444224118993 ], [ -93.352985898219799, 18.479460225090747 ], [ -93.353057169776434, 18.479487299152709 ], [ -93.353099743987627, 18.479504310065352 ], [ -93.353191251455087, 18.479540872660834 ], [ -93.353213355192679, 18.479549704390138 ], [ -93.35329855833794, 18.479578870186288 ], [ -93.353327886863042, 18.479588909590632 ], [ -93.353392431544819, 18.479607626519055 ], [ -93.353442729523067, 18.479625574990052 ], [ -93.353536465932564, 18.479663214011737 ], [ -93.353556408607858, 18.479671221807394 ], [ -93.35356716069856, 18.479674995089908 ], [ -93.353598892644186, 18.479688280867322 ], [ -93.353669691299388, 18.479719591964511 ], [ -93.353730119040847, 18.479751091440107 ], [ -93.353781503240839, 18.479778921597983 ], [ -93.353865570227185, 18.479823260972125 ], [ -93.353884929508922, 18.479833352454079 ], [ -93.353893332994915, 18.479837903849955 ], [ -93.353959868214588, 18.479876394791063 ], [ -93.354004525650112, 18.479902229306902 ], [ -93.354035030233945, 18.479919244422661 ], [ -93.354096100599577, 18.479955205745796 ], [ -93.354115474350635, 18.479968297291066 ], [ -93.354176271389974, 18.48001179717869 ], [ -93.354224692580829, 18.48004717518819 ], [ -93.354243469454502, 18.480060717944809 ], [ -93.354273813603982, 18.480082603551523 ], [ -93.354333914482311, 18.480125951058994 ], [ -93.354379769015907, 18.480157088575709 ], [ -93.354443782636906, 18.480200556980947 ], [ -93.354458805802096, 18.480210758444798 ], [ -93.354516322854181, 18.480253371078788 ], [ -93.354552887208854, 18.480280460476308 ], [ -93.354663163670125, 18.480340807279106 ], [ -93.354664144490812, 18.480341344015073 ], [ -93.354664592785298, 18.480341589335808 ], [ -93.354665795851702, 18.480342247691681 ], [ -93.354775913530261, 18.480405176566421 ], [ -93.354820418668226, 18.480423004960983 ], [ -93.354889729255433, 18.480450770187531 ], [ -93.354907013746868, 18.480457553288204 ], [ -93.354961259411994, 18.480479424518194 ], [ -93.355003280865617, 18.480498259116985 ], [ -93.355076266391393, 18.480529596081283 ], [ -93.355116111407767, 18.480551298425382 ], [ -93.355209406564086, 18.480594082677101 ], [ -93.355229096817141, 18.480603112426991 ], [ -93.355237851618767, 18.480607427855887 ], [ -93.355256640374364, 18.480617831090115 ], [ -93.355315088499879, 18.480649064443753 ], [ -93.355341074210912, 18.480662950609258 ], [ -93.355394292482288, 18.480689182972867 ], [ -93.355453163901757, 18.480721779673502 ], [ -93.355509821296891, 18.480752556047833 ], [ -93.355545952071793, 18.480774570160008 ], [ -93.35556451443739, 18.480786478344839 ], [ -93.355618304247685, 18.480819840340814 ], [ -93.355675328941288, 18.480855208673972 ], [ -93.35569080355657, 18.480864988790813 ], [ -93.355717014448771, 18.480882951294973 ], [ -93.355760760698161, 18.48091206536526 ], [ -93.35578563860571, 18.480928622139004 ], [ -93.35583217089885, 18.480958030969532 ], [ -93.355895976583952, 18.481001757333217 ], [ -93.355901836089174, 18.481005335013606 ], [ -93.35591313771522, 18.481012235527885 ], [ -93.355971823040761, 18.481052323767301 ], [ -93.356004827592244, 18.481086517262781 ], [ -93.356067923716466, 18.481137633960543 ], [ -93.356096945492823, 18.481157458834559 ], [ -93.356113267303044, 18.48117436858405 ], [ -93.356157958809376, 18.481211224676599 ], [ -93.356220546676695, 18.481262839455894 ], [ -93.356221432297332, 18.481265041569088 ], [ -93.356251577337332, 18.481339997763371 ], [ -93.356267130355036, 18.481378670598986 ], [ -93.356311721445593, 18.481489546974785 ], [ -93.356319446143004, 18.481495009417586 ], [ -93.356422431835426, 18.481561327615111 ], [ -93.356520661754644, 18.48162458320553 ], [ -93.356533199909791, 18.481632657198759 ], [ -93.356614618372589, 18.481665056393524 ], [ -93.356647454424888, 18.481678122969981 ], [ -93.35672099942127, 18.481684941403614 ], [ -93.356763741620284, 18.481708287651031 ], [ -93.356797905454187, 18.481726934707012 ], [ -93.356872516686337, 18.481767658432943 ], [ -93.356872161616934, 18.481770904239227 ], [ -93.356829877737766, 18.481875807975598 ], [ -93.356826551741051, 18.481904509736921 ], [ -93.356817045246771, 18.481986546188125 ], [ -93.356721880314296, 18.482019543608601 ], [ -93.356603858272592, 18.482079334820014 ], [ -93.356597222649953, 18.482082696493137 ], [ -93.356592635184143, 18.482085126042989 ], [ -93.356564530742105, 18.482100010323279 ], [ -93.356462886302666, 18.482153841769275 ], [ -93.356449379156402, 18.482166239755031 ], [ -93.356439105248398, 18.48217628413579 ], [ -93.356335990062746, 18.482201343579561 ], [ -93.35627305555812, 18.482216638130808 ], [ -93.356209366268274, 18.482246405120748 ], [ -93.356193763881322, 18.482252157038261 ], [ -93.356163806449786, 18.48226320102799 ], [ -93.356110335250833, 18.482282913496078 ], [ -93.356082020084102, 18.482296525157551 ], [ -93.356032648120447, 18.482320259223115 ], [ -93.355957906226763, 18.482356189071936 ], [ -93.355954844759708, 18.482357472138347 ], [ -93.355953092292452, 18.48235796931101 ], [ -93.355871044475919, 18.482387798043533 ], [ -93.355826184155035, 18.482404107129696 ], [ -93.355787334189301, 18.482418231124825 ], [ -93.35570961969313, 18.482445271730342 ], [ -93.355699458998799, 18.482448807120818 ], [ -93.355633048561742, 18.482494265002174 ], [ -93.355566853464779, 18.482543842668576 ], [ -93.355565585374961, 18.482544583455933 ], [ -93.355492980711972, 18.482586997316957 ], [ -93.355432689299221, 18.482632704366324 ], [ -93.355420081777538, 18.482641978242725 ], [ -93.35535906589007, 18.482686860456397 ], [ -93.355298139851186, 18.482732078546292 ], [ -93.355291994381275, 18.482736639589064 ], [ -93.355285900373474, 18.482741162437264 ], [ -93.355216304073906, 18.482776396763484 ], [ -93.355167904422728, 18.48280032279763 ], [ -93.355138218266063, 18.482813283258395 ], [ -93.355089525632764, 18.482834541602813 ], [ -93.355058356782081, 18.482848149363804 ], [ -93.355039328814598, 18.482856530457639 ], [ -93.354959157688313, 18.48289184275103 ], [ -93.354910606531973, 18.48291322764203 ], [ -93.354879872001334, 18.482926492059676 ], [ -93.354817016817947, 18.482950573529479 ], [ -93.354782769531539, 18.482963694551813 ], [ -93.354734412786172, 18.482982221259249 ], [ -93.354657298241193, 18.483017194532067 ], [ -93.354655437568056, 18.483018038390924 ], [ -93.354654257528637, 18.483018573566369 ], [ -93.354577808967804, 18.483055558241631 ], [ -93.354524041132379, 18.483084830804842 ], [ -93.354503029822354, 18.483096269884015 ], [ -93.354475063394091, 18.483111495496587 ], [ -93.354393385166873, 18.483153982422039 ], [ -93.354351621101671, 18.483175627721323 ], [ -93.354293410060563, 18.483205797063704 ], [ -93.35426278299451, 18.48322210751661 ], [ -93.354201168228656, 18.483256139214063 ], [ -93.354131485338542, 18.48329462714031 ], [ -93.354119323413556, 18.483300606554963 ], [ -93.354048671265616, 18.483334296795817 ], [ -93.354042731044956, 18.483337096343405 ], [ -93.333332061767521, 18.483335494995231 ], [ -93.333332061697774, 18.483790269778524 ], [ -93.333332061310102, 18.486321064517654 ], [ -93.333325053798035, 18.486321340625864 ], [ -93.333287352748641, 18.486324350669122 ], [ -93.333200038968528, 18.486348965915113 ], [ -93.333157610036494, 18.486361338246525 ], [ -93.333107388125427, 18.486375085718862 ], [ -93.333058777792985, 18.486397316891839 ], [ -93.333027188652238, 18.486403755541289 ], [ -93.332971131075169, 18.486409754980286 ], [ -93.332901549238784, 18.486417201799952 ], [ -93.332829572798175, 18.486410486293039 ], [ -93.332778895979686, 18.486413931573225 ], [ -93.332656775836085, 18.486432886780221 ], [ -93.332652649504212, 18.486433527258441 ], [ -93.332637832057628, 18.48643442920968 ], [ -93.332544790388397, 18.486438551969627 ], [ -93.332528771544048, 18.486439261774251 ], [ -93.332503076755529, 18.486442401787997 ], [ -93.332403059595265, 18.486457218984924 ], [ -93.332330044142282, 18.486465464456955 ], [ -93.332278230832117, 18.486471315600852 ], [ -93.332179598815515, 18.486472945654839 ], [ -93.332155070193721, 18.486474778049171 ], [ -93.332036031011057, 18.486475590782675 ], [ -93.332032365508553, 18.486475615807478 ], [ -93.332029377156061, 18.486475432585507 ], [ -93.331970451734719, 18.486471550515716 ], [ -93.331914885172182, 18.486468975345929 ], [ -93.331910884823571, 18.486468789953619 ] ] ] ] } },
{ "type": "Feature", "properties": { "nombre": "ATOYATL", "superficie": null, "ubicacin": "Aguas someras", "comentario": "NUEVOS CAMPOS", "petrleo_cr": "0", "crudo_1p_m": "0", "gas_natura": "0", "condensado": "0", "volumen_or": "0", "volumen__1": "0", "petrleo__1": "6.23", "crudo_2p_m": "5.63", "gas_natu_1": "3.61", "condensa_1": "0", "volumen__2": "30.72", "volumen__3": "19.61", "petrleo__2": "24.01", "crudo_3p_m": "16.46", "gas_natu_2": "45.42", "condensa_2": "0", "volumen__4": "67.52", "volumen__5": "43.02" }, "geometry": { "type": "MultiPolygon", "coordinates": [ [ [ [ -93.808464959734522, 18.383041461742948 ], [ -93.808180978751693, 18.383035253680589 ], [ -93.807896875411643, 18.383045928700426 ], [ -93.807614327847261, 18.383034854562197 ], [ -93.807391301384712, 18.382907984321491 ], [ -93.80737066394471, 18.382670280998298 ], [ -93.807517163566217, 18.382439959107842 ], [ -93.807695791956348, 18.382228753577806 ], [ -93.807876911260337, 18.382019474236415 ], [ -93.808064212159024, 18.38181535824225 ], [ -93.808267465047493, 18.381626005639305 ], [ -93.808490530330118, 18.381458330687337 ], [ -93.80872859092915, 18.381310136389288 ], [ -93.808973579830763, 18.381172370887327 ], [ -93.809220233406904, 18.381037300784158 ], [ -93.809454056057689, 18.380904564755042 ], [ -93.809464611344822, 18.380898572748151 ], [ -93.809702472372294, 18.380750017848413 ], [ -93.809929050990547, 18.380586367784247 ], [ -93.810141378238427, 18.380406100588914 ], [ -93.810339781516348, 18.380211832686882 ], [ -93.810527513376428, 18.380007996646782 ], [ -93.810710260674796, 18.379800016253341 ], [ -93.810894040503229, 18.379592880648829 ], [ -93.811084772527977, 18.379391641579844 ], [ -93.811285750675779, 18.37919973144443 ], [ -93.811496128523459, 18.379017188464388 ], [ -93.811711457437013, 18.378839894878752 ], [ -93.811921808781619, 18.378657435432274 ], [ -93.812108944126521, 18.378454294850371 ], [ -93.812224052364684, 18.378213060862549 ], [ -93.812304969093475, 18.377954182154042 ], [ -93.81241323134293, 18.377703156009659 ], [ -93.812494820717916, 18.377444501589082 ], [ -93.812609782048867, 18.377206290470383 ], [ -93.812795069039396, 18.377000367929668 ], [ -93.812860617913657, 18.376745641674802 ], [ -93.81288821536981, 18.376475446926122 ], [ -93.812656070294963, 18.376346295630412 ], [ -93.81239873677265, 18.376230821805052 ], [ -93.812157093008921, 18.376224324831242 ], [ -93.811941936754522, 18.376401808596881 ], [ -93.811726780057256, 18.376579292133385 ], [ -93.811471388292375, 18.376694727699714 ], [ -93.811219774710139, 18.376820800178393 ], [ -93.810977242341721, 18.376962386648586 ], [ -93.810739741573229, 18.377111628838747 ], [ -93.810513741009913, 18.377276207135708 ], [ -93.810299119349395, 18.377454184798523 ], [ -93.810087796054518, 18.377635817021769 ], [ -93.809877981395175, 18.377819038157782 ], [ -93.809666276077166, 18.378000263316608 ], [ -93.809417557873985, 18.378129171918943 ], [ -93.809138768780144, 18.37817312811535 ], [ -93.808855019919292, 18.378189546506974 ], [ -93.808571867753756, 18.37821404856993 ], [ -93.80828817115048, 18.378202368999382 ], [ -93.80802293493349, 18.378108700654991 ], [ -93.807802993791654, 18.377938635748649 ], [ -93.807646779676418, 18.377713025626804 ], [ -93.807599506852341, 18.377447168379263 ], [ -93.807608124103638, 18.377176047259923 ], [ -93.807661485068252, 18.376909588624358 ], [ -93.807758925375083, 18.376654747723762 ], [ -93.807880713543966, 18.376409495777011 ], [ -93.808016560905855, 18.376171030432999 ], [ -93.808179971604432, 18.37594898887329 ], [ -93.808374657688944, 18.375751331145068 ], [ -93.808601609004029, 18.375588131184145 ], [ -93.808843854921122, 18.375446091518597 ], [ -93.809088877567831, 18.375308357858387 ], [ -93.809334013733348, 18.375170805883442 ], [ -93.809579149501189, 18.375033253605807 ], [ -93.809824284871866, 18.374895701025594 ], [ -93.810069419844865, 18.374758148142917 ], [ -93.810313619185536, 18.374619087466328 ], [ -93.810548884256434, 18.374466682787272 ], [ -93.810766242441332, 18.374291800466551 ], [ -93.810976316723384, 18.374108867573511 ], [ -93.811185996670133, 18.373925509196852 ], [ -93.81139567617214, 18.373742150602936 ], [ -93.811605355229347, 18.373558791791822 ], [ -93.811815041267153, 18.373375440504219 ], [ -93.81202474415835, 18.373192107035095 ], [ -93.812234455338512, 18.37300878245594 ], [ -93.81244416736439, 18.372825459005128 ], [ -93.812653879000209, 18.372642135393903 ], [ -93.812861897594189, 18.372457063093293 ], [ -93.81303277632901, 18.372240478253843 ], [ -93.813113839769414, 18.371981414631705 ], [ -93.813163834524119, 18.371714229948282 ], [ -93.813212436269168, 18.371446748817675 ], [ -93.813261037881432, 18.371179267673426 ], [ -93.813309639360966, 18.370911786514966 ], [ -93.813384963577334, 18.370650089168862 ], [ -93.813522084423198, 18.370412759499686 ], [ -93.813700390246481, 18.370201540693358 ], [ -93.813913410618227, 18.370022013705409 ], [ -93.814152062528706, 18.369874698335536 ], [ -93.814396239790938, 18.369735624274824 ], [ -93.814640635775731, 18.369596889985701 ], [ -93.814891316166324, 18.369468816921369 ], [ -93.815151224681188, 18.369358842041493 ], [ -93.81541355418608, 18.369254146325432 ], [ -93.815676021327363, 18.369149760125822 ], [ -93.815938489898031, 18.369045377603982 ], [ -93.816204300824381, 18.368949037036089 ], [ -93.816476271132331, 18.368869998334333 ], [ -93.816751330424552, 18.368801297469588 ], [ -93.817026941653523, 18.368734602458971 ], [ -93.817302576592112, 18.36866799627478 ], [ -93.817560703879508, 18.368554868219405 ], [ -93.817749670891146, 18.368353730041633 ], [ -93.817823449437526, 18.368092801028695 ], [ -93.817727585039336, 18.367838748281827 ], [ -93.817576619590284, 18.367608789043175 ], [ -93.817421775102844, 18.367381104510059 ], [ -93.8172668849258, 18.367153448008764 ], [ -93.817180942501693, 18.366894843683781 ], [ -93.8173782297809, 18.366702288838496 ], [ -93.817607780558831, 18.366542398999172 ], [ -93.817872768464781, 18.366444779770404 ], [ -93.818156881886921, 18.366434439731506 ], [ -93.818441178942749, 18.366431033954711 ], [ -93.818725204128157, 18.366419292462297 ], [ -93.819006044566891, 18.366376941792851 ], [ -93.819287004488899, 18.366335825160434 ], [ -93.819570948938804, 18.366349175508788 ], [ -93.819850655289599, 18.366397863757413 ], [ -93.820132699047008, 18.366431630429361 ], [ -93.820415896323652, 18.366408003645859 ], [ -93.820488865520304, 18.366389106481449 ], [ -93.820690303059223, 18.366336939286441 ], [ -93.820965937379299, 18.36627049478659 ], [ -93.821249717333046, 18.366253783125558 ], [ -93.821533980536344, 18.366248916909342 ], [ -93.821815392934695, 18.366210390184051 ], [ -93.822081277839629, 18.366114227038167 ], [ -93.822342893517202, 18.366007955377199 ], [ -93.822621878371251, 18.365955627142284 ], [ -93.82290595453486, 18.365944375935555 ], [ -93.823182562112208, 18.365881572541809 ], [ -93.823460253347207, 18.365823292542643 ], [ -93.82374455634141, 18.365822083034232 ], [ -93.824028778600564, 18.365829191082469 ], [ -93.824311880959897, 18.365854261571258 ], [ -93.824594789269838, 18.365881282376051 ], [ -93.824878125915973, 18.365903841028398 ], [ -93.82516240443357, 18.365908197449585 ], [ -93.825445222848145, 18.365880499196976 ], [ -93.825724055467276, 18.365827482068198 ], [ -93.825997863648581, 18.365754378784914 ], [ -93.82627011701419, 18.365676132450915 ], [ -93.826539142049342, 18.365588300305603 ], [ -93.826808762183191, 18.36550214062072 ], [ -93.827081207230492, 18.365424512488516 ], [ -93.827355256031865, 18.365352209046534 ], [ -93.827631882959622, 18.365289502540577 ], [ -93.827911017732674, 18.365237920801007 ], [ -93.82819403160903, 18.365212209351853 ], [ -93.82847830901278, 18.365208892773751 ], [ -93.828762553675176, 18.365214945570756 ], [ -93.829046740672993, 18.365223206610779 ], [ -93.829329721772979, 18.36524935550699 ], [ -93.829609723195631, 18.365296366138466 ], [ -93.829858140413194, 18.365427601121155 ], [ -93.830028297039348, 18.365644319481589 ], [ -93.830000710703246, 18.365913042341901 ], [ -93.829833366778757, 18.366131738496051 ], [ -93.829596041467369, 18.366280757092454 ], [ -93.829335614117895, 18.366389538604778 ], [ -93.829063263327896, 18.366467363258892 ], [ -93.828792383238067, 18.366549842289601 ], [ -93.828530904548415, 18.366656394778715 ], [ -93.8282899359574, 18.366800360114041 ], [ -93.828119169192405, 18.367017016140835 ], [ -93.828016193440817, 18.367269884753284 ], [ -93.82792414690573, 18.367526737044898 ], [ -93.827809396723126, 18.367775099857738 ], [ -93.827663800914195, 18.368008235727984 ], [ -93.827539436226687, 18.368252340446645 ], [ -93.82749838394767, 18.368520730129887 ], [ -93.827566896343171, 18.368783891360465 ], [ -93.827765184598036, 18.368978228984872 ], [ -93.828014420753846, 18.369108837819397 ], [ -93.828285329832397, 18.36919123411468 ], [ -93.828562252421875, 18.36925277323337 ], [ -93.828842242573216, 18.36929999441054 ], [ -93.829122617115274, 18.369345094493156 ], [ -93.829399712207476, 18.369405918404595 ], [ -93.829668617865934, 18.369494082710503 ], [ -93.829926285299223, 18.369608831958089 ], [ -93.830164999664191, 18.369756277052431 ], [ -93.830315272964754, 18.369984908639879 ], [ -93.830270032374528, 18.37025010723238 ], [ -93.830074942833846, 18.370446805409415 ], [ -93.829833490078897, 18.370589813907486 ], [ -93.829573025638012, 18.370698569846297 ], [ -93.829305135756897, 18.370789498387978 ], [ -93.829033686683374, 18.370870258843183 ], [ -93.828760033916183, 18.370943905571892 ], [ -93.828483537637396, 18.371007075001557 ], [ -93.828203683492916, 18.371054811286399 ], [ -93.827920923899057, 18.371082867495261 ], [ -93.82763674777118, 18.371090473606216 ], [ -93.827352673708674, 18.371079226693155 ], [ -93.82706914492104, 18.371058895360079 ], [ -93.826785348696831, 18.37104305834697 ], [ -93.826501352617925, 18.371050262092979 ], [ -93.826224970611918, 18.371108202240805 ], [ -93.826007924586577, 18.371272164659388 ], [ -93.825978348288231, 18.37153398339052 ], [ -93.826112274510137, 18.371771848554147 ], [ -93.826294610974458, 18.371980050370496 ], [ -93.826447015327687, 18.372205540264815 ], [ -93.826475887082552, 18.372464404293851 ], [ -93.826323559376817, 18.372683439370689 ], [ -93.826083157518042, 18.37282798509824 ], [ -93.825868701299896, 18.37299167155038 ], [ -93.825848930134498, 18.373226643792748 ], [ -93.826036071516342, 18.373425242104247 ], [ -93.826250472554875, 18.373602725356875 ], [ -93.826423649458093, 18.37381501680477 ], [ -93.826537759179246, 18.374061835101543 ], [ -93.82660615949078, 18.374324835787661 ], [ -93.826651186035065, 18.374592806206522 ], [ -93.826682131603206, 18.374862577183819 ], [ -93.826685498679808, 18.375133333236761 ], [ -93.826634982646738, 18.375398499206653 ], [ -93.826509131747514, 18.375637865759018 ], [ -93.826311680364199, 18.375829158990769 ], [ -93.826070010762066, 18.375969636022887 ], [ -93.825807581529318, 18.376072968991934 ], [ -93.825536441941836, 18.376154303255703 ], [ -93.825261984381086, 18.376225185267231 ], [ -93.825127402686405, 18.376261034266747 ], [ -93.824988149600529, 18.37629812760099 ], [ -93.824719519835071, 18.376386405359995 ], [ -93.82446072665266, 18.376497997810645 ], [ -93.824212558594979, 18.376630186648299 ], [ -93.823971714558354, 18.376774404233572 ], [ -93.823737932574659, 18.37692875770756 ], [ -93.823521517914685, 18.377103802248712 ], [ -93.823339249255639, 18.377310493133393 ], [ -93.823197349458667, 18.377544785235386 ], [ -93.823077482763949, 18.377790937850818 ], [ -93.822949747805183, 18.37803320834945 ], [ -93.822801628454158, 18.378264687076978 ], [ -93.822636061107232, 18.378485203207333 ], [ -93.822451534122081, 18.378691273826746 ], [ -93.822239195707937, 18.378870234246733 ], [ -93.821998500965663, 18.379013195086884 ], [ -93.821741819275871, 18.379129595631184 ], [ -93.82148038988646, 18.379236355377145 ], [ -93.821218612141365, 18.379342340759024 ], [ -93.820956560324248, 18.379447703207404 ], [ -93.820693775246923, 18.379551389373546 ], [ -93.820430784100097, 18.379654601460402 ], [ -93.820167616262779, 18.379757400325275 ], [ -93.819902738860492, 18.379856049354828 ], [ -93.819634145919508, 18.379944893833624 ], [ -93.819361464637154, 18.380021609541188 ], [ -93.819086295128102, 18.380089961123019 ], [ -93.818810756906089, 18.380156985639815 ], [ -93.818536708226077, 18.380229256627558 ], [ -93.818265145989926, 18.380309621529364 ], [ -93.817996598533625, 18.380398712664714 ], [ -93.81773184142213, 18.380497573225682 ], [ -93.817471499939529, 18.380606602870898 ], [ -93.817214996255984, 18.380723711955284 ], [ -93.816960498855224, 18.380844787727654 ], [ -93.816706388871864, 18.380966607352605 ], [ -93.816452131516883, 18.381088146863306 ], [ -93.816198238063862, 18.381210374898842 ], [ -93.815945609835239, 18.381334960705374 ], [ -93.815694492254977, 18.38146230571067 ], [ -93.81544427973796, 18.381591270696049 ], [ -93.815194339973857, 18.381720718119652 ], [ -93.814944530267553, 18.381850394374283 ], [ -93.814695237130991, 18.381980971453061 ], [ -93.814447238565776, 18.382113768132854 ], [ -93.814201009706323, 18.382249534588709 ], [ -93.813955877248191, 18.382387107702129 ], [ -93.813709876155258, 18.382523244225126 ], [ -93.813460070230747, 18.382652810625075 ], [ -93.813204534785427, 18.382771710438078 ], [ -93.812957108286696, 18.382873955723028 ], [ -93.812943638101444, 18.382879522074688 ], [ -93.812678682516946, 18.382977964886265 ], [ -93.812409862564778, 18.383066206079093 ], [ -93.812136042017926, 18.383138700367908 ], [ -93.811857134018112, 18.383190295952261 ], [ -93.811575010136949, 18.38322349496093 ], [ -93.811291693355201, 18.383246379585273 ], [ -93.811007853531294, 18.383262152302962 ], [ -93.810723643392407, 18.383268112592305 ], [ -93.81043939524028, 18.383262887538308 ], [ -93.810155407714944, 18.383249513179123 ], [ -93.809871777741762, 18.383230410007968 ], [ -93.809588916682117, 18.383203230812569 ], [ -93.809307547361129, 18.383164505843183 ], [ -93.809027555644207, 18.383117211930028 ], [ -93.808747286296637, 18.383071611644709 ], [ -93.808464959734522, 18.383041461742948 ] ] ] ] } }
]
}
