{
"type": "FeatureCollection",
"name": "Sanchez_Paraiso_Frontera_SymDiff",
"crs": { "type": "name", "properties": { "name": "urn:ogc:def:crs:EPSG::32615" } },
"features": [
{ "type": "Feature", "properties": { "FID_Sanche": 0, "Shape_Leng": 30209.521411000002, "distance": 1000.0, "FID_Sanc_1": -1, "distance_1": 0.0, "Shape_Le_1": 17695.763478699999, "Shape_Area": 6125733.6002700003 }, "geometry": { "type": "MultiPolygon", "coordinates": [ [ [ [ 534293.446299999952316, 2057801.252000000327826 ], [ 534247.489199999719858, 2057822.683599999174476 ], [ 534133.904299999587238, 2057879.041200000792742 ], [ 534077.581500000320375, 2057908.69539999961853 ], [ 534022.757799999788404, 2057938.254699999466538 ], [ 533967.873999999836087, 2057970.828099999576807 ], [ 533913.926300000399351, 2058002.3388 ], [ 533859.918499999679625, 2058036.863600000739098 ], [ 533807.596400000154972, 2058070.278200000524521 ], [ 533755.963700000196695, 2058106.659600000828505 ], [ 533694.839399999938905, 2058147.655300000682473 ], [ 533632.902200000360608, 2058187.698999999091029 ], [ 533573.153500000014901, 2058230.614499999210238 ], [ 533520.843700000084937, 2058280.083399999886751 ], [ 533480.410000000149012, 2058338.835100000724196 ], [ 533468.213700000196695, 2058399.813799999654293 ], [ 533468.077100000344217, 2058465.046599999070168 ], [ 533455.880699999630451, 2058526.025299999862909 ], [ 533401.147699999623001, 2058592.706199999898672 ], [ 533324.591500000096858, 2058631.668099999427795 ], [ 533261.815999999642372, 2058638.650800000876188 ], [ 533197.278900000266731, 2058629.689799999818206 ], [ 533133.109000000171363, 2058610.67090000025928 ], [ 533070.995000000111759, 2058584.4978 ], [ 532946.450899999588728, 2058527.154200000688434 ], [ 532882.021900000050664, 2058496.110200000926852 ], [ 532817.839800000190735, 2058461.036800000816584 ], [ 532758.215400000102818, 2058422.664599999785423 ], [ 532702.958999999798834, 2058377.995400000363588 ], [ 532655.505400000140071, 2058325.808299999684095 ], [ 532609.794800000265241, 2058265.48340000025928 ], [ 532567.019299999810755, 2058203.969399999827147 ], [ 532530.300699999555945, 2058139.061899999156594 ], [ 532511.761800000444055, 2058076.014499999582767 ], [ 532217.525999999605119, 2057577.559900000691414 ], [ 532203.742200000211596, 2057597.877100000157952 ], [ 532171.463700000196695, 2057655.4222 ], [ 532137.976800000295043, 2057690.240499999374151 ], [ 532084.558100000023842, 2057756.163799999281764 ], [ 532036.922500000335276, 2057826.379899999126792 ], [ 531995.413200000301003, 2057900.3827 ], [ 531960.329400000162423, 2057977.6392 ], [ 531931.923700000159442, 2058057.592700000852346 ], [ 531910.400999999605119, 2058139.667099999263883 ], [ 531895.916100000031292, 2058223.271199999377131 ], [ 531888.573499999940395, 2058307.802400000393391 ], [ 531888.426099999807775, 2058392.651799999177456 ], [ 531895.474999999627471, 2058477.208000000566244 ], [ 531909.669400000013411, 2058560.8618 ], [ 531930.906899999827147, 2058643.010500000789762 ], [ 531959.034599999897182, 2058723.06220000050962 ], [ 531993.849899999797344, 2058800.440099999308586 ], [ 532035.101800000295043, 2058874.58669999986887 ], [ 532082.493200000375509, 2058944.967800000682473 ], [ 532128.247100000269711, 2059002.500600000843406 ], [ 532146.780299999751151, 2059024.122700000181794 ], [ 532154.215099999681115, 2059032.697699999436736 ], [ 532212.819199999794364, 2059094.057299999520183 ], [ 532276.415900000371039, 2059150.2259 ], [ 532344.546799999661744, 2059200.798800000920892 ], [ 532416.721300000324845, 2059245.411599999293685 ], [ 532492.419099999591708, 2059283.742799999192357 ], [ 532571.094899999909103, 2059315.5164 ], [ 532583.876600000075996, 2059319.455 ], [ 532598.911799999885261, 2059325.527100000530481 ], [ 532679.998800000175834, 2059350.51410000026226 ], [ 532762.912700000219047, 2059368.534499999135733 ], [ 532847.056200000457466, 2059379.458399999886751 ], [ 532931.822900000028312, 2059383.207000000402331 ], [ 532960.078200000338256, 2059382.05599999986589 ], [ 532992.548899999819696, 2059383.492000000551343 ], [ 533077.328200000338256, 2059380.038699999451637 ], [ 533161.509200000204146, 2059369.408099999651313 ], [ 533244.485500000417233, 2059351.676599999889731 ], [ 533325.658999999985099, 2059326.972200000658631 ], [ 533404.44510000012815, 2059295.472799999639392 ], [ 533422.212299999780953, 2059287.268699999898672 ], [ 533441.775100000202656, 2059278.002100000157952 ], [ 533499.837899999693036, 2059248.1392 ], [ 533572.167299999855459, 2059203.778100000694394 ], [ 533621.69539999961853, 2059168.185499999672174 ], [ 533628.302199999801815, 2059163.125 ], [ 533636.232099999673665, 2059158.151699999347329 ], [ 533647.734299999661744, 2059151.6338 ], [ 533707.79079999960959, 2059114.475199999287724 ], [ 533711.930499999783933, 2059112.2347 ], [ 533784.260499999858439, 2059067.874299999326468 ], [ 533852.567800000309944, 2059017.53969999961555 ], [ 533893.242999999783933, 2058982.98589999973774 ], [ 533897.905899999663234, 2058978.805400000885129 ], [ 533945.2652000002563, 2058944.193900000303984 ], [ 533969.976099999621511, 2058924.630999999120831 ], [ 533976.117499999701977, 2058919.729599999263883 ], [ 534039.910500000230968, 2058863.783900000154972 ], [ 534098.729100000113249, 2058802.629699999466538 ], [ 534152.149600000120699, 2058736.707599999383092 ], [ 534199.787100000306964, 2058666.49269999936223 ], [ 534241.298200000077486, 2058592.49070000089705 ], [ 534276.384100000374019, 2058515.234899999573827 ], [ 534304.791799999773502, 2058435.281999999657273 ], [ 534326.316599999554455, 2058353.207900000736117 ], [ 534340.803600000217557, 2058269.604100000113249 ], [ 534348.148199999704957, 2058185.07289999909699 ], [ 534349.125199999660254, 2058140.8892 ], [ 534349.125199999660254, 2058127.504200000315905 ], [ 534348.297600000165403, 2058086.838300000876188 ], [ 534341.250799999572337, 2058002.2818 ], [ 534327.058400000445545, 2057918.627399999648333 ], [ 534305.822800000198185, 2057836.4781 ], [ 534293.446299999952316, 2057801.252000000327826 ] ] ], [ [ [ 410823.38190000038594, 2024263.541999999433756 ], [ 410798.076999999582767, 2024261.59940000064671 ], [ 410730.195199999958277, 2024266.781999999657273 ], [ 410662.440100000239909, 2024269.950899999588728 ], [ 410597.939699999988079, 2024264.895600000396371 ], [ 410539.076399999670684, 2024241.439999999478459 ], [ 410525.727300000376999, 2024159.016699999570847 ], [ 410148.571800000034273, 2023681.7643 ], [ 410084.894100000150502, 2023665.625499999150634 ], [ 410023.410500000230968, 2023640.324999999254942 ], [ 409966.680399999953806, 2023606.7083 ], [ 407711.249099999666214, 2022913.071900000795722 ], [ 407585.086900000460446, 2022875.7018 ], [ 406695.271099999547005, 2022599.308399999514222 ], [ 406694.979500000365078, 2022600.146500000730157 ], [ 406673.990500000305474, 2022682.36739999987185 ], [ 406660.049999999813735, 2022766.072100000455976 ], [ 406653.258399999700487, 2022850.657500000670552 ], [ 406653.66469999961555, 2022935.51410000026226 ], [ 406661.265800000168383, 2023020.030600000172853 ], [ 406676.007000000216067, 2023103.597999999299645 ], [ 406697.782200000248849, 2023185.614099999889731 ], [ 406726.434399999678135, 2023265.488199999555945 ], [ 406761.75719999987632, 2023342.644600000232458 ], [ 406803.496000000275671, 2023416.5274 ], [ 406851.350200000219047, 2023486.604399999603629 ], [ 406904.974999999627471, 2023552.3706 ], [ 406963.983900000341237, 2023613.352099999785423 ], [ 407027.951899999752641, 2023669.1096 ], [ 407096.417899999767542, 2023719.241399999707937 ], [ 407113.419900000095367, 2023729.597999999299645 ], [ 407155.917000000365078, 2023760.715199999511242 ], [ 407228.387799999676645, 2023804.860200000926852 ], [ 407304.341199999675155, 2023842.700300000607967 ], [ 407383.230000000447035, 2023873.9627 ], [ 407464.48589999973774, 2023898.4222999997437 ], [ 407481.146399999968708, 2023902.414200000464916 ], [ 407535.399500000290573, 2023923.914300000295043 ], [ 407616.655199999921024, 2023948.374500000849366 ], [ 407699.692400000058115, 2023965.855599999427795 ], [ 407701.544099999591708, 2023966.100400000810623 ], [ 407713.857099999673665, 2023972.234999999403954 ], [ 407792.745199999772012, 2024003.499099999666214 ], [ 407874.000500000081956, 2024027.96030000038445 ], [ 407957.037499999627471, 2024045.442500000819564 ], [ 407975.439100000075996, 2024048.331599999219179 ], [ 408032.877700000070035, 2024056.802300000563264 ], [ 408088.614599999971688, 2024075.2456 ], [ 408165.949000000022352, 2024100.83559999987483 ], [ 408206.798200000077486, 2024113.39049999974668 ], [ 408212.925699999555945, 2024115.131400000303984 ], [ 408296.165199999697506, 2024138.780500000342727 ], [ 408322.065700000151992, 2024145.76490000076592 ], [ 408405.10219999961555, 2024163.248999999836087 ], [ 408419.462899999693036, 2024165.494699999690056 ], [ 408489.699699999764562, 2024189.480000000447035 ], [ 408587.052699999883771, 2024227.523800000548363 ], [ 408686.177000000141561, 2024266.259600000455976 ], [ 408721.004300000146031, 2024279.869300000369549 ], [ 408756.278099999763072, 2024292.894300000742078 ], [ 408837.531999999657273, 2024317.35950000025332 ], [ 408920.567999999970198, 2024334.84569999948144 ], [ 408971.157300000078976, 2024341.951500000432134 ], [ 408992.039599999785423, 2024344.342299999669194 ], [ 409025.020299999974668, 2024360.776900000870228 ], [ 409103.90610000025481, 2024392.0461 ], [ 409185.159500000067055, 2024416.512700000777841 ], [ 409268.19510000012815, 2024434.000399999320507 ], [ 409352.414599999785423, 2024444.383199999108911 ], [ 409366.561999999918044, 2024445.270400000736117 ], [ 409432.244099999777973, 2024464.8892 ], [ 409483.894399999640882, 2024476.63150000013411 ], [ 409558.797100000083447, 2024491.582100000232458 ], [ 409589.838700000196695, 2024497.630999999120831 ], [ 409589.8432, 2024497.631899999454618 ], [ 409631.503700000233948, 2024505.746500000357628 ], [ 409745.843299999833107, 2024530.880400000140071 ], [ 409827.109299999661744, 2024547.6535 ], [ 409864.576799999922514, 2024554.634600000455976 ], [ 409948.795800000429153, 2024565.019899999722838 ], [ 410008.775999999605119, 2024568.033399999141693 ], [ 410031.387299999594688, 2024568.489199999719858 ], [ 410076.831699999980628, 2024569.4054000005126 ], [ 410101.645200000144541, 2024569.5976 ], [ 410186.4079, 2024565.60080000013113 ], [ 410270.526399999856949, 2024554.429999999701977 ], [ 410353.394399999640882, 2024536.165699999779463 ], [ 410434.414900000207126, 2024510.939500000327826 ], [ 410513.004200000315905, 2024478.933199999853969 ], [ 410588.596099999733269, 2024440.377299999818206 ], [ 410619.332899999804795, 2024422.287499999627471 ], [ 410634.768500000238419, 2024412.828299999237061 ], [ 410637.747100000269711, 2024411.003000000491738 ], [ 410679.045400000177324, 2024384.274299999698997 ], [ 410747.033999999985099, 2024333.497999999672174 ], [ 410810.471499999985099, 2024277.13880000077188 ], [ 410823.38190000038594, 2024263.541999999433756 ] ] ] ] } },
{ "type": "Feature", "properties": { "FID_Sanche": 1, "Shape_Leng": 135625.6402, "distance": 5000.0, "FID_Sanc_1": -1, "distance_1": 0.0, "Shape_Le_1": 90286.424260100001, "Shape_Area": 125221484.93999998 }, "geometry": { "type": "MultiPolygon", "coordinates": [ [ [ [ 538343.284900000318885, 2057941.511499999091029 ], [ 538163.817099999636412, 2057915.877499999478459 ], [ 538096.281499999575317, 2057907.1107 ], [ 538029.618800000287592, 2057896.281600000336766 ], [ 537960.33420000039041, 2057887.625399999320507 ], [ 537893.548299999907613, 2057878.810900000855327 ], [ 537826.012799999676645, 2057870.0439 ], [ 537759.163599999621511, 2057860.229800000786781 ], [ 537691.441599999554455, 2057852.477900000289083 ], [ 537623.033300000242889, 2057845.772900000214577 ], [ 537555.624499999918044, 2057839.0044 ], [ 537489.464999999850988, 2057832.1568 ], [ 537422.869099999777973, 2057826.340199999511242 ], [ 537356.772900000214577, 2057820.492000000551343 ], [ 537289.30420000012964, 2057816.737400000914931 ], [ 537223.271399999968708, 2057811.888499999418855 ], [ 537156.302400000393391, 2057808.10219999961555 ], [ 537089.706500000320375, 2057802.285299999639392 ], [ 537023.487200000323355, 2057798.451400000602007 ], [ 536956.768099999986589, 2057794.64919999986887 ], [ 536890.735299999825656, 2057789.799900000914931 ], [ 536824.016200000420213, 2057785.997500000521541 ], [ 536691.137900000438094, 2057775.346699999645352 ], [ 536625.291699999943376, 2057769.48200000077486 ], [ 536556.946899999864399, 2057763.775399999693036 ], [ 536490.038099999539554, 2057756.97440000064671 ], [ 536421.630099999718368, 2057750.268300000578165 ], [ 536152.995400000363588, 2057723.126700000837445 ], [ 536086.20990000013262, 2057714.310699999332428 ], [ 536018.488300000317395, 2057706.557299999520183 ], [ 535798.703099999576807, 2057678.328400000929832 ], [ 535729.482400000095367, 2057670.669700000435114 ], [ 535666.947900000028312, 2057665.597899999469519 ], [ 535603.976999999955297, 2057661.557199999690056 ], [ 535539.570199999958277, 2057658.6107 ], [ 535476.912399999797344, 2057655.55350000038743 ], [ 535412.568900000303984, 2057653.606300000101328 ], [ 535349.787800000049174, 2057652.563699999824166 ], [ 535223.352800000458956, 2057652.540300000458956 ], [ 535096.294700000435114, 2057654.563100000843406 ], [ 535032.517400000244379, 2057657.596999999135733 ], [ 534968.926699999719858, 2057659.615599999204278 ], [ 534905.462600000202656, 2057663.632999999448657 ], [ 534835.502100000157952, 2057668.061599999666214 ], [ 534766.854100000113249, 2057673.410499999299645 ], [ 534696.896800000220537, 2057681.85249999910593 ], [ 534627.752299999818206, 2057691.246500000357628 ], [ 534560.17339999973774, 2057705.558399999514222 ], [ 534492.534400000236928, 2057722.884500000625849 ], [ 534426.397699999623001, 2057744.129200000315905 ], [ 534361.013799999840558, 2057769.3399 ], [ 534304.751199999824166, 2057795.980100000277162 ], [ 534293.446299999952316, 2057801.252000000327826 ], [ 534305.822800000198185, 2057836.4781 ], [ 534327.058400000445545, 2057918.627399999648333 ], [ 534341.250799999572337, 2058002.2818 ], [ 534348.297600000165403, 2058086.838300000876188 ], [ 534349.125199999660254, 2058127.504200000315905 ], [ 534349.125199999660254, 2058140.8892 ], [ 534348.148199999704957, 2058185.07289999909699 ], [ 534340.803600000217557, 2058269.604100000113249 ], [ 534326.316599999554455, 2058353.207900000736117 ], [ 534304.791799999773502, 2058435.281999999657273 ], [ 534276.384100000374019, 2058515.234899999573827 ], [ 534241.298200000077486, 2058592.49070000089705 ], [ 534199.787100000306964, 2058666.49269999936223 ], [ 534152.149600000120699, 2058736.707599999383092 ], [ 534098.729100000113249, 2058802.629699999466538 ], [ 534039.910500000230968, 2058863.783900000154972 ], [ 533976.117499999701977, 2058919.729599999263883 ], [ 533969.976099999621511, 2058924.630999999120831 ], [ 533945.2652000002563, 2058944.193900000303984 ], [ 533897.905899999663234, 2058978.805400000885129 ], [ 533893.242999999783933, 2058982.98589999973774 ], [ 533852.567800000309944, 2059017.53969999961555 ], [ 533784.260499999858439, 2059067.874299999326468 ], [ 533711.930499999783933, 2059112.2347 ], [ 533707.79079999960959, 2059114.475199999287724 ], [ 533647.734299999661744, 2059151.6338 ], [ 533636.232099999673665, 2059158.151699999347329 ], [ 533628.302199999801815, 2059163.125 ], [ 533621.69539999961853, 2059168.185499999672174 ], [ 533572.167299999855459, 2059203.778100000694394 ], [ 533499.837899999693036, 2059248.1392 ], [ 533441.775100000202656, 2059278.002100000157952 ], [ 533422.212299999780953, 2059287.268699999898672 ], [ 533404.44510000012815, 2059295.472799999639392 ], [ 533325.658999999985099, 2059326.972200000658631 ], [ 533244.485500000417233, 2059351.676599999889731 ], [ 533161.509200000204146, 2059369.408099999651313 ], [ 533077.328200000338256, 2059380.038699999451637 ], [ 532992.548899999819696, 2059383.492000000551343 ], [ 532960.078200000338256, 2059382.05599999986589 ], [ 532931.822900000028312, 2059383.207000000402331 ], [ 532847.056200000457466, 2059379.458399999886751 ], [ 532762.912700000219047, 2059368.534499999135733 ], [ 532679.998800000175834, 2059350.51410000026226 ], [ 532598.911799999885261, 2059325.527100000530481 ], [ 532583.876600000075996, 2059319.455 ], [ 532571.094899999909103, 2059315.5164 ], [ 532492.419099999591708, 2059283.742799999192357 ], [ 532416.721300000324845, 2059245.411599999293685 ], [ 532344.546799999661744, 2059200.798800000920892 ], [ 532276.415900000371039, 2059150.2259 ], [ 532212.819199999794364, 2059094.057299999520183 ], [ 532154.215099999681115, 2059032.697699999436736 ], [ 532146.780299999751151, 2059024.122700000181794 ], [ 532128.247100000269711, 2059002.500600000843406 ], [ 532082.493200000375509, 2058944.967800000682473 ], [ 532035.101800000295043, 2058874.58669999986887 ], [ 531993.849899999797344, 2058800.440099999308586 ], [ 531959.034599999897182, 2058723.06220000050962 ], [ 531930.906899999827147, 2058643.010500000789762 ], [ 531909.669400000013411, 2058560.8618 ], [ 531895.474999999627471, 2058477.208000000566244 ], [ 531888.426099999807775, 2058392.651799999177456 ], [ 531888.573499999940395, 2058307.802400000393391 ], [ 531895.916100000031292, 2058223.271199999377131 ], [ 531910.400999999605119, 2058139.667099999263883 ], [ 531931.923700000159442, 2058057.592700000852346 ], [ 531960.329400000162423, 2057977.6392 ], [ 531995.413200000301003, 2057900.3827 ], [ 532036.922500000335276, 2057826.379899999126792 ], [ 532084.558100000023842, 2057756.163799999281764 ], [ 532137.976800000295043, 2057690.240499999374151 ], [ 532171.463700000196695, 2057655.4222 ], [ 532203.742200000211596, 2057597.877100000157952 ], [ 532217.525999999605119, 2057577.559900000691414 ], [ 531449.136099999770522, 2056275.857599999755621 ], [ 531375.239199999719858, 2056194.238299999386072 ], [ 531357.637900000438094, 2056130.129699999466538 ], [ 531341.659099999815226, 2056063.911699999123812 ], [ 531312.200199999846518, 2055931.317900000140071 ], [ 531293.780199999921024, 2055858.230599999427795 ], [ 531276.1097999997437, 2055785.096000000834465 ], [ 531256.940200000070035, 2055712.05629999935627 ], [ 531237.021200000308454, 2055639.064099999144673 ], [ 531218.483900000341237, 2055576.0186 ], [ 531195.949000000022352, 2055513.225999999791384 ], [ 531173.72719999961555, 2055451.417099999263883 ], [ 531147.884100000374019, 2055391.844000000506639 ], [ 531119.979000000283122, 2055331.39809999987483 ], [ 531090.951200000010431, 2055273.029999999329448 ], [ 531060.424300000071526, 2055214.756799999624491 ], [ 531027.648699999786913, 2055156.625800000503659 ], [ 530994.623399999924004, 2055098.510700000450015 ], [ 530927.200199999846518, 2054984.374199999496341 ], [ 530891.240000000223517, 2054927.448200000450015 ], [ 530858.091500000096858, 2054871.347799999639392 ], [ 530822.880900000222027, 2054814.374500000849366 ], [ 530788.419999999925494, 2054757.353800000622869 ], [ 530755.458200000226498, 2054700.238299999386072 ], [ 530306.602400000207126, 2053946.33420000039041 ], [ 530295.146900000050664, 2053953.6952 ], [ 530143.542600000277162, 2054059.224999999627471 ], [ 530022.911100000143051, 2054149.348200000822544 ], [ 530002.667999999597669, 2054164.95240000076592 ], [ 529975.693900000303984, 2054185.892200000584126 ], [ 529832.2972999997437, 2054302.330399999395013 ], [ 529693.301199999637902, 2054423.987700000405312 ], [ 529558.895499999634922, 2054550.698100000619888 ], [ 529429.263700000010431, 2054682.28830000013113 ], [ 529304.582799999974668, 2054818.57880000025034 ], [ 529185.023299999535084, 2054959.383300000801682 ], [ 529070.748300000093877, 2055104.509500000625849 ], [ 528961.91399999987334, 2055253.75929999910295 ], [ 528935.633600000292063, 2055292.747700000181794 ], [ 528903.907599999569356, 2055333.039599999785423 ], [ 528795.074500000104308, 2055482.290200000628829 ], [ 528691.830900000408292, 2055635.460400000214577 ], [ 528594.317599999718368, 2055792.341 ], [ 528502.667899999767542, 2055952.717700000852346 ], [ 528417.00690000038594, 2056116.371500000357628 ], [ 528337.45160000026226, 2056283.07880000025034 ], [ 528264.110700000077486, 2056452.6118 ], [ 528197.084400000050664, 2056624.739199999719858 ], [ 528136.464200000278652, 2056799.225700000301003 ], [ 528082.332999999634922, 2056975.833000000566244 ], [ 528034.764600000344217, 2057154.319900000467896 ], [ 527993.824000000022352, 2057334.442700000479817 ], [ 527959.567099999636412, 2057515.955199999734759 ], [ 527932.04079999960959, 2057698.6096 ], [ 527911.282599999569356, 2057882.156400000676513 ], [ 527897.320899999700487, 2058066.344900000840425 ], [ 527890.174800000153482, 2058250.923499999567866 ], [ 527889.853900000452995, 2058435.6402000002563 ], [ 527896.358799999579787, 2058620.242499999701977 ], [ 527909.68059999961406, 2058804.478399999439716 ], [ 527929.800999999977648, 2058988.096200000494719 ], [ 527956.692699999548495, 2059170.845100000500679 ], [ 527990.318699999712408, 2059352.475600000470877 ], [ 528030.63329999987036, 2059532.739399999380112 ], [ 528077.581399999558926, 2059711.39049999974668 ], [ 528131.098799999803305, 2059888.184800000861287 ], [ 528191.112499999813735, 2060062.880899999290705 ], [ 528257.540400000289083, 2060235.240000000223517 ], [ 528330.291899999603629, 2060405.026900000870228 ], [ 528409.267599999904633, 2060572.009500000625849 ], [ 528494.35950000025332, 2060735.959799999371171 ], [ 528585.45160000026226, 2060896.653899999335408 ], [ 528682.419300000183284, 2061053.872400000691414 ], [ 528785.130199999548495, 2061207.400299999862909 ], [ 528893.444099999964237, 2061357.028100000694394 ], [ 529007.213000000454485, 2061502.551400000229478 ], [ 529092.394399999640882, 2061604.64809999987483 ], [ 529110.927500000223517, 2061626.270099999383092 ], [ 529144.811300000175834, 2061665.389799999073148 ], [ 529269.01659999974072, 2061802.113800000399351 ], [ 529398.189199999906123, 2061934.154799999669194 ], [ 529532.152700000442564, 2062061.332499999552965 ], [ 529670.724200000055134, 2062183.473300000652671 ], [ 529813.714300000108778, 2062300.410299999639392 ], [ 529960.927699999883771, 2062411.98369999974966 ], [ 530112.163399999961257, 2062518.041200000792742 ], [ 530267.214800000190735, 2062618.437899999320507 ], [ 530425.870199999772012, 2062713.036699999123812 ], [ 530587.912800000049174, 2062801.708399999886751 ], [ 530753.121199999935925, 2062884.331800000742078 ], [ 530921.269999999552965, 2062960.794099999591708 ], [ 531092.129300000146031, 2063030.990800000727177 ], [ 531265.465800000354648, 2063094.826099999248981 ], [ 531271.098000000230968, 2063096.666999999433756 ], [ 531293.277099999599159, 2063104.83500000089407 ], [ 531468.853900000452995, 2063162.221999999135733 ], [ 531646.431499999947846, 2063213.081900000572205 ], [ 531825.767099999822676, 2063257.3454 ], [ 532006.615899999625981, 2063294.951999999582767 ], [ 532188.730800000019372, 2063325.850199999287724 ], [ 532371.863099999725819, 2063349.997899999842048 ], [ 532555.762600000016391, 2063367.362199999392033 ], [ 532740.178299999795854, 2063377.919199999421835 ], [ 532924.858099999837577, 2063381.654500000178814 ], [ 532950.36629999987781, 2063381.227600000798702 ], [ 532985.57120000012219, 2063381.939799999818206 ], [ 533170.263000000268221, 2063378.848999999463558 ], [ 533354.714399999938905, 2063368.935699999332428 ], [ 533538.673600000329316, 2063352.213400000706315 ], [ 533721.889299999922514, 2063328.704900000244379 ], [ 533904.111200000159442, 2063298.442500000819564 ], [ 534085.090400000102818, 2063261.467199999839067 ], [ 534264.579800000414252, 2063217.829800000414252 ], [ 534442.334099999628961, 2063167.589800000190735 ], [ 534618.110700000077486, 2063110.8158 ], [ 534791.669300000183284, 2063047.58530000038445 ], [ 534962.773000000044703, 2062977.9847 ], [ 535131.18790000025183, 2062902.109200000762939 ], [ 535133.890999999828637, 2062900.829700000584126 ], [ 535153.453900000080466, 2062891.563200000673532 ], [ 535316.242499999701977, 2062810.798000000417233 ], [ 535478.594100000336766, 2062722.6919 ], [ 535637.579199999570847, 2062628.646800000220537 ], [ 535792.980600000359118, 2062528.79109999909997 ], [ 535817.010200000368059, 2062512.064500000327826 ], [ 535849.634700000286102, 2062492.7665 ], [ 536005.037200000137091, 2062392.912599999457598 ], [ 536156.643899999558926, 2062287.384400000795722 ], [ 536304.247600000351667, 2062176.32630000077188 ], [ 536369.377299999818206, 2062123.442600000649691 ], [ 536403.071399999782443, 2062098.091199999675155 ], [ 536427.123700000345707, 2062079.169299999251962 ], [ 536451.834699999541044, 2062059.6064 ], [ 536571.177199999801815, 2061962.096699999645352 ], [ 536710.176699999719858, 2061840.441700000315905 ], [ 536844.58600000012666, 2061713.7335 ], [ 536974.221400000154972, 2061582.145199999213219 ], [ 537098.905899999663234, 2061445.856499999761581 ], [ 537218.469200000166893, 2061305.053600000217557 ], [ 537332.747999999672174, 2061159.92879999987781 ], [ 537441.586099999956787, 2061010.68019999936223 ], [ 537544.83490000013262, 2060857.511900000274181 ], [ 537642.353400000371039, 2060700.63289999961853 ], [ 537734.00829999987036, 2060540.25760000012815 ], [ 537819.674599999561906, 2060376.605000000447035 ], [ 537899.235100000165403, 2060209.898700000718236 ], [ 537972.581199999898672, 2060040.3662 ], [ 538039.612700000405312, 2059868.239399999380112 ], [ 538100.237999999895692, 2059693.753100000321865 ], [ 538154.374499999918044, 2059517.145700000226498 ], [ 538201.947999999858439, 2059338.658600000664592 ], [ 538242.893600000068545, 2059158.535399999469519 ], [ 538277.155399999581277, 2058977.022199999541044 ], [ 538304.686599999666214, 2058794.366900000721216 ], [ 538325.449599999934435, 2058610.8191 ], [ 538339.416000000201166, 2058426.6294 ], [ 538346.566700000315905, 2058242.0494 ], [ 538347.590599999763072, 2058140.8892 ], [ 538347.590599999763072, 2058127.504200000315905 ], [ 538346.892, 2058043.946100000292063 ], [ 538343.284900000318885, 2057941.511499999091029 ] ] ], [ [ [ 488820.625900000333786, 2039171.594699999317527 ], [ 488386.359299999661744, 2039175.8289 ], [ 486544.479399999603629, 2039181.90430000051856 ], [ 486429.442200000397861, 2039171.05489999987185 ], [ 486363.431400000117719, 2039174.18720000050962 ], [ 486232.908699999563396, 2039180.357699999585748 ], [ 486166.835400000214577, 2039182.490599999204278 ], [ 486037.061999999918044, 2039188.613900000229478 ], [ 485906.414099999703467, 2039192.785399999469519 ], [ 485840.527900000102818, 2039193.903200000524521 ], [ 485775.953300000168383, 2039195.941800000146031 ], [ 485642.244599999859929, 2039195.289000000804663 ], [ 485508.597799999639392, 2039191.622500000521541 ], [ 485441.71239999961108, 2039192.802500000223517 ], [ 485334.48340000025928, 2039194.503000000491738 ], [ 485302.192400000058115, 2039167.434599999338388 ], [ 484315.205099999904633, 2039136.957299999892712 ], [ 484251.629800000227988, 2039138.932099999859929 ], [ 484187.116799999959767, 2039133.943600000813603 ], [ 484062.276300000026822, 2039134.738700000569224 ], [ 483996.264600000344217, 2039129.843800000846386 ], [ 483930.315299999900162, 2039125.948100000619888 ], [ 483483.847299999557436, 2039104.748400000855327 ], [ 483292.932199999690056, 2039095.635099999606609 ], [ 483228.481800000183284, 2039091.644899999722838 ], [ 483165.530299999751151, 2039087.560900000855327 ], [ 482974.677400000393391, 2039075.433499999344349 ], [ 482830.47649999987334, 2039071.419700000435114 ], [ 481098.942999999970198, 2039025.308499999344349 ], [ 479251.06940000038594, 2039107.81220000050962 ], [ 477918.348100000061095, 2039059.986500000581145 ], [ 477936.626699999906123, 2039098.369699999690056 ], [ 478022.153900000266731, 2039262.092599999159575 ], [ 478113.672500000335276, 2039422.543299999088049 ], [ 478120.686900000087917, 2039433.848600000143051 ], [ 478130.383600000292063, 2039450.849099999293685 ], [ 478227.768500000238419, 2039607.808499999344349 ], [ 478330.886800000444055, 2039761.06220000050962 ], [ 478439.597500000149012, 2039910.400900000706315 ], [ 478553.752399999648333, 2040055.620500000193715 ], [ 478673.195299999788404, 2040196.522700000554323 ], [ 478797.763199999928474, 2040332.915100000798702 ], [ 478927.286000000312924, 2040464.611400000751019 ], [ 479061.58669999986887, 2040591.431600000709295 ], [ 479200.481800000183284, 2040713.202600000426173 ], [ 479343.781700000166893, 2040829.758099999278784 ], [ 479491.290699999779463, 2040940.938799999654293 ], [ 479642.807099999859929, 2041046.592800000682473 ], [ 479798.124200000427663, 2041146.575999999418855 ], [ 479957.029699999839067, 2041240.751599999144673 ], [ 480119.306699999608099, 2041328.991100000217557 ], [ 480284.733300000429153, 2041411.174000000581145 ], [ 480453.083800000138581, 2041487.187999999150634 ], [ 480624.128100000321865, 2041556.929199999198318 ], [ 480772.776300000026822, 2041611.223600000143051 ], [ 480817.900700000114739, 2041631.095899999141693 ], [ 480842.147300000302494, 2041640.982699999585748 ], [ 480887.511400000192225, 2041660.482799999415874 ], [ 480895.798200000077486, 2041664.112999999895692 ], [ 480900.277900000102818, 2041665.970599999651313 ], [ 480915.635800000280142, 2041672.572300000116229 ], [ 480954.549599999561906, 2041688.475199999287724 ], [ 481011.93709999974817, 2041712.27170000039041 ], [ 481022.233300000429153, 2041716.3902000002563 ], [ 481077.134600000455976, 2041737.975700000301003 ], [ 481250.637600000016391, 2041801.3531 ], [ 481426.363900000229478, 2041858.275900000706315 ], [ 481453.631599999964237, 2041866.007799999788404 ], [ 481528.271200000308454, 2041890.186200000345707 ], [ 481705.980600000359118, 2041940.5778 ], [ 481885.430700000375509, 2041984.368300000205636 ], [ 482044.950199999846518, 2042017.101299999281764 ], [ 482150.306300000287592, 2042055.591499999165535 ], [ 482326.029900000430644, 2042112.522600000724196 ], [ 482503.737200000323355, 2042162.921599999070168 ], [ 482683.185399999842048, 2042206.7195999994874 ], [ 482864.129499999806285, 2042243.856699999421835 ], [ 483046.322200000286102, 2042274.282400000840425 ], [ 483229.5148, 2042297.955 ], [ 483413.457000000402331, 2042314.842199999839067 ], [ 483597.897599999792874, 2042324.92090000025928 ], [ 483782.584599999710917, 2042328.177400000393391 ], [ 483858.227099999785423, 2042326.715099999681115 ], [ 483941.104899999685585, 2042328.17710000090301 ], [ 484037.261199999600649, 2042326.31900000013411 ], [ 484084.184999999590218, 2042327.147099999710917 ], [ 484268.86629999987781, 2042323.579800000414252 ], [ 484453.289499999955297, 2042313.190700000151992 ], [ 484637.20299999974668, 2042295.994000000879169 ], [ 484820.355299999937415, 2042272.0132 ], [ 485002.496500000357628, 2042241.280899999663234 ], [ 485183.377600000239909, 2042203.839299999177456 ], [ 485362.751699999906123, 2042159.739499999210238 ], [ 485540.373700000345707, 2042109.041600000113249 ], [ 485700.996700000017881, 2042056.98589999973774 ], [ 485737.033400000073016, 2042044.6305 ], [ 485752.028900000266731, 2042039.462600000202656 ], [ 485925.421799999661744, 2041975.785700000822544 ], [ 485969.985700000077486, 2041957.52419999986887 ], [ 485970.714100000448525, 2041957.256699999794364 ], [ 486141.635700000450015, 2041887.216499999165535 ], [ 486309.85259999986738, 2041810.908399999141693 ], [ 486331.138399999588728, 2041800.2873 ], [ 486341.763299999758601, 2041795.467599999159575 ], [ 486507.045699999667704, 2041712.995999999344349 ], [ 486669.167700000107288, 2041624.473300000652671 ], [ 486827.907999999821186, 2041530.020500000566244 ], [ 486983.049700000323355, 2041429.7665 ], [ 487134.381000000052154, 2041323.848200000822544 ], [ 487281.695000000298023, 2041212.410399999469519 ], [ 487424.790599999949336, 2041095.605200000107288 ], [ 487563.472400000318885, 2040973.592199999839067 ], [ 487697.550900000147521, 2040846.53800000064075 ], [ 487826.842899999581277, 2040714.6162 ], [ 487951.17200000025332, 2040578.006999999284744 ], [ 488070.368300000205636, 2040436.896999999880791 ], [ 488184.268899999558926, 2040291.478800000622869 ], [ 488292.718299999833107, 2040141.951199999079108 ], [ 488395.568400000222027, 2039988.518300000578165 ], [ 488492.678700000047684, 2039831.389799999073148 ], [ 488583.916600000113249, 2039670.780200000852346 ], [ 488669.157300000078976, 2039506.908900000154972 ], [ 488748.284599999897182, 2039339.999800000339746 ], [ 488820.625900000333786, 2039171.594699999317527 ] ] ], [ [ [ 414735.30530000012368, 2025465.275000000372529 ], [ 411702.044099999591708, 2024441.628000000491738 ], [ 411637.366399999707937, 2024425.55210000090301 ], [ 411509.133100000210106, 2024395.336899999529123 ], [ 411444.328700000420213, 2024381.27449999935925 ], [ 411381.522699999623001, 2024367.089099999517202 ], [ 411317.0296, 2024354.01039999909699 ], [ 411252.286700000055134, 2024340.947000000625849 ], [ 411188.543100000359118, 2024327.822100000455976 ], [ 411122.362999999895692, 2024315.849999999627471 ], [ 411057.120699999853969, 2024302.817199999466538 ], [ 410993.188799999654293, 2024290.706599999219179 ], [ 410863.326700000092387, 2024266.608300000429153 ], [ 410823.38190000038594, 2024263.541999999433756 ], [ 410810.471499999985099, 2024277.13880000077188 ], [ 410747.033999999985099, 2024333.497999999672174 ], [ 410679.045400000177324, 2024384.274299999698997 ], [ 410637.747100000269711, 2024411.003000000491738 ], [ 410634.768500000238419, 2024412.828299999237061 ], [ 410619.332899999804795, 2024422.287499999627471 ], [ 410588.596099999733269, 2024440.377299999818206 ], [ 410513.004200000315905, 2024478.933199999853969 ], [ 410434.414900000207126, 2024510.939500000327826 ], [ 410353.394399999640882, 2024536.165699999779463 ], [ 410270.526399999856949, 2024554.429999999701977 ], [ 410186.4079, 2024565.60080000013113 ], [ 410101.645200000144541, 2024569.5976 ], [ 410076.831699999980628, 2024569.4054000005126 ], [ 410031.387299999594688, 2024568.489199999719858 ], [ 410008.775999999605119, 2024568.033399999141693 ], [ 409948.795800000429153, 2024565.019899999722838 ], [ 409864.576799999922514, 2024554.634600000455976 ], [ 409827.109299999661744, 2024547.6535 ], [ 409745.843299999833107, 2024530.880400000140071 ], [ 409631.503700000233948, 2024505.746500000357628 ], [ 409589.8432, 2024497.631899999454618 ], [ 409589.838700000196695, 2024497.630999999120831 ], [ 409558.797100000083447, 2024491.582100000232458 ], [ 409483.894399999640882, 2024476.63150000013411 ], [ 409432.244099999777973, 2024464.8892 ], [ 409366.561999999918044, 2024445.270400000736117 ], [ 409352.414599999785423, 2024444.383199999108911 ], [ 409268.19510000012815, 2024434.000399999320507 ], [ 409185.159500000067055, 2024416.512700000777841 ], [ 409103.90610000025481, 2024392.0461 ], [ 409025.020299999974668, 2024360.776900000870228 ], [ 408992.039599999785423, 2024344.342299999669194 ], [ 408971.157300000078976, 2024341.951500000432134 ], [ 408920.567999999970198, 2024334.84569999948144 ], [ 408837.531999999657273, 2024317.35950000025332 ], [ 408756.278099999763072, 2024292.894300000742078 ], [ 408721.004300000146031, 2024279.869300000369549 ], [ 408686.177000000141561, 2024266.259600000455976 ], [ 408587.052699999883771, 2024227.523800000548363 ], [ 408489.699699999764562, 2024189.480000000447035 ], [ 408419.462899999693036, 2024165.494699999690056 ], [ 408405.10219999961555, 2024163.248999999836087 ], [ 408322.065700000151992, 2024145.76490000076592 ], [ 408296.165199999697506, 2024138.780500000342727 ], [ 408212.925699999555945, 2024115.131400000303984 ], [ 408206.798200000077486, 2024113.39049999974668 ], [ 408165.949000000022352, 2024100.83559999987483 ], [ 408088.614599999971688, 2024075.2456 ], [ 408032.877700000070035, 2024056.802300000563264 ], [ 407975.439100000075996, 2024048.331599999219179 ], [ 407957.037499999627471, 2024045.442500000819564 ], [ 407874.000500000081956, 2024027.96030000038445 ], [ 407792.745199999772012, 2024003.499099999666214 ], [ 407713.857099999673665, 2023972.234999999403954 ], [ 407701.544099999591708, 2023966.100400000810623 ], [ 407699.692400000058115, 2023965.855599999427795 ], [ 407616.655199999921024, 2023948.374500000849366 ], [ 407535.399500000290573, 2023923.914300000295043 ], [ 407481.146399999968708, 2023902.414200000464916 ], [ 407464.48589999973774, 2023898.4222999997437 ], [ 407383.230000000447035, 2023873.9627 ], [ 407304.341199999675155, 2023842.700300000607967 ], [ 407228.387799999676645, 2023804.860200000926852 ], [ 407155.917000000365078, 2023760.715199999511242 ], [ 407113.419900000095367, 2023729.597999999299645 ], [ 407096.417899999767542, 2023719.241399999707937 ], [ 407027.951899999752641, 2023669.1096 ], [ 406963.983900000341237, 2023613.352099999785423 ], [ 406904.974999999627471, 2023552.3706 ], [ 406851.350200000219047, 2023486.604399999603629 ], [ 406803.496000000275671, 2023416.5274 ], [ 406761.75719999987632, 2023342.644600000232458 ], [ 406726.434399999678135, 2023265.488199999555945 ], [ 406697.782200000248849, 2023185.614099999889731 ], [ 406676.007000000216067, 2023103.597999999299645 ], [ 406661.265800000168383, 2023020.030600000172853 ], [ 406653.66469999961555, 2022935.51410000026226 ], [ 406653.258399999700487, 2022850.657500000670552 ], [ 406660.049999999813735, 2022766.072100000455976 ], [ 406673.990500000305474, 2022682.36739999987185 ], [ 406694.979500000365078, 2022600.146500000730157 ], [ 406695.271099999547005, 2022599.308399999514222 ], [ 405210.656200000084937, 2022138.159299999475479 ], [ 402802.091300000436604, 2021404.323699999600649 ], [ 402777.432500000111759, 2021539.819399999454618 ], [ 402751.094399999827147, 2021722.6689 ], [ 402731.530899999663234, 2021906.366800000891089 ], [ 402719.469200000166893, 2022080.547499999403954 ], [ 402718.772199999541044, 2022084.377399999648333 ], [ 402692.434899999760091, 2022267.227099999785423 ], [ 402672.872200000099838, 2022450.925200000405312 ], [ 402660.110799999907613, 2022635.220599999651313 ], [ 402654.168300000019372, 2022819.8618 ], [ 402655.052699999883771, 2023004.596400000154972 ], [ 402662.762699999846518, 2023189.1722 ], [ 402677.287999999709427, 2023373.337099999189377 ], [ 402698.608500000089407, 2023556.839400000870228 ], [ 402726.695299999788404, 2023739.42850000038743 ], [ 402761.509899999946356, 2023920.855100000277162 ], [ 402803.004700000397861, 2024100.871300000697374 ], [ 402851.123200000263751, 2024279.231200000271201 ], [ 402905.799599999561906, 2024455.691199999302626 ], [ 402966.959099999628961, 2024630.010299999266863 ], [ 403034.518299999646842, 2024801.950300000607967 ], [ 403108.384800000116229, 2024971.276399999856949 ], [ 403188.457799999974668, 2025137.757400000467896 ], [ 403274.627799999900162, 2025301.16579999960959 ], [ 403366.777300000190735, 2025461.278300000354648 ], [ 403464.780199999921024, 2025617.876499999314547 ], [ 403568.502799999900162, 2025770.746200000867248 ], [ 403677.803299999795854, 2025919.67879999987781 ], [ 403792.53249999973923, 2026064.47069999948144 ], [ 403912.533699999563396, 2026204.9243 ], [ 404037.642799999564886, 2026340.8476 ], [ 404167.689100000075996, 2026472.055099999532104 ], [ 404302.494900000281632, 2026598.367499999701977 ], [ 404441.876000000163913, 2026719.612199999392033 ], [ 404585.642099999822676, 2026835.623800000175834 ], [ 404733.596800000406802, 2026946.243599999696016 ], [ 404787.289599999785423, 2026983.375700000673532 ], [ 404793.086600000038743, 2026987.709899999201298 ], [ 404945.027400000020862, 2027092.787399999797344 ], [ 405100.747299999929965, 2027192.1787 ], [ 405260.033400000073016, 2027285.747899999842048 ], [ 405422.668200000189245, 2027373.3673 ], [ 405588.42949999962002, 2027454.917199999094009 ], [ 405757.091000000014901, 2027530.2862 ], [ 405928.422199999913573, 2027599.371400000527501 ], [ 406102.189199999906123, 2027662.078400000929832 ], [ 406222.519500000402331, 2027700.539200000464916 ], [ 406254.329699999652803, 2027712.018799999728799 ], [ 406430.294499999843538, 2027768.263299999758601 ], [ 406504.261099999770522, 2027788.926300000399351 ], [ 406511.626299999654293, 2027791.5844 ], [ 406687.590300000272691, 2027847.831199999898672 ], [ 406865.512500000186265, 2027897.537499999627471 ], [ 407045.149799999780953, 2027940.635199999436736 ], [ 407053.169200000353158, 2027942.248400000855327 ], [ 407113.989599999971688, 2027959.99210000038147 ], [ 407120.103000000119209, 2027961.728900000452995 ], [ 407203.328300000168383, 2027985.373199999332428 ], [ 407247.68819999974221, 2027997.43019999936223 ], [ 407265.555100000463426, 2028004.412000000476837 ], [ 407301.213299999944866, 2028018.189099999144673 ], [ 407474.975300000049174, 2028080.90819999948144 ], [ 407650.936099999584258, 2028137.163499999791384 ], [ 407828.855499999597669, 2028186.878499999642372 ], [ 407889.340800000354648, 2028201.39299999922514 ], [ 407998.496600000187755, 2028236.292700000107288 ], [ 408176.414800000376999, 2028286.010700000450015 ], [ 408356.048700000159442, 2028329.120400000363588 ], [ 408537.152800000272691, 2028365.562899999320507 ], [ 408587.854500000365078, 2028373.829 ], [ 408603.084099999628961, 2028377.484099999070168 ], [ 408701.044800000265241, 2028398.062000000849366 ], [ 408785.130199999548495, 2028414.83390000090003 ], [ 408821.198099999688566, 2028421.871200000867248 ], [ 408912.618599999696016, 2028441.914899999275804 ], [ 409019.859600000083447, 2028464.130899999290705 ], [ 409133.414900000207126, 2028486.169399999082088 ], [ 409315.740699999965727, 2028515.900499999523163 ], [ 409499.040500000119209, 2028538.873999999836087 ], [ 409683.064000000245869, 2028555.058599999174476 ], [ 409867.559700000099838, 2028564.432299999520183 ], [ 409928.194799999706447, 2028566.022199999541044 ], [ 409950.802500000223517, 2028566.477800000458956 ], [ 409950.806400000117719, 2028566.477900000289083 ], [ 409996.247299999929965, 2028567.3936 ], [ 410120.314600000157952, 2028568.35359999909997 ], [ 410304.998599999584258, 2028564.0768 ], [ 410489.398400000296533, 2028552.97859999909997 ], [ 410673.262099999934435, 2028535.074200000613928 ], [ 410856.338499999605119, 2028510.387900000438094 ], [ 411038.377700000070035, 2028478.953600000590086 ], [ 411219.130900000222027, 2028440.814200000837445 ], [ 411398.351300000213087, 2028396.02170000039041 ], [ 411575.794099999591708, 2028344.637499999254942 ], [ 411751.216900000348687, 2028286.731499999761581 ], [ 411924.380099999718368, 2028222.383099999278784 ], [ 412095.0472999997437, 2028151.679999999701977 ], [ 412262.9852, 2028074.718800000846386 ], [ 412427.964599999599159, 2027991.604699999094009 ], [ 412589.760099999606609, 2027902.451199999079108 ], [ 412708.741100000217557, 2027831.783399999141693 ], [ 412724.204199999570847, 2027822.307199999690056 ], [ 412727.210400000214577, 2027820.464800000190735 ], [ 412766.546799999661744, 2027796.106499999761581 ], [ 412921.316300000064075, 2027695.247700000181794 ], [ 413072.253200000151992, 2027588.738900000229478 ], [ 413219.151300000026822, 2027476.725600000470877 ], [ 413361.809999999590218, 2027359.3607 ], [ 413500.034500000067055, 2027236.804700000211596 ], [ 413633.635900000110269, 2027109.2248 ], [ 413762.431900000199676, 2026976.795299999415874 ], [ 413886.246399999596179, 2026839.697100000455976 ], [ 414004.910400000400841, 2026698.117499999701977 ], [ 414118.261800000444055, 2026552.249900000169873 ], [ 414226.145700000226498, 2026402.293400000780821 ], [ 414328.414900000207126, 2026248.45299999974668 ], [ 414424.929700000211596, 2026090.9386 ], [ 414515.558199999853969, 2025929.965600000694394 ], [ 414600.176599999889731, 2025765.753699999302626 ], [ 414678.669499999843538, 2025598.527200000360608 ], [ 414735.30530000012368, 2025465.275000000372529 ] ] ] ] } },
{ "type": "Feature", "properties": { "FID_Sanche": 2, "Shape_Leng": 305027.02596499998, "distance": 10000.0, "FID_Sanc_1": -1, "distance_1": 0.0, "Shape_Le_1": 189974.04575700001, "Shape_Area": 396976909.23500001 }, "geometry": { "type": "MultiPolygon", "coordinates": [ [ [ [ 543329.925699999555945, 2058688.889399999752641 ], [ 543218.452800000086427, 2058675.245200000703335 ], [ 543155.603199999779463, 2058669.195900000631809 ], [ 543030.154099999926984, 2058657.081199999898672 ], [ 541561.656600000336766, 2058476.236999999731779 ], [ 541499.613300000317395, 2058463.110999999567866 ], [ 541437.070299999788404, 2058450.016699999570847 ], [ 541375.027099999599159, 2058436.890599999576807 ], [ 541311.548100000247359, 2058424.858999999240041 ], [ 541249.504900000058115, 2058411.732799999415874 ], [ 541186.775500000454485, 2058399.6535 ], [ 541124.732400000095367, 2058386.527200000360608 ], [ 541062.002999999560416, 2058374.44789999909699 ], [ 541000.023299999535084, 2058362.321000000461936 ], [ 540936.544400000013411, 2058350.289000000804663 ], [ 540874.628100000321865, 2058339.161399999633431 ], [ 540811.085900000296533, 2058326.129899999126792 ], [ 540684.627999999560416, 2058302.034 ], [ 540621.212600000202656, 2058291.001299999654293 ], [ 540557.733799999579787, 2058278.969000000506639 ], [ 540494.005300000309944, 2058266.952500000596046 ], [ 540431.339499999769032, 2058255.872099999338388 ], [ 540366.861399999819696, 2058243.903100000694394 ], [ 540304.195700000040233, 2058232.822599999606609 ], [ 540240.530500000342727, 2058221.805299999192357 ], [ 540176.365699999965727, 2058210.819700000807643 ], [ 540112.700600000098348, 2058199.802400000393391 ], [ 540050.034900000318885, 2058188.721699999645352 ], [ 539981.559200000017881, 2058177.005699999630451 ], [ 539777.947999999858439, 2058146.759400000795722 ], [ 539710.411899999715388, 2058137.994000000879169 ], [ 539641.126799999736249, 2058129.339299999177456 ], [ 539573.590800000354648, 2058120.573799999430776 ], [ 539505.931599999777973, 2058113.82289999909699 ], [ 539377.978900000452995, 2058093.833499999716878 ], [ 539314.440700000151992, 2058084.814400000497699 ], [ 539250.839200000278652, 2058074.795800000429153 ], [ 539186.551500000059605, 2058065.824100000783801 ], [ 539123.699599999934435, 2058055.75789999961853 ], [ 539060.161500000394881, 2058046.738600000739098 ], [ 538996.560100000351667, 2058036.719900000840425 ], [ 538931.522900000214577, 2058027.795499999076128 ], [ 538868.671099999919534, 2058017.729100000113249 ], [ 538677.307500000111759, 2057990.7179000005126 ], [ 538613.706199999898672, 2057980.698799999430776 ], [ 538485.630900000222027, 2057962.722699999809265 ], [ 538358.49170000012964, 2057943.683599999174476 ], [ 538343.284900000318885, 2057941.511499999091029 ], [ 538346.892, 2058043.946100000292063 ], [ 538347.590599999763072, 2058127.504200000315905 ], [ 538347.590599999763072, 2058140.8892 ], [ 538346.566700000315905, 2058242.0494 ], [ 538339.416000000201166, 2058426.6294 ], [ 538325.449599999934435, 2058610.8191 ], [ 538304.686599999666214, 2058794.366900000721216 ], [ 538277.155399999581277, 2058977.022199999541044 ], [ 538242.893600000068545, 2059158.535399999469519 ], [ 538201.947999999858439, 2059338.658600000664592 ], [ 538154.374499999918044, 2059517.145700000226498 ], [ 538100.237999999895692, 2059693.753100000321865 ], [ 538039.612700000405312, 2059868.239399999380112 ], [ 537972.581199999898672, 2060040.3662 ], [ 537899.235100000165403, 2060209.898700000718236 ], [ 537819.674599999561906, 2060376.605000000447035 ], [ 537734.00829999987036, 2060540.25760000012815 ], [ 537642.353400000371039, 2060700.63289999961853 ], [ 537544.83490000013262, 2060857.511900000274181 ], [ 537441.586099999956787, 2061010.68019999936223 ], [ 537332.747999999672174, 2061159.92879999987781 ], [ 537218.469200000166893, 2061305.053600000217557 ], [ 537098.905899999663234, 2061445.856499999761581 ], [ 536974.221400000154972, 2061582.145199999213219 ], [ 536844.58600000012666, 2061713.7335 ], [ 536710.176699999719858, 2061840.441700000315905 ], [ 536571.177199999801815, 2061962.096699999645352 ], [ 536451.834699999541044, 2062059.6064 ], [ 536427.123700000345707, 2062079.169299999251962 ], [ 536403.071399999782443, 2062098.091199999675155 ], [ 536369.377299999818206, 2062123.442600000649691 ], [ 536304.247600000351667, 2062176.32630000077188 ], [ 536156.643899999558926, 2062287.384400000795722 ], [ 536005.037200000137091, 2062392.912599999457598 ], [ 535849.634700000286102, 2062492.7665 ], [ 535817.010200000368059, 2062512.064500000327826 ], [ 535792.980600000359118, 2062528.79109999909997 ], [ 535637.579199999570847, 2062628.646800000220537 ], [ 535478.594100000336766, 2062722.6919 ], [ 535316.242499999701977, 2062810.798000000417233 ], [ 535153.453900000080466, 2062891.563200000673532 ], [ 535133.890999999828637, 2062900.829700000584126 ], [ 535131.18790000025183, 2062902.109200000762939 ], [ 534962.773000000044703, 2062977.9847 ], [ 534791.669300000183284, 2063047.58530000038445 ], [ 534618.110700000077486, 2063110.8158 ], [ 534442.334099999628961, 2063167.589800000190735 ], [ 534264.579800000414252, 2063217.829800000414252 ], [ 534085.090400000102818, 2063261.467199999839067 ], [ 533904.111200000159442, 2063298.442500000819564 ], [ 533721.889299999922514, 2063328.704900000244379 ], [ 533538.673600000329316, 2063352.213400000706315 ], [ 533354.714399999938905, 2063368.935699999332428 ], [ 533170.263000000268221, 2063378.848999999463558 ], [ 532985.57120000012219, 2063381.939799999818206 ], [ 532950.36629999987781, 2063381.227600000798702 ], [ 532924.858099999837577, 2063381.654500000178814 ], [ 532740.178299999795854, 2063377.919199999421835 ], [ 532555.762600000016391, 2063367.362199999392033 ], [ 532371.863099999725819, 2063349.997899999842048 ], [ 532188.730800000019372, 2063325.850199999287724 ], [ 532006.615899999625981, 2063294.951999999582767 ], [ 531825.767099999822676, 2063257.3454 ], [ 531646.431499999947846, 2063213.081900000572205 ], [ 531468.853900000452995, 2063162.221999999135733 ], [ 531293.277099999599159, 2063104.83500000089407 ], [ 531271.098000000230968, 2063096.666999999433756 ], [ 531265.465800000354648, 2063094.826099999248981 ], [ 531092.129300000146031, 2063030.990800000727177 ], [ 530921.269999999552965, 2062960.794099999591708 ], [ 530753.121199999935925, 2062884.331800000742078 ], [ 530587.912800000049174, 2062801.708399999886751 ], [ 530425.870199999772012, 2062713.036699999123812 ], [ 530267.214800000190735, 2062618.437899999320507 ], [ 530112.163399999961257, 2062518.041200000792742 ], [ 529960.927699999883771, 2062411.98369999974966 ], [ 529813.714300000108778, 2062300.410299999639392 ], [ 529670.724200000055134, 2062183.473300000652671 ], [ 529532.152700000442564, 2062061.332499999552965 ], [ 529398.189199999906123, 2061934.154799999669194 ], [ 529269.01659999974072, 2061802.113800000399351 ], [ 529144.811300000175834, 2061665.389799999073148 ], [ 529110.927500000223517, 2061626.270099999383092 ], [ 529092.394399999640882, 2061604.64809999987483 ], [ 529007.213000000454485, 2061502.551400000229478 ], [ 528893.444099999964237, 2061357.028100000694394 ], [ 528785.130199999548495, 2061207.400299999862909 ], [ 528682.419300000183284, 2061053.872400000691414 ], [ 528585.45160000026226, 2060896.653899999335408 ], [ 528494.35950000025332, 2060735.959799999371171 ], [ 528409.267599999904633, 2060572.009500000625849 ], [ 528330.291899999603629, 2060405.026900000870228 ], [ 528257.540400000289083, 2060235.240000000223517 ], [ 528191.112499999813735, 2060062.880899999290705 ], [ 528131.098799999803305, 2059888.184800000861287 ], [ 528077.581399999558926, 2059711.39049999974668 ], [ 528030.63329999987036, 2059532.739399999380112 ], [ 527990.318699999712408, 2059352.475600000470877 ], [ 527956.692699999548495, 2059170.845100000500679 ], [ 527929.800999999977648, 2058988.096200000494719 ], [ 527909.68059999961406, 2058804.478399999439716 ], [ 527896.358799999579787, 2058620.242499999701977 ], [ 527889.853900000452995, 2058435.6402000002563 ], [ 527890.174800000153482, 2058250.923499999567866 ], [ 527897.320899999700487, 2058066.344900000840425 ], [ 527911.282599999569356, 2057882.156400000676513 ], [ 527932.04079999960959, 2057698.6096 ], [ 527959.567099999636412, 2057515.955199999734759 ], [ 527993.824000000022352, 2057334.442700000479817 ], [ 528034.764600000344217, 2057154.319900000467896 ], [ 528082.332999999634922, 2056975.833000000566244 ], [ 528136.464200000278652, 2056799.225700000301003 ], [ 528197.084400000050664, 2056624.739199999719858 ], [ 528264.110700000077486, 2056452.6118 ], [ 528337.45160000026226, 2056283.07880000025034 ], [ 528417.00690000038594, 2056116.371500000357628 ], [ 528502.667899999767542, 2055952.717700000852346 ], [ 528594.317599999718368, 2055792.341 ], [ 528691.830900000408292, 2055635.460400000214577 ], [ 528795.074500000104308, 2055482.290200000628829 ], [ 528903.907599999569356, 2055333.039599999785423 ], [ 528935.633600000292063, 2055292.747700000181794 ], [ 528961.91399999987334, 2055253.75929999910295 ], [ 529070.748300000093877, 2055104.509500000625849 ], [ 529185.023299999535084, 2054959.383300000801682 ], [ 529304.582799999974668, 2054818.57880000025034 ], [ 529429.263700000010431, 2054682.28830000013113 ], [ 529558.895499999634922, 2054550.698100000619888 ], [ 529693.301199999637902, 2054423.987700000405312 ], [ 529832.2972999997437, 2054302.330399999395013 ], [ 529975.693900000303984, 2054185.892200000584126 ], [ 530002.667999999597669, 2054164.95240000076592 ], [ 530022.911100000143051, 2054149.348200000822544 ], [ 530143.542600000277162, 2054059.224999999627471 ], [ 530295.146900000050664, 2053953.6952 ], [ 530306.602400000207126, 2053946.33420000039041 ], [ 530149.231800000183284, 2053682.012499999254942 ], [ 530112.402800000272691, 2053631.162499999627471 ], [ 530074.511300000362098, 2053579.376299999654293 ], [ 530036.932799999602139, 2053528.573799999430776 ], [ 530000.790300000458956, 2053476.676999999210238 ], [ 529963.64850000012666, 2053424.843499999493361 ], [ 529893.735700000077486, 2053318.893400000408292 ], [ 529859.279099999926984, 2053265.886800000444055 ], [ 529826.50829999987036, 2053211.770300000905991 ], [ 529795.922899999655783, 2053156.512199999764562 ], [ 529765.274299999698997, 2053100.254699999466538 ], [ 529737.187400000169873, 2053044.838700000196695 ], [ 529678.693199999630451, 2052921.1097 ], [ 529650.66370000038296, 2052858.666500000283122 ], [ 529622.571100000292063, 2052795.224099999293685 ], [ 529596.040900000371039, 2052732.686300000175834 ], [ 529569.510599999688566, 2052670.148499999195337 ], [ 529542.417500000447035, 2052606.64299999922514 ], [ 529519.950899999588728, 2052548.8651 ], [ 529477.389899999834597, 2052431.152899999171495 ], [ 529457.2955, 2052371.218499999493361 ], [ 529415.670800000429153, 2052252.443900000303984 ], [ 529394.140599999576807, 2052193.603800000622869 ], [ 529368.489500000141561, 2052137.030999999493361 ], [ 529341.839100000448525, 2052080.52140000090003 ], [ 529311.254499999806285, 2052025.264000000432134 ], [ 529278.531999999657273, 2051971.897700000554323 ], [ 529244.029000000096858, 2051918.142300000414252 ], [ 529208.574099999852479, 2051865.1996 ], [ 529172.306499999947846, 2051811.304999999701977 ], [ 529137.164800000376999, 2051759.345899999141693 ], [ 529100.21100000012666, 2051706.498099999502301 ], [ 529030.300999999977648, 2051600.549799999222159 ], [ 528990.78000000026077, 2051538.83420000039041 ], [ 528950.69620000012219, 2051476.150900000706315 ], [ 528909.862900000065565, 2051413.515000000596046 ], [ 528870.278900000266731, 2051350.800200000405312 ], [ 528831.00800000037998, 2051289.06900000013411 ], [ 528796.426699999719858, 2051234.0647 ], [ 528761.908599999733269, 2051180.059800000861287 ], [ 528693.808699999935925, 2051070.987600000575185 ], [ 528659.22759999986738, 2051015.98340000025928 ], [ 528624.709699999541044, 2050961.97859999909997 ], [ 528590.128600000403821, 2050906.974500000476837 ], [ 528485.576000000350177, 2050745.023600000888109 ], [ 528449.372700000181794, 2050692.128799999132752 ], [ 528414.042399999685585, 2050637.1722 ], [ 528377.089700000360608, 2050584.324899999424815 ], [ 528340.949699999764562, 2050532.42960000038147 ], [ 528302.497999999672174, 2050479.676999999210238 ], [ 528265.608599999919534, 2050427.82909999974072 ], [ 528186.646599999628961, 2050325.464299999177456 ], [ 528101.49930000025779, 2050220.480699999257922 ], [ 528058.927199999801815, 2050169.995400000363588 ], [ 527972.094499999657273, 2050066.1217 ], [ 527931.144999999552965, 2050013.527300000190735 ], [ 527844.433400000445545, 2049903.6261 ], [ 527759.220999999903142, 2049793.630300000309944 ], [ 527680.391800000332296, 2049692.804400000721216 ], [ 527612.595599999651313, 2049735.74070000089705 ], [ 527388.8432, 2049886.049000000581145 ], [ 527169.224999999627471, 2050042.335699999704957 ], [ 526971.54839999973774, 2050190.852099999785423 ], [ 526951.30530000012368, 2050206.456199999898672 ], [ 526933.64919999986887, 2050220.097799999639392 ], [ 526722.775299999862909, 2050387.996300000697374 ], [ 526516.505300000309944, 2050561.519500000402331 ], [ 526314.988900000229478, 2050740.541200000792742 ], [ 526118.372899999842048, 2050924.931399999186397 ], [ 525926.799999999813735, 2051114.5559 ], [ 525740.409699999727309, 2051309.276699999347329 ], [ 525559.33739999961108, 2051508.95240000076592 ], [ 525383.714900000020862, 2051713.43779999949038 ], [ 525213.669700000435114, 2051922.584100000560284 ], [ 525049.325600000098348, 2052136.239299999549985 ], [ 524894.650700000114739, 2052348.955199999734759 ], [ 524882.45990000013262, 2052364.804099999368191 ], [ 524723.93819999974221, 2052582.814099999144673 ], [ 524571.352400000207126, 2052805.019099999219179 ], [ 524424.813500000163913, 2053031.257400000467896 ], [ 524284.427899999544024, 2053261.36460000090301 ], [ 524150.2977, 2053495.1733 ], [ 524022.520399999804795, 2053732.513599999248981 ], [ 523901.189100000075996, 2053973.212799999862909 ], [ 523786.391900000162423, 2054217.095899999141693 ], [ 523678.212199999950826, 2054463.9857 ], [ 523576.728699999861419, 2054713.702500000596046 ], [ 523482.015300000086427, 2054966.064799999818206 ], [ 523394.140700000338256, 2055220.88910000026226 ], [ 523313.168999999761581, 2055477.9901 ], [ 523239.158900000154972, 2055737.1809 ], [ 523172.164200000464916, 2055998.272900000214577 ], [ 523112.233799999579787, 2056261.076400000602007 ], [ 523059.411100000143051, 2056525.400299999862909 ], [ 523013.734600000083447, 2056791.052300000563264 ], [ 522975.237499999813735, 2057057.839199999347329 ], [ 522943.947700000368059, 2057325.567199999466538 ], [ 522919.888100000098348, 2057594.041500000283122 ], [ 522903.076100000180304, 2057863.0669 ], [ 522893.524000000208616, 2058132.447799999266863 ], [ 522891.238599999807775, 2058401.988399999216199 ], [ 522896.221699999645352, 2058671.492499999701977 ], [ 522908.469600000418723, 2058940.7643 ], [ 522927.973500000312924, 2059209.607999999076128 ], [ 522954.719100000336766, 2059477.82799999974668 ], [ 522988.686900000087917, 2059745.229399999603629 ], [ 523029.852400000207126, 2060011.61769999936223 ], [ 523078.185600000433624, 2060276.799200000241399 ], [ 523133.651200000196695, 2060540.5811 ], [ 523196.209099999628961, 2060802.771600000560284 ], [ 523265.813699999824166, 2061063.179999999701977 ], [ 523342.414300000295043, 2061321.61710000038147 ], [ 523425.955400000326335, 2061577.8947 ], [ 523516.3761, 2061831.8267 ], [ 523613.610700000077486, 2062083.228399999439716 ], [ 523717.588499999605119, 2062331.916999999433756 ], [ 523828.233900000341237, 2062577.7116 ], [ 523945.466400000266731, 2062820.433499999344349 ], [ 524069.200899999588728, 2063059.906199999153614 ], [ 524199.347199999727309, 2063295.955700000748038 ], [ 524335.810899999924004, 2063528.410199999809265 ], [ 524478.492700000293553, 2063757.100700000301003 ], [ 524627.28870000038296, 2063981.860999999567866 ], [ 524782.091000000014901, 2064202.527599999681115 ], [ 524942.786700000055134, 2064418.939999999478459 ], [ 525109.259300000034273, 2064630.940999999642372 ], [ 525281.387400000356138, 2064838.376299999654293 ], [ 525297.580900000408292, 2064857.316600000485778 ], [ 525316.113900000229478, 2064878.9386 ], [ 525477.572599999606609, 2065062.709799999371171 ], [ 525660.632399999536574, 2065260.564899999648333 ], [ 525848.960500000044703, 2065453.412200000137091 ], [ 526042.419900000095367, 2065641.111600000411272 ], [ 526240.870000000111759, 2065823.526399999856949 ], [ 526444.166400000452995, 2066000.52419999986887 ], [ 526652.161299999803305, 2066171.976099999621511 ], [ 526864.7034, 2066337.75760000012815 ], [ 527081.638299999758601, 2066497.747999999672174 ], [ 527302.808199999853969, 2066651.831000000238419 ], [ 527528.052299999631941, 2066799.894600000232458 ], [ 527757.206699999980628, 2066941.831199999898672 ], [ 527990.104899999685585, 2067077.537399999797344 ], [ 528226.577600000426173, 2067206.91469999961555 ], [ 528466.4527000002563, 2067329.868899999186397 ], [ 528709.555900000035763, 2067446.310699999332428 ], [ 528955.71030000038445, 2067556.1554000005126 ], [ 529204.737099999561906, 2067659.323100000619888 ], [ 529456.455099999904633, 2067755.738700000569224 ], [ 529477.478900000452995, 2067763.14780000038445 ], [ 529484.259399999864399, 2067765.744999999180436 ], [ 529738.485500000417233, 2067855.338899999856949 ], [ 529995.034799999557436, 2067938.045499999076128 ], [ 530253.720999999903142, 2068013.804700000211596 ], [ 530514.355999999679625, 2068082.561300000175834 ], [ 530776.75, 2068144.26549999974668 ], [ 531040.712500000372529, 2068198.872300000861287 ], [ 531306.051400000229478, 2068246.341900000348687 ], [ 531572.573900000192225, 2068286.640000000596046 ], [ 531840.086099999956787, 2068319.737099999561906 ], [ 532108.393400000408292, 2068345.609300000593066 ], [ 532377.300900000147521, 2068364.237600000575185 ], [ 532646.612900000065565, 2068375.6086 ], [ 532916.13370000012219, 2068379.713899999856949 ], [ 532939.836400000378489, 2068379.435699999332428 ], [ 532976.830799999646842, 2068379.999399999156594 ], [ 533246.364299999549985, 2068376.836899999529123 ], [ 533515.714700000360608, 2068366.40819999948144 ], [ 533784.685999999754131, 2068348.72069999948144 ], [ 534053.082700000144541, 2068323.7873 ], [ 534320.709499999880791, 2068291.6261 ], [ 534587.372000000439584, 2068252.260500000789762 ], [ 534852.8761, 2068205.719200000166893 ], [ 535117.028800000436604, 2068152.035900000482798 ], [ 535379.638100000098348, 2068091.249800000339746 ], [ 535640.513000000268221, 2068023.404899999499321 ], [ 535899.463800000026822, 2067948.550699999555945 ], [ 536156.302199999801815, 2067866.741399999707937 ], [ 536410.841500000096858, 2067778.036800000816584 ], [ 536662.896399999968708, 2067682.5011 ], [ 536912.283900000154972, 2067580.204 ], [ 537158.822399999946356, 2067471.219699999317527 ], [ 537273.476999999955297, 2067417.79619999974966 ], [ 537293.039900000207126, 2067408.529699999839067 ], [ 537421.886500000022352, 2067346.365599999204278 ], [ 537662.191800000146031, 2067224.249800000339746 ], [ 537899.117200000211596, 2067095.698999999091029 ], [ 538132.490299999713898, 2066960.806600000709295 ], [ 538362.141499999910593, 2066819.670700000599027 ], [ 538509.183100000023842, 2066723.747600000351667 ], [ 538574.150899999774992, 2066683.821599999442697 ], [ 538799.914900000207126, 2066536.5472999997437 ], [ 539021.625799999572337, 2066383.239199999719858 ], [ 539239.122399999760091, 2066224.00870000012219 ], [ 539452.246600000187755, 2066058.971699999645352 ], [ 539483.713299999944866, 2066033.2182 ], [ 539529.442200000397861, 2065997.908299999311566 ], [ 539554.153300000354648, 2065978.345599999651313 ], [ 539575.751600000075996, 2065961.1985 ], [ 539784.349499999545515, 2065790.476199999451637 ], [ 539988.268500000238419, 2065614.191500000655651 ], [ 540187.360100000165403, 2065432.472500000149012 ], [ 540381.479500000365078, 2065245.45130000077188 ], [ 540570.485799999907613, 2065053.264000000432134 ], [ 540754.24129999987781, 2064856.050300000235438 ], [ 540932.612499999813735, 2064653.953600000590086 ], [ 541105.469700000248849, 2064447.120899999514222 ], [ 541272.687199999578297, 2064235.702500000596046 ], [ 541434.143299999646842, 2064019.852099999785423 ], [ 541589.720700000412762, 2063799.726800000295043 ], [ 541739.306300000287592, 2063575.486700000241399 ], [ 541882.791199999861419, 2063347.294600000604987 ], [ 542020.071100000292063, 2063115.316700000315905 ], [ 542151.04619999974966, 2062879.721599999815226 ], [ 542275.621299999766052, 2062640.680500000715256 ], [ 542393.705699999816716, 2062398.3673 ], [ 542505.213600000366569, 2062152.9583 ], [ 542610.063900000415742, 2061904.631799999624491 ], [ 542708.180399999953806, 2061653.568499999120831 ], [ 542799.491600000299513, 2061399.950799999758601 ], [ 542883.931300000287592, 2061143.963300000876188 ], [ 542961.438000000081956, 2060885.792099999263883 ], [ 543031.955400000326335, 2060625.624800000339746 ], [ 543095.432099999859929, 2060363.650699999183416 ], [ 543151.821999999694526, 2060100.060399999842048 ], [ 543201.084099999628961, 2059835.045299999415874 ], [ 543243.182500000111759, 2059568.79839999973774 ], [ 543278.086799999698997, 2059301.5131 ], [ 543305.771399999968708, 2059033.3838 ], [ 543326.216199999675155, 2058764.605499999597669 ], [ 543329.925699999555945, 2058688.889399999752641 ] ] ], [ [ [ 494158.755599999800324, 2038052.818800000473857 ], [ 493936.139200000092387, 2038075.433199999853969 ], [ 493873.129499999806285, 2038086.409099999815226 ], [ 493808.870699999853969, 2038097.463199999183416 ], [ 493746.860100000165403, 2038108.376299999654293 ], [ 493682.414300000295043, 2038120.4452 ], [ 493556.645399999804795, 2038146.393100000917912 ], [ 493431.001799999736249, 2038174.339299999177456 ], [ 493304.484400000423193, 2038204.346300000324845 ], [ 493179.716300000436604, 2038238.255799999460578 ], [ 492997.622700000181794, 2038289.805500000715256 ], [ 492937.236999999731779, 2038306.634700000286102 ], [ 492815.591599999926984, 2038342.354000000283122 ], [ 492755.018600000068545, 2038360.19789999909699 ], [ 492694.50829999987036, 2038379.040999999269843 ], [ 492634.185100000351667, 2038396.869100000709295 ], [ 492514.163499999791384, 2038434.4923 ], [ 492452.966400000266731, 2038454.381400000303984 ], [ 492393.268000000156462, 2038474.176400000229478 ], [ 492334.631400000303984, 2038494.9079 ], [ 492274.183600000105798, 2038514.749900000169873 ], [ 492214.547799999825656, 2038535.543999999761581 ], [ 492155.661399999633431, 2038556.290999999269843 ], [ 492095.401399999856949, 2038579.130400000140071 ], [ 492032.331000000238419, 2038601.14299999922514 ], [ 491666.83629999961704, 2038739.42820000089705 ], [ 491605.389700000174344, 2038763.344799999147654 ], [ 491544.317400000058115, 2038785.231599999591708 ], [ 491483.057900000363588, 2038808.133300000801682 ], [ 491421.860999999567866, 2038832.034099999815226 ], [ 491300.215599999763072, 2038875.776100000366569 ], [ 491237.394500000402331, 2038897.772399999201298 ], [ 491176.134800000116229, 2038920.673800000920892 ], [ 491114.875, 2038943.575200000777841 ], [ 491053.615199999883771, 2038966.476600000634789 ], [ 490916.642799999564886, 2038885.787200000137091 ], [ 490423.600700000301003, 2038625.795800000429153 ], [ 490375.14670000039041, 2038664.94679999910295 ], [ 490325.256400000303984, 2038705.190899999812245 ], [ 490281.049700000323355, 2038748.087999999523163 ], [ 490237.5932, 2038794.9506 ], [ 490199.57039999961853, 2038844.48200000077486 ], [ 490181.970999999903142, 2038903.767300000414252 ], [ 490190.165400000289083, 2038970.463500000536442 ], [ 490199.7341, 2039039.079900000244379 ], [ 490187.006199999712408, 2039100.066199999302626 ], [ 490128.252000000327826, 2039162.935200000181794 ], [ 490049.257299999706447, 2039194.972799999639392 ], [ 489983.184899999760091, 2039201.1217 ], [ 489917.048999999649823, 2039202.2588 ], [ 489850.912399999797344, 2039199.383400000631809 ], [ 489784.212799999862909, 2039191.527499999850988 ], [ 489718.761300000362098, 2039179.580700000748038 ], [ 489656.057000000029802, 2039163.449100000783801 ], [ 488820.625900000333786, 2039171.594699999317527 ], [ 488748.284599999897182, 2039339.999800000339746 ], [ 488669.157300000078976, 2039506.908900000154972 ], [ 488583.916600000113249, 2039670.780200000852346 ], [ 488492.678700000047684, 2039831.389799999073148 ], [ 488395.568400000222027, 2039988.518300000578165 ], [ 488292.718299999833107, 2040141.951199999079108 ], [ 488184.268899999558926, 2040291.478800000622869 ], [ 488070.368300000205636, 2040436.896999999880791 ], [ 487951.17200000025332, 2040578.006999999284744 ], [ 487826.842899999581277, 2040714.6162 ], [ 487697.550900000147521, 2040846.53800000064075 ], [ 487563.472400000318885, 2040973.592199999839067 ], [ 487424.790599999949336, 2041095.605200000107288 ], [ 487281.695000000298023, 2041212.410399999469519 ], [ 487134.381000000052154, 2041323.848200000822544 ], [ 486983.049700000323355, 2041429.7665 ], [ 486827.907999999821186, 2041530.020500000566244 ], [ 486669.167700000107288, 2041624.473300000652671 ], [ 486507.045699999667704, 2041712.995999999344349 ], [ 486341.763299999758601, 2041795.467599999159575 ], [ 486331.138399999588728, 2041800.2873 ], [ 486309.85259999986738, 2041810.908399999141693 ], [ 486141.635700000450015, 2041887.216499999165535 ], [ 485970.714100000448525, 2041957.256699999794364 ], [ 485969.985700000077486, 2041957.52419999986887 ], [ 485925.421799999661744, 2041975.785700000822544 ], [ 485752.028900000266731, 2042039.462600000202656 ], [ 485737.033400000073016, 2042044.6305 ], [ 485700.996700000017881, 2042056.98589999973774 ], [ 485540.373700000345707, 2042109.041600000113249 ], [ 485362.751699999906123, 2042159.739499999210238 ], [ 485183.377600000239909, 2042203.839299999177456 ], [ 485002.496500000357628, 2042241.280899999663234 ], [ 484820.355299999937415, 2042272.0132 ], [ 484637.20299999974668, 2042295.994000000879169 ], [ 484453.289499999955297, 2042313.190700000151992 ], [ 484268.86629999987781, 2042323.579800000414252 ], [ 484084.184999999590218, 2042327.147099999710917 ], [ 484037.261199999600649, 2042326.31900000013411 ], [ 483941.104899999685585, 2042328.17710000090301 ], [ 483858.227099999785423, 2042326.715099999681115 ], [ 483782.584599999710917, 2042328.177400000393391 ], [ 483597.897599999792874, 2042324.92090000025928 ], [ 483413.457000000402331, 2042314.842199999839067 ], [ 483229.5148, 2042297.955 ], [ 483046.322200000286102, 2042274.282400000840425 ], [ 482864.129499999806285, 2042243.856699999421835 ], [ 482683.185399999842048, 2042206.7195999994874 ], [ 482503.737200000323355, 2042162.921599999070168 ], [ 482326.029900000430644, 2042112.522600000724196 ], [ 482150.306300000287592, 2042055.591499999165535 ], [ 482044.950199999846518, 2042017.101299999281764 ], [ 481885.430700000375509, 2041984.368300000205636 ], [ 481705.980600000359118, 2041940.5778 ], [ 481528.271200000308454, 2041890.186200000345707 ], [ 481453.631599999964237, 2041866.007799999788404 ], [ 481426.363900000229478, 2041858.275900000706315 ], [ 481250.637600000016391, 2041801.3531 ], [ 481077.134600000455976, 2041737.975700000301003 ], [ 481022.233300000429153, 2041716.3902000002563 ], [ 481011.93709999974817, 2041712.27170000039041 ], [ 480954.549599999561906, 2041688.475199999287724 ], [ 480915.635800000280142, 2041672.572300000116229 ], [ 480900.277900000102818, 2041665.970599999651313 ], [ 480895.798200000077486, 2041664.112999999895692 ], [ 480887.511400000192225, 2041660.482799999415874 ], [ 480842.147300000302494, 2041640.982699999585748 ], [ 480817.900700000114739, 2041631.095899999141693 ], [ 480772.776300000026822, 2041611.223600000143051 ], [ 480624.128100000321865, 2041556.929199999198318 ], [ 480453.083800000138581, 2041487.187999999150634 ], [ 480284.733300000429153, 2041411.174000000581145 ], [ 480119.306699999608099, 2041328.991100000217557 ], [ 479957.029699999839067, 2041240.751599999144673 ], [ 479798.124200000427663, 2041146.575999999418855 ], [ 479642.807099999859929, 2041046.592800000682473 ], [ 479491.290699999779463, 2040940.938799999654293 ], [ 479343.781700000166893, 2040829.758099999278784 ], [ 479200.481800000183284, 2040713.202600000426173 ], [ 479061.58669999986887, 2040591.431600000709295 ], [ 478927.286000000312924, 2040464.611400000751019 ], [ 478797.763199999928474, 2040332.915100000798702 ], [ 478673.195299999788404, 2040196.522700000554323 ], [ 478553.752399999648333, 2040055.620500000193715 ], [ 478439.597500000149012, 2039910.400900000706315 ], [ 478330.886800000444055, 2039761.06220000050962 ], [ 478227.768500000238419, 2039607.808499999344349 ], [ 478130.383600000292063, 2039450.849099999293685 ], [ 478120.686900000087917, 2039433.848600000143051 ], [ 478113.672500000335276, 2039422.543299999088049 ], [ 478022.153900000266731, 2039262.092599999159575 ], [ 477936.626699999906123, 2039098.369699999690056 ], [ 477918.348100000061095, 2039059.986500000581145 ], [ 477599.971699999645352, 2039048.561300000175834 ], [ 477346.166600000113249, 2038972.142400000244379 ], [ 477073.127600000239909, 2038933.037900000810623 ], [ 476011.763100000098348, 2038819.825999999418855 ], [ 474117.610999999567866, 2038731.5504 ], [ 472598.729899999685585, 2038784.619200000539422 ], [ 472604.782200000248849, 2038817.3322 ], [ 472660.949000000022352, 2039080.966399999335408 ], [ 472724.203900000080466, 2039342.990299999713898 ], [ 472794.500799999572337, 2039603.213400000706315 ], [ 472871.788599999621511, 2039861.446399999782443 ], [ 472956.011099999770522, 2040117.501599999144673 ], [ 473047.107099999673665, 2040371.192700000479817 ], [ 473145.010400000028312, 2040622.335400000214577 ], [ 473249.649600000120699, 2040870.746899999678135 ], [ 473360.948900000192225, 2041116.2467 ], [ 473478.827100000344217, 2041358.656199999153614 ], [ 473603.198599999770522, 2041597.799100000411272 ], [ 473733.973000000230968, 2041833.501599999144673 ], [ 473750.570700000040233, 2041861.602700000628829 ], [ 473750.682099999859929, 2041861.803600000217557 ], [ 473887.76410000026226, 2042093.894400000572205 ], [ 474031.054100000299513, 2042322.204700000584126 ], [ 474180.447999999858439, 2042546.568299999460578 ], [ 474335.837199999950826, 2042766.822200000286102 ], [ 474497.10869999974966, 2042982.806099999696016 ], [ 474664.145100000314415, 2043194.363099999725819 ], [ 474836.825000000186265, 2043401.339299999177456 ], [ 475015.022900000214577, 2043603.584300000220537 ], [ 475198.609199999831617, 2043800.950799999758601 ], [ 475387.450400000438094, 2043993.295499999076128 ], [ 475581.409099999815226, 2044180.478499999269843 ], [ 475780.344399999827147, 2044362.363700000569224 ], [ 475984.111499999649823, 2044538.81870000064373 ], [ 476192.562300000339746, 2044709.715299999341369 ], [ 476405.545199999585748, 2044874.929300000891089 ], [ 476622.905399999581277, 2045034.340500000864267 ], [ 476844.484699999913573, 2045187.832900000736117 ], [ 477070.122100000269711, 2045335.295099999755621 ], [ 477299.653599999845028, 2045476.619699999690056 ], [ 477532.912100000306964, 2045611.7039 ], [ 477769.728000000119209, 2045740.449699999764562 ], [ 478009.929299999959767, 2045862.763299999758601 ], [ 478253.341099999845028, 2045978.555800000205636 ], [ 478499.786600000225008, 2046087.743000000715256 ], [ 478749.086400000378489, 2046190.2456 ], [ 478916.082600000314415, 2046253.699899999424815 ], [ 479024.899100000038743, 2046299.16579999960959 ], [ 479073.692400000058115, 2046319.105900000780821 ], [ 479073.761800000444055, 2046318.936000000685453 ], [ 479155.724399999715388, 2046352.823799999430776 ], [ 479166.020600000396371, 2046356.942299999296665 ], [ 479201.98369999974966, 2046371.2467 ], [ 479453.954400000162423, 2046466.995999999344349 ], [ 479708.41509999986738, 2046555.916600000113249 ], [ 479965.180900000035763, 2046637.94370000064373 ], [ 479987.089599999599159, 2046644.29700000025332 ], [ 480067.062699999660254, 2046669.845899999141693 ], [ 480325.946399999782443, 2046744.921399999409914 ], [ 480586.760200000368059, 2046812.989199999719858 ], [ 480697.50829999987036, 2046838.724099999293685 ], [ 480864.622600000351667, 2046892.119599999859929 ], [ 481123.502999999560416, 2046967.205800000578165 ], [ 481384.313900000415742, 2047035.284499999135733 ], [ 481646.865500000305474, 2047096.306099999696016 ], [ 481910.966900000348687, 2047150.226299999281764 ], [ 482176.426199999637902, 2047197.005899999290705 ], [ 482443.050300000235438, 2047236.61089999973774 ], [ 482710.645200000144541, 2047269.012399999424815 ], [ 482979.016499999910593, 2047294.186899999156594 ], [ 483247.968999999575317, 2047312.116100000217557 ], [ 483517.307000000029802, 2047322.787000000476837 ], [ 483786.83490000013262, 2047326.191800000146031 ], [ 483861.116899999789894, 2047325.126900000497699 ], [ 483945.313699999824166, 2047326.191199999302626 ], [ 484050.573699999600649, 2047324.683199999853969 ], [ 484088.356300000101328, 2047325.161000000312924 ], [ 484357.877899999730289, 2047321.301599999889731 ], [ 484627.197499999776483, 2047310.176300000399351 ], [ 484896.119199999608099, 2047291.793400000780821 ], [ 485164.447399999946356, 2047266.166200000792742 ], [ 485431.986999999731779, 2047233.313400000333786 ], [ 485698.543499999679625, 2047193.2588 ], [ 485963.923100000247359, 2047146.031600000336766 ], [ 486227.932799999602139, 2047091.66609999909997 ], [ 486490.380599999800324, 2047030.2018 ], [ 486751.075699999928474, 2046961.683399999514222 ], [ 487009.828499999828637, 2046886.160800000652671 ], [ 487266.450899999588728, 2046803.68889999948442 ], [ 487321.976800000295043, 2046784.833200000226498 ], [ 487358.013399999588728, 2046772.477800000458956 ], [ 487556.775299999862909, 2046701.978700000792742 ], [ 487808.578900000080466, 2046605.793500000610948 ], [ 487847.894100000150502, 2046589.547900000587106 ], [ 487853.860100000165403, 2046587.268999999389052 ], [ 488102.979000000283122, 2046484.33 ], [ 488349.231700000353158, 2046374.711400000378489 ], [ 488592.439100000075996, 2046258.492900000885129 ], [ 488598.157399999909103, 2046255.568499999120831 ], [ 488624.342400000430644, 2046243.0559 ], [ 488864.32799999974668, 2046120.3224 ], [ 489100.917100000195205, 2045991.162900000810623 ], [ 489333.937599999830127, 2045855.6711 ], [ 489563.220099999569356, 2045713.945599999278784 ], [ 489788.597900000400841, 2045566.089500000700355 ], [ 490009.906999999657273, 2045412.21030000038445 ], [ 490226.986600000411272, 2045252.419800000265241 ], [ 490439.678899999707937, 2045086.834300000220537 ], [ 490647.82909999974072, 2044915.574200000613928 ], [ 490851.285899999551475, 2044738.764000000432134 ], [ 491049.901300000026822, 2044556.532199999317527 ], [ 491243.531000000424683, 2044369.011399999260902 ], [ 491432.034199999645352, 2044176.337899999693036 ], [ 491615.273699999786913, 2043978.651900000870228 ], [ 491793.116399999707937, 2043776.096999999135733 ], [ 491965.432900000363588, 2043568.820599999278784 ], [ 492132.097900000400841, 2043356.973300000652671 ], [ 492292.990299999713898, 2043140.709300000220537 ], [ 492447.992999999783933, 2042920.185699999332428 ], [ 492596.993300000205636, 2042695.562999999150634 ], [ 492739.88300000037998, 2042467.0044 ], [ 492876.558000000193715, 2042234.676200000569224 ], [ 493006.918999999761581, 2041998.747300000861287 ], [ 493130.871299999766052, 2041759.3892 ], [ 493248.324699999764562, 2041516.776000000536442 ], [ 493359.193699999712408, 2041271.084100000560284 ], [ 493463.397900000214577, 2041022.492200000211596 ], [ 493560.861299999989569, 2040771.1809 ], [ 493651.513100000098348, 2040517.333200000226498 ], [ 493735.287499999627471, 2040261.133500000461936 ], [ 493812.123399999924004, 2040002.768100000917912 ], [ 493881.965099999681115, 2039742.424900000914931 ], [ 493944.761800000444055, 2039480.293199999257922 ], [ 494000.467699999921024, 2039216.5636 ], [ 494049.042299999855459, 2038951.427899999544024 ], [ 494090.450500000268221, 2038685.0789 ], [ 494124.661999999545515, 2038417.710200000554323 ], [ 494151.651899999938905, 2038149.51630000025034 ], [ 494158.755599999800324, 2038052.818800000473857 ] ] ], [ [ [ 419457.131000000052154, 2027115.612500000745058 ], [ 416813.646200000308454, 2026166.661299999803305 ], [ 414735.30530000012368, 2025465.275000000372529 ], [ 414678.669499999843538, 2025598.527200000360608 ], [ 414600.176599999889731, 2025765.753699999302626 ], [ 414515.558199999853969, 2025929.965600000694394 ], [ 414424.929700000211596, 2026090.9386 ], [ 414328.414900000207126, 2026248.45299999974668 ], [ 414226.145700000226498, 2026402.293400000780821 ], [ 414118.261800000444055, 2026552.249900000169873 ], [ 414004.910400000400841, 2026698.117499999701977 ], [ 413886.246399999596179, 2026839.697100000455976 ], [ 413762.431900000199676, 2026976.795299999415874 ], [ 413633.635900000110269, 2027109.2248 ], [ 413500.034500000067055, 2027236.804700000211596 ], [ 413361.809999999590218, 2027359.3607 ], [ 413219.151300000026822, 2027476.725600000470877 ], [ 413072.253200000151992, 2027588.738900000229478 ], [ 412921.316300000064075, 2027695.247700000181794 ], [ 412766.546799999661744, 2027796.106499999761581 ], [ 412727.210400000214577, 2027820.464800000190735 ], [ 412724.204199999570847, 2027822.307199999690056 ], [ 412708.741100000217557, 2027831.783399999141693 ], [ 412589.760099999606609, 2027902.451199999079108 ], [ 412427.964599999599159, 2027991.604699999094009 ], [ 412262.9852, 2028074.718800000846386 ], [ 412095.0472999997437, 2028151.679999999701977 ], [ 411924.380099999718368, 2028222.383099999278784 ], [ 411751.216900000348687, 2028286.731499999761581 ], [ 411575.794099999591708, 2028344.637499999254942 ], [ 411398.351300000213087, 2028396.02170000039041 ], [ 411219.130900000222027, 2028440.814200000837445 ], [ 411038.377700000070035, 2028478.953600000590086 ], [ 410856.338499999605119, 2028510.387900000438094 ], [ 410673.262099999934435, 2028535.074200000613928 ], [ 410489.398400000296533, 2028552.97859999909997 ], [ 410304.998599999584258, 2028564.0768 ], [ 410120.314600000157952, 2028568.35359999909997 ], [ 409996.247299999929965, 2028567.3936 ], [ 409950.806400000117719, 2028566.477900000289083 ], [ 409950.802500000223517, 2028566.477800000458956 ], [ 409928.194799999706447, 2028566.022199999541044 ], [ 409867.559700000099838, 2028564.432299999520183 ], [ 409683.064000000245869, 2028555.058599999174476 ], [ 409499.040500000119209, 2028538.873999999836087 ], [ 409315.740699999965727, 2028515.900499999523163 ], [ 409133.414900000207126, 2028486.169399999082088 ], [ 409019.859600000083447, 2028464.130899999290705 ], [ 408912.618599999696016, 2028441.914899999275804 ], [ 408821.198099999688566, 2028421.871200000867248 ], [ 408785.130199999548495, 2028414.83390000090003 ], [ 408701.044800000265241, 2028398.062000000849366 ], [ 408603.084099999628961, 2028377.484099999070168 ], [ 408587.854500000365078, 2028373.829 ], [ 408537.152800000272691, 2028365.562899999320507 ], [ 408356.048700000159442, 2028329.120400000363588 ], [ 408176.414800000376999, 2028286.010700000450015 ], [ 407998.496600000187755, 2028236.292700000107288 ], [ 407889.340800000354648, 2028201.39299999922514 ], [ 407828.855499999597669, 2028186.878499999642372 ], [ 407650.936099999584258, 2028137.163499999791384 ], [ 407474.975300000049174, 2028080.90819999948144 ], [ 407301.213299999944866, 2028018.189099999144673 ], [ 407265.555100000463426, 2028004.412000000476837 ], [ 407247.68819999974221, 2027997.43019999936223 ], [ 407203.328300000168383, 2027985.373199999332428 ], [ 407120.103000000119209, 2027961.728900000452995 ], [ 407113.989599999971688, 2027959.99210000038147 ], [ 407053.169200000353158, 2027942.248400000855327 ], [ 407045.149799999780953, 2027940.635199999436736 ], [ 406865.512500000186265, 2027897.537499999627471 ], [ 406687.590300000272691, 2027847.831199999898672 ], [ 406511.626299999654293, 2027791.5844 ], [ 406504.261099999770522, 2027788.926300000399351 ], [ 406430.294499999843538, 2027768.263299999758601 ], [ 406254.329699999652803, 2027712.018799999728799 ], [ 406222.519500000402331, 2027700.539200000464916 ], [ 406102.189199999906123, 2027662.078400000929832 ], [ 405928.422199999913573, 2027599.371400000527501 ], [ 405757.091000000014901, 2027530.2862 ], [ 405588.42949999962002, 2027454.917199999094009 ], [ 405422.668200000189245, 2027373.3673 ], [ 405260.033400000073016, 2027285.747899999842048 ], [ 405100.747299999929965, 2027192.1787 ], [ 404945.027400000020862, 2027092.787399999797344 ], [ 404793.086600000038743, 2026987.709899999201298 ], [ 404787.289599999785423, 2026983.375700000673532 ], [ 404733.596800000406802, 2026946.243599999696016 ], [ 404585.642099999822676, 2026835.623800000175834 ], [ 404441.876000000163913, 2026719.612199999392033 ], [ 404302.494900000281632, 2026598.367499999701977 ], [ 404167.689100000075996, 2026472.055099999532104 ], [ 404037.642799999564886, 2026340.8476 ], [ 403912.533699999563396, 2026204.9243 ], [ 403792.53249999973923, 2026064.47069999948144 ], [ 403677.803299999795854, 2025919.67879999987781 ], [ 403568.502799999900162, 2025770.746200000867248 ], [ 403464.780199999921024, 2025617.876499999314547 ], [ 403366.777300000190735, 2025461.278300000354648 ], [ 403274.627799999900162, 2025301.16579999960959 ], [ 403188.457799999974668, 2025137.757400000467896 ], [ 403108.384800000116229, 2024971.276399999856949 ], [ 403034.518299999646842, 2024801.950300000607967 ], [ 402966.959099999628961, 2024630.010299999266863 ], [ 402905.799599999561906, 2024455.691199999302626 ], [ 402851.123200000263751, 2024279.231200000271201 ], [ 402803.004700000397861, 2024100.871300000697374 ], [ 402761.509899999946356, 2023920.855100000277162 ], [ 402726.695299999788404, 2023739.42850000038743 ], [ 402698.608500000089407, 2023556.839400000870228 ], [ 402677.287999999709427, 2023373.337099999189377 ], [ 402662.762699999846518, 2023189.1722 ], [ 402655.052699999883771, 2023004.596400000154972 ], [ 402654.168300000019372, 2022819.8618 ], [ 402660.110799999907613, 2022635.220599999651313 ], [ 402672.872200000099838, 2022450.925200000405312 ], [ 402692.434899999760091, 2022267.227099999785423 ], [ 402718.772199999541044, 2022084.377399999648333 ], [ 402719.469200000166893, 2022080.547499999403954 ], [ 402731.530899999663234, 2021906.366800000891089 ], [ 402751.094399999827147, 2021722.6689 ], [ 402777.432500000111759, 2021539.819399999454618 ], [ 402802.091300000436604, 2021404.323699999600649 ], [ 401814.073099999688566, 2021103.296800000593066 ], [ 398751.897699999623001, 2020053.7621 ], [ 398038.895299999974668, 2019816.063699999824166 ], [ 397979.693799999542534, 2020053.187899999320507 ], [ 397921.469100000336766, 2020316.408299999311566 ], [ 397870.362999999895692, 2020581.102900000289083 ], [ 397826.412700000219047, 2020847.0793999992311 ], [ 397789.650100000202656, 2021114.144300000742078 ], [ 397760.101999999955297, 2021382.103399999439716 ], [ 397746.469899999909103, 2021546.244799999520183 ], [ 397730.987200000323355, 2021658.72440000064671 ], [ 397701.440200000070035, 2021926.683599999174476 ], [ 397679.129200000315905, 2022195.3421 ], [ 397664.07039999961853, 2022464.504599999636412 ], [ 397656.274699999950826, 2022733.975199999287724 ], [ 397655.747700000181794, 2023003.5581 ], [ 397662.490000000223517, 2023273.057099999859929 ], [ 397676.496600000187755, 2023542.276399999856949 ], [ 397697.75719999987632, 2023811.020099999383092 ], [ 397726.25650000013411, 2024079.092800000682473 ], [ 397761.973699999973178, 2024346.299499999731779 ], [ 397804.882799999788404, 2024612.446000000461936 ], [ 397854.952600000426173, 2024877.3388 ], [ 397912.14670000039041, 2025140.785000000149012 ], [ 397976.423600000329316, 2025402.593299999833107 ], [ 398047.736399999819696, 2025662.573200000450015 ], [ 398126.033300000242889, 2025920.535700000822544 ], [ 398211.257399999536574, 2026176.293099999427795 ], [ 398303.346599999815226, 2026429.659600000828505 ], [ 398402.2341, 2026680.4507 ], [ 398507.847900000400841, 2026928.484300000593066 ], [ 398620.111200000159442, 2027173.579800000414252 ], [ 398738.942300000227988, 2027415.559100000187755 ], [ 398864.254800000227988, 2027654.246200000867248 ], [ 398995.957700000144541, 2027889.467599999159575 ], [ 399133.955000000074506, 2028121.052200000733137 ], [ 399278.146599999628961, 2028348.831499999389052 ], [ 399428.427400000393391, 2028572.640100000426173 ], [ 399584.68819999974221, 2028792.314999999478459 ], [ 399746.815399999730289, 2029007.696599999442697 ], [ 399914.691100000403821, 2029218.6283 ], [ 400088.193099999800324, 2029424.956599999219179 ], [ 400267.19539999961853, 2029626.531600000336766 ], [ 400451.567599999718368, 2029823.206700000911951 ], [ 400641.175900000147521, 2030014.8388 ], [ 400835.88219999987632, 2030201.288599999621511 ], [ 401035.544999999925494, 2030382.4206000007689 ], [ 401240.019000000320375, 2030558.103000000119209 ], [ 401449.155600000172853, 2030728.208000000566244 ], [ 401662.802699999883771, 2030892.612099999561906 ], [ 401880.804999999701977, 2031051.195599999278784 ], [ 401925.537700000219047, 2031081.926400000229478 ], [ 401940.2829, 2031092.652799999341369 ], [ 402162.481300000101328, 2031245.301100000739098 ], [ 402388.714599999599159, 2031391.902599999681115 ], [ 402618.818500000052154, 2031532.350700000301003 ], [ 402852.625599999912083, 2031666.543199999257922 ], [ 403089.965800000354648, 2031794.38260000012815 ], [ 403330.666600000113249, 2031915.776000000536442 ], [ 403574.552899999544024, 2032030.634999999776483 ], [ 403821.447300000116229, 2032138.876199999824166 ], [ 404071.1705, 2032240.42090000025928 ], [ 404323.540599999949336, 2032335.1952 ], [ 404578.37430000025779, 2032423.130200000479817 ], [ 404663.976599999703467, 2032450.108799999579787 ], [ 404730.47829999960959, 2032473.057 ], [ 404987.589399999938905, 2032554.090800000354648 ], [ 405039.603400000371039, 2032568.954800000414252 ], [ 405244.822999999858439, 2032633.636900000274181 ], [ 405504.024299999698997, 2032707.71199999935925 ], [ 405731.478400000371039, 2032766.128900000825524 ], [ 405950.830299999564886, 2032841.837500000372529 ], [ 406207.935600000433624, 2032922.887199999764562 ], [ 406467.132699999958277, 2032996.974999999627471 ], [ 406515.422199999913573, 2033009.379699999466538 ], [ 406555.411799999885261, 2033021.9868 ], [ 406814.607400000095367, 2033096.07909999974072 ], [ 407075.706399999558926, 2033163.1557 ], [ 407338.518799999728799, 2033223.1678 ], [ 407602.853699999861419, 2033276.07179999910295 ], [ 407630.653699999675155, 2033280.859899999573827 ], [ 407722.529799999669194, 2033299.869599999859929 ], [ 407807.399299999698997, 2033316.786299999803305 ], [ 407871.13399999961257, 2033330.72859999909997 ], [ 408010.843999999575317, 2033359.747600000351667 ], [ 408198.966199999675155, 2033396.642899999395013 ], [ 408464.629499999806285, 2033442.408299999311566 ], [ 408731.430100000463426, 2033480.994000000879169 ], [ 408999.173899999819696, 2033512.371799999848008 ], [ 409267.666199999861419, 2033536.518899999558926 ], [ 409536.711799999698997, 2033553.4178 ], [ 409806.115100000053644, 2033563.05629999935627 ], [ 409827.518299999646842, 2033563.510299999266863 ], [ 409850.122000000439584, 2033563.965500000864267 ], [ 409850.129900000058115, 2033563.965700000524521 ], [ 409895.566700000315905, 2033564.880799999460578 ], [ 410143.701299999840558, 2033566.798100000247359 ], [ 410413.232200000435114, 2033561.900900000706315 ], [ 410682.532800000160933, 2033549.737999999895692 ], [ 410951.407399999909103, 2033530.318399999290705 ], [ 411219.660400000400841, 2033503.656199999153614 ], [ 411487.096900000236928, 2033469.770700000226498 ], [ 411753.522300000302494, 2033428.686699999496341 ], [ 412018.742999999783933, 2033380.434000000357628 ], [ 412282.566100000403821, 2033325.047700000926852 ], [ 412544.799700000323355, 2033262.568199999630451 ], [ 412805.253100000321865, 2033193.040699999779463 ], [ 413063.737099999561906, 2033116.516000000759959 ], [ 413320.0636, 2033033.049699999392033 ], [ 413574.046299999579787, 2032942.70240000076592 ], [ 413825.500500000081956, 2032845.539899999275804 ], [ 414074.243400000035763, 2032741.632799999788404 ], [ 414320.093999999575317, 2032631.056800000369549 ], [ 414562.873700000345707, 2032513.892100000753999 ], [ 414802.405899999663234, 2032390.224099999293685 ], [ 415038.516400000080466, 2032260.1426 ], [ 415271.033599999733269, 2032123.742200000211596 ], [ 415320.523199999704957, 2032093.61009999923408 ], [ 415336.020800000056624, 2032084.112600000575185 ], [ 415339.061599999666214, 2032082.2489 ], [ 415518.18030000012368, 2031969.851199999451637 ], [ 415743.00650000013411, 2031821.115399999544024 ], [ 415963.740600000135601, 2031666.371799999848008 ], [ 416180.221900000236928, 2031505.732999999076128 ], [ 416392.293300000019372, 2031339.315700000151992 ], [ 416599.800300000235438, 2031167.240900000557303 ], [ 416802.592199999839067, 2030989.6338 ], [ 417000.521499999798834, 2030806.623500000685453 ], [ 417193.444299999624491, 2030618.343000000342727 ], [ 417381.220300000160933, 2030424.929400000721216 ], [ 417563.713100000284612, 2030226.523199999704957 ], [ 417740.789800000376999, 2030023.268699999898672 ], [ 417912.321800000034273, 2029815.313699999824166 ], [ 418078.184399999678135, 2029602.809399999678135 ], [ 418238.25690000038594, 2029385.910399999469519 ], [ 418392.422899999655783, 2029164.77419999986887 ], [ 418540.57050000037998, 2028939.561799999326468 ], [ 418682.591799999587238, 2028710.436899999156594 ], [ 418818.383600000292063, 2028477.566099999472499 ], [ 418947.847199999727309, 2028241.118699999526143 ], [ 419070.888399999588728, 2028001.26659999974072 ], [ 419187.417799999937415, 2027758.184299999848008 ], [ 419297.350700000301003, 2027512.04839999973774 ], [ 419400.607099999673665, 2027263.03800000064075 ], [ 419457.131000000052154, 2027115.612500000745058 ] ] ] ] } },
{ "type": "Feature", "properties": { "FID_Sanche": 3, "Shape_Leng": 587605.14656899997, "distance": 20000.0, "FID_Sanc_1": -1, "distance_1": 0.0, "Shape_Le_1": 370781.701818, "Shape_Area": 1554568443.26 }, "geometry": { "type": "MultiPolygon", "coordinates": [ [ [ [ 543329.925699999555945, 2058688.889399999752641 ], [ 543326.216199999675155, 2058764.605499999597669 ], [ 543305.771399999968708, 2059033.3838 ], [ 543278.086799999698997, 2059301.5131 ], [ 543243.182500000111759, 2059568.79839999973774 ], [ 543201.084099999628961, 2059835.045299999415874 ], [ 543151.821999999694526, 2060100.060399999842048 ], [ 543095.432099999859929, 2060363.650699999183416 ], [ 543031.955400000326335, 2060625.624800000339746 ], [ 542961.438000000081956, 2060885.792099999263883 ], [ 542883.931300000287592, 2061143.963300000876188 ], [ 542799.491600000299513, 2061399.950799999758601 ], [ 542708.180399999953806, 2061653.568499999120831 ], [ 542610.063900000415742, 2061904.631799999624491 ], [ 542505.213600000366569, 2062152.9583 ], [ 542393.705699999816716, 2062398.3673 ], [ 542275.621299999766052, 2062640.680500000715256 ], [ 542151.04619999974966, 2062879.721599999815226 ], [ 542020.071100000292063, 2063115.316700000315905 ], [ 541882.791199999861419, 2063347.294600000604987 ], [ 541739.306300000287592, 2063575.486700000241399 ], [ 541589.720700000412762, 2063799.726800000295043 ], [ 541434.143299999646842, 2064019.852099999785423 ], [ 541272.687199999578297, 2064235.702500000596046 ], [ 541105.469700000248849, 2064447.120899999514222 ], [ 540932.612499999813735, 2064653.953600000590086 ], [ 540754.24129999987781, 2064856.050300000235438 ], [ 540570.485799999907613, 2065053.264000000432134 ], [ 540381.479500000365078, 2065245.45130000077188 ], [ 540187.360100000165403, 2065432.472500000149012 ], [ 539988.268500000238419, 2065614.191500000655651 ], [ 539784.349499999545515, 2065790.476199999451637 ], [ 539575.751600000075996, 2065961.1985 ], [ 539554.153300000354648, 2065978.345599999651313 ], [ 539529.442200000397861, 2065997.908299999311566 ], [ 539483.713299999944866, 2066033.2182 ], [ 539452.246600000187755, 2066058.971699999645352 ], [ 539239.122399999760091, 2066224.00870000012219 ], [ 539021.625799999572337, 2066383.239199999719858 ], [ 538799.914900000207126, 2066536.5472999997437 ], [ 538574.150899999774992, 2066683.821599999442697 ], [ 538509.183100000023842, 2066723.747600000351667 ], [ 538362.141499999910593, 2066819.670700000599027 ], [ 538132.490299999713898, 2066960.806600000709295 ], [ 537899.117200000211596, 2067095.698999999091029 ], [ 537662.191800000146031, 2067224.249800000339746 ], [ 537421.886500000022352, 2067346.365599999204278 ], [ 537293.039900000207126, 2067408.529699999839067 ], [ 537273.476999999955297, 2067417.79619999974966 ], [ 537158.822399999946356, 2067471.219699999317527 ], [ 536912.283900000154972, 2067580.204 ], [ 536662.896399999968708, 2067682.5011 ], [ 536410.841500000096858, 2067778.036800000816584 ], [ 536156.302199999801815, 2067866.741399999707937 ], [ 535899.463800000026822, 2067948.550699999555945 ], [ 535640.513000000268221, 2068023.404899999499321 ], [ 535379.638100000098348, 2068091.249800000339746 ], [ 535117.028800000436604, 2068152.035900000482798 ], [ 534852.8761, 2068205.719200000166893 ], [ 534587.372000000439584, 2068252.260500000789762 ], [ 534320.709499999880791, 2068291.6261 ], [ 534053.082700000144541, 2068323.7873 ], [ 533784.685999999754131, 2068348.72069999948144 ], [ 533515.714700000360608, 2068366.40819999948144 ], [ 533246.364299999549985, 2068376.836899999529123 ], [ 532976.830799999646842, 2068379.999399999156594 ], [ 532939.836400000378489, 2068379.435699999332428 ], [ 532916.13370000012219, 2068379.713899999856949 ], [ 532646.612900000065565, 2068375.6086 ], [ 532377.300900000147521, 2068364.237600000575185 ], [ 532108.393400000408292, 2068345.609300000593066 ], [ 531840.086099999956787, 2068319.737099999561906 ], [ 531572.573900000192225, 2068286.640000000596046 ], [ 531306.051400000229478, 2068246.341900000348687 ], [ 531040.712500000372529, 2068198.872300000861287 ], [ 530776.75, 2068144.26549999974668 ], [ 530514.355999999679625, 2068082.561300000175834 ], [ 530253.720999999903142, 2068013.804700000211596 ], [ 529995.034799999557436, 2067938.045499999076128 ], [ 529738.485500000417233, 2067855.338899999856949 ], [ 529484.259399999864399, 2067765.744999999180436 ], [ 529477.478900000452995, 2067763.14780000038445 ], [ 529456.455099999904633, 2067755.738700000569224 ], [ 529204.737099999561906, 2067659.323100000619888 ], [ 528955.71030000038445, 2067556.1554000005126 ], [ 528709.555900000035763, 2067446.310699999332428 ], [ 528466.4527000002563, 2067329.868899999186397 ], [ 528226.577600000426173, 2067206.91469999961555 ], [ 527990.104899999685585, 2067077.537399999797344 ], [ 527757.206699999980628, 2066941.831199999898672 ], [ 527528.052299999631941, 2066799.894600000232458 ], [ 527302.808199999853969, 2066651.831000000238419 ], [ 527081.638299999758601, 2066497.747999999672174 ], [ 526864.7034, 2066337.75760000012815 ], [ 526652.161299999803305, 2066171.976099999621511 ], [ 526444.166400000452995, 2066000.52419999986887 ], [ 526240.870000000111759, 2065823.526399999856949 ], [ 526042.419900000095367, 2065641.111600000411272 ], [ 525848.960500000044703, 2065453.412200000137091 ], [ 525660.632399999536574, 2065260.564899999648333 ], [ 525477.572599999606609, 2065062.709799999371171 ], [ 525316.113900000229478, 2064878.9386 ], [ 525297.580900000408292, 2064857.316600000485778 ], [ 525281.387400000356138, 2064838.376299999654293 ], [ 525109.259300000034273, 2064630.940999999642372 ], [ 524942.786700000055134, 2064418.939999999478459 ], [ 524782.091000000014901, 2064202.527599999681115 ], [ 524627.28870000038296, 2063981.860999999567866 ], [ 524478.492700000293553, 2063757.100700000301003 ], [ 524335.810899999924004, 2063528.410199999809265 ], [ 524199.347199999727309, 2063295.955700000748038 ], [ 524069.200899999588728, 2063059.906199999153614 ], [ 523945.466400000266731, 2062820.433499999344349 ], [ 523828.233900000341237, 2062577.7116 ], [ 523717.588499999605119, 2062331.916999999433756 ], [ 523613.610700000077486, 2062083.228399999439716 ], [ 523516.3761, 2061831.8267 ], [ 523425.955400000326335, 2061577.8947 ], [ 523342.414300000295043, 2061321.61710000038147 ], [ 523265.813699999824166, 2061063.179999999701977 ], [ 523196.209099999628961, 2060802.771600000560284 ], [ 523133.651200000196695, 2060540.5811 ], [ 523078.185600000433624, 2060276.799200000241399 ], [ 523029.852400000207126, 2060011.61769999936223 ], [ 522988.686900000087917, 2059745.229399999603629 ], [ 522954.719100000336766, 2059477.82799999974668 ], [ 522927.973500000312924, 2059209.607999999076128 ], [ 522908.469600000418723, 2058940.7643 ], [ 522896.221699999645352, 2058671.492499999701977 ], [ 522891.238599999807775, 2058401.988399999216199 ], [ 522893.524000000208616, 2058132.447799999266863 ], [ 522903.076100000180304, 2057863.0669 ], [ 522919.888100000098348, 2057594.041500000283122 ], [ 522943.947700000368059, 2057325.567199999466538 ], [ 522975.237499999813735, 2057057.839199999347329 ], [ 523013.734600000083447, 2056791.052300000563264 ], [ 523059.411100000143051, 2056525.400299999862909 ], [ 523112.233799999579787, 2056261.076400000602007 ], [ 523172.164200000464916, 2055998.272900000214577 ], [ 523239.158900000154972, 2055737.1809 ], [ 523313.168999999761581, 2055477.9901 ], [ 523394.140700000338256, 2055220.88910000026226 ], [ 523482.015300000086427, 2054966.064799999818206 ], [ 523576.728699999861419, 2054713.702500000596046 ], [ 523678.212199999950826, 2054463.9857 ], [ 523786.391900000162423, 2054217.095899999141693 ], [ 523901.189100000075996, 2053973.212799999862909 ], [ 524022.520399999804795, 2053732.513599999248981 ], [ 524150.2977, 2053495.1733 ], [ 524284.427899999544024, 2053261.36460000090301 ], [ 524424.813500000163913, 2053031.257400000467896 ], [ 524571.352400000207126, 2052805.019099999219179 ], [ 524723.93819999974221, 2052582.814099999144673 ], [ 524882.45990000013262, 2052364.804099999368191 ], [ 524894.650700000114739, 2052348.955199999734759 ], [ 525049.325600000098348, 2052136.239299999549985 ], [ 525213.669700000435114, 2051922.584100000560284 ], [ 525383.714900000020862, 2051713.43779999949038 ], [ 525559.33739999961108, 2051508.95240000076592 ], [ 525740.409699999727309, 2051309.276699999347329 ], [ 525926.799999999813735, 2051114.5559 ], [ 526118.372899999842048, 2050924.931399999186397 ], [ 526314.988900000229478, 2050740.541200000792742 ], [ 526516.505300000309944, 2050561.519500000402331 ], [ 526722.775299999862909, 2050387.996300000697374 ], [ 526933.64919999986887, 2050220.097799999639392 ], [ 526951.30530000012368, 2050206.456199999898672 ], [ 526971.54839999973774, 2050190.852099999785423 ], [ 527169.224999999627471, 2050042.335699999704957 ], [ 527388.8432, 2049886.049000000581145 ], [ 527612.595599999651313, 2049735.74070000089705 ], [ 527680.391800000332296, 2049692.804400000721216 ], [ 527673.259399999864399, 2049683.681900000199676 ], [ 527630.435200000181794, 2049629.199500000104308 ], [ 527587.174499999731779, 2049575.747999999672174 ], [ 527497.092600000090897, 2049468.066800000146031 ], [ 527404.575799999758601, 2049361.542999999597669 ], [ 527358.753999999724329, 2049307.250099999830127 ], [ 527313.808100000023842, 2049254.908600000664592 ], [ 527267.236899999901652, 2049200.663200000301003 ], [ 527177.155899999663234, 2049092.982300000265241 ], [ 527133.832700000144541, 2049038.531600000336766 ], [ 527043.752100000157952, 2048930.850700000301003 ], [ 527000.365899999625981, 2048875.400800000876188 ], [ 526124.767, 2047919.405999999493361 ], [ 525067.185800000093877, 2046869.568399999290705 ], [ 523680.269899999722838, 2045588.716 ], [ 522556.212199999950826, 2044688.551999999210238 ], [ 520905.749099999666214, 2043494.56110000051558 ], [ 520156.189799999818206, 2043031.229699999094009 ], [ 520029.234400000423193, 2042959.141699999570847 ], [ 519966.865500000305474, 2043010.1151 ], [ 519052.598600000143051, 2043852.973400000482798 ], [ 518192.500199999660254, 2044751.039899999275804 ], [ 517389.897699999623001, 2045700.840199999511242 ], [ 516647.895899999886751, 2046698.699899999424815 ], [ 516626.069099999964237, 2046732.220599999651313 ], [ 516480.984299999661744, 2046927.337200000882149 ], [ 515802.462799999862909, 2047969.401499999687076 ], [ 515190.038099999539554, 2049051.632799999788404 ], [ 514646.079199999570847, 2050169.844200000166893 ], [ 514172.690700000151992, 2051319.709699999541044 ], [ 513771.70380000025034, 2052496.780799999833107 ], [ 513444.669800000265241, 2053696.503799999132752 ], [ 513192.854000000283122, 2054914.237400000914931 ], [ 513017.230499999597669, 2056145.270400000736117 ], [ 512918.478699999861419, 2057384.840500000864267 ], [ 512896.980700000189245, 2058628.152100000530481 ], [ 512952.819600000046194, 2059870.395099999383092 ], [ 513085.779400000348687, 2061106.76380000077188 ], [ 513295.345800000242889, 2062332.475099999457598 ], [ 513580.707999999634922, 2063542.78690000064671 ], [ 513940.762000000104308, 2064733.017000000923872 ], [ 514374.115000000223517, 2065898.560799999162555 ], [ 514879.090300000272691, 2067034.909199999645352 ], [ 515453.734600000083447, 2068137.66579999960959 ], [ 516095.824599999934435, 2069202.564600000157952 ], [ 516802.876299999654293, 2070225.4857 ], [ 517572.154500000178814, 2071202.471799999475479 ], [ 517707.960900000296533, 2071362.6097 ], [ 517726.49349999986589, 2071384.231499999761581 ], [ 518419.2023, 2072151.3509 ], [ 519303.775200000032783, 2073025.321100000292063 ], [ 520240.971099999733269, 2073842.6081000007689 ], [ 521227.164599999785423, 2074600.050100000575185 ], [ 522258.540300000458956, 2075294.716700000688434 ], [ 523331.108300000429153, 2075923.920399999246001 ], [ 524440.719200000166893, 2076485.226800000295043 ], [ 525583.080299999564886, 2076976.464400000870228 ], [ 525610.204599999822676, 2076986.178600000217557 ], [ 525610.870900000445545, 2076986.465099999681115 ], [ 526781.562300000339746, 2077405.734999999403954 ], [ 527976.055700000375509, 2077751.41330000013113 ], [ 529189.730100000277162, 2078022.162599999457598 ], [ 530417.890100000426173, 2078216.9353 ], [ 531655.784400000236928, 2078334.97749999910593 ], [ 532898.623999999836087, 2078375.832399999722838 ], [ 532926.077499999664724, 2078375.026499999687076 ], [ 532959.288800000213087, 2078376.118300000205636 ], [ 534202.26549999974668, 2078339.631699999794364 ], [ 535440.570899999700487, 2078225.940500000491738 ], [ 536669.41399999987334, 2078035.484099999070168 ], [ 537884.040900000371039, 2077768.999299999326468 ], [ 539079.752299999818206, 2077427.516699999570847 ], [ 540251.922199999913573, 2077012.357200000435114 ], [ 541396.01549999974668, 2076525.126700000837445 ], [ 541552.604399999603629, 2076451.783600000664592 ], [ 541572.167299999855459, 2076442.517300000414252 ], [ 542527.150799999944866, 2075958.453400000929832 ], [ 543348.004599999636412, 2075480.778200000524521 ], [ 543348.099700000137091, 2075480.936599999666214 ], [ 543356.920400000177324, 2075475.589800000190735 ], [ 543601.938299999572337, 2075333.007799999788404 ], [ 543720.758200000040233, 2075253.583200000226498 ], [ 543742.872600000351667, 2075240.422399999573827 ], [ 543764.834499999880791, 2075225.74379999935627 ], [ 543813.854000000283122, 2075197.218900000676513 ], [ 544847.6875, 2074506.174100000411272 ], [ 545230.608900000341237, 2074214.209300000220537 ], [ 545734.06180000025779, 2073835.459599999710917 ], [ 545758.77309999987483, 2073815.896999999880791 ], [ 545960.0159, 2073654.460799999535084 ], [ 546900.106599999591708, 2072840.463700000196695 ], [ 547787.773199999704957, 2071969.594499999657273 ], [ 548619.581199999898672, 2071045.222400000318885 ], [ 549392.312300000339746, 2070070.92369999922812 ], [ 550102.97649999987334, 2069050.467700000852346 ], [ 550748.824000000022352, 2067987.802300000563264 ], [ 551327.356100000441074, 2066887.039100000634789 ], [ 551836.333999999798834, 2065752.436699999496341 ], [ 552273.788499999791384, 2064588.384800000116229 ], [ 552638.026800000108778, 2063399.387299999594688 ], [ 552927.639600000344217, 2062190.044299999251962 ], [ 553081.621100000105798, 2061308.051799999549985 ], [ 552969.206000000238419, 2061272.518899999558926 ], [ 552061.381699999794364, 2060985.9879 ], [ 551935.960900000296533, 2060946.78999999910593 ], [ 551558.072999999858439, 2060827.291799999773502 ], [ 551369.910899999551475, 2060767.994200000539422 ], [ 551243.677799999713898, 2060727.843499999493361 ], [ 551118.25789999961853, 2060688.644600000232458 ], [ 551057.828599999658763, 2060669.401900000870228 ], [ 550997.462799999862909, 2060651.158700000494719 ], [ 550934.848199999891222, 2060633.058299999684095 ], [ 550874.668800000101328, 2060613.799699999392033 ], [ 550813.303700000047684, 2060595.619799999520183 ], [ 550751.502199999988079, 2060578.471200000494719 ], [ 550690.387000000104308, 2060560.275399999693036 ], [ 550568.097199999727309, 2060526.897900000214577 ], [ 550444.244800000451505, 2060492.61600000038743 ], [ 550383.256599999964237, 2060476.418999999761581 ], [ 550320.456000000238419, 2060459.333499999716878 ], [ 550259.281499999575317, 2060444.151699999347329 ], [ 550198.293399999849498, 2060427.954500000923872 ], [ 550136.242499999701977, 2060410.82120000012219 ], [ 550074.254999999888241, 2060394.687400000169873 ], [ 547712.278599999845028, 2059738.829800000414252 ], [ 546586.565600000321865, 2059413.89299999922514 ], [ 544599.642500000074506, 2058938.864299999549985 ], [ 544535.345599999651313, 2058921.869599999859929 ], [ 544406.628899999894202, 2058889.894899999722838 ], [ 544341.396099999547005, 2058873.962999999523163 ], [ 544277.162700000219047, 2058857.967599999159575 ], [ 544212.67960000038147, 2058841.987999999895692 ], [ 544149.259300000034273, 2058826.944399999454618 ], [ 544084.089900000020862, 2058812.011600000783801 ], [ 544018.984000000171363, 2058798.078299999237061 ], [ 543954.627799999900162, 2058784.097400000318885 ], [ 543888.585799999535084, 2058771.22690000012517 ], [ 543823.543399999849498, 2058758.2928 ], [ 543759.190899999812245, 2058748.325400000438094 ], [ 543693.089300000108778, 2058738.468900000676513 ], [ 543626.238199999555945, 2058728.659800000488758 ], [ 543557.888000000268221, 2058718.945800000801682 ], [ 543353.463800000026822, 2058691.770500000566244 ], [ 543329.925699999555945, 2058688.889399999752641 ] ] ], [ [ [ 494158.755599999800324, 2038052.818800000473857 ], [ 494151.651899999938905, 2038149.51630000025034 ], [ 494124.661999999545515, 2038417.710200000554323 ], [ 494090.450500000268221, 2038685.0789 ], [ 494049.042299999855459, 2038951.427899999544024 ], [ 494000.467699999921024, 2039216.5636 ], [ 493944.761800000444055, 2039480.293199999257922 ], [ 493881.965099999681115, 2039742.424900000914931 ], [ 493812.123399999924004, 2040002.768100000917912 ], [ 493735.287499999627471, 2040261.133500000461936 ], [ 493651.513100000098348, 2040517.333200000226498 ], [ 493560.861299999989569, 2040771.1809 ], [ 493463.397900000214577, 2041022.492200000211596 ], [ 493359.193699999712408, 2041271.084100000560284 ], [ 493248.324699999764562, 2041516.776000000536442 ], [ 493130.871299999766052, 2041759.3892 ], [ 493006.918999999761581, 2041998.747300000861287 ], [ 492876.558000000193715, 2042234.676200000569224 ], [ 492739.88300000037998, 2042467.0044 ], [ 492596.993300000205636, 2042695.562999999150634 ], [ 492447.992999999783933, 2042920.185699999332428 ], [ 492292.990299999713898, 2043140.709300000220537 ], [ 492132.097900000400841, 2043356.973300000652671 ], [ 491965.432900000363588, 2043568.820599999278784 ], [ 491793.116399999707937, 2043776.096999999135733 ], [ 491615.273699999786913, 2043978.651900000870228 ], [ 491432.034199999645352, 2044176.337899999693036 ], [ 491243.531000000424683, 2044369.011399999260902 ], [ 491049.901300000026822, 2044556.532199999317527 ], [ 490851.285899999551475, 2044738.764000000432134 ], [ 490647.82909999974072, 2044915.574200000613928 ], [ 490439.678899999707937, 2045086.834300000220537 ], [ 490226.986600000411272, 2045252.419800000265241 ], [ 490009.906999999657273, 2045412.21030000038445 ], [ 489788.597900000400841, 2045566.089500000700355 ], [ 489563.220099999569356, 2045713.945599999278784 ], [ 489333.937599999830127, 2045855.6711 ], [ 489100.917100000195205, 2045991.162900000810623 ], [ 488864.32799999974668, 2046120.3224 ], [ 488624.342400000430644, 2046243.0559 ], [ 488598.157399999909103, 2046255.568499999120831 ], [ 488592.439100000075996, 2046258.492900000885129 ], [ 488349.231700000353158, 2046374.711400000378489 ], [ 488102.979000000283122, 2046484.33 ], [ 487853.860100000165403, 2046587.268999999389052 ], [ 487847.894100000150502, 2046589.547900000587106 ], [ 487808.578900000080466, 2046605.793500000610948 ], [ 487556.775299999862909, 2046701.978700000792742 ], [ 487358.013399999588728, 2046772.477800000458956 ], [ 487321.976800000295043, 2046784.833200000226498 ], [ 487266.450899999588728, 2046803.68889999948442 ], [ 487009.828499999828637, 2046886.160800000652671 ], [ 486751.075699999928474, 2046961.683399999514222 ], [ 486490.380599999800324, 2047030.2018 ], [ 486227.932799999602139, 2047091.66609999909997 ], [ 485963.923100000247359, 2047146.031600000336766 ], [ 485698.543499999679625, 2047193.2588 ], [ 485431.986999999731779, 2047233.313400000333786 ], [ 485164.447399999946356, 2047266.166200000792742 ], [ 484896.119199999608099, 2047291.793400000780821 ], [ 484627.197499999776483, 2047310.176300000399351 ], [ 484357.877899999730289, 2047321.301599999889731 ], [ 484088.356300000101328, 2047325.161000000312924 ], [ 484050.573699999600649, 2047324.683199999853969 ], [ 483945.313699999824166, 2047326.191199999302626 ], [ 483861.116899999789894, 2047325.126900000497699 ], [ 483786.83490000013262, 2047326.191800000146031 ], [ 483517.307000000029802, 2047322.787000000476837 ], [ 483247.968999999575317, 2047312.116100000217557 ], [ 482979.016499999910593, 2047294.186899999156594 ], [ 482710.645200000144541, 2047269.012399999424815 ], [ 482443.050300000235438, 2047236.61089999973774 ], [ 482176.426199999637902, 2047197.005899999290705 ], [ 481910.966900000348687, 2047150.226299999281764 ], [ 481646.865500000305474, 2047096.306099999696016 ], [ 481384.313900000415742, 2047035.284499999135733 ], [ 481123.502999999560416, 2046967.205800000578165 ], [ 480864.622600000351667, 2046892.119599999859929 ], [ 480697.50829999987036, 2046838.724099999293685 ], [ 480586.760200000368059, 2046812.989199999719858 ], [ 480325.946399999782443, 2046744.921399999409914 ], [ 480067.062699999660254, 2046669.845899999141693 ], [ 479987.089599999599159, 2046644.29700000025332 ], [ 479965.180900000035763, 2046637.94370000064373 ], [ 479708.41509999986738, 2046555.916600000113249 ], [ 479453.954400000162423, 2046466.995999999344349 ], [ 479201.98369999974966, 2046371.2467 ], [ 479166.020600000396371, 2046356.942299999296665 ], [ 479155.724399999715388, 2046352.823799999430776 ], [ 479073.761800000444055, 2046318.936000000685453 ], [ 479073.692400000058115, 2046319.105900000780821 ], [ 479024.899100000038743, 2046299.16579999960959 ], [ 478916.082600000314415, 2046253.699899999424815 ], [ 478749.086400000378489, 2046190.2456 ], [ 478499.786600000225008, 2046087.743000000715256 ], [ 478253.341099999845028, 2045978.555800000205636 ], [ 478009.929299999959767, 2045862.763299999758601 ], [ 477769.728000000119209, 2045740.449699999764562 ], [ 477532.912100000306964, 2045611.7039 ], [ 477299.653599999845028, 2045476.619699999690056 ], [ 477070.122100000269711, 2045335.295099999755621 ], [ 476844.484699999913573, 2045187.832900000736117 ], [ 476622.905399999581277, 2045034.340500000864267 ], [ 476405.545199999585748, 2044874.929300000891089 ], [ 476192.562300000339746, 2044709.715299999341369 ], [ 475984.111499999649823, 2044538.81870000064373 ], [ 475780.344399999827147, 2044362.363700000569224 ], [ 475581.409099999815226, 2044180.478499999269843 ], [ 475387.450400000438094, 2043993.295499999076128 ], [ 475198.609199999831617, 2043800.950799999758601 ], [ 475015.022900000214577, 2043603.584300000220537 ], [ 474836.825000000186265, 2043401.339299999177456 ], [ 474664.145100000314415, 2043194.363099999725819 ], [ 474497.10869999974966, 2042982.806099999696016 ], [ 474335.837199999950826, 2042766.822200000286102 ], [ 474180.447999999858439, 2042546.568299999460578 ], [ 474031.054100000299513, 2042322.204700000584126 ], [ 473887.76410000026226, 2042093.894400000572205 ], [ 473750.682099999859929, 2041861.803600000217557 ], [ 473750.570700000040233, 2041861.602700000628829 ], [ 473733.973000000230968, 2041833.501599999144673 ], [ 473603.198599999770522, 2041597.799100000411272 ], [ 473478.827100000344217, 2041358.656199999153614 ], [ 473360.948900000192225, 2041116.2467 ], [ 473249.649600000120699, 2040870.746899999678135 ], [ 473145.010400000028312, 2040622.335400000214577 ], [ 473047.107099999673665, 2040371.192700000479817 ], [ 472956.011099999770522, 2040117.501599999144673 ], [ 472871.788599999621511, 2039861.446399999782443 ], [ 472794.500799999572337, 2039603.213400000706315 ], [ 472724.203900000080466, 2039342.990299999713898 ], [ 472660.949000000022352, 2039080.966399999335408 ], [ 472604.782200000248849, 2038817.3322 ], [ 472598.729899999685585, 2038784.619200000539422 ], [ 471967.339499999769032, 2038806.67960000038147 ], [ 470655.669499999843538, 2038781.245400000363588 ], [ 468542.433299999684095, 2038738.601399999111891 ], [ 467191.922500000335276, 2038669.384600000455976 ], [ 464885.904900000430644, 2038575.463400000706315 ], [ 463792.330000000074506, 2038464.081700000911951 ], [ 462474.39780000038445, 2038356.28969999961555 ], [ 462478.280500000342727, 2038437.837799999862909 ], [ 462614.528699999675155, 2039673.867599999532104 ], [ 462827.357800000347197, 2040899.035499999299645 ], [ 463115.94440000038594, 2042108.601299999281764 ], [ 463479.171900000423193, 2043297.885500000789762 ], [ 463915.634800000116229, 2044462.286599999293685 ], [ 464423.644399999640882, 2045597.299699999392033 ], [ 465001.2352, 2046698.533600000664592 ], [ 465015.011800000444055, 2046721.244599999859929 ], [ 465017.940200000070035, 2046726.82799999974668 ], [ 465662.876400000415742, 2047790.02250000089407 ], [ 466372.663599999621511, 2048811.063999999314547 ], [ 467144.55559999961406, 2049786.0022 ], [ 467975.565899999812245, 2050711.065199999138713 ], [ 468862.479199999943376, 2051582.674200000241399 ], [ 469801.864199999719858, 2052397.4572 ], [ 470790.086199999786913, 2053152.2621 ], [ 471823.321999999694526, 2053844.168700000271201 ], [ 472897.574000000022352, 2054470.50029999949038 ], [ 474008.685999999754131, 2055028.834000000730157 ], [ 475152.359199999831617, 2055517.0099 ], [ 475203.024699999950826, 2055535.002000000327826 ], [ 475243.4545, 2055552.380699999630451 ], [ 475292.247600000351667, 2055572.320499999448657 ], [ 475293.047199999913573, 2055570.363900000229478 ], [ 475443.32799999974668, 2055633.95549999922514 ], [ 475453.624099999666214, 2055638.073899999260902 ], [ 475605.036100000143051, 2055697.9232 ], [ 476776.835699999704957, 2056114.08049999922514 ], [ 476839.205199999734759, 2056131.950400000438094 ], [ 476878.667000000365078, 2056145.965199999511242 ], [ 478074.069500000216067, 2056488.473400000482798 ], [ 478168.388299999758601, 2056509.251800000667572 ], [ 478871.219100000336766, 2056710.659600000828505 ], [ 480085.590200000442564, 2056978.238399999216199 ], [ 481314.246700000017881, 2057169.8026 ], [ 482552.435200000181794, 2057284.611400000751019 ], [ 483795.365600000135601, 2057322.220599999651313 ], [ 483872.412899999879301, 2057319.75730000063777 ], [ 483953.760999999940395, 2057322.219499999657273 ], [ 484039.866499999538064, 2057319.467299999669194 ], [ 484096.72829999960959, 2057321.188799999654293 ], [ 485339.592299999669194, 2057281.472999999299645 ], [ 486577.582499999552965, 2057164.565999999642372 ], [ 487805.909500000067055, 2056970.920399999246001 ], [ 489019.821100000292063, 2056701.285199999809265 ], [ 490214.621199999935925, 2056356.703700000420213 ], [ 490563.954800000414252, 2056240.514000000432134 ], [ 490599.99100000038743, 2056228.158600000664592 ], [ 491421.688799999654293, 2055926.167400000616908 ], [ 491454.45920000039041, 2055912.110999999567866 ], [ 491466.947700000368059, 2055907.651399999856949 ], [ 492609.751500000245869, 2055417.466499999165535 ], [ 492632.882000000216067, 2055405.792400000616908 ], [ 492641.639299999922514, 2055402.036100000143051 ], [ 493060.480100000277162, 2055190.645300000905991 ], [ 493062.30460000038147, 2055194.318800000473857 ], [ 493078.336400000378489, 2055186.356499999761581 ], [ 493076.460699999704957, 2055182.579800000414252 ], [ 493751.758799999952316, 2054841.754200000315905 ], [ 494824.89850000012666, 2054213.54079999960959 ], [ 495856.906600000336766, 2053519.826500000432134 ], [ 496843.790599999949336, 2052763.295 ], [ 497781.732499999925494, 2051946.873199999332428 ], [ 498667.103600000031292, 2051073.719399999827147 ], [ 499496.478799999691546, 2050147.211799999698997 ], [ 500266.64919999986887, 2049170.934699999168515 ], [ 500974.635400000028312, 2048148.665200000628829 ], [ 501617.698200000450015, 2047084.357999999076128 ], [ 502193.349799999967217, 2045982.130799999460578 ], [ 502699.362999999895692, 2044846.2478 ], [ 503133.780299999751151, 2043681.103399999439716 ], [ 503494.92090000025928, 2042491.205399999395013 ], [ 503781.387699999846518, 2041281.1570999994874 ], [ 503992.072200000286102, 2040055.640100000426173 ], [ 504126.159500000067055, 2038819.395500000566244 ], [ 504154.992200000211596, 2038190.734300000593066 ], [ 503130.786500000394881, 2038106.767000000923872 ], [ 501267.092400000430644, 2037969.134700000286102 ], [ 500117.301199999637902, 2037913.996300000697374 ], [ 498324.775600000284612, 2037863.101800000295043 ], [ 496949.377299999818206, 2037881.268500000238419 ], [ 494737.044499999843538, 2037994.073599999770522 ], [ 494158.755599999800324, 2038052.818800000473857 ] ] ], [ [ [ 419457.131000000052154, 2027115.612500000745058 ], [ 419400.607099999673665, 2027263.03800000064075 ], [ 419297.350700000301003, 2027512.04839999973774 ], [ 419187.417799999937415, 2027758.184299999848008 ], [ 419070.888399999588728, 2028001.26659999974072 ], [ 418947.847199999727309, 2028241.118699999526143 ], [ 418818.383600000292063, 2028477.566099999472499 ], [ 418682.591799999587238, 2028710.436899999156594 ], [ 418540.57050000037998, 2028939.561799999326468 ], [ 418392.422899999655783, 2029164.77419999986887 ], [ 418238.25690000038594, 2029385.910399999469519 ], [ 418078.184399999678135, 2029602.809399999678135 ], [ 417912.321800000034273, 2029815.313699999824166 ], [ 417740.789800000376999, 2030023.268699999898672 ], [ 417563.713100000284612, 2030226.523199999704957 ], [ 417381.220300000160933, 2030424.929400000721216 ], [ 417193.444299999624491, 2030618.343000000342727 ], [ 417000.521499999798834, 2030806.623500000685453 ], [ 416802.592199999839067, 2030989.6338 ], [ 416599.800300000235438, 2031167.240900000557303 ], [ 416392.293300000019372, 2031339.315700000151992 ], [ 416180.221900000236928, 2031505.732999999076128 ], [ 415963.740600000135601, 2031666.371799999848008 ], [ 415743.00650000013411, 2031821.115399999544024 ], [ 415518.18030000012368, 2031969.851199999451637 ], [ 415339.061599999666214, 2032082.2489 ], [ 415336.020800000056624, 2032084.112600000575185 ], [ 415320.523199999704957, 2032093.61009999923408 ], [ 415271.033599999733269, 2032123.742200000211596 ], [ 415038.516400000080466, 2032260.1426 ], [ 414802.405899999663234, 2032390.224099999293685 ], [ 414562.873700000345707, 2032513.892100000753999 ], [ 414320.093999999575317, 2032631.056800000369549 ], [ 414074.243400000035763, 2032741.632799999788404 ], [ 413825.500500000081956, 2032845.539899999275804 ], [ 413574.046299999579787, 2032942.70240000076592 ], [ 413320.0636, 2033033.049699999392033 ], [ 413063.737099999561906, 2033116.516000000759959 ], [ 412805.253100000321865, 2033193.040699999779463 ], [ 412544.799700000323355, 2033262.568199999630451 ], [ 412282.566100000403821, 2033325.047700000926852 ], [ 412018.742999999783933, 2033380.434000000357628 ], [ 411753.522300000302494, 2033428.686699999496341 ], [ 411487.096900000236928, 2033469.770700000226498 ], [ 411219.660400000400841, 2033503.656199999153614 ], [ 410951.407399999909103, 2033530.318399999290705 ], [ 410682.532800000160933, 2033549.737999999895692 ], [ 410413.232200000435114, 2033561.900900000706315 ], [ 410143.701299999840558, 2033566.798100000247359 ], [ 409895.566700000315905, 2033564.880799999460578 ], [ 409850.129900000058115, 2033563.965700000524521 ], [ 409850.122000000439584, 2033563.965500000864267 ], [ 409827.518299999646842, 2033563.510299999266863 ], [ 409806.115100000053644, 2033563.05629999935627 ], [ 409536.711799999698997, 2033553.4178 ], [ 409267.666199999861419, 2033536.518899999558926 ], [ 408999.173899999819696, 2033512.371799999848008 ], [ 408731.430100000463426, 2033480.994000000879169 ], [ 408464.629499999806285, 2033442.408299999311566 ], [ 408198.966199999675155, 2033396.642899999395013 ], [ 408010.843999999575317, 2033359.747600000351667 ], [ 407871.13399999961257, 2033330.72859999909997 ], [ 407807.399299999698997, 2033316.786299999803305 ], [ 407722.529799999669194, 2033299.869599999859929 ], [ 407630.653699999675155, 2033280.859899999573827 ], [ 407602.853699999861419, 2033276.07179999910295 ], [ 407338.518799999728799, 2033223.1678 ], [ 407075.706399999558926, 2033163.1557 ], [ 406814.607400000095367, 2033096.07909999974072 ], [ 406555.411799999885261, 2033021.9868 ], [ 406515.422199999913573, 2033009.379699999466538 ], [ 406467.132699999958277, 2032996.974999999627471 ], [ 406207.935600000433624, 2032922.887199999764562 ], [ 405950.830299999564886, 2032841.837500000372529 ], [ 405731.478400000371039, 2032766.128900000825524 ], [ 405504.024299999698997, 2032707.71199999935925 ], [ 405244.822999999858439, 2032633.636900000274181 ], [ 405039.603400000371039, 2032568.954800000414252 ], [ 404987.589399999938905, 2032554.090800000354648 ], [ 404730.47829999960959, 2032473.057 ], [ 404663.976599999703467, 2032450.108799999579787 ], [ 404578.37430000025779, 2032423.130200000479817 ], [ 404323.540599999949336, 2032335.1952 ], [ 404071.1705, 2032240.42090000025928 ], [ 403821.447300000116229, 2032138.876199999824166 ], [ 403574.552899999544024, 2032030.634999999776483 ], [ 403330.666600000113249, 2031915.776000000536442 ], [ 403089.965800000354648, 2031794.38260000012815 ], [ 402852.625599999912083, 2031666.543199999257922 ], [ 402618.818500000052154, 2031532.350700000301003 ], [ 402388.714599999599159, 2031391.902599999681115 ], [ 402162.481300000101328, 2031245.301100000739098 ], [ 401940.2829, 2031092.652799999341369 ], [ 401925.537700000219047, 2031081.926400000229478 ], [ 401880.804999999701977, 2031051.195599999278784 ], [ 401662.802699999883771, 2030892.612099999561906 ], [ 401449.155600000172853, 2030728.208000000566244 ], [ 401240.019000000320375, 2030558.103000000119209 ], [ 401035.544999999925494, 2030382.4206000007689 ], [ 400835.88219999987632, 2030201.288599999621511 ], [ 400641.175900000147521, 2030014.8388 ], [ 400451.567599999718368, 2029823.206700000911951 ], [ 400267.19539999961853, 2029626.531600000336766 ], [ 400088.193099999800324, 2029424.956599999219179 ], [ 399914.691100000403821, 2029218.6283 ], [ 399746.815399999730289, 2029007.696599999442697 ], [ 399584.68819999974221, 2028792.314999999478459 ], [ 399428.427400000393391, 2028572.640100000426173 ], [ 399278.146599999628961, 2028348.831499999389052 ], [ 399133.955000000074506, 2028121.052200000733137 ], [ 398995.957700000144541, 2027889.467599999159575 ], [ 398864.254800000227988, 2027654.246200000867248 ], [ 398738.942300000227988, 2027415.559100000187755 ], [ 398620.111200000159442, 2027173.579800000414252 ], [ 398507.847900000400841, 2026928.484300000593066 ], [ 398402.2341, 2026680.4507 ], [ 398303.346599999815226, 2026429.659600000828505 ], [ 398211.257399999536574, 2026176.293099999427795 ], [ 398126.033300000242889, 2025920.535700000822544 ], [ 398047.736399999819696, 2025662.573200000450015 ], [ 397976.423600000329316, 2025402.593299999833107 ], [ 397912.14670000039041, 2025140.785000000149012 ], [ 397854.952600000426173, 2024877.3388 ], [ 397804.882799999788404, 2024612.446000000461936 ], [ 397761.973699999973178, 2024346.299499999731779 ], [ 397726.25650000013411, 2024079.092800000682473 ], [ 397697.75719999987632, 2023811.020099999383092 ], [ 397676.496600000187755, 2023542.276399999856949 ], [ 397662.490000000223517, 2023273.057099999859929 ], [ 397655.747700000181794, 2023003.5581 ], [ 397656.274699999950826, 2022733.975199999287724 ], [ 397664.07039999961853, 2022464.504599999636412 ], [ 397679.129200000315905, 2022195.3421 ], [ 397701.440200000070035, 2021926.683599999174476 ], [ 397730.987200000323355, 2021658.72440000064671 ], [ 397746.469899999909103, 2021546.244799999520183 ], [ 397760.101999999955297, 2021382.103399999439716 ], [ 397789.650100000202656, 2021114.144300000742078 ], [ 397826.412700000219047, 2020847.0793999992311 ], [ 397870.362999999895692, 2020581.102900000289083 ], [ 397921.469100000336766, 2020316.408299999311566 ], [ 397979.693799999542534, 2020053.187899999320507 ], [ 398038.895299999974668, 2019816.063699999824166 ], [ 395601.501299999654293, 2019003.493200000375509 ], [ 394267.231499999761581, 2018583.880400000140071 ], [ 392714.060800000093877, 2018053.30320000089705 ], [ 388914.05379999987781, 2016840.977800000458956 ], [ 388526.412100000306964, 2016721.4528 ], [ 388236.086900000460446, 2017814.47690000012517 ], [ 387992.163399999961257, 2019034.009500000625849 ], [ 387824.533499999903142, 2020266.348799999803305 ], [ 387806.620900000445545, 2020511.3432 ], [ 387765.865299999713898, 2020810.972799999639392 ], [ 387675.183000000193715, 2022051.351099999621511 ], [ 387661.793899999931455, 2023294.9679000005126 ], [ 387725.749800000339746, 2024537.011199999600649 ], [ 387866.803199999965727, 2025772.674900000914931 ], [ 388084.408200000412762, 2026997.177899999544024 ], [ 388377.722599999979138, 2028205.781999999657273 ], [ 388745.611399999819696, 2029393.810799999162555 ], [ 389186.650799999944866, 2030556.667300000786781 ], [ 389699.133899999782443, 2031689.85219999961555 ], [ 390281.077499999664724, 2032788.980900000780821 ], [ 390930.229600000195205, 2033849.800799999386072 ], [ 391644.077899999916553, 2034868.207399999722838 ], [ 392419.860100000165403, 2035840.260500000789762 ], [ 393254.574000000022352, 2036762.199400000274181 ], [ 394144.989699999801815, 2037630.4572 ], [ 395087.661399999633431, 2038441.674900000914931 ], [ 396078.941599999554455, 2039192.714299999177456 ], [ 396117.465200000442564, 2039218.294600000604987 ], [ 396138.395999999716878, 2039234.152799999341369 ], [ 397174.446600000374019, 2039922.111400000751019 ], [ 398251.261199999600649, 2040544.325200000777841 ], [ 399364.673100000247359, 2041098.387399999424815 ], [ 400510.374400000087917, 2041582.154899999499321 ], [ 401683.932099999859929, 2041993.756699999794364 ], [ 401733.915500000119209, 2042007.865599999204278 ], [ 401835.962299999780953, 2042043.657299999147654 ], [ 401991.990799999795854, 2042087.701199999079108 ], [ 402093.072200000286102, 2042123.155799999833107 ], [ 402802.908999999985099, 2042323.53940000012517 ], [ 403055.721699999645352, 2042412.22829999960959 ], [ 403388.820899999700487, 2042506.2785 ], [ 403403.030600000172853, 2042511.263699999079108 ], [ 404599.869099999777973, 2042849.2127 ], [ 405487.188699999824166, 2043041.116499999538064 ], [ 405539.158999999985099, 2043052.768500000238419 ], [ 405538.885400000028312, 2043054.012599999085069 ], [ 405754.291400000452995, 2043101.002299999818206 ], [ 405765.658099999651313, 2043103.550799999386072 ], [ 405769.279299999587238, 2043104.2719 ], [ 405788.321299999952316, 2043108.425799999386072 ], [ 405992.969899999909103, 2043151.04869999922812 ], [ 406411.210799999535084, 2043232.60219999961555 ], [ 407640.722299999557436, 2043419.448599999770522 ], [ 408879.468100000172853, 2043529.494899999350309 ], [ 409626.332299999892712, 2043558.493100000545382 ], [ 409648.928100000135601, 2043558.947699999436736 ], [ 409648.943799999542534, 2043558.948000000789762 ], [ 409694.372499999590218, 2043559.8619 ], [ 410190.641400000080466, 2043563.685499999672174 ], [ 411433.461199999786913, 2043519.159600000828505 ], [ 412671.105499999597669, 2043397.4551 ], [ 413898.786100000143051, 2043199.043500000610948 ], [ 415111.753899999894202, 2042924.692900000140071 ], [ 416305.316300000064075, 2042575.465199999511242 ], [ 417474.856100000441074, 2042152.712099999189377 ], [ 418615.849100000225008, 2041658.069499999284744 ], [ 419723.88150000013411, 2041093.451400000602007 ], [ 420544.157999999821186, 2040617.125 ], [ 420559.724499999545515, 2040607.584899999201298 ], [ 420562.834499999880791, 2040605.67879999987781 ], [ 420813.050300000235438, 2040449.776399999856949 ], [ 421842.447499999776483, 2039752.024599999189377 ], [ 422826.473799999803305, 2038991.628499999642372 ], [ 423761.322900000028312, 2038171.529899999499321 ], [ 424643.378600000403821, 2037294.901699999347329 ], [ 425469.228799999691546, 2036365.135299999266863 ], [ 426235.67920000012964, 2035385.827600000426173 ], [ 426939.764999999664724, 2034360.767300000414252 ], [ 427578.762799999676645, 2033293.919700000435114 ], [ 428150.200799999758601, 2032189.412100000306964 ], [ 428651.868800000287592, 2031051.517200000584126 ], [ 428879.154500000178814, 2030434.676300000399351 ], [ 426689.22649999987334, 2029653.221300000324845 ], [ 423951.75650000013411, 2028666.896999999880791 ], [ 419739.177299999631941, 2027216.8608 ], [ 419457.131000000052154, 2027115.612500000745058 ] ] ] ] } }
]
}
