{
"type": "FeatureCollection",
"name": "Sanchez_Paraiso_Frontera_Buffer",
"crs": { "type": "name", "properties": { "name": "urn:ogc:def:crs:OGC:1.3:CRS84" } },
"features": [
{ "type": "Feature", "properties": { "Shape_Leng": 30209.521411000002, "Shape_Area": 22253255.7075, "distance": 1000.0 }, "geometry": { "type": "MultiPolygon", "coordinates": [ [ [ [ -92.674387179660613, 18.61392269361583 ], [ -92.674387409820525, 18.613801721154509 ], [ -92.674395954199781, 18.613434199858997 ], [ -92.674464206984325, 18.612670101034805 ], [ -92.674600178773019, 18.61191427229009 ], [ -92.674802887664342, 18.611172161653393 ], [ -92.675070873324401, 18.610449114134109 ], [ -92.675402203712636, 18.609750339205384 ], [ -92.675794491295576, 18.609080871978932 ], [ -92.676244908306828, 18.608445535284066 ], [ -92.676750209578941, 18.607848905375839 ], [ -92.677306755361343, 18.60729528216379 ], [ -92.677910534144928, 18.606788653114268 ], [ -92.678557195885617, 18.606332668920579 ], [ -92.678720751467765, 18.606229608950425 ], [ -92.679082281048323, 18.606006888467284 ], [ -92.679603628696697, 18.605707883226728 ], [ -92.680321804224292, 18.60536265347379 ], [ -92.681068096582734, 18.605076736745279 ], [ -92.681837128984753, 18.604852192426549 ], [ -92.682623360644584, 18.604690637749339 ], [ -92.683421128477789, 18.60459323702468 ], [ -92.684224685005105, 18.604560691771322 ], [ -92.684541178493674, 18.604573511026427 ], [ -92.68519757871465, 18.604493369748891 ], [ -92.686001134544284, 18.60446082503838 ], [ -92.686804691448913, 18.604493370093994 ], [ -92.687602458204523, 18.604590770276552 ], [ -92.687640068782216, 18.604598498651583 ], [ -92.687766325482883, 18.604613913457584 ], [ -92.688552557455353, 18.604775467261288 ], [ -92.689321588981073, 18.605000012036996 ], [ -92.690067881415871, 18.605285929225918 ], [ -92.690154460858437, 18.605327548690919 ], [ -92.690375481316238, 18.605412224595433 ], [ -92.691093658057113, 18.605757454671682 ], [ -92.691778543739588, 18.606159509776386 ], [ -92.692270464062673, 18.606498887087039 ], [ -92.692462096054811, 18.606640229370168 ], [ -92.692616845246619, 18.60675684305286 ], [ -92.693220624588818, 18.607263471687624 ], [ -92.693777169667726, 18.60781709492613 ], [ -92.694282471282349, 18.608413724544345 ], [ -92.694732888398462, 18.609049061106905 ], [ -92.695037934447257, 18.609569645737782 ], [ -92.695354802551719, 18.609884845070464 ], [ -92.695860110027368, 18.61048147409744 ], [ -92.696310532682531, 18.611116811419073 ], [ -92.696702825008998, 18.611786278078128 ], [ -92.69703415885698, 18.612485052641802 ], [ -92.697302148047498, 18.613208100150054 ], [ -92.697504858752964, 18.613950210984076 ], [ -92.697640832204797, 18.614706039756914 ], [ -92.697709086559001, 18.61547013874964 ], [ -92.697709129169255, 18.616237004019833 ], [ -92.697640958454556, 18.617001109746784 ], [ -92.697505064805142, 18.617756950711513 ], [ -92.697302427702255, 18.618499081158589 ], [ -92.697034505252816, 18.619222153647833 ], [ -92.696703226565432, 18.619920957913237 ], [ -92.69631097938499, 18.620590458812565 ], [ -92.695860588246674, 18.621225832455565 ], [ -92.695425923755209, 18.621745108101059 ], [ -92.695249883699574, 18.621940242571931 ], [ -92.695179264747154, 18.622017628620771 ], [ -92.694622715919422, 18.622571291280682 ], [ -92.694018917945883, 18.623077959415181 ], [ -92.693372223082051, 18.623533982012479 ], [ -92.692687288361768, 18.623936072818278 ], [ -92.691969051845433, 18.624281333810529 ], [ -92.691222688006604, 18.624567278638757 ], [ -92.691101453193824, 18.624602676514439 ], [ -92.690958820301248, 18.624657321623648 ], [ -92.690189706066462, 18.624881888032299 ], [ -92.689403385135591, 18.6250434591371 ], [ -92.68860552289469, 18.625140870082781 ], [ -92.6878018702172, 18.625173418087464 ], [ -92.68753402810097, 18.625162570850325 ], [ -92.687226181150393, 18.625175037894774 ], [ -92.68642252803653, 18.625142489661112 ], [ -92.685624666417681, 18.625045079670542 ], [ -92.684838344595988, 18.624883508132569 ], [ -92.684069231269078, 18.624658941573266 ], [ -92.683322866232544, 18.624372997381503 ], [ -92.683154570841879, 18.624298565939668 ], [ -92.682969271157177, 18.624214502892443 ], [ -92.682419338493176, 18.623943676563957 ], [ -92.68173440485576, 18.623541586537261 ], [ -92.681265481118459, 18.623219109181342 ], [ -92.681202934445423, 18.623173266749628 ], [ -92.681127843465731, 18.623128191150794 ], [ -92.681018913479349, 18.623069098169296 ], [ -92.680450210767447, 18.622732296242013 ], [ -92.680411004703231, 18.622711980166212 ], [ -92.679726075092177, 18.622309889239293 ], [ -92.679079384583005, 18.621853866604752 ], [ -92.678694376807215, 18.621540914595585 ], [ -92.678650244323137, 18.62150305614631 ], [ -92.678201875164902, 18.621189473454773 ], [ -92.6779679535707, 18.621012265070569 ], [ -92.677909817783132, 18.620967867039351 ], [ -92.677306027384716, 18.620461199014787 ], [ -92.676749485491158, 18.619907536124138 ], [ -92.676244201098996, 18.619310867789977 ], [ -92.675793814623006, 18.618675494609928 ], [ -92.675401572374852, 18.618005993050229 ], [ -92.67507029724031, 18.617307188267038 ], [ -92.674802377393377, 18.61658411611484 ], [ -92.674599742691555, 18.61584198513512 ], [ -92.674463850544186, 18.615086143986069 ], [ -92.674395681284238, 18.614322038045259 ], [ -92.674387179660613, 18.61392269361583 ] ] ], [ [ [ -93.152104590979462, 18.435087528511797 ], [ -93.151325548245296, 18.435055941675184 ], [ -93.150749378857114, 18.435079302906004 ], [ -93.149946614006709, 18.435046754022839 ], [ -93.149149633436409, 18.434949341746432 ], [ -93.148364181037095, 18.434787767536967 ], [ -93.147686826500731, 18.434593359674142 ], [ -93.147345475781464, 18.434481954268445 ], [ -93.147254582261965, 18.434451796512612 ], [ -93.146509043347578, 18.434165845917171 ], [ -93.146482672951748, 18.434153155835713 ], [ -93.146079915835486, 18.433998678741464 ], [ -93.145840583071788, 18.433883500877283 ], [ -93.145777559490554, 18.433859327789513 ], [ -93.145060116574783, 18.433514059232401 ], [ -93.144375941125404, 18.433111961110075 ], [ -93.143729961106061, 18.43265592949929 ], [ -93.143126830970502, 18.432149251180316 ], [ -93.142570897540409, 18.43159557743726 ], [ -93.142066165889148, 18.430998897858082 ], [ -93.141616272804328, 18.430363511416861 ], [ -93.141224458362558, 18.429693997558068 ], [ -93.140893546024898, 18.428995179140475 ], [ -93.14062591895609, 18.428272092615455 ], [ -93.140423504861573, 18.427529947354998 ], [ -93.140287760833303, 18.426774090403896 ], [ -93.140219665772435, 18.426009969421454 ], [ -93.14021116077916, 18.42563398857807 ], [ -93.140211032580694, 18.425475788234046 ], [ -93.140219578924246, 18.425084888951705 ], [ -93.140287757371155, 18.424320773846599 ], [ -93.140423580295064, 18.423564931052258 ], [ -93.140626066474965, 18.422822804877015 ], [ -93.140893759337388, 18.422099742303601 ], [ -93.141224726953382, 18.421400954132029 ], [ -93.141616584755567, 18.420731473396337 ], [ -93.141985590785069, 18.420210390299513 ], [ -93.142159155767018, 18.419913855615754 ], [ -93.142609077592923, 18.41927850644635 ], [ -93.143113824883699, 18.418681864469587 ], [ -93.143116220230652, 18.418679266887484 ], [ -93.143255322498803, 18.418528531020772 ], [ -93.143808864421516, 18.41797748888758 ], [ -93.144411980151091, 18.417470849306426 ], [ -93.145057931344084, 18.417014856043107 ], [ -93.145742065244917, 18.41661279220731 ], [ -93.146384606767413, 18.416300222823217 ], [ -93.146511298215842, 18.416244289733672 ], [ -93.146893751274519, 18.416085110586149 ], [ -93.147237933269608, 18.415951463489211 ], [ -93.147680338816656, 18.415791656943458 ], [ -93.147716616525457, 18.415779032169894 ], [ -93.147910496931843, 18.415616163476205 ], [ -93.148556441413334, 18.41516016918132 ], [ -93.148795555812441, 18.415010879394121 ], [ -93.148980691442119, 18.414899062540556 ], [ -93.149425711916052, 18.414646283613802 ], [ -93.15014309114197, 18.414301047222491 ], [ -93.150888555463169, 18.414015124487442 ], [ -93.151656734874379, 18.413790574657813 ], [ -93.152442095294774, 18.413629017028317 ], [ -93.153238978294581, 18.41353161464755 ], [ -93.154041643669245, 18.413499068867431 ], [ -93.154844309171565, 18.413531614795993 ], [ -93.155641192136812, 18.413629016746413 ], [ -93.156426552064161, 18.413790574527798 ], [ -93.157194731300535, 18.4140151243124 ], [ -93.157940196679661, 18.414301046729506 ], [ -93.158618061897869, 18.414627268033193 ], [ -93.159109645760651, 18.414390694631876 ], [ -93.159461840906204, 18.414255610586977 ], [ -93.159564752351784, 18.414196921269941 ], [ -93.160282130059784, 18.413851684690698 ], [ -93.161027593410253, 18.413565762057875 ], [ -93.161254829313549, 18.413492206113236 ], [ -93.161752759726852, 18.413337802346373 ], [ -93.162027687494927, 18.413254891894113 ], [ -93.162476372038199, 18.413119724499325 ], [ -93.163092981652994, 18.412931075645439 ], [ -93.163538767338252, 18.412806118716034 ], [ -93.163981920089384, 18.412693099795042 ], [ -93.164040188246673, 18.412678429277882 ], [ -93.164825543060573, 18.412516871179911 ], [ -93.165622421170255, 18.412419468460936 ], [ -93.166425081514163, 18.412386922846533 ], [ -93.167227741901286, 18.412419468917054 ], [ -93.168024619690371, 18.41251687136176 ], [ -93.168809975315767, 18.412678428554962 ], [ -93.169578149188084, 18.41290297794286 ], [ -93.170323609011902, 18.413188901418341 ], [ -93.171040983857452, 18.413534137935986 ], [ -93.171725105815838, 18.413936201540864 ], [ -93.17237104597416, 18.414392195785208 ], [ -93.172974149455214, 18.414898835375258 ], [ -93.173530073305358, 18.41545246962157 ], [ -93.174034810190108, 18.416049111325108 ], [ -93.174484724401225, 18.416684462035736 ], [ -93.174876572724827, 18.417353942748601 ], [ -93.175207532897588, 18.418052731824069 ], [ -93.175419051971019, 18.418606708277235 ], [ -93.175566098553304, 18.419034753190374 ], [ -93.175622267571612, 18.41920384597147 ], [ -93.17582475033052, 18.419945972337413 ], [ -93.175960569922935, 18.420701816009526 ], [ -93.176028746566303, 18.421465930713339 ], [ -93.176028788966164, 18.422232811809142 ], [ -93.175960694385751, 18.422996933345601 ], [ -93.175824954402231, 18.423752789630147 ], [ -93.175622544564249, 18.424494935912612 ], [ -93.175354923510724, 18.425218022736065 ], [ -93.175024017894756, 18.425916841149228 ], [ -93.174632212026168, 18.426586355262604 ], [ -93.174585050662429, 18.426652964096281 ], [ -93.174474213363112, 18.426842361206369 ], [ -93.174024329091381, 18.427477747608393 ], [ -93.173519606804476, 18.428074428131335 ], [ -93.172963684809986, 18.428628101367352 ], [ -93.172360568369129, 18.429134780102991 ], [ -93.171714601310484, 18.4295908112448 ], [ -93.171030438599331, 18.429992910204415 ], [ -93.170313011309958, 18.430338179021252 ], [ -93.169567487809147, 18.430624129007029 ], [ -93.169245764905867, 18.430726480859466 ], [ -93.169046144299642, 18.430786216830437 ], [ -93.168599630122316, 18.430908433454182 ], [ -93.168312375398813, 18.430967525204061 ], [ -93.168238225658897, 18.431011104443741 ], [ -93.167523949041481, 18.43135501055999 ], [ -93.167344479226472, 18.431432521379893 ], [ -93.167106316386892, 18.43153538072275 ], [ -93.166945997804675, 18.431604619720005 ], [ -93.166862195654247, 18.431640812757333 ], [ -93.1668621208768, 18.431640845360594 ], [ -93.166859008607844, 18.431642188461215 ], [ -93.166858647007459, 18.431642327063525 ], [ -93.1665533192552, 18.431772599753788 ], [ -93.166054658011973, 18.431968893488882 ], [ -93.165919224067906, 18.432025888398165 ], [ -93.165648460520757, 18.432131445193686 ], [ -93.165278516584834, 18.432264566817715 ], [ -93.164510262098702, 18.432489137455246 ], [ -93.164461199663975, 18.432499230442907 ], [ -93.164313586614142, 18.43255387126991 ], [ -93.163545330510857, 18.432778442534165 ], [ -93.162759887415163, 18.432940016506301 ], [ -93.162181878252426, 18.433010665685529 ], [ -93.16143415702517, 18.433164479716016 ], [ -93.16063718478587, 18.433261891619726 ], [ -93.160206590418923, 18.43327953290073 ], [ -93.159718430170088, 18.433379951936484 ], [ -93.159186705065807, 18.43344494395825 ], [ -93.158758496273151, 18.43369660706912 ], [ -93.158041053450646, 18.434041874861009 ], [ -93.157881740370669, 18.434102979141006 ], [ -93.157505043123692, 18.434284263996474 ], [ -93.156759502889201, 18.434570213557844 ], [ -93.155991238229987, 18.434794785069048 ], [ -93.155205785330892, 18.434956358600484 ], [ -93.154408804930171, 18.435053771538346 ], [ -93.153606039678209, 18.435086320433776 ], [ -93.152870217846313, 18.435056485486594 ], [ -93.152104590979462, 18.435087528511797 ] ] ], [ [ [ -93.841034363964496, 18.299613651615918 ], [ -93.841052488077409, 18.2984626252697 ], [ -93.841053183026276, 18.298418606520272 ], [ -93.841060650861081, 18.298170942342079 ], [ -93.841128778508647, 18.297406817443601 ], [ -93.841264501398541, 18.296650964276349 ], [ -93.841466840153174, 18.295908827662192 ], [ -93.841734336252699, 18.295185755957387 ], [ -93.842065062266272, 18.294486958536933 ], [ -93.84245663399399, 18.293817467792135 ], [ -93.842906229271605, 18.293182110138069 ], [ -93.843182371765266, 18.292855451494969 ], [ -93.843314232022976, 18.292576835878201 ], [ -93.843705799623635, 18.291907346404074 ], [ -93.843718625552583, 18.29188750743026 ], [ -93.843955863794932, 18.291521608468546 ], [ -93.844382274691441, 18.290864094062119 ], [ -93.844818525710949, 18.290249363432348 ], [ -93.845322896862484, 18.289652713912997 ], [ -93.84587841828872, 18.289099071611879 ], [ -93.846481085523322, 18.288592424937665 ], [ -93.847126557724593, 18.288136424888446 ], [ -93.847810184968338, 18.287734356025563 ], [ -93.848527040300908, 18.287389114656438 ], [ -93.849271960305444, 18.287103187882149 ], [ -93.850039579054325, 18.286878635384486 ], [ -93.850824365858657, 18.28671707480953 ], [ -93.851620667766809, 18.286619671646726 ], [ -93.852422747311678, 18.286587125512114 ], [ -93.85322482600283, 18.286619670863054 ], [ -93.854021127804373, 18.286717074999494 ], [ -93.854498975258508, 18.286815447844841 ], [ -93.855204603126523, 18.286544601357544 ], [ -93.855205020693262, 18.286544479289745 ], [ -93.85533262422895, 18.286486743064874 ], [ -93.856077540520872, 18.286200816507435 ], [ -93.856202593602262, 18.286164234502813 ], [ -93.856369017730032, 18.286069901460674 ], [ -93.856737433289936, 18.285892469191189 ], [ -93.856951139447361, 18.285741492339746 ], [ -93.857533491758844, 18.285394243507909 ], [ -93.857542926968634, 18.285389061523226 ], [ -93.857627503258598, 18.28534261857267 ], [ -93.857635711889245, 18.285338110865681 ], [ -93.857813108799363, 18.285240697996255 ], [ -93.857914237181362, 18.285185951951984 ], [ -93.858631082497922, 18.284840710802694 ], [ -93.85921045207958, 18.284618325131785 ], [ -93.859761344911263, 18.284353007328818 ], [ -93.860174161236216, 18.2841945511624 ], [ -93.860363270164612, 18.283970835070537 ], [ -93.860918773041689, 18.283417192790466 ], [ -93.861521421188456, 18.282910545981721 ], [ -93.862166872332352, 18.282454545072166 ], [ -93.862367646367218, 18.282328440575203 ], [ -93.862657488569823, 18.282151386997672 ], [ -93.86288339769547, 18.282022267511238 ], [ -93.863010041718908, 18.28186586146138 ], [ -93.863126014980935, 18.281667561160166 ], [ -93.863575579337052, 18.281032202412081 ], [ -93.864079924356844, 18.280435551462105 ], [ -93.864635415601541, 18.279881909027758 ], [ -93.86523805208175, 18.279375262068005 ], [ -93.865883489803423, 18.278919262001953 ], [ -93.866567080390283, 18.27851719201389 ], [ -93.867283898424873, 18.278171949773061 ], [ -93.86802877915477, 18.277886022875656 ], [ -93.868796357170837, 18.277661470606855 ], [ -93.869581102265812, 18.277499910233409 ], [ -93.870377361929215, 18.277402506878776 ], [ -93.871179399095553, 18.277369960706157 ], [ -93.871981435629664, 18.277402506725739 ], [ -93.872777695788272, 18.277499910080412 ], [ -93.873562440266383, 18.277661470409356 ], [ -93.874330019150861, 18.277886023411238 ], [ -93.875074899374283, 18.278171950655285 ], [ -93.875791717726983, 18.278517191983621 ], [ -93.876475308348418, 18.278919261643889 ], [ -93.877120746295688, 18.279375262538352 ], [ -93.877723381697407, 18.279881908648132 ], [ -93.878278873935457, 18.280435551975078 ], [ -93.878783218227696, 18.281032202287413 ], [ -93.878929532490602, 18.281226503277683 ], [ -93.878991452219111, 18.281312581111365 ], [ -93.87926241422052, 18.281540380135915 ], [ -93.879817911006938, 18.282094023009968 ], [ -93.880236027741915, 18.282581051282627 ], [ -93.880294712715482, 18.282654486498014 ], [ -93.880379809042196, 18.282761004789421 ], [ -93.880468373896207, 18.28287337421559 ], [ -93.880537857182091, 18.282963845028437 ], [ -93.88083117559691, 18.283348554539042 ], [ -93.88123961650416, 18.283930385005497 ], [ -93.88163116575052, 18.284599875757308 ], [ -93.881961872656035, 18.285298674750244 ], [ -93.882229353619564, 18.286021746773841 ], [ -93.882431680985718, 18.286763883662257 ], [ -93.882567396482756, 18.2875197376603 ], [ -93.882635520925163, 18.288283863846427 ], [ -93.882635561990497, 18.289050755337183 ], [ -93.882567520151241, 18.28981488753945 ], [ -93.882508588981509, 18.290143295070418 ], [ -93.882541701900934, 18.290217284004566 ], [ -93.882809189950706, 18.290940356251301 ], [ -93.883011523605163, 18.291682492718024 ], [ -93.883147242638941, 18.292438346571839 ], [ -93.883215368755174, 18.293202471990792 ], [ -93.883215409596289, 18.293969363000837 ], [ -93.883147365608878, 18.294733495012466 ], [ -93.883011725533152, 18.29548936189433 ], [ -93.882809464748746, 18.296231516650646 ], [ -93.882542040790355, 18.296954613922225 ], [ -93.882211379345392, 18.297653441688716 ], [ -93.881819863146319, 18.298322964708454 ], [ -93.881370311357315, 18.298958359870234 ], [ -93.880865962722311, 18.299555047914886 ], [ -93.880310452104027, 18.30010872880316 ], [ -93.879707780376165, 18.300615413500509 ], [ -93.879062291856528, 18.301071451208642 ], [ -93.878901903315921, 18.301165787027479 ], [ -93.878501243999921, 18.301448851829019 ], [ -93.877817585911359, 18.301850955380662 ], [ -93.877100687738647, 18.302196228698683 ], [ -93.87635571480854, 18.30248218226512 ], [ -93.875588034390233, 18.302706756785838 ], [ -93.875430584462038, 18.302743555333766 ], [ -93.874918251185719, 18.302940210177283 ], [ -93.874150568576468, 18.303164784485649 ], [ -93.873365712226416, 18.303326360649027 ], [ -93.873348203622214, 18.303328653093843 ], [ -93.873231983110472, 18.303384625994106 ], [ -93.872487004843208, 18.303670580247804 ], [ -93.871719319304887, 18.303895154052451 ], [ -93.870934458923159, 18.304056730376356 ], [ -93.870760483478577, 18.304083633943556 ], [ -93.870217412890028, 18.304162663276482 ], [ -93.86969089216349, 18.304331743217475 ], [ -93.868960348053236, 18.304566338561596 ], [ -93.86857441941784, 18.304681559251595 ], [ -93.868516522528409, 18.304697555969231 ], [ -93.867730016594791, 18.304914860292488 ], [ -93.867485273005968, 18.304979093797879 ], [ -93.866700407878668, 18.305140670218698 ], [ -93.86656463469312, 18.305161581906848 ], [ -93.865901164556462, 18.305381358933207 ], [ -93.864981762026986, 18.305729347089546 ], [ -93.864045627368199, 18.306083660614227 ], [ -93.863716715720201, 18.306208146500502 ], [ -93.863383552790353, 18.306327366817253 ], [ -93.862615855717053, 18.306551941028452 ], [ -93.861830982965429, 18.30671351684698 ], [ -93.86135264356615, 18.306779893922368 ], [ -93.861155169818943, 18.306802391476587 ], [ -93.860843852552108, 18.306952323295786 ], [ -93.860098858742305, 18.307238276587221 ], [ -93.859331157666432, 18.307462850543104 ], [ -93.85854628104066, 18.307624426678863 ], [ -93.857749884972378, 18.30772184061993 ], [ -93.857616066163089, 18.307730459784914 ], [ -93.856995474770329, 18.307910551601573 ], [ -93.856507296861778, 18.308018863401148 ], [ -93.855799253170119, 18.308157154633403 ], [ -93.855505814816681, 18.308213136712467 ], [ -93.855505772278889, 18.30821314503682 ], [ -93.855111952257985, 18.308288245075939 ], [ -93.854031215843293, 18.308520230470858 ], [ -93.853263040478026, 18.308675252294147 ], [ -93.852908841230288, 18.308739926747926 ], [ -93.852112440717875, 18.308837340073904 ], [ -93.851545055419336, 18.308867105935857 ], [ -93.851331132734217, 18.308872179165988 ], [ -93.850901188877316, 18.308882375832699 ], [ -93.850666417782492, 18.308885158929346 ], [ -93.849864236438933, 18.308852609803033 ], [ -93.849067834501795, 18.308755196225821 ], [ -93.848282953066132, 18.308593620253802 ], [ -93.847515247431474, 18.308369046236134 ], [ -93.846770249185184, 18.308083092845056 ], [ -93.846053326369542, 18.307737819688708 ], [ -93.845761709745545, 18.307575623973907 ], [ -93.845615247631372, 18.307490784577027 ], [ -93.845586984928261, 18.307474413482566 ], [ -93.845195060680695, 18.307234586473644 ], [ -93.844549548862489, 18.306778548739878 ], [ -93.843946856868214, 18.306271863653148 ], [ -93.843391325669302, 18.305718183491944 ], [ -93.842886959894699, 18.305121495529491 ], [ -93.842437392722417, 18.30448610138723 ], [ -93.842045862042795, 18.303816578263429 ], [ -93.841715188572337, 18.303117750998972 ], [ -93.841447755816773, 18.302394654194309 ], [ -93.84124548817266, 18.301652499758589 ], [ -93.841109842226956, 18.3008966335574 ], [ -93.841041796215464, 18.300132502011689 ], [ -93.841034363964496, 18.299613651615918 ] ] ] ] } },
{ "type": "Feature", "properties": { "Shape_Leng": 135625.6402, "Shape_Area": 271013745.25300002, "distance": 5000.0 }, "geometry": { "type": "MultiPolygon", "coordinates": [ [ [ [ -92.687226181252399, 18.661312702668894 ], [ -92.685474978577702, 18.661281844555113 ], [ -92.683726170543494, 18.661189313057942 ], [ -92.681982146384527, 18.661035234323691 ], [ -92.680245290412117, 18.660819818629907 ], [ -92.678517977256803, 18.660543362184015 ], [ -92.676802568076781, 18.660206239884243 ], [ -92.675101406734058, 18.65980891525324 ], [ -92.673416819801346, 18.659351930493344 ], [ -92.671751108010028, 18.658835910084168 ], [ -92.67010655003547, 18.658261558978275 ], [ -92.668485392056496, 18.657629662579165 ], [ -92.666889851540006, 18.656941085840081 ], [ -92.66686424392195, 18.656929476453268 ], [ -92.666678916454345, 18.656845398126297 ], [ -92.665136824495022, 18.656112708853023 ], [ -92.663599020156539, 18.655313668444641 ], [ -92.662093256516968, 18.654460997145446 ], [ -92.660621591580281, 18.653555859907861 ], [ -92.660394053672505, 18.653404275619444 ], [ -92.660085069350657, 18.653229303721321 ], [ -92.658613415374489, 18.652324167227828 ], [ -92.657177869787702, 18.651367801490551 ], [ -92.65578039516042, 18.650361515998721 ], [ -92.65516383963616, 18.649882428587286 ], [ -92.654844836436197, 18.649652719808969 ], [ -92.654617133816032, 18.649481287420446 ], [ -92.654383198020739, 18.64930405000857 ], [ -92.653253460686912, 18.648420687070217 ], [ -92.651937807067625, 18.647318750625718 ], [ -92.650665784289899, 18.646171215887023 ], [ -92.649439130925927, 18.644979651427967 ], [ -92.648259521738353, 18.643745685364127 ], [ -92.647128567682472, 18.642471004443028 ], [ -92.646047813071036, 18.641157350417448 ], [ -92.645018734634036, 18.639806517326651 ], [ -92.644042736777848, 18.638420353288886 ], [ -92.643121151610231, 18.637000750554112 ], [ -92.642255237987968, 18.635549650015694 ], [ -92.641446175849609, 18.634069033963886 ], [ -92.640695070962579, 18.632560926089727 ], [ -92.640002947359704, 18.631027385139426 ], [ -92.639370749234303, 18.629470509432121 ], [ -92.638799339081629, 18.627892423295492 ], [ -92.638289493903343, 18.626295283380689 ], [ -92.637841910917317, 18.624681273247536 ], [ -92.637457199051823, 18.623052596114071 ], [ -92.637135881795118, 18.62141147757119 ], [ -92.636878396272834, 18.619760159251463 ], [ -92.636685092313911, 18.618100897921767 ], [ -92.636556232476579, 18.616435959155329 ], [ -92.636491991113047, 18.614767617328656 ], [ -92.636484227175686, 18.613853325233169 ], [ -92.636484484126015, 18.613732353254839 ], [ -92.63649271037923, 18.612977178208315 ], [ -92.63655787338773, 18.611308868690358 ], [ -92.636687646960254, 18.609643993190378 ], [ -92.636881852828736, 18.607984826048803 ], [ -92.637140221774231, 18.606333634136867 ], [ -92.637462400284377, 18.604692672352328 ], [ -92.637847946779772, 18.603064180902606 ], [ -92.638296333523584, 18.60145038440718 ], [ -92.638806944748936, 18.599853486474004 ], [ -92.63937908141483, 18.598275667000241 ], [ -92.640011962164806, 18.596719082178119 ], [ -92.640704720510215, 18.595185856358807 ], [ -92.641456409576961, 18.593678082969785 ], [ -92.642265999276489, 18.592197821802507 ], [ -92.643132384857196, 18.590747092707094 ], [ -92.644054381220883, 18.589327877393902 ], [ -92.645030728629365, 18.58794211312334 ], [ -92.646060091761768, 18.58659169270944 ], [ -92.647141064471683, 18.585278458207853 ], [ -92.648272170732696, 18.584004203635043 ], [ -92.649451864654338, 18.582770668647346 ], [ -92.650678534278882, 18.581579536746631 ], [ -92.651950504429038, 18.58043243348396 ], [ -92.653266038603633, 18.579330926469044 ], [ -92.654623338991229, 18.578276518146037 ], [ -92.65602055215102, 18.577270647617421 ], [ -92.657455771856959, 18.576314688847379 ], [ -92.658155727354995, 18.57587509770935 ], [ -92.65851722016491, 18.575652415378499 ], [ -92.659288607755073, 18.575187214535919 ], [ -92.660793907025152, 18.574334922320695 ], [ -92.662331188912034, 18.573536244928313 ], [ -92.663898353113154, 18.57279227236209 ], [ -92.665493260748747, 18.572104019597813 ], [ -92.667113734353833, 18.571472426588389 ], [ -92.668757562613649, 18.570898355565394 ], [ -92.670422501306987, 18.570382588333089 ], [ -92.672106278026249, 18.569925830799868 ], [ -92.673806594074478, 18.569528706657966 ], [ -92.675521129196213, 18.569191755587301 ], [ -92.677247543449397, 18.568915439587979 ], [ -92.678983479104247, 18.568700134851365 ], [ -92.680726569151886, 18.568546136295549 ], [ -92.682337335520927, 18.568460906613538 ], [ -92.682503021027813, 18.568446268308413 ], [ -92.684250883651231, 18.568353784833889 ], [ -92.686001134680438, 18.568322942695854 ], [ -92.687751386791916, 18.568353784899926 ], [ -92.689499249025943, 18.568446268671799 ], [ -92.691242338142743, 18.568600267283387 ], [ -92.692978272920413, 18.568815571850134 ], [ -92.693056520608167, 18.568828095690755 ], [ -92.693142140986723, 18.568838715435191 ], [ -92.694868554105881, 18.569115030729161 ], [ -92.696583088734513, 18.569451981471598 ], [ -92.698283403755653, 18.569849106934488 ], [ -92.699967179923064, 18.570305864258049 ], [ -92.70163211795122, 18.570821630252496 ], [ -92.703275945136951, 18.57139570230904 ], [ -92.704896419146166, 18.572027294787031 ], [ -92.705049673852756, 18.572093430563612 ], [ -92.705204029765113, 18.572153591105927 ], [ -92.706798938201587, 18.572841843593473 ], [ -92.708366102747945, 18.573585816946665 ], [ -92.709903384408904, 18.574384493599169 ], [ -92.71140868397903, 18.575236785602932 ], [ -92.712879947731182, 18.576141529208982 ], [ -92.714315164562933, 18.577097487569258 ], [ -92.715457085423822, 18.577913747868624 ], [ -92.715648704348112, 18.578055067725611 ], [ -92.715904036457374, 18.578244706560731 ], [ -92.717261336786009, 18.579299115460742 ], [ -92.718576870361659, 18.580400622586719 ], [ -92.719848840084907, 18.581547725819505 ], [ -92.721075509459112, 18.582738857169559 ], [ -92.722255203521357, 18.583972392714024 ], [ -92.723386308851573, 18.585246647168084 ], [ -92.724467282092007, 18.586559881121843 ], [ -92.725496645207926, 18.587910302835091 ], [ -92.725745167012363, 18.588263041790483 ], [ -92.72604528461649, 18.588627636448123 ], [ -92.72707466108983, 18.589978056783533 ], [ -92.728051019145951, 18.591363820335662 ], [ -92.72897302653034, 18.592783035238948 ], [ -92.729839422000424, 18.594233763614877 ], [ -92.730649021960659, 18.595714025191299 ], [ -92.731400719519939, 18.597221798200085 ], [ -92.732093486388806, 18.598755022989927 ], [ -92.732726374773719, 18.60031160835101 ], [ -92.73329851928861, 18.601889426994632 ], [ -92.733809136002563, 18.603486324585678 ], [ -92.734257527187921, 18.605100120649634 ], [ -92.734643078481938, 18.606728612180532 ], [ -92.734965261741507, 18.608369573641866 ], [ -92.735223634094424, 18.610020765097289 ], [ -92.735417841744578, 18.61167993130978 ], [ -92.73554761713342, 18.613344806255178 ], [ -92.735612780844363, 18.615013115834955 ], [ -92.735613243504474, 18.616682582397196 ], [ -92.735549001058956, 18.618350923825663 ], [ -92.735420139509941, 18.620015862584605 ], [ -92.735226833984115, 18.621675123910531 ], [ -92.734969344945355, 18.623326441230471 ], [ -92.734648024837483, 18.624967559788075 ], [ -92.734263308618225, 18.626596235728289 ], [ -92.733815720391675, 18.628210246050898 ], [ -92.733305870581589, 18.629807384993878 ], [ -92.732734453087403, 18.631385471262856 ], [ -92.732102248140237, 18.632942347135046 ], [ -92.731410116610817, 18.634475887492734 ], [ -92.730659002870098, 18.635983995312539 ], [ -92.729849932887902, 18.637464610705457 ], [ -92.728984008552644, 18.638915710913132 ], [ -92.728062413361172, 18.640335313936426 ], [ -92.727086404842424, 18.641721477626088 ], [ -92.726057314547077, 18.643072309629808 ], [ -92.724976548058194, 18.644385963782884 ], [ -92.724167442445449, 18.645307522901792 ], [ -92.723991411077691, 18.645502682997776 ], [ -92.723669580435342, 18.645855771914658 ], [ -92.722489956627669, 18.647089738060462 ], [ -92.721263288144826, 18.648281302014784 ], [ -92.719991250131955, 18.649428835825571 ], [ -92.718675579427909, 18.650530772201055 ], [ -92.717318074564346, 18.651585604515724 ], [ -92.715920590069175, 18.652591890422993 ], [ -92.714485034561434, 18.653548255473712 ], [ -92.713013369801033, 18.654453392216251 ], [ -92.711507605937285, 18.655306063810837 ], [ -92.709969801501899, 18.656105104938185 ], [ -92.708402058660198, 18.656849422701875 ], [ -92.706806517508937, 18.657538000239263 ], [ -92.705185360810532, 18.658169895830405 ], [ -92.70354080354835, 18.658744246500856 ], [ -92.703487370646499, 18.658760800088437 ], [ -92.703276942124816, 18.658834289604023 ], [ -92.701611231742262, 18.659350310572375 ], [ -92.699926643679603, 18.659807295086527 ], [ -92.698225482882322, 18.660204620041164 ], [ -92.696510073199207, 18.660541741973852 ], [ -92.694782760212092, 18.660818198880182 ], [ -92.693045904580103, 18.661033613820202 ], [ -92.69130188108204, 18.66118769311127 ], [ -92.689553071969939, 18.661280224511035 ], [ -92.687801869792438, 18.661311081741882 ], [ -92.687560007174241, 18.661306821365656 ], [ -92.687226181252399, 18.661312702668894 ] ], [ [ -92.687226181150393, 18.625175037894774 ], [ -92.68753402810097, 18.625162570850325 ], [ -92.6878018702172, 18.625173418087464 ], [ -92.68860552289469, 18.625140870082781 ], [ -92.689403385135591, 18.6250434591371 ], [ -92.690189706066462, 18.624881888032299 ], [ -92.690958820301248, 18.624657321623648 ], [ -92.691101453193824, 18.624602676514439 ], [ -92.691222688006604, 18.624567278638757 ], [ -92.691969051845433, 18.624281333810529 ], [ -92.692687288361768, 18.623936072818278 ], [ -92.693372223082051, 18.623533982012479 ], [ -92.694018917945883, 18.623077959415181 ], [ -92.694622715919422, 18.622571291280682 ], [ -92.695179264747154, 18.622017628620771 ], [ -92.695249883699574, 18.621940242571931 ], [ -92.695425923755209, 18.621745108101059 ], [ -92.695860588246674, 18.621225832455565 ], [ -92.69631097938499, 18.620590458812565 ], [ -92.696703226565432, 18.619920957913237 ], [ -92.697034505252816, 18.619222153647833 ], [ -92.697302427702255, 18.618499081158589 ], [ -92.697505064805142, 18.617756950711513 ], [ -92.697640958454556, 18.617001109746784 ], [ -92.697709129169255, 18.616237004019833 ], [ -92.697709086559001, 18.61547013874964 ], [ -92.697640832204797, 18.614706039756914 ], [ -92.697504858752964, 18.613950210984076 ], [ -92.697302148047498, 18.613208100150054 ], [ -92.69703415885698, 18.612485052641802 ], [ -92.696702825008998, 18.611786278078128 ], [ -92.696310532682531, 18.611116811419073 ], [ -92.695860110027368, 18.61048147409744 ], [ -92.695354802551719, 18.609884845070464 ], [ -92.695037934447257, 18.609569645737782 ], [ -92.694732888398462, 18.609049061106905 ], [ -92.694282471282349, 18.608413724544345 ], [ -92.693777169667726, 18.60781709492613 ], [ -92.693220624588818, 18.607263471687624 ], [ -92.692616845246619, 18.60675684305286 ], [ -92.692462096054811, 18.606640229370168 ], [ -92.692270464062673, 18.606498887087039 ], [ -92.691778543739588, 18.606159509776386 ], [ -92.691093658057113, 18.605757454671682 ], [ -92.690375481316238, 18.605412224595433 ], [ -92.690154460858437, 18.605327548690919 ], [ -92.690067881415871, 18.605285929225918 ], [ -92.689321588981073, 18.605000012036996 ], [ -92.688552557455353, 18.604775467261288 ], [ -92.687766325482883, 18.604613913457584 ], [ -92.687640068782216, 18.604598498651583 ], [ -92.687602458204523, 18.604590770276552 ], [ -92.686804691448913, 18.604493370093994 ], [ -92.686001134544284, 18.60446082503838 ], [ -92.68519757871465, 18.604493369748891 ], [ -92.684541178493674, 18.604573511026427 ], [ -92.684224685005105, 18.604560691771322 ], [ -92.683421128477789, 18.60459323702468 ], [ -92.682623360644584, 18.604690637749339 ], [ -92.681837128984753, 18.604852192426549 ], [ -92.681068096582734, 18.605076736745279 ], [ -92.680321804224292, 18.60536265347379 ], [ -92.679603628696697, 18.605707883226728 ], [ -92.679082281048323, 18.606006888467284 ], [ -92.678720751467765, 18.606229608950425 ], [ -92.678557195885617, 18.606332668920579 ], [ -92.677910534144928, 18.606788653114268 ], [ -92.677306755361343, 18.60729528216379 ], [ -92.676750209578941, 18.607848905375839 ], [ -92.676244908306828, 18.608445535284066 ], [ -92.675794491295576, 18.609080871978932 ], [ -92.675402203712636, 18.609750339205384 ], [ -92.675070873324401, 18.610449114134109 ], [ -92.674802887664342, 18.611172161653393 ], [ -92.674600178773019, 18.61191427229009 ], [ -92.674464206984325, 18.612670101034805 ], [ -92.674395954199781, 18.613434199858997 ], [ -92.674387409820525, 18.613801721154509 ], [ -92.674387179660613, 18.61392269361583 ], [ -92.674395681284238, 18.614322038045259 ], [ -92.674463850544186, 18.615086143986069 ], [ -92.674599742691555, 18.61584198513512 ], [ -92.674802377393377, 18.61658411611484 ], [ -92.67507029724031, 18.617307188267038 ], [ -92.675401572374852, 18.618005993050229 ], [ -92.675793814623006, 18.618675494609928 ], [ -92.676244201098996, 18.619310867789977 ], [ -92.676749485491158, 18.619907536124138 ], [ -92.677306027384716, 18.620461199014787 ], [ -92.677909817783132, 18.620967867039351 ], [ -92.6779679535707, 18.621012265070569 ], [ -92.678201875164902, 18.621189473454773 ], [ -92.678650244323137, 18.62150305614631 ], [ -92.678694376807215, 18.621540914595585 ], [ -92.679079384583005, 18.621853866604752 ], [ -92.679726075092177, 18.622309889239293 ], [ -92.680411004703231, 18.622711980166212 ], [ -92.680450210767447, 18.622732296242013 ], [ -92.681018913479349, 18.623069098169296 ], [ -92.681127843465731, 18.623128191150794 ], [ -92.681202934445423, 18.623173266749628 ], [ -92.681265481118459, 18.623219109181342 ], [ -92.68173440485576, 18.623541586537261 ], [ -92.682419338493176, 18.623943676563957 ], [ -92.682969271157177, 18.624214502892443 ], [ -92.683154570841879, 18.624298565939668 ], [ -92.683322866232544, 18.624372997381503 ], [ -92.684069231269078, 18.624658941573266 ], [ -92.684838344595988, 18.624883508132569 ], [ -92.685624666417681, 18.625045079670542 ], [ -92.68642252803653, 18.625142489661112 ], [ -92.687226181150393, 18.625175037894774 ] ] ], [ [ [ -93.153606039984837, 18.471224711452336 ], [ -93.152889569207929, 18.471212074298339 ], [ -93.152104591609103, 18.471225919751856 ], [ -93.151193818278358, 18.47120985472602 ], [ -93.150749379132947, 18.471217693284906 ], [ -93.149000114983863, 18.471186834794661 ], [ -93.147253243354157, 18.471094301694446 ], [ -93.145511149287103, 18.470940220548059 ], [ -93.143776216927748, 18.470724802061468 ], [ -93.14205081530136, 18.47044833928538 ], [ -93.140337304934874, 18.470111212127698 ], [ -93.138638026473359, 18.46971388103346 ], [ -93.136955303510675, 18.469256887884317 ], [ -93.135433586125444, 18.468787492705253 ], [ -93.135092176360899, 18.468676066049522 ], [ -93.13495010973827, 18.468629458853655 ], [ -93.133307372167977, 18.468055098149229 ], [ -93.132885158937569, 18.467890343914789 ], [ -93.132878258055626, 18.467887931039733 ], [ -93.131258897367417, 18.467256023415239 ], [ -93.129665123208952, 18.466567433929409 ], [ -93.129463444857564, 18.466471576348269 ], [ -93.129362779575345, 18.466428083749285 ], [ -93.127796772993932, 18.465683752619181 ], [ -93.126260672989673, 18.464884697548197 ], [ -93.124756577399083, 18.464032011485237 ], [ -93.123286542298061, 18.463126858859326 ], [ -93.121852575366887, 18.462170476482591 ], [ -93.120456637778076, 18.461164172639748 ], [ -93.119100635664211, 18.460109321665136 ], [ -93.117786421062746, 18.45900736574373 ], [ -93.116515790015995, 18.457859810387529 ], [ -93.115290478781134, 18.456668224431937 ], [ -93.11411215909132, 18.455434236417332 ], [ -93.11298244099622, 18.454159532773648 ], [ -93.111902868125156, 18.452845854202035 ], [ -93.11087491390218, 18.451494997478839 ], [ -93.109899981543805, 18.450108807315257 ], [ -93.108979402170647, 18.448689179064196 ], [ -93.108114431966271, 18.447238051485897 ], [ -93.107306253130744, 18.445757407645676 ], [ -93.106555966308449, 18.444249271297867 ], [ -93.105864596274856, 18.442715702358488 ], [ -93.105233085314907, 18.441158796000522 ], [ -93.104662296071055, 18.439580679936483 ], [ -93.104153004921628, 18.437983510802656 ], [ -93.103705906722524, 18.436369468729978 ], [ -93.103321611032072, 18.434740760957908 ], [ -93.10300064022114, 18.43309961008292 ], [ -93.102743432329333, 18.4314482603809 ], [ -93.102550334441233, 18.429788966059018 ], [ -93.102421611222837, 18.428123993960934 ], [ -93.102357434514857, 18.426455619051612 ], [ -93.102349587209261, 18.425658166943954 ], [ -93.102349493628367, 18.425499966377831 ], [ -93.102357797335046, 18.424627920216832 ], [ -93.102422884384012, 18.422959576232603 ], [ -93.10255251159785, 18.421294667786974 ], [ -93.102746499508484, 18.419635467066687 ], [ -93.103004581560214, 18.417984241723033 ], [ -93.103326403170598, 18.416343246739839 ], [ -93.10371152363463, 18.414714721722056 ], [ -93.104159414243512, 18.413100891803172 ], [ -93.10466946302617, 18.411503960414407 ], [ -93.105240970025505, 18.40992610838634 ], [ -93.105873154881508, 18.408369490332962 ], [ -93.106565152106029, 18.406836232850136 ], [ -93.10731601487511, 18.405328427286868 ], [ -93.108124716934711, 18.403848135171653 ], [ -93.108990151654041, 18.402397375563893 ], [ -93.10991113771658, 18.400978129574877 ], [ -93.110067051281177, 18.400756589622112 ], [ -93.110453858268741, 18.400160510577482 ], [ -93.111429130757287, 18.398774716712094 ], [ -93.112457361144777, 18.397424266644173 ], [ -93.113537145984083, 18.396111004175062 ], [ -93.114667008101591, 18.394836721621864 ], [ -93.114710206561057, 18.394789853917832 ], [ -93.114849314643337, 18.394639138426559 ], [ -93.115984535863603, 18.393452418165982 ], [ -93.11720985723754, 18.392261260140089 ], [ -93.118480429357717, 18.39111413199571 ], [ -93.1197945170791, 18.390012600265599 ], [ -93.121150326676187, 18.388958168268648 ], [ -93.122546004894161, 18.387952275212594 ], [ -93.123979647466243, 18.38699629529059 ], [ -93.125449297212214, 18.386091531361185 ], [ -93.126952945932246, 18.385239221279747 ], [ -93.128488541019323, 18.384440525245978 ], [ -93.1290583233436, 18.384169734791382 ], [ -93.129133173203883, 18.384125016929175 ], [ -93.130636804648503, 18.383272705782744 ], [ -93.132172383230767, 18.382474010786819 ], [ -93.133737811981817, 18.381730020857649 ], [ -93.135330953302415, 18.381041752687146 ], [ -93.136949632738023, 18.380410145322095 ], [ -93.138591640863751, 18.379836060167008 ], [ -93.140254736116049, 18.379320281890578 ], [ -93.141936648566201, 18.378863513907298 ], [ -93.143635082751558, 18.378466380186794 ], [ -93.145347719555218, 18.378129421640214 ], [ -93.147072222824193, 18.3778530997334 ], [ -93.148806238406252, 18.377637790163153 ], [ -93.15054739887475, 18.37748378737496 ], [ -93.152293328246671, 18.377391300945295 ], [ -93.154041643865867, 18.377360458293101 ], [ -93.155789959227306, 18.377391301062733 ], [ -93.155847101849417, 18.377394328196317 ], [ -93.156018586797586, 18.3773542304782 ], [ -93.157731213365409, 18.377017271871512 ], [ -93.159455705899489, 18.376740949116755 ], [ -93.161189709345123, 18.376525639871172 ], [ -93.162930859151018, 18.376371636923022 ], [ -93.164676777472835, 18.376279150907653 ], [ -93.166425081679023, 18.376248308494045 ], [ -93.168173386230578, 18.376279151479853 ], [ -93.169919304561759, 18.376371636790211 ], [ -93.17166045380398, 18.376525640088754 ], [ -93.173394457607245, 18.376740949447818 ], [ -93.175118949920218, 18.377017271670589 ], [ -93.176831575922961, 18.377354230481508 ], [ -93.17852999958528, 18.377751363805913 ], [ -93.180211900823409, 18.378208131904699 ], [ -93.181874985894453, 18.378723910131658 ], [ -93.183516983605514, 18.37929799526048 ], [ -93.18513565287364, 18.379929602763021 ], [ -93.186728783667576, 18.380617871323505 ], [ -93.188294201730088, 18.381361861022423 ], [ -93.189829770466559, 18.382160556945525 ], [ -93.191333391882935, 18.383012868274381 ], [ -93.192803015102783, 18.383917631888377 ], [ -93.194236632574345, 18.38487361236335 ], [ -93.195632286695997, 18.385879505574849 ], [ -93.196988071703998, 18.386933937786822 ], [ -93.198302135567346, 18.388035470163118 ], [ -93.199572685665373, 18.389182598755987 ], [ -93.200797985002055, 18.390373757215446 ], [ -93.201976359781995, 18.391607319486884 ], [ -93.20310620130698, 18.392881602514816 ], [ -93.204185965029367, 18.394194865334018 ], [ -93.205214177189376, 18.395545316287023 ], [ -93.20618943102896, 18.396931111214894 ], [ -93.207110395320541, 18.39835035705763 ], [ -93.207975809644168, 18.399801117276592 ], [ -93.208784492913011, 18.401281410935987 ], [ -93.20953533770323, 18.402789216319317 ], [ -93.21022731878756, 18.404322475434025 ], [ -93.210859488409369, 18.405879094011951 ], [ -93.211392009418688, 18.40734305644035 ], [ -93.211539135743109, 18.40777107418489 ], [ -93.211578120849168, 18.407884998960547 ], [ -93.212088158661871, 18.409481930615176 ], [ -93.212536039702599, 18.411095761013048 ], [ -93.212921151793211, 18.412724286867949 ], [ -93.213242966920717, 18.414365283052916 ], [ -93.21350104315006, 18.416016508922215 ], [ -93.213695027478735, 18.417675710113375 ], [ -93.213824651115758, 18.419340619454573 ], [ -93.213889737076727, 18.421008963281192 ], [ -93.213890193570592, 18.422678463250016 ], [ -93.213826018750183, 18.424346839044723 ], [ -93.213697296940495, 18.426011811091406 ], [ -93.213504204339912, 18.42767110597531 ], [ -93.213247000511615, 18.429322457355081 ], [ -93.212926036920464, 18.430963607761932 ], [ -93.212541749380151, 18.432592316743978 ], [ -93.212094661850543, 18.43420635905656 ], [ -93.211585381720184, 18.435803529188973 ], [ -93.211014604557874, 18.437381645880958 ], [ -93.210383107494593, 18.438938552133529 ], [ -93.209691752082335, 18.440472121535933 ], [ -93.20894148241095, 18.441980259175693 ], [ -93.208133320384235, 18.443460903455374 ], [ -93.207268369522765, 18.444912031516274 ], [ -93.207202064422603, 18.44501428319214 ], [ -93.207110419046586, 18.445168036708768 ], [ -93.206189858062643, 18.446587665468996 ], [ -93.205214944969924, 18.447973855731309 ], [ -93.204187012100917, 18.449324713554816 ], [ -93.203107460181499, 18.450638391906821 ], [ -93.201977765917874, 18.451913096083135 ], [ -93.200799470636298, 18.453147084629986 ], [ -93.199574183128604, 18.454338671154456 ], [ -93.198303577761635, 18.455486226140252 ], [ -93.196989390695649, 18.456588182380422 ], [ -93.195633416094395, 18.457643034083659 ], [ -93.194237506125802, 18.458649338687952 ], [ -93.19280357001648, 18.45960572048277 ], [ -93.191333564581598, 18.460510874239642 ], [ -93.189829499898067, 18.461363560693488 ], [ -93.188293429838495, 18.462162615595357 ], [ -93.186727455850516, 18.462906947003063 ], [ -93.185133715586801, 18.463595537104833 ], [ -93.183514388581813, 18.464227444026641 ], [ -93.182107022155364, 18.464719522939596 ], [ -93.181679825524625, 18.464899541965824 ], [ -93.181450272960589, 18.464989120357387 ], [ -93.181020801167918, 18.465165776076358 ], [ -93.180942348780505, 18.465198661322852 ], [ -93.180899937778534, 18.465215491095218 ], [ -93.180754540916425, 18.465275297044116 ], [ -93.180386126550729, 18.465419381013433 ], [ -93.17984281550298, 18.465634973938862 ], [ -93.179745335580435, 18.465672290078615 ], [ -93.17922554982357, 18.46586787554936 ], [ -93.177582833030954, 18.466442237017521 ], [ -93.175918987959321, 18.466958266163704 ], [ -93.175660795723701, 18.467028387802976 ], [ -93.174954075246077, 18.46724756980311 ], [ -93.173271372275437, 18.467704563117529 ], [ -93.171572113973568, 18.468101894685027 ], [ -93.170061521718011, 18.468399102349114 ], [ -93.169063983829361, 18.468747875591742 ], [ -93.16740011609761, 18.469263905216931 ], [ -93.165717392873333, 18.469720898556169 ], [ -93.164018114834207, 18.470118230383019 ], [ -93.162304603654832, 18.470455356872812 ], [ -93.160579202946067, 18.47073181922023 ], [ -93.158844269713569, 18.470947238226014 ], [ -93.157102176245331, 18.47110131972056 ], [ -93.155355303467175, 18.471193852763246 ], [ -93.153606039984837, 18.471224711452336 ] ], [ [ -93.167227741901286, 18.412419468917054 ], [ -93.166425081514163, 18.412386922846533 ], [ -93.165622421170255, 18.412419468460936 ], [ -93.164825543060573, 18.412516871179911 ], [ -93.164040188246673, 18.412678429277882 ], [ -93.163981920089384, 18.412693099795042 ], [ -93.163538767338252, 18.412806118716034 ], [ -93.163092981652994, 18.412931075645439 ], [ -93.162476372038199, 18.413119724499325 ], [ -93.162027687494927, 18.413254891894113 ], [ -93.161752759726852, 18.413337802346373 ], [ -93.161254829313549, 18.413492206113236 ], [ -93.161027593410253, 18.413565762057875 ], [ -93.160282130059784, 18.413851684690698 ], [ -93.159564752351784, 18.414196921269941 ], [ -93.159461840906204, 18.414255610586977 ], [ -93.159109645760651, 18.414390694631876 ], [ -93.158618061897869, 18.414627268033193 ], [ -93.157940196679661, 18.414301046729506 ], [ -93.157194731300535, 18.4140151243124 ], [ -93.156426552064161, 18.413790574527798 ], [ -93.155641192136812, 18.413629016746413 ], [ -93.154844309171565, 18.413531614795993 ], [ -93.154041643669245, 18.413499068867431 ], [ -93.153238978294581, 18.41353161464755 ], [ -93.152442095294774, 18.413629017028317 ], [ -93.151656734874379, 18.413790574657813 ], [ -93.150888555463169, 18.414015124487442 ], [ -93.15014309114197, 18.414301047222491 ], [ -93.149425711916052, 18.414646283613802 ], [ -93.148980691442119, 18.414899062540556 ], [ -93.148795555812441, 18.415010879394121 ], [ -93.148556441413334, 18.41516016918132 ], [ -93.147910496931843, 18.415616163476205 ], [ -93.147716616525457, 18.415779032169894 ], [ -93.147680338816656, 18.415791656943458 ], [ -93.147237933269608, 18.415951463489211 ], [ -93.146893751274519, 18.416085110586149 ], [ -93.146511298215842, 18.416244289733672 ], [ -93.146384606767413, 18.416300222823217 ], [ -93.145742065244917, 18.41661279220731 ], [ -93.145057931344084, 18.417014856043107 ], [ -93.144411980151091, 18.417470849306426 ], [ -93.143808864421516, 18.41797748888758 ], [ -93.143255322498803, 18.418528531020772 ], [ -93.143116220230652, 18.418679266887484 ], [ -93.143113824883699, 18.418681864469587 ], [ -93.142609077592923, 18.41927850644635 ], [ -93.142159155767018, 18.419913855615754 ], [ -93.141985590785069, 18.420210390299513 ], [ -93.141616584755567, 18.420731473396337 ], [ -93.141224726953382, 18.421400954132029 ], [ -93.140893759337388, 18.422099742303601 ], [ -93.140626066474965, 18.422822804877015 ], [ -93.140423580295064, 18.423564931052258 ], [ -93.140287757371155, 18.424320773846599 ], [ -93.140219578924246, 18.425084888951705 ], [ -93.140211032580694, 18.425475788234046 ], [ -93.14021116077916, 18.42563398857807 ], [ -93.140219665772435, 18.426009969421454 ], [ -93.140287760833303, 18.426774090403896 ], [ -93.140423504861573, 18.427529947354998 ], [ -93.14062591895609, 18.428272092615455 ], [ -93.140893546024898, 18.428995179140475 ], [ -93.141224458362558, 18.429693997558068 ], [ -93.141616272804328, 18.430363511416861 ], [ -93.142066165889148, 18.430998897858082 ], [ -93.142570897540409, 18.43159557743726 ], [ -93.143126830970502, 18.432149251180316 ], [ -93.143729961106061, 18.43265592949929 ], [ -93.144375941125404, 18.433111961110075 ], [ -93.145060116574783, 18.433514059232401 ], [ -93.145777559490554, 18.433859327789513 ], [ -93.145840583071788, 18.433883500877283 ], [ -93.146079915835486, 18.433998678741464 ], [ -93.146482672951748, 18.434153155835713 ], [ -93.146509043347578, 18.434165845917171 ], [ -93.147254582261965, 18.434451796512612 ], [ -93.147345475781464, 18.434481954268445 ], [ -93.147686826500731, 18.434593359674142 ], [ -93.148364181037095, 18.434787767536967 ], [ -93.149149633436409, 18.434949341746432 ], [ -93.149946614006709, 18.435046754022839 ], [ -93.150749378857114, 18.435079302906004 ], [ -93.151325548245296, 18.435055941675184 ], [ -93.152104590979462, 18.435087528511797 ], [ -93.152870217846313, 18.435056485486594 ], [ -93.153606039678209, 18.435086320433776 ], [ -93.154408804930171, 18.435053771538346 ], [ -93.155205785330892, 18.434956358600484 ], [ -93.155991238229987, 18.434794785069048 ], [ -93.156759502889201, 18.434570213557844 ], [ -93.157505043123692, 18.434284263996474 ], [ -93.157881740370669, 18.434102979141006 ], [ -93.158041053450646, 18.434041874861009 ], [ -93.158758496273151, 18.43369660706912 ], [ -93.159186705065807, 18.43344494395825 ], [ -93.159718430170088, 18.433379951936484 ], [ -93.160206590418923, 18.43327953290073 ], [ -93.16063718478587, 18.433261891619726 ], [ -93.16143415702517, 18.433164479716016 ], [ -93.162181878252426, 18.433010665685529 ], [ -93.162759887415163, 18.432940016506301 ], [ -93.163545330510857, 18.432778442534165 ], [ -93.164313586614142, 18.43255387126991 ], [ -93.164461199663975, 18.432499230442907 ], [ -93.164510262098702, 18.432489137455246 ], [ -93.165278516584834, 18.432264566817715 ], [ -93.165648460520757, 18.432131445193686 ], [ -93.165919224067906, 18.432025888398165 ], [ -93.166054658011973, 18.431968893488882 ], [ -93.1665533192552, 18.431772599753788 ], [ -93.166858647007459, 18.431642327063525 ], [ -93.166859008607844, 18.431642188461215 ], [ -93.1668621208768, 18.431640845360594 ], [ -93.166862195654247, 18.431640812757333 ], [ -93.166945997804675, 18.431604619720005 ], [ -93.167106316386892, 18.43153538072275 ], [ -93.167344479226472, 18.431432521379893 ], [ -93.167523949041481, 18.43135501055999 ], [ -93.168238225658897, 18.431011104443741 ], [ -93.168312375398813, 18.430967525204061 ], [ -93.168599630122316, 18.430908433454182 ], [ -93.169046144299642, 18.430786216830437 ], [ -93.169245764905867, 18.430726480859466 ], [ -93.169567487809147, 18.430624129007029 ], [ -93.170313011309958, 18.430338179021252 ], [ -93.171030438599331, 18.429992910204415 ], [ -93.171714601310484, 18.4295908112448 ], [ -93.172360568369129, 18.429134780102991 ], [ -93.172963684809986, 18.428628101367352 ], [ -93.173519606804476, 18.428074428131335 ], [ -93.174024329091381, 18.427477747608393 ], [ -93.174474213363112, 18.426842361206369 ], [ -93.174585050662429, 18.426652964096281 ], [ -93.174632212026168, 18.426586355262604 ], [ -93.175024017894756, 18.425916841149228 ], [ -93.175354923510724, 18.425218022736065 ], [ -93.175622544564249, 18.424494935912612 ], [ -93.175824954402231, 18.423752789630147 ], [ -93.175960694385751, 18.422996933345601 ], [ -93.176028788966164, 18.422232811809142 ], [ -93.176028746566303, 18.421465930713339 ], [ -93.175960569922935, 18.420701816009526 ], [ -93.17582475033052, 18.419945972337413 ], [ -93.175622267571612, 18.41920384597147 ], [ -93.175566098553304, 18.419034753190374 ], [ -93.175419051971019, 18.418606708277235 ], [ -93.175207532897588, 18.418052731824069 ], [ -93.174876572724827, 18.417353942748601 ], [ -93.174484724401225, 18.416684462035736 ], [ -93.174034810190108, 18.416049111325108 ], [ -93.173530073305358, 18.41545246962157 ], [ -93.172974149455214, 18.414898835375258 ], [ -93.17237104597416, 18.414392195785208 ], [ -93.171725105815838, 18.413936201540864 ], [ -93.171040983857452, 18.413534137935986 ], [ -93.170323609011902, 18.413188901418341 ], [ -93.169578149188084, 18.41290297794286 ], [ -93.168809975315767, 18.412678428554962 ], [ -93.168024619690371, 18.41251687136176 ], [ -93.167227741901286, 18.412419468917054 ] ] ], [ [ [ -93.804554514881033, 18.310492177322807 ], [ -93.804170494673969, 18.308863448340663 ], [ -93.803849753854394, 18.307222277102117 ], [ -93.803592728744647, 18.305570905284199 ], [ -93.803399767681228, 18.303911589336362 ], [ -93.803271133844419, 18.302246595947569 ], [ -93.803207000527109, 18.300578199353389 ], [ -93.803204646977903, 18.299066414426445 ], [ -93.803223032908889, 18.297914638798225 ], [ -93.803223749091146, 18.297869866922063 ], [ -93.80322652595865, 18.297714009237392 ], [ -93.803291562373488, 18.296045643530871 ], [ -93.803421090757951, 18.294380711829429 ], [ -93.803614934310701, 18.292721489586278 ], [ -93.803872824431352, 18.291070241731866 ], [ -93.804194407359688, 18.28942922355068 ], [ -93.804579243221127, 18.287800676167741 ], [ -93.805026804133817, 18.286186823846961 ], [ -93.805536477046104, 18.284589871270242 ], [ -93.8061075646646, 18.283011997209716 ], [ -93.806739285477391, 18.281455357241931 ], [ -93.807430774681166, 18.279922077420817 ], [ -93.808181087016379, 18.278414251558381 ], [ -93.808989195813567, 18.276933937617326 ], [ -93.809853996785762, 18.275483157699632 ], [ -93.810774308006657, 18.274063891724904 ], [ -93.811014610082779, 18.273722188697096 ], [ -93.811103519688615, 18.273573032049768 ], [ -93.811558887783448, 18.272856130943598 ], [ -93.811797226809475, 18.272488638261542 ], [ -93.812224771544564, 18.271829561880597 ], [ -93.81268714426524, 18.271131139450674 ], [ -93.813661691321059, 18.269745325199246 ], [ -93.814689157002917, 18.268394855873893 ], [ -93.815768138795264, 18.267081573992694 ], [ -93.816897162208875, 18.265807272658609 ], [ -93.818074683605275, 18.264573691938132 ], [ -93.819299095862391, 18.263382516131248 ], [ -93.820568725525661, 18.262235371078525 ], [ -93.821881839421792, 18.261133822330844 ], [ -93.82323664276673, 18.260079375163652 ], [ -93.824631287643854, 18.259073467316327 ], [ -93.826063868284976, 18.258117471729424 ], [ -93.827532428630619, 18.257212695614399 ], [ -93.829034963229248, 18.256360371417635 ], [ -93.830569421996188, 18.255561664035554 ], [ -93.832133709223712, 18.254817662690328 ], [ -93.833725689267183, 18.254129384525648 ], [ -93.835343188395171, 18.253497767373467 ], [ -93.836984000478424, 18.252923674252628 ], [ -93.838645883171864, 18.252407887967571 ], [ -93.840326570210308, 18.251951112866248 ], [ -93.840711539102116, 18.251861033075198 ], [ -93.841994834595312, 18.250862185958031 ], [ -93.843389405510962, 18.249856276537372 ], [ -93.844821910568683, 18.248900281033311 ], [ -93.846290392992628, 18.247995503229426 ], [ -93.847792848532237, 18.247143178467063 ], [ -93.84932722638564, 18.246344470031463 ], [ -93.850891431081607, 18.245600468245325 ], [ -93.852483327193468, 18.24491218864555 ], [ -93.854100741219355, 18.24428057107589 ], [ -93.85574146629007, 18.243706476959709 ], [ -93.857403262164979, 18.243190690207953 ], [ -93.859083859943098, 18.2427339153951 ], [ -93.860780967710383, 18.242336774122105 ], [ -93.862492266772591, 18.241999810460051 ], [ -93.864215422013089, 18.241723483676076 ], [ -93.865948082840362, 18.241508170943494 ], [ -93.867687883167534, 18.241354165536638 ], [ -93.869432448975843, 18.241261678605976 ], [ -93.871179399225653, 18.241230834657177 ], [ -93.872926348713037, 18.24126167786514 ], [ -93.87467091464633, 18.241354165718775 ], [ -93.876410714750918, 18.241508170837211 ], [ -93.8781433757825, 18.241723483642282 ], [ -93.879866531614027, 18.241999810558841 ], [ -93.881577830794399, 18.242336774883352 ], [ -93.883274937473018, 18.242733914970035 ], [ -93.884955536149036, 18.243190690533943 ], [ -93.886617331632578, 18.243706477226119 ], [ -93.888258056622988, 18.244280571114732 ], [ -93.8898754707526, 18.244912188686495 ], [ -93.891467367206701, 18.245600468619976 ], [ -93.893031571758925, 18.246344469978972 ], [ -93.894565949415735, 18.247143178503517 ], [ -93.896068404389709, 18.247995502990904 ], [ -93.897536887686783, 18.248900280677923 ], [ -93.898969392365757, 18.249856276354464 ], [ -93.900363963009468, 18.250862185928806 ], [ -93.901718695710755, 18.251916634615146 ], [ -93.903031739997161, 18.253018184148722 ], [ -93.904301302597261, 18.2541653300514 ], [ -93.905525650308761, 18.255356507938416 ], [ -93.906703109973705, 18.256590088994159 ], [ -93.907268124756371, 18.257227845616654 ], [ -93.908242416403326, 18.258248564881828 ], [ -93.909371390486314, 18.259522866409675 ], [ -93.910301940999517, 18.260649507587338 ], [ -93.910360775093196, 18.260723113575814 ], [ -93.910492685323163, 18.260888301947489 ], [ -93.910836308037261, 18.261324861192637 ], [ -93.911112549205853, 18.261683799615735 ], [ -93.911406701502941, 18.262069515248541 ], [ -93.911945640939322, 18.26279097529228 ], [ -93.912920148956601, 18.264176790326488 ], [ -93.913840407483178, 18.265596057824716 ], [ -93.914705159822091, 18.267046839733457 ], [ -93.915513222692496, 18.268527155153542 ], [ -93.916263492871465, 18.270034983014121 ], [ -93.916954942485134, 18.271568264801534 ], [ -93.917586626588403, 18.273124905421582 ], [ -93.918157681324018, 18.27470278133762 ], [ -93.91866732579966, 18.276299736038194 ], [ -93.919114861203681, 18.277913589978684 ], [ -93.919499674594519, 18.279542139655348 ], [ -93.919821239866707, 18.281183159405067 ], [ -93.920079114962249, 18.282834408645414 ], [ -93.920272946616905, 18.284493632753048 ], [ -93.920395359177462, 18.28606718913742 ], [ -93.920402135678657, 18.286101768954175 ], [ -93.920660018212388, 18.287753017850616 ], [ -93.920853855547662, 18.28941224188361 ], [ -93.920983381320028, 18.291077173302227 ], [ -93.921048415199522, 18.292745540264416 ], [ -93.921048867609699, 18.294415062294586 ], [ -93.920984736954495, 18.296083460236748 ], [ -93.920856106787724, 18.297748455364133 ], [ -93.920663153409052, 18.299407772053659 ], [ -93.920406136448889, 18.301059144157747 ], [ -93.920085406459236, 18.30270031677621 ], [ -93.91970140020041, 18.304329047183749 ], [ -93.919254638789397, 18.305943110262973 ], [ -93.918745731510342, 18.30754030119947 ], [ -93.918175373001901, 18.309118438209047 ], [ -93.917544339493034, 18.310675364366062 ], [ -93.916853492626686, 18.312208953010899 ], [ -93.916103773802007, 18.313717109588204 ], [ -93.915296207026927, 18.315197772540841 ], [ -93.914431892327187, 18.316648917864665 ], [ -93.913512011464519, 18.318068565411785 ], [ -93.912537818448442, 18.319454772614705 ], [ -93.911510644340083, 18.320805647120888 ], [ -93.910431890605395, 18.322119341407326 ], [ -93.909303030113577, 18.323394061818885 ], [ -93.908125606175275, 18.324628064963385 ], [ -93.906901225018217, 18.325819665887174 ], [ -93.905631559559538, 18.326967235351766 ], [ -93.90431834469922, 18.328069204380874 ], [ -93.902963373558308, 18.329124068803083 ], [ -93.901568497454505, 18.330130384739167 ], [ -93.901062151528407, 18.33046835593268 ], [ -93.90100749845503, 18.330507784115074 ], [ -93.899574620676262, 18.33146417755561 ], [ -93.898105700223383, 18.332369341823338 ], [ -93.896602746090892, 18.333222038438016 ], [ -93.895067811332467, 18.334021102858163 ], [ -93.893502993992414, 18.334765442674431 ], [ -93.891910431435377, 18.335454040353095 ], [ -93.890292301294735, 18.33608595504392 ], [ -93.888650813894188, 18.336660322620546 ], [ -93.887513879924569, 18.337013204994971 ], [ -93.887213382746609, 18.33711834964371 ], [ -93.885550778622203, 18.337634384946142 ], [ -93.884851764775107, 18.337824370837176 ], [ -93.88478218822577, 18.337848716145242 ], [ -93.883119576691513, 18.3383647515614 ], [ -93.881438123991217, 18.338821750427485 ], [ -93.879740129070569, 18.339219086134818 ], [ -93.87966431247763, 18.339234015167666 ], [ -93.879089558656275, 18.339397023989374 ], [ -93.879031784723537, 18.339412986617265 ], [ -93.878245273171174, 18.339630295548034 ], [ -93.87782602905672, 18.339741190923927 ], [ -93.877657266306244, 18.339805065609877 ], [ -93.877320447343962, 18.339931125807826 ], [ -93.875678924059869, 18.340505493955067 ], [ -93.874016287459995, 18.341021528727829 ], [ -93.872334808641995, 18.341478527767844 ], [ -93.87176306449571, 18.341612317410522 ], [ -93.870731648561517, 18.341932436119016 ], [ -93.86905016257036, 18.342389433931658 ], [ -93.867352132506824, 18.342786770098037 ], [ -93.865639880629473, 18.343123901268914 ], [ -93.865160432125407, 18.34320078252415 ], [ -93.865016469670138, 18.343234468734661 ], [ -93.864090332991324, 18.343424641428662 ], [ -93.863295333922821, 18.343579819180547 ], [ -93.862954316587334, 18.343644962742744 ], [ -93.862090045189717, 18.343830017975797 ], [ -93.86107614931197, 18.34403537742385 ], [ -93.86000248643316, 18.34423939705421 ], [ -93.858278341863539, 18.344515862478513 ], [ -93.856544672549973, 18.344731283482513 ], [ -93.854803847639985, 18.34488536624616 ], [ -93.853058248093816, 18.344977901028802 ], [ -93.852484484602371, 18.344994836617133 ], [ -93.852270551675417, 18.34499991073957 ], [ -93.852270514771291, 18.344999911808351 ], [ -93.851840514975876, 18.345010109538944 ], [ -93.850666417840003, 18.345024028783431 ], [ -93.848918428507758, 18.344993169843189 ], [ -93.847172828229603, 18.34490063570215 ], [ -93.84543200345054, 18.344746553143416 ], [ -93.843698334374906, 18.344531131305889 ], [ -93.841974189297275, 18.344254666227659 ], [ -93.840261926456535, 18.343917535414246 ], [ -93.838563885510581, 18.34352019877841 ], [ -93.836882387537528, 18.34306320134953 ], [ -93.835219731199473, 18.342547165154219 ], [ -93.833578188989364, 18.341972798267772 ], [ -93.831960003382832, 18.341340883982586 ], [ -93.830367387800408, 18.340652286223094 ], [ -93.828802517121645, 18.339907946871893 ], [ -93.827267530502255, 18.339108883042254 ], [ -93.826138523227769, 18.338475113446343 ], [ -93.82599178237318, 18.338390107408589 ], [ -93.825963254317031, 18.338373580179169 ], [ -93.825589951860096, 18.33815505715009 ], [ -93.82412098311309, 18.337249893485687 ], [ -93.82268805698898, 18.336293500110251 ], [ -93.821293131767362, 18.335287184332948 ], [ -93.819938112898697, 18.334232320608429 ], [ -93.818624851116198, 18.333130352347226 ], [ -93.817355141448203, 18.331982783780038 ], [ -93.816130716608797, 18.330791183595519 ], [ -93.814953250760624, 18.329557180399171 ], [ -93.81382435098935, 18.328282460936567 ], [ -93.812745559184336, 18.326968767367795 ], [ -93.811718349184474, 18.325617893658944 ], [ -93.810744122057741, 18.324231687403469 ], [ -93.809824207955117, 18.322812040771197 ], [ -93.808959863301354, 18.321360895936959 ], [ -93.808152267910984, 18.319880234242245 ], [ -93.807402522168303, 18.318372078913132 ], [ -93.806711650798235, 18.316838490520229 ], [ -93.806080595295612, 18.315281565198564 ], [ -93.805510216747351, 18.313703429208232 ], [ -93.805001292060567, 18.312106239849818 ], [ -93.804554514881033, 18.310492177322807 ] ], [ [ -93.871981435629664, 18.277402506725739 ], [ -93.871179399095553, 18.277369960706157 ], [ -93.870377361929215, 18.277402506878776 ], [ -93.869581102265812, 18.277499910233409 ], [ -93.868796357170837, 18.277661470606855 ], [ -93.86802877915477, 18.277886022875656 ], [ -93.867283898424873, 18.278171949773061 ], [ -93.866567080390283, 18.27851719201389 ], [ -93.865883489803423, 18.278919262001953 ], [ -93.86523805208175, 18.279375262068005 ], [ -93.864635415601541, 18.279881909027758 ], [ -93.864079924356844, 18.280435551462105 ], [ -93.863575579337052, 18.281032202412081 ], [ -93.863126014980935, 18.281667561160166 ], [ -93.863010041718908, 18.28186586146138 ], [ -93.86288339769547, 18.282022267511238 ], [ -93.862657488569823, 18.282151386997672 ], [ -93.862367646367218, 18.282328440575203 ], [ -93.862166872332352, 18.282454545072166 ], [ -93.861521421188456, 18.282910545981721 ], [ -93.860918773041689, 18.283417192790466 ], [ -93.860363270164612, 18.283970835070537 ], [ -93.860174161236216, 18.2841945511624 ], [ -93.859761344911263, 18.284353007328818 ], [ -93.85921045207958, 18.284618325131785 ], [ -93.858631082497922, 18.284840710802694 ], [ -93.857914237181362, 18.285185951951984 ], [ -93.857813108799363, 18.285240697996255 ], [ -93.857635711889245, 18.285338110865681 ], [ -93.857627503258598, 18.28534261857267 ], [ -93.857542926968634, 18.285389061523226 ], [ -93.857533491758844, 18.285394243507909 ], [ -93.856951139447361, 18.285741492339746 ], [ -93.856737433289936, 18.285892469191189 ], [ -93.856369017730032, 18.286069901460674 ], [ -93.856202593602262, 18.286164234502813 ], [ -93.856077540520872, 18.286200816507435 ], [ -93.85533262422895, 18.286486743064874 ], [ -93.855205020693262, 18.286544479289745 ], [ -93.855204603126523, 18.286544601357544 ], [ -93.854498975258508, 18.286815447844841 ], [ -93.854021127804373, 18.286717074999494 ], [ -93.85322482600283, 18.286619670863054 ], [ -93.852422747311678, 18.286587125512114 ], [ -93.851620667766809, 18.286619671646726 ], [ -93.850824365858657, 18.28671707480953 ], [ -93.850039579054325, 18.286878635384486 ], [ -93.849271960305444, 18.287103187882149 ], [ -93.848527040300908, 18.287389114656438 ], [ -93.847810184968338, 18.287734356025563 ], [ -93.847126557724593, 18.288136424888446 ], [ -93.846481085523322, 18.288592424937665 ], [ -93.84587841828872, 18.289099071611879 ], [ -93.845322896862484, 18.289652713912997 ], [ -93.844818525710949, 18.290249363432348 ], [ -93.844382274691441, 18.290864094062119 ], [ -93.843955863794932, 18.291521608468546 ], [ -93.843718625552583, 18.29188750743026 ], [ -93.843705799623635, 18.291907346404074 ], [ -93.843314232022976, 18.292576835878201 ], [ -93.843182371765266, 18.292855451494969 ], [ -93.842906229271605, 18.293182110138069 ], [ -93.84245663399399, 18.293817467792135 ], [ -93.842065062266272, 18.294486958536933 ], [ -93.841734336252699, 18.295185755957387 ], [ -93.841466840153174, 18.295908827662192 ], [ -93.841264501398541, 18.296650964276349 ], [ -93.841128778508647, 18.297406817443601 ], [ -93.841060650861081, 18.298170942342079 ], [ -93.841053183026276, 18.298418606520272 ], [ -93.841052488077409, 18.2984626252697 ], [ -93.841034363964496, 18.299613651615918 ], [ -93.841041796215464, 18.300132502011689 ], [ -93.841109842226956, 18.3008966335574 ], [ -93.84124548817266, 18.301652499758589 ], [ -93.841447755816773, 18.302394654194309 ], [ -93.841715188572337, 18.303117750998972 ], [ -93.842045862042795, 18.303816578263429 ], [ -93.842437392722417, 18.30448610138723 ], [ -93.842886959894699, 18.305121495529491 ], [ -93.843391325669302, 18.305718183491944 ], [ -93.843946856868214, 18.306271863653148 ], [ -93.844549548862489, 18.306778548739878 ], [ -93.845195060680695, 18.307234586473644 ], [ -93.845586984928261, 18.307474413482566 ], [ -93.845615247631372, 18.307490784577027 ], [ -93.845761709745545, 18.307575623973907 ], [ -93.846053326369542, 18.307737819688708 ], [ -93.846770249185184, 18.308083092845056 ], [ -93.847515247431474, 18.308369046236134 ], [ -93.848282953066132, 18.308593620253802 ], [ -93.849067834501795, 18.308755196225821 ], [ -93.849864236438933, 18.308852609803033 ], [ -93.850666417782492, 18.308885158929346 ], [ -93.850901188877316, 18.308882375832699 ], [ -93.851331132734217, 18.308872179165988 ], [ -93.851545055419336, 18.308867105935857 ], [ -93.852112440717875, 18.308837340073904 ], [ -93.852908841230288, 18.308739926747926 ], [ -93.853263040478026, 18.308675252294147 ], [ -93.854031215843293, 18.308520230470858 ], [ -93.855111952257985, 18.308288245075939 ], [ -93.855505772278889, 18.30821314503682 ], [ -93.855505814816681, 18.308213136712467 ], [ -93.855799253170119, 18.308157154633403 ], [ -93.856507296861778, 18.308018863401148 ], [ -93.856995474770329, 18.307910551601573 ], [ -93.857616066163089, 18.307730459784914 ], [ -93.857749884972378, 18.30772184061993 ], [ -93.85854628104066, 18.307624426678863 ], [ -93.859331157666432, 18.307462850543104 ], [ -93.860098858742305, 18.307238276587221 ], [ -93.860843852552108, 18.306952323295786 ], [ -93.861155169818943, 18.306802391476587 ], [ -93.86135264356615, 18.306779893922368 ], [ -93.861830982965429, 18.30671351684698 ], [ -93.862615855717053, 18.306551941028452 ], [ -93.863383552790353, 18.306327366817253 ], [ -93.863716715720201, 18.306208146500502 ], [ -93.864045627368199, 18.306083660614227 ], [ -93.864981762026986, 18.305729347089546 ], [ -93.865901164556462, 18.305381358933207 ], [ -93.86656463469312, 18.305161581906848 ], [ -93.866700407878668, 18.305140670218698 ], [ -93.867485273005968, 18.304979093797879 ], [ -93.867730016594791, 18.304914860292488 ], [ -93.868516522528409, 18.304697555969231 ], [ -93.86857441941784, 18.304681559251595 ], [ -93.868960348053236, 18.304566338561596 ], [ -93.86969089216349, 18.304331743217475 ], [ -93.870217412890028, 18.304162663276482 ], [ -93.870760483478577, 18.304083633943556 ], [ -93.870934458923159, 18.304056730376356 ], [ -93.871719319304887, 18.303895154052451 ], [ -93.872487004843208, 18.303670580247804 ], [ -93.873231983110472, 18.303384625994106 ], [ -93.873348203622214, 18.303328653093843 ], [ -93.873365712226416, 18.303326360649027 ], [ -93.874150568576468, 18.303164784485649 ], [ -93.874918251185719, 18.302940210177283 ], [ -93.875430584462038, 18.302743555333766 ], [ -93.875588034390233, 18.302706756785838 ], [ -93.87635571480854, 18.30248218226512 ], [ -93.877100687738647, 18.302196228698683 ], [ -93.877817585911359, 18.301850955380662 ], [ -93.878501243999921, 18.301448851829019 ], [ -93.878901903315921, 18.301165787027479 ], [ -93.879062291856528, 18.301071451208642 ], [ -93.879707780376165, 18.300615413500509 ], [ -93.880310452104027, 18.30010872880316 ], [ -93.880865962722311, 18.299555047914886 ], [ -93.881370311357315, 18.298958359870234 ], [ -93.881819863146319, 18.298322964708454 ], [ -93.882211379345392, 18.297653441688716 ], [ -93.882542040790355, 18.296954613922225 ], [ -93.882809464748746, 18.296231516650646 ], [ -93.883011725533152, 18.29548936189433 ], [ -93.883147365608878, 18.294733495012466 ], [ -93.883215409596289, 18.293969363000837 ], [ -93.883215368755174, 18.293202471990792 ], [ -93.883147242638941, 18.292438346571839 ], [ -93.883011523605163, 18.291682492718024 ], [ -93.882809189950706, 18.290940356251301 ], [ -93.882541701900934, 18.290217284004566 ], [ -93.882508588981509, 18.290143295070418 ], [ -93.882567520151241, 18.28981488753945 ], [ -93.882635561990497, 18.289050755337183 ], [ -93.882635520925163, 18.288283863846427 ], [ -93.882567396482756, 18.2875197376603 ], [ -93.882431680985718, 18.286763883662257 ], [ -93.882229353619564, 18.286021746773841 ], [ -93.881961872656035, 18.285298674750244 ], [ -93.88163116575052, 18.284599875757308 ], [ -93.88123961650416, 18.283930385005497 ], [ -93.88083117559691, 18.283348554539042 ], [ -93.880537857182091, 18.282963845028437 ], [ -93.880468373896207, 18.28287337421559 ], [ -93.880379809042196, 18.282761004789421 ], [ -93.880294712715482, 18.282654486498014 ], [ -93.880236027741915, 18.282581051282627 ], [ -93.879817911006938, 18.282094023009968 ], [ -93.87926241422052, 18.281540380135915 ], [ -93.878991452219111, 18.281312581111365 ], [ -93.878929532490602, 18.281226503277683 ], [ -93.878783218227696, 18.281032202287413 ], [ -93.878278873935457, 18.280435551975078 ], [ -93.877723381697407, 18.279881908648132 ], [ -93.877120746295688, 18.279375262538352 ], [ -93.876475308348418, 18.278919261643889 ], [ -93.875791717726983, 18.278517191983621 ], [ -93.875074899374283, 18.278171950655285 ], [ -93.874330019150861, 18.277886023411238 ], [ -93.873562440266383, 18.277661470409356 ], [ -93.872777695788272, 18.277499910080412 ], [ -93.871981435629664, 18.277402506725739 ] ] ] ] } },
{ "type": "Feature", "properties": { "Shape_Leng": 305027.02596499998, "Shape_Area": 762243251.97300005, "distance": 10000.0 }, "geometry": { "type": "MultiPolygon", "coordinates": [ [ [ [ -92.687226180749519, 18.706484587560542 ], [ -92.684669830283823, 18.706451723019043 ], [ -92.682115340622275, 18.706353155893453 ], [ -92.67956457356162, 18.706188956359259 ], [ -92.677019386040357, 18.705959244392098 ], [ -92.674481632978555, 18.705664187060098 ], [ -92.671953160626273, 18.70530399941542 ], [ -92.66943581224379, 18.704878944502475 ], [ -92.666931420508931, 18.704389330631862 ], [ -92.664441808446554, 18.70383551589893 ], [ -92.661968789431086, 18.703217901855059 ], [ -92.659514164319106, 18.702536939826942 ], [ -92.657079720505834, 18.701793123681519 ], [ -92.654667230003, 18.700986997954026 ], [ -92.652278451348778, 18.700119147002912 ], [ -92.649915121043534, 18.699190204932282 ], [ -92.647578962096048, 18.698200846566408 ], [ -92.646492574433509, 18.697715968865317 ], [ -92.646307213391523, 18.697631870236712 ], [ -92.645086400930239, 18.697067734768112 ], [ -92.642809664102046, 18.695959749642654 ], [ -92.640565134470805, 18.694793640411127 ], [ -92.638354446841362, 18.693570255522822 ], [ -92.636179209212585, 18.69229048590935 ], [ -92.634786568003221, 18.691420842472361 ], [ -92.634171210361174, 18.691058798819032 ], [ -92.632033021093861, 18.68972357612288 ], [ -92.629933421538126, 18.688333872994786 ], [ -92.627873939237702, 18.686890700571549 ], [ -92.625856072071414, 18.685395110640076 ], [ -92.625558174833145, 18.685161760540211 ], [ -92.625125215837528, 18.684841771038361 ], [ -92.624891262611342, 18.684664499059039 ], [ -92.624686781299687, 18.684509117534152 ], [ -92.622712007990586, 18.682962197653399 ], [ -92.620781752897884, 18.681365075193259 ], [ -92.618897422054857, 18.679718912114989 ], [ -92.617060386140935, 18.678024906479447 ], [ -92.615271978584914, 18.67628429243813 ], [ -92.613533502210586, 18.674498336626428 ], [ -92.611846219752579, 18.672668339043152 ], [ -92.610211357652602, 18.670795632149137 ], [ -92.608630104170743, 18.668881578147435 ], [ -92.607103609385462, 18.666927569881786 ], [ -92.605632981403659, 18.664935030824001 ], [ -92.604219288268666, 18.662905411458063 ], [ -92.602863557970579, 18.660840186563942 ], [ -92.601566774643018, 18.658740861531715 ], [ -92.600329879537455, 18.656608963321172 ], [ -92.599153770076299, 18.654446042263096 ], [ -92.598039300804885, 18.652253672960882 ], [ -92.596987279611625, 18.650033451567243 ], [ -92.595998469639724, 18.647786992169202 ], [ -92.595073587389891, 18.645515930395554 ], [ -92.594213304638942, 18.643221917091221 ], [ -92.593418242748882, 18.640906622820371 ], [ -92.592688978379016, 18.638571731549501 ], [ -92.592026038754128, 18.636218940634258 ], [ -92.591429904513745, 18.63384996263073 ], [ -92.59090100593788, 18.631466521669811 ], [ -92.5904397248637, 18.629070348940225 ], [ -92.590046394678126, 18.626663189917032 ], [ -92.589721296561848, 18.624246793506561 ], [ -92.58946466612278, 18.621822917482117 ], [ -92.589276686778987, 18.619393324853498 ], [ -92.589157491667649, 18.616959782966486 ], [ -92.589107163662106, 18.614524060791108 ], [ -92.589105583109657, 18.613755885146379 ], [ -92.589105873551631, 18.613634912038961 ], [ -92.589126028621735, 18.611966957606061 ], [ -92.589213488974352, 18.609532190049656 ], [ -92.589369767330567, 18.607100554347934 ], [ -92.589594748474212, 18.604673819648202 ], [ -92.589888265098025, 18.602253750392954 ], [ -92.590250101605619, 18.599842106329366 ], [ -92.590679991286791, 18.597440638889427 ], [ -92.591177619160547, 18.595051095716407 ], [ -92.591742621054408, 18.592675213434841 ], [ -92.592374582664192, 18.590314718553984 ], [ -92.593073042406985, 18.58797132747668 ], [ -92.593837490491012, 18.585646742884563 ], [ -92.594667367026958, 18.583342654640624 ], [ -92.595562067731649, 18.581060736189574 ], [ -92.596520938241255, 18.578802648163773 ], [ -92.597543281722281, 18.576570029365133 ], [ -92.598628350332405, 18.574364503980828 ], [ -92.599775354723988, 18.572187673473366 ], [ -92.600983458355543, 18.570041120187405 ], [ -92.602251781299614, 18.567926402843096 ], [ -92.603579400241657, 18.565845059251711 ], [ -92.60496534849608, 18.563798601801107 ], [ -92.606408616014676, 18.561788515652605 ], [ -92.607908153173256, 18.559816262368813 ], [ -92.609462867944615, 18.557883274489541 ], [ -92.611071630637667, 18.555990956450188 ], [ -92.612733269163883, 18.554140683673168 ], [ -92.614446575682834, 18.552333798067313 ], [ -92.616210303748261, 18.55057161344978 ], [ -92.618023170216418, 18.54885541013218 ], [ -92.619883859038666, 18.547186434029371 ], [ -92.621791014625956, 18.545565897554649 ], [ -92.6237432522733, 18.543994978742081 ], [ -92.625739153430303, 18.542474816722763 ], [ -92.627777265689332, 18.541006516248643 ], [ -92.629856108478023, 18.539591143189575 ], [ -92.631974171155193, 18.53822972724581 ], [ -92.632459680316529, 18.537928669102403 ], [ -92.632821126643151, 18.537706035212889 ], [ -92.634491519227126, 18.536700523861587 ], [ -92.636683375449422, 18.535449945123794 ], [ -92.63890975353516, 18.534256167575954 ], [ -92.641169036779729, 18.53312005914275 ], [ -92.643459583140981, 18.532042443475948 ], [ -92.64577972996311, 18.531024103582606 ], [ -92.648127792080757, 18.530065779113791 ], [ -92.650502062759358, 18.529168166370091 ], [ -92.652900818430751, 18.528331915602443 ], [ -92.655322317728533, 18.527557635532407 ], [ -92.657764801490956, 18.52684588793273 ], [ -92.660226496540346, 18.526197188540472 ], [ -92.662705615668841, 18.525612009771354 ], [ -92.665200357640074, 18.525090775299105 ], [ -92.667708911908022, 18.524633864585255 ], [ -92.670229456719582, 18.524241609262166 ], [ -92.672760161947068, 18.523914293140038 ], [ -92.675299190967721, 18.523652154922679 ], [ -92.677844699713077, 18.523455384592065 ], [ -92.679294639296543, 18.523380758058657 ], [ -92.679621152403101, 18.523355517111618 ], [ -92.682171291601179, 18.523224257236159 ], [ -92.684724212043264, 18.523158603572544 ], [ -92.687278058625068, 18.523158603593149 ], [ -92.689830978226937, 18.523224256970362 ], [ -92.69238111685948, 18.523355516475331 ], [ -92.694926624391812, 18.523552287081596 ], [ -92.697465651700497, 18.52381442505607 ], [ -92.6999963563389, 18.524141740678505 ], [ -92.700070492079263, 18.524153278784642 ], [ -92.700160224614322, 18.524164884078385 ], [ -92.70268076870596, 18.524557139460082 ], [ -92.705189321501294, 18.525014050569094 ], [ -92.707684062427163, 18.525535284297657 ], [ -92.710163179439007, 18.526120463355269 ], [ -92.712624873754763, 18.526769162658653 ], [ -92.715067357001772, 18.527480910228878 ], [ -92.717488854991544, 18.528255190809677 ], [ -92.719887609613508, 18.529091441348402 ], [ -92.722261879768254, 18.529989054609647 ], [ -92.724609940411966, 18.530947379170666 ], [ -92.724634175275781, 18.530958016121634 ], [ -92.724917565787948, 18.531073675769544 ], [ -92.727237713384554, 18.532092014986318 ], [ -92.729528260972174, 18.533169630145586 ], [ -92.731787544889201, 18.534305739070689 ], [ -92.734013923185174, 18.535499516294767 ], [ -92.736205780349437, 18.536750094870964 ], [ -92.73836152256699, 18.538056567265375 ], [ -92.740479583401239, 18.539417983553136 ], [ -92.742558423782768, 18.540833355932627 ], [ -92.744429495501876, 18.542178196193348 ], [ -92.744621099214555, 18.542319486061658 ], [ -92.74478821645134, 18.542443005470172 ], [ -92.746784117210311, 18.543963167676473 ], [ -92.748736353982864, 18.5455340871864 ], [ -92.75064351040092, 18.547154622857381 ], [ -92.752504197444054, 18.548823599261709 ], [ -92.754317064814657, 18.55053980308184 ], [ -92.756080792403679, 18.552301986709079 ], [ -92.757794098813818, 18.554108871865434 ], [ -92.759455736627331, 18.555959145976914 ], [ -92.761064499037673, 18.557851463985088 ], [ -92.762619214160551, 18.559784451949994 ], [ -92.764082344886617, 18.561708823158931 ], [ -92.764197675226569, 18.561852210411569 ], [ -92.765697230777803, 18.563824462864822 ], [ -92.767140515826171, 18.565834548495388 ], [ -92.768526479354449, 18.567881005816051 ], [ -92.769854113802779, 18.569962348968641 ], [ -92.771122452233499, 18.572077065004741 ], [ -92.772330571173256, 18.574223618403757 ], [ -92.77347758872645, 18.57640044835502 ], [ -92.774562670261432, 18.578605973279672 ], [ -92.775585025572695, 18.580838591726899 ], [ -92.776543908891057, 18.583096679658976 ], [ -92.777438619830377, 18.585378596775154 ], [ -92.778268507188713, 18.587682684705459 ], [ -92.779032963267326, 18.590007268808176 ], [ -92.779731431459012, 18.592350659983328 ], [ -92.780363401519111, 18.594711153760695 ], [ -92.780928409567508, 18.597087035719927 ], [ -92.781426043788443, 18.599476578783388 ], [ -92.78185593875088, 18.601878045015365 ], [ -92.782217779206178, 18.60428968833557 ], [ -92.782511300094797, 18.60670975722925 ], [ -92.782736283717526, 18.609136491127273 ], [ -92.782892564478317, 18.611568125833269 ], [ -92.782980025103328, 18.614002893518578 ], [ -92.782998600440862, 18.616439024533445 ], [ -92.782948272734671, 18.618874745593939 ], [ -92.782829076365132, 18.621308287017506 ], [ -92.782641094072801, 18.623737879103867 ], [ -92.782384460758564, 18.626161753947542 ], [ -92.782059360644624, 18.628578149954084 ], [ -92.781666025392369, 18.630985309127841 ], [ -92.781204738848132, 18.633381480693824 ], [ -92.780675835156359, 18.635764922000892 ], [ -92.780079694028174, 18.638133899421856 ], [ -92.779416747386335, 18.640486689267242 ], [ -92.778687475578039, 18.642821581398199 ], [ -92.777892404545625, 18.645136874706839 ], [ -92.777032111511346, 18.647430887067507 ], [ -92.77610721930553, 18.649701949006499 ], [ -92.77511839826532, 18.651948408226588 ], [ -92.77406636529436, 18.654168629609195 ], [ -92.772951883866796, 18.656360997929642 ], [ -92.771775761189943, 18.658523917857345 ], [ -92.770538852947993, 18.660655816677156 ], [ -92.769242054778474, 18.662755141571523 ], [ -92.76788630890772, 18.664820365055956 ], [ -92.766472601311662, 18.666849984979738 ], [ -92.765001956032393, 18.668842523619997 ], [ -92.763475444660827, 18.670796530409234 ], [ -92.761894173061222, 18.672710584635109 ], [ -92.760259293706625, 18.674583291845607 ], [ -92.760105492673219, 18.674754276641131 ], [ -92.759929472082504, 18.67494946993007 ], [ -92.758396030066493, 18.676608415140041 ], [ -92.756657532526845, 18.67839437086047 ], [ -92.754869103584383, 18.680134984426939 ], [ -92.753032044205611, 18.681828989930523 ], [ -92.751147689638614, 18.683475152251102 ], [ -92.749217411297508, 18.685072275198998 ], [ -92.747242612978752, 18.686619194284763 ], [ -92.745224731795872, 18.688114784859373 ], [ -92.743165234391967, 18.689557956691697 ], [ -92.741065619773906, 18.690947659399612 ], [ -92.738927415517068, 18.692282881546156 ], [ -92.736752178708329, 18.693562651549268 ], [ -92.734541491202748, 18.694786035872276 ], [ -92.732296961505412, 18.695952145357456 ], [ -92.730020224774606, 18.697060129807944 ], [ -92.727712937116934, 18.698109183406288 ], [ -92.725376779378678, 18.699098542012894 ], [ -92.723013450497348, 18.700027484967606 ], [ -92.720624672236298, 18.700895335100622 ], [ -92.72042516697492, 18.700962000397293 ], [ -92.720360820334122, 18.70098537765983 ], [ -92.717948330040514, 18.701791504178964 ], [ -92.715513887242622, 18.702535319391938 ], [ -92.71305926220937, 18.703216282015585 ], [ -92.710586242310129, 18.703833895165104 ], [ -92.7080966310495, 18.704387710874418 ], [ -92.705592238582582, 18.704877324661066 ], [ -92.703074890235129, 18.70530237915677 ], [ -92.700546417952566, 18.70566256680738 ], [ -92.698008664094743, 18.705957623553861 ], [ -92.695463477618944, 18.706187336058086 ], [ -92.692912710286762, 18.706351535371283 ], [ -92.690358221384329, 18.706450103268789 ], [ -92.687801870133669, 18.706482966815877 ], [ -92.687577065315011, 18.706480077985713 ], [ -92.687226180749519, 18.706484587560542 ] ], [ [ -92.687226181252399, 18.661312702668894 ], [ -92.687560007174241, 18.661306821365656 ], [ -92.687801869792438, 18.661311081741882 ], [ -92.689553071969939, 18.661280224511035 ], [ -92.69130188108204, 18.66118769311127 ], [ -92.693045904580103, 18.661033613820202 ], [ -92.694782760212092, 18.660818198880182 ], [ -92.696510073199207, 18.660541741973852 ], [ -92.698225482882322, 18.660204620041164 ], [ -92.699926643679603, 18.659807295086527 ], [ -92.701611231742262, 18.659350310572375 ], [ -92.703276942124816, 18.658834289604023 ], [ -92.703487370646499, 18.658760800088437 ], [ -92.70354080354835, 18.658744246500856 ], [ -92.705185360810532, 18.658169895830405 ], [ -92.706806517508937, 18.657538000239263 ], [ -92.708402058660198, 18.656849422701875 ], [ -92.709969801501899, 18.656105104938185 ], [ -92.711507605937285, 18.655306063810837 ], [ -92.713013369801033, 18.654453392216251 ], [ -92.714485034561434, 18.653548255473712 ], [ -92.715920590069175, 18.652591890422993 ], [ -92.717318074564346, 18.651585604515724 ], [ -92.718675579427909, 18.650530772201055 ], [ -92.719991250131955, 18.649428835825571 ], [ -92.721263288144826, 18.648281302014784 ], [ -92.722489956627669, 18.647089738060462 ], [ -92.723669580435342, 18.645855771914658 ], [ -92.723991411077691, 18.645502682997776 ], [ -92.724167442445449, 18.645307522901792 ], [ -92.724976548058194, 18.644385963782884 ], [ -92.726057314547077, 18.643072309629808 ], [ -92.727086404842424, 18.641721477626088 ], [ -92.728062413361172, 18.640335313936426 ], [ -92.728984008552644, 18.638915710913132 ], [ -92.729849932887902, 18.637464610705457 ], [ -92.730659002870098, 18.635983995312539 ], [ -92.731410116610817, 18.634475887492734 ], [ -92.732102248140237, 18.632942347135046 ], [ -92.732734453087403, 18.631385471262856 ], [ -92.733305870581589, 18.629807384993878 ], [ -92.733815720391675, 18.628210246050898 ], [ -92.734263308618225, 18.626596235728289 ], [ -92.734648024837483, 18.624967559788075 ], [ -92.734969344945355, 18.623326441230471 ], [ -92.735226833984115, 18.621675123910531 ], [ -92.735420139509941, 18.620015862584605 ], [ -92.735549001058956, 18.618350923825663 ], [ -92.735613243504474, 18.616682582397196 ], [ -92.735612780844363, 18.615013115834955 ], [ -92.73554761713342, 18.613344806255178 ], [ -92.735417841744578, 18.61167993130978 ], [ -92.735223634094424, 18.610020765097289 ], [ -92.734965261741507, 18.608369573641866 ], [ -92.734643078481938, 18.606728612180532 ], [ -92.734257527187921, 18.605100120649634 ], [ -92.733809136002563, 18.603486324585678 ], [ -92.73329851928861, 18.601889426994632 ], [ -92.732726374773719, 18.60031160835101 ], [ -92.732093486388806, 18.598755022989927 ], [ -92.731400719519939, 18.597221798200085 ], [ -92.730649021960659, 18.595714025191299 ], [ -92.729839422000424, 18.594233763614877 ], [ -92.72897302653034, 18.592783035238948 ], [ -92.728051019145951, 18.591363820335662 ], [ -92.72707466108983, 18.589978056783533 ], [ -92.72604528461649, 18.588627636448123 ], [ -92.725745167012363, 18.588263041790483 ], [ -92.725496645207926, 18.587910302835091 ], [ -92.724467282092007, 18.586559881121843 ], [ -92.723386308851573, 18.585246647168084 ], [ -92.722255203521357, 18.583972392714024 ], [ -92.721075509459112, 18.582738857169559 ], [ -92.719848840084907, 18.581547725819505 ], [ -92.718576870361659, 18.580400622586719 ], [ -92.717261336786009, 18.579299115460742 ], [ -92.715904036457374, 18.578244706560731 ], [ -92.715648704348112, 18.578055067725611 ], [ -92.715457085423822, 18.577913747868624 ], [ -92.714315164562933, 18.577097487569258 ], [ -92.712879947731182, 18.576141529208982 ], [ -92.71140868397903, 18.575236785602932 ], [ -92.709903384408904, 18.574384493599169 ], [ -92.708366102747945, 18.573585816946665 ], [ -92.706798938201587, 18.572841843593473 ], [ -92.705204029765113, 18.572153591105927 ], [ -92.705049673852756, 18.572093430563612 ], [ -92.704896419146166, 18.572027294787031 ], [ -92.703275945136951, 18.57139570230904 ], [ -92.70163211795122, 18.570821630252496 ], [ -92.699967179923064, 18.570305864258049 ], [ -92.698283403755653, 18.569849106934488 ], [ -92.696583088734513, 18.569451981471598 ], [ -92.694868554105881, 18.569115030729161 ], [ -92.693142140986723, 18.568838715435191 ], [ -92.693056520608167, 18.568828095690755 ], [ -92.692978272920413, 18.568815571850134 ], [ -92.691242338142743, 18.568600267283387 ], [ -92.689499249025943, 18.568446268671799 ], [ -92.687751386791916, 18.568353784899926 ], [ -92.686001134680438, 18.568322942695854 ], [ -92.684250883651231, 18.568353784833889 ], [ -92.682503021027813, 18.568446268308413 ], [ -92.682337335520927, 18.568460906613538 ], [ -92.680726569151886, 18.568546136295549 ], [ -92.678983479104247, 18.568700134851365 ], [ -92.677247543449397, 18.568915439587979 ], [ -92.675521129196213, 18.569191755587301 ], [ -92.673806594074478, 18.569528706657966 ], [ -92.672106278026249, 18.569925830799868 ], [ -92.670422501306987, 18.570382588333089 ], [ -92.668757562613649, 18.570898355565394 ], [ -92.667113734353833, 18.571472426588389 ], [ -92.665493260748747, 18.572104019597813 ], [ -92.663898353113154, 18.57279227236209 ], [ -92.662331188912034, 18.573536244928313 ], [ -92.660793907025152, 18.574334922320695 ], [ -92.659288607755073, 18.575187214535919 ], [ -92.65851722016491, 18.575652415378499 ], [ -92.658155727354995, 18.57587509770935 ], [ -92.657455771856959, 18.576314688847379 ], [ -92.65602055215102, 18.577270647617421 ], [ -92.654623338991229, 18.578276518146037 ], [ -92.653266038603633, 18.579330926469044 ], [ -92.651950504429038, 18.58043243348396 ], [ -92.650678534278882, 18.581579536746631 ], [ -92.649451864654338, 18.582770668647346 ], [ -92.648272170732696, 18.584004203635043 ], [ -92.647141064471683, 18.585278458207853 ], [ -92.646060091761768, 18.58659169270944 ], [ -92.645030728629365, 18.58794211312334 ], [ -92.644054381220883, 18.589327877393902 ], [ -92.643132384857196, 18.590747092707094 ], [ -92.642265999276489, 18.592197821802507 ], [ -92.641456409576961, 18.593678082969785 ], [ -92.640704720510215, 18.595185856358807 ], [ -92.640011962164806, 18.596719082178119 ], [ -92.63937908141483, 18.598275667000241 ], [ -92.638806944748936, 18.599853486474004 ], [ -92.638296333523584, 18.60145038440718 ], [ -92.637847946779772, 18.603064180902606 ], [ -92.637462400284377, 18.604692672352328 ], [ -92.637140221774231, 18.606333634136867 ], [ -92.636881852828736, 18.607984826048803 ], [ -92.636687646960254, 18.609643993190378 ], [ -92.63655787338773, 18.611308868690358 ], [ -92.63649271037923, 18.612977178208315 ], [ -92.636484484126015, 18.613732353254839 ], [ -92.636484227175686, 18.613853325233169 ], [ -92.636491991113047, 18.614767617328656 ], [ -92.636556232476579, 18.616435959155329 ], [ -92.636685092313911, 18.618100897921767 ], [ -92.636878396272834, 18.619760159251463 ], [ -92.637135881795118, 18.62141147757119 ], [ -92.637457199051823, 18.623052596114071 ], [ -92.637841910917317, 18.624681273247536 ], [ -92.638289493903343, 18.626295283380689 ], [ -92.638799339081629, 18.627892423295492 ], [ -92.639370749234303, 18.629470509432121 ], [ -92.640002947359704, 18.631027385139426 ], [ -92.640695070962579, 18.632560926089727 ], [ -92.641446175849609, 18.634069033963886 ], [ -92.642255237987968, 18.635549650015694 ], [ -92.643121151610231, 18.637000750554112 ], [ -92.644042736777848, 18.638420353288886 ], [ -92.645018734634036, 18.639806517326651 ], [ -92.646047813071036, 18.641157350417448 ], [ -92.647128567682472, 18.642471004443028 ], [ -92.648259521738353, 18.643745685364127 ], [ -92.649439130925927, 18.644979651427967 ], [ -92.650665784289899, 18.646171215887023 ], [ -92.651937807067625, 18.647318750625718 ], [ -92.653253460686912, 18.648420687070217 ], [ -92.654383198020739, 18.64930405000857 ], [ -92.654617133816032, 18.649481287420446 ], [ -92.654844836436197, 18.649652719808969 ], [ -92.65516383963616, 18.649882428587286 ], [ -92.65578039516042, 18.650361515998721 ], [ -92.657177869787702, 18.651367801490551 ], [ -92.658613415374489, 18.652324167227828 ], [ -92.660085069350657, 18.653229303721321 ], [ -92.660394053672505, 18.653404275619444 ], [ -92.660621591580281, 18.653555859907861 ], [ -92.662093256516968, 18.654460997145446 ], [ -92.663599020156539, 18.655313668444641 ], [ -92.665136824495022, 18.656112708853023 ], [ -92.666678916454345, 18.656845398126297 ], [ -92.66686424392195, 18.656929476453268 ], [ -92.666889851540006, 18.656941085840081 ], [ -92.668485392056496, 18.657629662579165 ], [ -92.67010655003547, 18.658261558978275 ], [ -92.671751108010028, 18.658835910084168 ], [ -92.673416819801346, 18.659351930493344 ], [ -92.675101406734058, 18.65980891525324 ], [ -92.676802568076781, 18.660206239884243 ], [ -92.678517977256803, 18.660543362184015 ], [ -92.680245290412117, 18.660819818629907 ], [ -92.681982146384527, 18.661035234323691 ], [ -92.683726170543494, 18.661189313057942 ], [ -92.685474978577702, 18.661281844555113 ], [ -92.687226181252399, 18.661312702668894 ] ] ], [ [ [ -93.153606040063011, 18.51639750585765 ], [ -93.152902274179411, 18.516388451459072 ], [ -93.152104591255764, 18.516398713980099 ], [ -93.151107332269419, 18.516385883930049 ], [ -93.150749378769035, 18.516390488015727 ], [ -93.148195865673287, 18.516357624464288 ], [ -93.145644211490449, 18.516259054853126 ], [ -93.143096275187219, 18.516094852847726 ], [ -93.140553912907592, 18.515865137405715 ], [ -93.138018976070612, 18.515570076393129 ], [ -93.135493310409942, 18.515209883872284 ], [ -93.132978755018527, 18.514784822813301 ], [ -93.130477141388411, 18.51429520238144 ], [ -93.127990291506862, 18.513741378841083 ], [ -93.12552001595148, 18.513123755554727 ], [ -93.123068113880592, 18.512442782980891 ], [ -93.120636370180407, 18.511698956866134 ], [ -93.120110205317275, 18.511528871213798 ], [ -93.119768721374854, 18.511417417880754 ], [ -93.11788524075574, 18.510781420131178 ], [ -93.115499111725157, 18.509913556403131 ], [ -93.115126549675793, 18.509766953423025 ], [ -93.115070015338702, 18.509746390792184 ], [ -93.112709308832549, 18.508817434347879 ], [ -93.110375742414874, 18.507828061193038 ], [ -93.108071015264059, 18.506778991677631 ], [ -93.108016825695842, 18.506752591459549 ], [ -93.107768688274689, 18.5066396422149 ], [ -93.105494478597805, 18.505531640101836 ], [ -93.10325243996283, 18.504365513675925 ], [ -93.101044204871272, 18.503142110059684 ], [ -93.098871380115213, 18.501862320735182 ], [ -93.096735546769921, 18.50052707792393 ], [ -93.094638260188447, 18.499137353678865 ], [ -93.092581045260275, 18.497694158978295 ], [ -93.090565398303298, 18.496198545527704 ], [ -93.088592787058474, 18.494651602139996 ], [ -93.086664645950776, 18.493054454732583 ], [ -93.084782377981384, 18.491408265418059 ], [ -93.082947350937275, 18.489714233404545 ], [ -93.081160899283333, 18.487973591374555 ], [ -93.079424323215406, 18.486187607288283 ], [ -93.07773888392218, 18.484357579861179 ], [ -93.076105807376763, 18.482484842172948 ], [ -93.07452628054655, 18.480570756241107 ], [ -93.073001450449652, 18.478616716631493 ], [ -93.071532426049075, 18.476624144126259 ], [ -93.070120274468906, 18.474594490239575 ], [ -93.068766020048059, 18.472529230886281 ], [ -93.067470648134929, 18.47042986999131 ], [ -93.066235098459615, 18.46829793496866 ], [ -93.065060267033815, 18.46613497671613 ], [ -93.063947007103621, 18.463942569610769 ], [ -93.062896127260217, 18.461722308794144 ], [ -93.061908387658107, 18.45947581016965 ], [ -93.060984506650783, 18.457204706781223 ], [ -93.0601251532227, 18.454910653331368 ], [ -93.059330948888459, 18.452595317139217 ], [ -93.05860247054369, 18.450260382655177 ], [ -93.057940243843348, 18.44790754874904 ], [ -93.057344747945152, 18.445538526897835 ], [ -93.056816414571685, 18.4431550402801 ], [ -93.056355625178099, 18.440758822870379 ], [ -93.055962710014583, 18.438351617630218 ], [ -93.055637953817651, 18.435935174696795 ], [ -93.055381590138381, 18.433511252286994 ], [ -93.055193801351493, 18.431081612177294 ], [ -93.055074721507324, 18.428648022413114 ], [ -93.05502443444702, 18.426212252789675 ], [ -93.055022608311702, 18.425677775455021 ], [ -93.055022558003031, 18.425519574708787 ], [ -93.055042924437984, 18.423617873169785 ], [ -93.055130273610558, 18.421183055651696 ], [ -93.055286366822756, 18.418751371829284 ], [ -93.055511087181003, 18.416324587649513 ], [ -93.055804269528181, 18.413904468097648 ], [ -93.056165695718477, 18.4114927735842 ], [ -93.0565951012547, 18.409091257232628 ], [ -93.057092171510746, 18.406701663978229 ], [ -93.057656541741792, 18.404325731473261 ], [ -93.05828779898647, 18.401965186473252 ], [ -93.058985482076409, 18.399621744839198 ], [ -93.059749081644568, 18.397297109732019 ], [ -93.060578039187448, 18.394992970711847 ], [ -93.061471749913679, 18.392711003739855 ], [ -93.062429561803512, 18.390452864854957 ], [ -93.063450776565887, 18.388220197407193 ], [ -93.064534648695769, 18.386014622119394 ], [ -93.065680389269914, 18.383837742512661 ], [ -93.066887164058912, 18.38169114129516 ], [ -93.068154091638306, 18.379576375847904 ], [ -93.069480251917241, 18.377494985456408 ], [ -93.069858000736971, 18.376936589712621 ], [ -93.070023162559764, 18.376677365383593 ], [ -93.071407581984928, 18.374630859931464 ], [ -93.072849258850312, 18.37262072747362 ], [ -93.074347143841976, 18.370648428639264 ], [ -93.075900147099958, 18.368715395134316 ], [ -93.077507138223098, 18.366823033361662 ], [ -93.079166949107517, 18.364972715386145 ], [ -93.07921369870499, 18.364922039045009 ], [ -93.079352812989811, 18.364771348091338 ], [ -93.081017532692528, 18.363015045157006 ], [ -93.082779321272312, 18.361252818552138 ], [ -93.084590195324523, 18.359536573945508 ], [ -93.086448837850668, 18.357867557848582 ], [ -93.088353898887405, 18.356246982457215 ], [ -93.090303992665767, 18.354676024753775 ], [ -93.092297701395651, 18.353155825606752 ], [ -93.09433357715659, 18.351687488870319 ], [ -93.096410139056474, 18.350272082294776 ], [ -93.098525878904738, 18.348910632105138 ], [ -93.100679258372054, 18.347604127526495 ], [ -93.102868714663657, 18.346353518074121 ], [ -93.105092654834692, 18.345159710849185 ], [ -93.105997818223329, 18.344704033511523 ], [ -93.106552846113587, 18.344386995728986 ], [ -93.108776761244769, 18.343193188905207 ], [ -93.111033545572255, 18.342057051088091 ], [ -93.113321560070403, 18.34097940820288 ], [ -93.115639142171275, 18.339961042866566 ], [ -93.11798460859778, 18.339002694389819 ], [ -93.120356256302529, 18.338105057876398 ], [ -93.122752362462194, 18.337268786034411 ], [ -93.125171186360092, 18.336494485562987 ], [ -93.127610972219557, 18.335782719865399 ], [ -93.130069948245392, 18.33513400362931 ], [ -93.132546329459643, 18.334548810058557 ], [ -93.135038316740435, 18.334027562741703 ], [ -93.137544101548102, 18.333570640170297 ], [ -93.140061863075303, 18.333178373935347 ], [ -93.14258977486358, 18.332851050531907 ], [ -93.145126001002836, 18.332588905036797 ], [ -93.147668699914277, 18.332392130145411 ], [ -93.150216026224925, 18.332260866229021 ], [ -93.151390062139157, 18.332230643997086 ], [ -93.152445390626909, 18.332066219262732 ], [ -93.154973286440068, 18.331738894653277 ], [ -93.15750949548837, 18.331476750109815 ], [ -93.160052179054105, 18.331279973924108 ], [ -93.162599488005043, 18.331148711107986 ], [ -93.165149575081017, 18.331083056153503 ], [ -93.167700588261013, 18.331083055750334 ], [ -93.17025067548758, 18.331148711493704 ], [ -93.172797984651112, 18.331279974461506 ], [ -93.175340667369483, 18.33147674972988 ], [ -93.177876877083051, 18.331738894566836 ], [ -93.18040477283111, 18.332066219331885 ], [ -93.182922518292244, 18.33245848476453 ], [ -93.185428287458393, 18.332915407400776 ], [ -93.187920258941944, 18.33343665505781 ], [ -93.190396623539911, 18.334021849536679 ], [ -93.19285558422267, 18.334670564812441 ], [ -93.195295354236677, 18.335382331553276 ], [ -93.197714162768051, 18.336156631689235 ], [ -93.200110253992491, 18.336992902929822 ], [ -93.202481886121404, 18.337890539665892 ], [ -93.204827337067428, 18.338848888441714 ], [ -93.207144904443808, 18.33986725427831 ], [ -93.209432904606729, 18.340944897055838 ], [ -93.21168967454534, 18.342081035123325 ], [ -93.213913575656861, 18.343274841675303 ], [ -93.216102992802831, 18.344525451979695 ], [ -93.21825633429593, 18.345831957046705 ], [ -93.220372036632654, 18.347193408138661 ], [ -93.222448561648235, 18.348608815864935 ], [ -93.224484400300767, 18.350077151980834 ], [ -93.22647807456417, 18.351597352092266 ], [ -93.228428133632121, 18.353168310232654 ], [ -93.230333160551595, 18.354788886984707 ], [ -93.232191770320952, 18.35645790405513 ], [ -93.234002611787361, 18.358174148786553 ], [ -93.235764368595071, 18.359936375959034 ], [ -93.237475759181464, 18.361743305073858 ], [ -93.239135539620577, 18.363593623056783 ], [ -93.240742500788045, 18.36548598696778 ], [ -93.24229547498345, 18.367419020372957 ], [ -93.243793332156002, 18.369391320574866 ], [ -93.245234981792734, 18.371401453182585 ], [ -93.24661937482476, 18.373447959335024 ], [ -93.247945503624564, 18.375529351177278 ], [ -93.249212402017832, 18.377644117279029 ], [ -93.250419148123967, 18.379790719914944 ], [ -93.251564861529246, 18.381967600486995 ], [ -93.252648708968266, 18.384173176801372 ], [ -93.253669898654096, 18.38640584578345 ], [ -93.254627687860705, 18.38866398527141 ], [ -93.255521378196718, 18.390945954018814 ], [ -93.256350315615222, 18.39325009349886 ], [ -93.256351625843806, 18.393253900429173 ], [ -93.25649885040157, 18.393681883801012 ], [ -93.257261147410219, 18.396002781894371 ], [ -93.25795881605363, 18.398346224635933 ], [ -93.25859006026981, 18.40070677058322 ], [ -93.259154418633472, 18.403082703785731 ], [ -93.259651477903887, 18.40547229822327 ], [ -93.260080874925151, 18.407873815993334 ], [ -93.260442292855473, 18.410285511833209 ], [ -93.260735467801922, 18.412705631301868 ], [ -93.260960183157763, 18.415132416208579 ], [ -93.261116273395956, 18.41756410189528 ], [ -93.261203621242771, 18.419998919950768 ], [ -93.261222159585074, 18.422435100015061 ], [ -93.261171873376995, 18.424870871583689 ], [ -93.261052796807306, 18.427304462203942 ], [ -93.260865011424286, 18.429734102900131 ], [ -93.260608652771865, 18.432158026357399 ], [ -93.260283903775942, 18.434574469642637 ], [ -93.259890997598063, 18.436981676009026 ], [ -93.259430216698931, 18.439377894898488 ], [ -93.258901894742536, 18.441761381940381 ], [ -93.258306411879303, 18.444130404382491 ], [ -93.257644199488126, 18.446483239278706 ], [ -93.256915736399293, 18.448818174400081 ], [ -93.256121549856189, 18.451133511851392 ], [ -93.255262214574657, 18.453427566266999 ], [ -93.25433835275949, 18.455698670236782 ], [ -93.253350636000505, 18.457945169787308 ], [ -93.252299777714555, 18.460165431626137 ], [ -93.251186542618598, 18.462357839516915 ], [ -93.250011737271265, 18.464520797911138 ], [ -93.248776213870713, 18.466652733754415 ], [ -93.248619377226291, 18.466906920964039 ], [ -93.24861832473276, 18.466908738105097 ], [ -93.24732297825463, 18.469008099749711 ], [ -93.245968752163435, 18.471073360189269 ], [ -93.244556628986075, 18.473103014789725 ], [ -93.243087634078975, 18.475095587758602 ], [ -93.24156283467893, 18.477049627631583 ], [ -93.23998333991581, 18.478963713604006 ], [ -93.23835029702208, 18.480836451924993 ], [ -93.236664892288829, 18.482666480420242 ], [ -93.23492835106299, 18.484452464881777 ], [ -93.233141935865788, 18.486193107209374 ], [ -93.231306946386098, 18.487887139992988 ], [ -93.229424715696993, 18.489533330137359 ], [ -93.227496614043361, 18.491130477958848 ], [ -93.225524043163546, 18.492677421716277 ], [ -93.223508438180318, 18.494173035806106 ], [ -93.221451264756951, 18.495616230770786 ], [ -93.219354020991929, 18.497005955108868 ], [ -93.217218231736666, 18.498341198902132 ], [ -93.215045450479678, 18.499620988394927 ], [ -93.212837260296652, 18.500844391420859 ], [ -93.21059526816417, 18.502010519221329 ], [ -93.208321104000461, 18.503118521028306 ], [ -93.206016425404187, 18.504167590389823 ], [ -93.203682908172723, 18.505156963377232 ], [ -93.201322252929117, 18.506085920389395 ], [ -93.199740873188247, 18.506661103860573 ], [ -93.198710466534337, 18.507073115019637 ], [ -93.198248426101117, 18.507253820697546 ], [ -93.198247766865194, 18.507252285812044 ], [ -93.197471636864606, 18.507559379410534 ], [ -93.197374137230398, 18.507596704638782 ], [ -93.197033584292512, 18.507726344462601 ], [ -93.194647484983335, 18.50859420791237 ], [ -93.192237702868312, 18.509400346852974 ], [ -93.189805991244569, 18.510144172944003 ], [ -93.189598496540455, 18.510201802899314 ], [ -93.188841102951642, 18.510433474479917 ], [ -93.186389229038454, 18.511114447539011 ], [ -93.183918982283288, 18.511732070354441 ], [ -93.182870017507753, 18.511965682464783 ], [ -93.181287306183251, 18.512449800899724 ], [ -93.17883540417921, 18.513130773088918 ], [ -93.176365128104081, 18.513748396093721 ], [ -93.173878278190529, 18.514302219239049 ], [ -93.171376665229616, 18.514791839831041 ], [ -93.168862109611752, 18.515216901352538 ], [ -93.166336443212856, 18.515577094367021 ], [ -93.163801506541091, 18.515872155619629 ], [ -93.16125914399224, 18.516101870754039 ], [ -93.158711207627277, 18.516266072502859 ], [ -93.156159554320368, 18.516364641595079 ], [ -93.153606040063011, 18.51639750585765 ] ], [ [ -93.168173386230578, 18.376279151479853 ], [ -93.166425081679023, 18.376248308494045 ], [ -93.164676777472835, 18.376279150907653 ], [ -93.162930859151018, 18.376371636923022 ], [ -93.161189709345123, 18.376525639871172 ], [ -93.159455705899489, 18.376740949116755 ], [ -93.157731213365409, 18.377017271871512 ], [ -93.156018586797586, 18.3773542304782 ], [ -93.155847101849417, 18.377394328196317 ], [ -93.155789959227306, 18.377391301062733 ], [ -93.154041643865867, 18.377360458293101 ], [ -93.152293328246671, 18.377391300945295 ], [ -93.15054739887475, 18.37748378737496 ], [ -93.148806238406252, 18.377637790163153 ], [ -93.147072222824193, 18.3778530997334 ], [ -93.145347719555218, 18.378129421640214 ], [ -93.143635082751558, 18.378466380186794 ], [ -93.141936648566201, 18.378863513907298 ], [ -93.140254736116049, 18.379320281890578 ], [ -93.138591640863751, 18.379836060167008 ], [ -93.136949632738023, 18.380410145322095 ], [ -93.135330953302415, 18.381041752687146 ], [ -93.133737811981817, 18.381730020857649 ], [ -93.132172383230767, 18.382474010786819 ], [ -93.130636804648503, 18.383272705782744 ], [ -93.129133173203883, 18.384125016929175 ], [ -93.1290583233436, 18.384169734791382 ], [ -93.128488541019323, 18.384440525245978 ], [ -93.126952945932246, 18.385239221279747 ], [ -93.125449297212214, 18.386091531361185 ], [ -93.123979647466243, 18.38699629529059 ], [ -93.122546004894161, 18.387952275212594 ], [ -93.121150326676187, 18.388958168268648 ], [ -93.1197945170791, 18.390012600265599 ], [ -93.118480429357717, 18.39111413199571 ], [ -93.11720985723754, 18.392261260140089 ], [ -93.115984535863603, 18.393452418165982 ], [ -93.114849314643337, 18.394639138426559 ], [ -93.114710206561057, 18.394789853917832 ], [ -93.114667008101591, 18.394836721621864 ], [ -93.113537145984083, 18.396111004175062 ], [ -93.112457361144777, 18.397424266644173 ], [ -93.111429130757287, 18.398774716712094 ], [ -93.110453858268741, 18.400160510577482 ], [ -93.110067051281177, 18.400756589622112 ], [ -93.10991113771658, 18.400978129574877 ], [ -93.108990151654041, 18.402397375563893 ], [ -93.108124716934711, 18.403848135171653 ], [ -93.10731601487511, 18.405328427286868 ], [ -93.106565152106029, 18.406836232850136 ], [ -93.105873154881508, 18.408369490332962 ], [ -93.105240970025505, 18.40992610838634 ], [ -93.10466946302617, 18.411503960414407 ], [ -93.104159414243512, 18.413100891803172 ], [ -93.10371152363463, 18.414714721722056 ], [ -93.103326403170598, 18.416343246739839 ], [ -93.103004581560214, 18.417984241723033 ], [ -93.102746499508484, 18.419635467066687 ], [ -93.10255251159785, 18.421294667786974 ], [ -93.102422884384012, 18.422959576232603 ], [ -93.102357797335046, 18.424627920216832 ], [ -93.102349493628367, 18.425499966377831 ], [ -93.102349587209261, 18.425658166943954 ], [ -93.102357434514857, 18.426455619051612 ], [ -93.102421611222837, 18.428123993960934 ], [ -93.102550334441233, 18.429788966059018 ], [ -93.102743432329333, 18.4314482603809 ], [ -93.10300064022114, 18.43309961008292 ], [ -93.103321611032072, 18.434740760957908 ], [ -93.103705906722524, 18.436369468729978 ], [ -93.104153004921628, 18.437983510802656 ], [ -93.104662296071055, 18.439580679936483 ], [ -93.105233085314907, 18.441158796000522 ], [ -93.105864596274856, 18.442715702358488 ], [ -93.106555966308449, 18.444249271297867 ], [ -93.107306253130744, 18.445757407645676 ], [ -93.108114431966271, 18.447238051485897 ], [ -93.108979402170647, 18.448689179064196 ], [ -93.109899981543805, 18.450108807315257 ], [ -93.11087491390218, 18.451494997478839 ], [ -93.111902868125156, 18.452845854202035 ], [ -93.11298244099622, 18.454159532773648 ], [ -93.11411215909132, 18.455434236417332 ], [ -93.115290478781134, 18.456668224431937 ], [ -93.116515790015995, 18.457859810387529 ], [ -93.117786421062746, 18.45900736574373 ], [ -93.119100635664211, 18.460109321665136 ], [ -93.120456637778076, 18.461164172639748 ], [ -93.121852575366887, 18.462170476482591 ], [ -93.123286542298061, 18.463126858859326 ], [ -93.124756577399083, 18.464032011485237 ], [ -93.126260672989673, 18.464884697548197 ], [ -93.127796772993932, 18.465683752619181 ], [ -93.129362779575345, 18.466428083749285 ], [ -93.129463444857564, 18.466471576348269 ], [ -93.129665123208952, 18.466567433929409 ], [ -93.131258897367417, 18.467256023415239 ], [ -93.132878258055626, 18.467887931039733 ], [ -93.132885158937569, 18.467890343914789 ], [ -93.133307372167977, 18.468055098149229 ], [ -93.13495010973827, 18.468629458853655 ], [ -93.135092176360899, 18.468676066049522 ], [ -93.135433586125444, 18.468787492705253 ], [ -93.136955303510675, 18.469256887884317 ], [ -93.138638026473359, 18.46971388103346 ], [ -93.140337304934874, 18.470111212127698 ], [ -93.14205081530136, 18.47044833928538 ], [ -93.143776216927748, 18.470724802061468 ], [ -93.145511149287103, 18.470940220548059 ], [ -93.147253243354157, 18.471094301694446 ], [ -93.149000114983863, 18.471186834794661 ], [ -93.150749379132947, 18.471217693284906 ], [ -93.151193818278358, 18.47120985472602 ], [ -93.152104591609103, 18.471225919751856 ], [ -93.152889569207929, 18.471212074298339 ], [ -93.153606039984837, 18.471224711452336 ], [ -93.155355303467175, 18.471193852763246 ], [ -93.157102176245331, 18.47110131972056 ], [ -93.158844269713569, 18.470947238226014 ], [ -93.160579202946067, 18.47073181922023 ], [ -93.162304603654832, 18.470455356872812 ], [ -93.164018114834207, 18.470118230383019 ], [ -93.165717392873333, 18.469720898556169 ], [ -93.16740011609761, 18.469263905216931 ], [ -93.169063983829361, 18.468747875591742 ], [ -93.170061521718011, 18.468399102349114 ], [ -93.171572113973568, 18.468101894685027 ], [ -93.173271372275437, 18.467704563117529 ], [ -93.174954075246077, 18.46724756980311 ], [ -93.175660795723701, 18.467028387802976 ], [ -93.175918987959321, 18.466958266163704 ], [ -93.177582833030954, 18.466442237017521 ], [ -93.17922554982357, 18.46586787554936 ], [ -93.179745335580435, 18.465672290078615 ], [ -93.17984281550298, 18.465634973938862 ], [ -93.180386126550729, 18.465419381013433 ], [ -93.180754540916425, 18.465275297044116 ], [ -93.180899937778534, 18.465215491095218 ], [ -93.180942348780505, 18.465198661322852 ], [ -93.181020801167918, 18.465165776076358 ], [ -93.181450272960589, 18.464989120357387 ], [ -93.181679825524625, 18.464899541965824 ], [ -93.182107022155364, 18.464719522939596 ], [ -93.183514388581813, 18.464227444026641 ], [ -93.185133715586801, 18.463595537104833 ], [ -93.186727455850516, 18.462906947003063 ], [ -93.188293429838495, 18.462162615595357 ], [ -93.189829499898067, 18.461363560693488 ], [ -93.191333564581598, 18.460510874239642 ], [ -93.19280357001648, 18.45960572048277 ], [ -93.194237506125802, 18.458649338687952 ], [ -93.195633416094395, 18.457643034083659 ], [ -93.196989390695649, 18.456588182380422 ], [ -93.198303577761635, 18.455486226140252 ], [ -93.199574183128604, 18.454338671154456 ], [ -93.200799470636298, 18.453147084629986 ], [ -93.201977765917874, 18.451913096083135 ], [ -93.203107460181499, 18.450638391906821 ], [ -93.204187012100917, 18.449324713554816 ], [ -93.205214944969924, 18.447973855731309 ], [ -93.206189858062643, 18.446587665468996 ], [ -93.207110419046586, 18.445168036708768 ], [ -93.207202064422603, 18.44501428319214 ], [ -93.207268369522765, 18.444912031516274 ], [ -93.208133320384235, 18.443460903455374 ], [ -93.20894148241095, 18.441980259175693 ], [ -93.209691752082335, 18.440472121535933 ], [ -93.210383107494593, 18.438938552133529 ], [ -93.211014604557874, 18.437381645880958 ], [ -93.211585381720184, 18.435803529188973 ], [ -93.212094661850543, 18.43420635905656 ], [ -93.212541749380151, 18.432592316743978 ], [ -93.212926036920464, 18.430963607761932 ], [ -93.213247000511615, 18.429322457355081 ], [ -93.213504204339912, 18.42767110597531 ], [ -93.213697296940495, 18.426011811091406 ], [ -93.213826018750183, 18.424346839044723 ], [ -93.213890193570592, 18.422678463250016 ], [ -93.213889737076727, 18.421008963281192 ], [ -93.213824651115758, 18.419340619454573 ], [ -93.213695027478735, 18.417675710113375 ], [ -93.21350104315006, 18.416016508922215 ], [ -93.213242966920717, 18.414365283052916 ], [ -93.212921151793211, 18.412724286867949 ], [ -93.212536039702599, 18.411095761013048 ], [ -93.212088158661871, 18.409481930615176 ], [ -93.211578120849168, 18.407884998960547 ], [ -93.211539135743109, 18.40777107418489 ], [ -93.211392009418688, 18.40734305644035 ], [ -93.210859488409369, 18.405879094011951 ], [ -93.21022731878756, 18.404322475434025 ], [ -93.20953533770323, 18.402789216319317 ], [ -93.208784492913011, 18.401281410935987 ], [ -93.207975809644168, 18.399801117276592 ], [ -93.207110395320541, 18.39835035705763 ], [ -93.20618943102896, 18.396931111214894 ], [ -93.205214177189376, 18.395545316287023 ], [ -93.204185965029367, 18.394194865334018 ], [ -93.20310620130698, 18.392881602514816 ], [ -93.201976359781995, 18.391607319486884 ], [ -93.200797985002055, 18.390373757215446 ], [ -93.199572685665373, 18.389182598755987 ], [ -93.198302135567346, 18.388035470163118 ], [ -93.196988071703998, 18.386933937786822 ], [ -93.195632286695997, 18.385879505574849 ], [ -93.194236632574345, 18.38487361236335 ], [ -93.192803015102783, 18.383917631888377 ], [ -93.191333391882935, 18.383012868274381 ], [ -93.189829770466559, 18.382160556945525 ], [ -93.188294201730088, 18.381361861022423 ], [ -93.186728783667576, 18.380617871323505 ], [ -93.18513565287364, 18.379929602763021 ], [ -93.183516983605514, 18.37929799526048 ], [ -93.181874985894453, 18.378723910131658 ], [ -93.180211900823409, 18.378208131904699 ], [ -93.17852999958528, 18.377751363805913 ], [ -93.176831575922961, 18.377354230481508 ], [ -93.175118949920218, 18.377017271670589 ], [ -93.173394457607245, 18.376740949447818 ], [ -93.17166045380398, 18.376525640088754 ], [ -93.169919304561759, 18.376371636790211 ], [ -93.168173386230578, 18.376279151479853 ] ] ], [ [ [ -93.769640084984644, 18.346652502849594 ], [ -93.768345646693675, 18.34455311833722 ], [ -93.767110986471167, 18.342421158917265 ], [ -93.76593700122379, 18.340258175753849 ], [ -93.764824542380509, 18.338065743661975 ], [ -93.763774416824859, 18.335845456580504 ], [ -93.762787386917211, 18.333598931183161 ], [ -93.761864167638436, 18.33132780146342 ], [ -93.761005429444211, 18.329033720526915 ], [ -93.760211792574808, 18.326718356091739 ], [ -93.759483833699036, 18.324383393169892 ], [ -93.758822078336379, 18.322030530479243 ], [ -93.758227006539443, 18.319661479514153 ], [ -93.757699046275022, 18.317277963665383 ], [ -93.757238580995576, 18.314881716379912 ], [ -93.756845942074719, 18.312474480284884 ], [ -93.756521411655797, 18.31005800717443 ], [ -93.756265223588244, 18.307634053485167 ], [ -93.756077561553155, 18.305204382109761 ], [ -93.755958559065618, 18.302770760588064 ], [ -93.755908298531196, 18.300334959302329 ], [ -93.755917837311046, 18.298371833216407 ], [ -93.755936550936113, 18.297219122134919 ], [ -93.755937295061983, 18.297173408185049 ], [ -93.755946211500117, 18.296704079984416 ], [ -93.756033487855134, 18.294269229614219 ], [ -93.75618945669622, 18.291837512279837 ], [ -93.756414003602032, 18.289410695237848 ], [ -93.756706961178466, 18.286990543170948 ], [ -93.75706811473016, 18.284578814550745 ], [ -93.757497197551785, 18.282177264368908 ], [ -93.757993894695275, 18.279787637796645 ], [ -93.75855784392958, 18.277411671086146 ], [ -93.759188631970218, 18.275051092490767 ], [ -93.759885797307334, 18.272707617737055 ], [ -93.76064883021111, 18.270382949122791 ], [ -93.761477174640646, 18.268078777319438 ], [ -93.762370225390896, 18.265796775963278 ], [ -93.763327330005353, 18.26353860436198 ], [ -93.764347792551717, 18.261305903867314 ], [ -93.76543086699634, 18.259100295193615 ], [ -93.766575764802766, 18.256923383813355 ], [ -93.767781652053245, 18.254776749126965 ], [ -93.769047649486993, 18.252661951696407 ], [ -93.770372836273935, 18.250580529619196 ], [ -93.770895743219327, 18.249806976779514 ], [ -93.771369075902768, 18.2490592551646 ], [ -93.771608791171374, 18.24868977174506 ], [ -93.772037752983067, 18.24802874298404 ], [ -93.772286348576344, 18.247647772147957 ], [ -93.773669735551124, 18.245601235474307 ], [ -93.775110338260745, 18.243591071617477 ], [ -93.776607107404246, 18.241618741389434 ], [ -93.778158954944544, 18.239685677720672 ], [ -93.779764751270548, 18.237793284772486 ], [ -93.781423328037661, 18.235942937930172 ], [ -93.783133478154099, 18.234135980192363 ], [ -93.784893959582149, 18.232373725775769 ], [ -93.786703490578276, 18.230657452908737 ], [ -93.788560755392993, 18.228988409235875 ], [ -93.790464404250741, 18.227367807303825 ], [ -93.792413053345598, 18.225796823662392 ], [ -93.794405285786112, 18.224276598865636 ], [ -93.796439653489642, 18.222808238372387 ], [ -93.798514678105533, 18.221392808028625 ], [ -93.800628852908147, 18.220031334967945 ], [ -93.802780639960929, 18.218724808531835 ], [ -93.804968475774714, 18.217474177539543 ], [ -93.807190772253563, 18.216280351192033 ], [ -93.809445913832178, 18.215144194569998 ], [ -93.811732263170157, 18.214066534036423 ], [ -93.814048159225791, 18.213048150922745 ], [ -93.816391919162328, 18.212089786043617 ], [ -93.818761841157709, 18.211192135170066 ], [ -93.818847945168685, 18.211162062535774 ], [ -93.81938822984381, 18.210814109733917 ], [ -93.821539903240719, 18.209507582437865 ], [ -93.823727624497877, 18.208256949721733 ], [ -93.825949803814851, 18.207063121847028 ], [ -93.828204826751602, 18.205926964041517 ], [ -93.830491056140104, 18.204849301917665 ], [ -93.832806829225035, 18.203830917874388 ], [ -93.835150466172649, 18.202872551967815 ], [ -93.837520263432125, 18.201974899232891 ], [ -93.839914501306581, 18.201138612365209 ], [ -93.842331439200493, 18.20036429813053 ], [ -93.844769323185545, 18.199652519142408 ], [ -93.84722638314723, 18.199003792070339 ], [ -93.849700833717634, 18.198418586735215 ], [ -93.852190878066764, 18.197897329709992 ], [ -93.854694709758348, 18.197440398891793 ], [ -93.85721050991728, 18.197048126228015 ], [ -93.859736451939057, 18.19672079588992 ], [ -93.862270702434657, 18.196458646078025 ], [ -93.864811420266264, 18.19626186722024 ], [ -93.867356761265142, 18.196130601952476 ], [ -93.869904878221504, 18.196064945119442 ], [ -93.872453919937655, 18.196064945587743 ], [ -93.875002036868779, 18.196130601701881 ], [ -93.877547377361722, 18.196261867628198 ], [ -93.880088095173207, 18.196458646090768 ], [ -93.882622345717877, 18.196720796521944 ], [ -93.885148287903988, 18.197048126016448 ], [ -93.887664087955159, 18.19744039925407 ], [ -93.890167919359754, 18.197897330365549 ], [ -93.892657964774486, 18.198418587441186 ], [ -93.89513241506468, 18.199003791630254 ], [ -93.897589474977295, 18.199652518920558 ], [ -93.900027358394638, 18.200364298350969 ], [ -93.902444296839732, 18.201138612873656 ], [ -93.904838533794191, 18.201974899378023 ], [ -93.90720833132265, 18.202872551368547 ], [ -93.909551968168756, 18.203830918067062 ], [ -93.911867742570038, 18.204849301685275 ], [ -93.91415397133747, 18.205926963752255 ], [ -93.916408993612052, 18.207063121478065 ], [ -93.918631173704355, 18.208256949544449 ], [ -93.92081889447843, 18.209507581939882 ], [ -93.922970567738176, 18.210814110098671 ], [ -93.925084630449035, 18.212175584722495 ], [ -93.927159545683509, 18.213591016675377 ], [ -93.929193806413565, 18.215059379672443 ], [ -93.93118593358686, 18.216579604862261 ], [ -93.933134479958525, 18.21815059074493 ], [ -93.935038028154054, 18.219771195043315 ], [ -93.936895195423929, 18.221440240097429 ], [ -93.938704630814598, 18.223156514681239 ], [ -93.940465017994697, 18.22491877217654 ], [ -93.942175079041974, 18.226725731453147 ], [ -93.942710584774233, 18.227323193275677 ], [ -93.94371472113977, 18.228384210891779 ], [ -93.945373225205159, 18.230234559391736 ], [ -93.946978952086411, 18.232126954268701 ], [ -93.947873718490214, 18.233228368189 ], [ -93.947932738948367, 18.233302186680369 ], [ -93.948123178237083, 18.233540693610983 ], [ -93.94826435281567, 18.233718457827816 ], [ -93.949300629473001, 18.235050843402401 ], [ -93.949320440634608, 18.235076810054615 ], [ -93.94961563635087, 18.235463782524853 ], [ -93.950495464057155, 18.236636706263063 ], [ -93.951936008935874, 18.238646872342663 ], [ -93.953319340473371, 18.240693411370842 ], [ -93.954644450749882, 18.24277483665492 ], [ -93.955910376938732, 18.2448896359559 ], [ -93.957116194695146, 18.247036272420424 ], [ -93.958261027633625, 18.24921318724061 ], [ -93.959344039756985, 18.25141879787969 ], [ -93.960364443048306, 18.253651501644949 ], [ -93.961321493694001, 18.25590967570275 ], [ -93.962214493046005, 18.258191678876972 ], [ -93.963042789535635, 18.260495854347177 ], [ -93.963805778655939, 18.262820525126237 ], [ -93.964502903965553, 18.265164003089318 ], [ -93.965133655179983, 18.26752458446175 ], [ -93.965697571983739, 18.269900553411581 ], [ -93.966194241201634, 18.272290182061251 ], [ -93.966623298724471, 18.274691734993784 ], [ -93.966984430444739, 18.277103465631114 ], [ -93.967277370399103, 18.279523620759726 ], [ -93.967414552615267, 18.281006327528342 ], [ -93.967566655276968, 18.282022073481311 ], [ -93.967859604608734, 18.284442226686444 ], [ -93.968084144374032, 18.286869044816189 ], [ -93.968240108712948, 18.289300764075087 ], [ -93.968327381838265, 18.291735614921421 ], [ -93.968345898080884, 18.294171828391875 ], [ -93.968295639037038, 18.296607631596636 ], [ -93.968176639295123, 18.299041254919651 ], [ -93.967988983583112, 18.301470927514128 ], [ -93.96773280397079, 18.303894882739087 ], [ -93.967408284605654, 18.306311357231692 ], [ -93.967015658905126, 18.308718594537357 ], [ -93.966555209561918, 18.311114844206177 ], [ -93.96602726854907, 18.313498360890673 ], [ -93.965432216234021, 18.315867413388709 ], [ -93.9647704841869, 18.318220277400929 ], [ -93.964042550494369, 18.320555241882541 ], [ -93.963248941651386, 18.322870607228133 ], [ -93.962390233546586, 18.325164690691761 ], [ -93.96146704670997, 18.327435820990576 ], [ -93.96048005110768, 18.329682348224889 ], [ -93.959429962320186, 18.331902635766589 ], [ -93.958317542546297, 18.334095069294744 ], [ -93.957143598698124, 18.33625805319361 ], [ -93.955908981481613, 18.338390014175683 ], [ -93.954614589183493, 18.340489400362959 ], [ -93.95326135917044, 18.34255468314079 ], [ -93.951850276436417, 18.344584361637864 ], [ -93.950382365056342, 18.346576956447265 ], [ -93.948858691078954, 18.348531018653546 ], [ -93.947280361565049, 18.350445126227228 ], [ -93.945648524595981, 18.352317884933132 ], [ -93.943964364569354, 18.354147932877112 ], [ -93.942229107865188, 18.355933937771585 ], [ -93.940444013393687, 18.357674598794738 ], [ -93.938610381128953, 18.359368649264443 ], [ -93.936729543592136, 18.36101485668522 ], [ -93.93480286963225, 18.36261202183104 ], [ -93.932831759708606, 18.364158981484699 ], [ -93.930817647797042, 18.36565461114445 ], [ -93.928761998524905, 18.367097820524734 ], [ -93.928340100492747, 18.36737760246185 ], [ -93.928201059147057, 18.367475218379294 ], [ -93.926105364330908, 18.368864957309004 ], [ -93.923971154469086, 18.370200214201077 ], [ -93.921799980539063, 18.371480016842696 ], [ -93.919593423240826, 18.372703432683362 ], [ -93.917353089221052, 18.373869571569379 ], [ -93.915080608223874, 18.374977584858513 ], [ -93.912777634973907, 18.376026664511325 ], [ -93.910445846354733, 18.377016047628171 ], [ -93.908086937602249, 18.377945013759931 ], [ -93.905702628928367, 18.378812885784424 ], [ -93.903294654164966, 18.37961903177186 ], [ -93.902485655187675, 18.379866685768398 ], [ -93.901857261425846, 18.380077056344298 ], [ -93.899427368952018, 18.380820889719327 ], [ -93.898935723376681, 18.380957544491356 ], [ -93.896996225257283, 18.381551253774536 ], [ -93.8945461792065, 18.382232232778104 ], [ -93.892395893743583, 18.382770265943762 ], [ -93.890323089225944, 18.383464184747957 ], [ -93.887893149224951, 18.384208018136263 ], [ -93.885443065239244, 18.384888997433283 ], [ -93.88498653762565, 18.38500322781606 ], [ -93.884608584165548, 18.385118920983913 ], [ -93.882158487016099, 18.385799899606418 ], [ -93.879690030210142, 18.386417528427089 ], [ -93.87720501249585, 18.386971357326107 ], [ -93.874705241472114, 18.387460983223058 ], [ -93.874442305251279, 18.387505464101384 ], [ -93.873573472433449, 18.387681254540198 ], [ -93.87277086703989, 18.387837821903652 ], [ -93.872168187328597, 18.387966588505755 ], [ -93.870847006477248, 18.388234898380208 ], [ -93.869067905257026, 18.388576473336645 ], [ -93.866555186225995, 18.389001538216029 ], [ -93.864031364235061, 18.389361734619172 ], [ -93.861498278124913, 18.38965679882363 ], [ -93.858957772715613, 18.389886515976233 ], [ -93.856411697845488, 18.390050719195006 ], [ -93.853861907413886, 18.39014928957506 ], [ -93.853659320945866, 18.390154301865433 ], [ -93.853445370352077, 18.390159375773241 ], [ -93.853445295578098, 18.390159377916206 ], [ -93.85301522298596, 18.390169577224444 ], [ -93.850666418229665, 18.390197423358096 ], [ -93.848114768419464, 18.390164559169527 ], [ -93.845564977871064, 18.390065988828045 ], [ -93.843018902423651, 18.389901785415177 ], [ -93.840478397182508, 18.389672068206021 ], [ -93.837945310832993, 18.389377003598096 ], [ -93.835421489429777, 18.389016807804989 ], [ -93.832908769738054, 18.388591742366433 ], [ -93.830408982076278, 18.388102116845637 ], [ -93.827923947466203, 18.387548288840669 ], [ -93.825455475707898, 18.386930659472377 ], [ -93.82300536256497, 18.386249680624651 ], [ -93.820575393506729, 18.385505847696109 ], [ -93.818167337081761, 18.384699701433927 ], [ -93.815782946810472, 18.38383182973045 ], [ -93.813423958319859, 18.382902864017886 ], [ -93.81109209029448, 18.381913481972028 ], [ -93.80878903876382, 18.380864402111225 ], [ -93.806516480910844, 18.379756390102727 ], [ -93.804276071244644, 18.378590251545454 ], [ -93.802069439718053, 18.377366835588855 ], [ -93.801599732183178, 18.377096493376122 ], [ -93.80145264163626, 18.377011278457235 ], [ -93.801423780857945, 18.376994556657525 ], [ -93.799723633779664, 18.375985904988752 ], [ -93.797589352647037, 18.374650648371635 ], [ -93.795493588300673, 18.373260909560702 ], [ -93.793437867626338, 18.371817701043273 ], [ -93.791423683433223, 18.370322072549246 ], [ -93.789452503924196, 18.368775112814582 ], [ -93.787525761330173, 18.367177948720002 ], [ -93.785644857574596, 18.365531742551362 ], [ -93.783811160485527, 18.36383769201051 ], [ -93.782026003802542, 18.362097032017616 ], [ -93.780290684308056, 18.360311028391969 ], [ -93.778606465629309, 18.358480981446206 ], [ -93.776974570654886, 18.356608223301166 ], [ -93.775396185317646, 18.354694116961696 ], [ -93.773872457649631, 18.352740056315636 ], [ -93.772404494924899, 18.350747461621438 ], [ -93.770993361793487, 18.348717784933811 ], [ -93.769640084984644, 18.346652502849594 ] ], [ [ -93.872926348713037, 18.24126167786514 ], [ -93.871179399225653, 18.241230834657177 ], [ -93.869432448975843, 18.241261678605976 ], [ -93.867687883167534, 18.241354165536638 ], [ -93.865948082840362, 18.241508170943494 ], [ -93.864215422013089, 18.241723483676076 ], [ -93.862492266772591, 18.241999810460051 ], [ -93.860780967710383, 18.242336774122105 ], [ -93.859083859943098, 18.2427339153951 ], [ -93.857403262164979, 18.243190690207953 ], [ -93.85574146629007, 18.243706476959709 ], [ -93.854100741219355, 18.24428057107589 ], [ -93.852483327193468, 18.24491218864555 ], [ -93.850891431081607, 18.245600468245325 ], [ -93.84932722638564, 18.246344470031463 ], [ -93.847792848532237, 18.247143178467063 ], [ -93.846290392992628, 18.247995503229426 ], [ -93.844821910568683, 18.248900281033311 ], [ -93.843389405510962, 18.249856276537372 ], [ -93.841994834595312, 18.250862185958031 ], [ -93.840711539102116, 18.251861033075198 ], [ -93.840326570210308, 18.251951112866248 ], [ -93.838645883171864, 18.252407887967571 ], [ -93.836984000478424, 18.252923674252628 ], [ -93.835343188395171, 18.253497767373467 ], [ -93.833725689267183, 18.254129384525648 ], [ -93.832133709223712, 18.254817662690328 ], [ -93.830569421996188, 18.255561664035554 ], [ -93.829034963229248, 18.256360371417635 ], [ -93.827532428630619, 18.257212695614399 ], [ -93.826063868284976, 18.258117471729424 ], [ -93.824631287643854, 18.259073467316327 ], [ -93.82323664276673, 18.260079375163652 ], [ -93.821881839421792, 18.261133822330844 ], [ -93.820568725525661, 18.262235371078525 ], [ -93.819299095862391, 18.263382516131248 ], [ -93.818074683605275, 18.264573691938132 ], [ -93.816897162208875, 18.265807272658609 ], [ -93.815768138795264, 18.267081573992694 ], [ -93.814689157002917, 18.268394855873893 ], [ -93.813661691321059, 18.269745325199246 ], [ -93.81268714426524, 18.271131139450674 ], [ -93.812224771544564, 18.271829561880597 ], [ -93.811797226809475, 18.272488638261542 ], [ -93.811558887783448, 18.272856130943598 ], [ -93.811103519688615, 18.273573032049768 ], [ -93.811014610082779, 18.273722188697096 ], [ -93.810774308006657, 18.274063891724904 ], [ -93.809853996785762, 18.275483157699632 ], [ -93.808989195813567, 18.276933937617326 ], [ -93.808181087016379, 18.278414251558381 ], [ -93.807430774681166, 18.279922077420817 ], [ -93.806739285477391, 18.281455357241931 ], [ -93.8061075646646, 18.283011997209716 ], [ -93.805536477046104, 18.284589871270242 ], [ -93.805026804133817, 18.286186823846961 ], [ -93.804579243221127, 18.287800676167741 ], [ -93.804194407359688, 18.28942922355068 ], [ -93.803872824431352, 18.291070241731866 ], [ -93.803614934310701, 18.292721489586278 ], [ -93.803421090757951, 18.294380711829429 ], [ -93.803291562373488, 18.296045643530871 ], [ -93.80322652595865, 18.297714009237392 ], [ -93.803223749091146, 18.297869866922063 ], [ -93.803223032908889, 18.297914638798225 ], [ -93.803204646977903, 18.299066414426445 ], [ -93.803207000527109, 18.300578199353389 ], [ -93.803271133844419, 18.302246595947569 ], [ -93.803399767681228, 18.303911589336362 ], [ -93.803592728744647, 18.305570905284199 ], [ -93.803849753854394, 18.307222277102117 ], [ -93.804170494673969, 18.308863448340663 ], [ -93.804554514881033, 18.310492177322807 ], [ -93.805001292060567, 18.312106239849818 ], [ -93.805510216747351, 18.313703429208232 ], [ -93.806080595295612, 18.315281565198564 ], [ -93.806711650798235, 18.316838490520229 ], [ -93.807402522168303, 18.318372078913132 ], [ -93.808152267910984, 18.319880234242245 ], [ -93.808959863301354, 18.321360895936959 ], [ -93.809824207955117, 18.322812040771197 ], [ -93.810744122057741, 18.324231687403469 ], [ -93.811718349184474, 18.325617893658944 ], [ -93.812745559184336, 18.326968767367795 ], [ -93.81382435098935, 18.328282460936567 ], [ -93.814953250760624, 18.329557180399171 ], [ -93.816130716608797, 18.330791183595519 ], [ -93.817355141448203, 18.331982783780038 ], [ -93.818624851116198, 18.333130352347226 ], [ -93.819938112898697, 18.334232320608429 ], [ -93.821293131767362, 18.335287184332948 ], [ -93.82268805698898, 18.336293500110251 ], [ -93.82412098311309, 18.337249893485687 ], [ -93.825589951860096, 18.33815505715009 ], [ -93.825963254317031, 18.338373580179169 ], [ -93.82599178237318, 18.338390107408589 ], [ -93.826138523227769, 18.338475113446343 ], [ -93.827267530502255, 18.339108883042254 ], [ -93.828802517121645, 18.339907946871893 ], [ -93.830367387800408, 18.340652286223094 ], [ -93.831960003382832, 18.341340883982586 ], [ -93.833578188989364, 18.341972798267772 ], [ -93.835219731199473, 18.342547165154219 ], [ -93.836882387537528, 18.34306320134953 ], [ -93.838563885510581, 18.34352019877841 ], [ -93.840261926456535, 18.343917535414246 ], [ -93.841974189297275, 18.344254666227659 ], [ -93.843698334374906, 18.344531131305889 ], [ -93.84543200345054, 18.344746553143416 ], [ -93.847172828229603, 18.34490063570215 ], [ -93.848918428507758, 18.344993169843189 ], [ -93.850666417840003, 18.345024028783431 ], [ -93.851840514975876, 18.345010109538944 ], [ -93.852270514771291, 18.344999911808351 ], [ -93.852270551675417, 18.34499991073957 ], [ -93.852484484602371, 18.344994836617133 ], [ -93.853058248093816, 18.344977901028802 ], [ -93.854803847639985, 18.34488536624616 ], [ -93.856544672549973, 18.344731283482513 ], [ -93.858278341863539, 18.344515862478513 ], [ -93.86000248643316, 18.34423939705421 ], [ -93.86107614931197, 18.34403537742385 ], [ -93.862090045189717, 18.343830017975797 ], [ -93.862954316587334, 18.343644962742744 ], [ -93.863295333922821, 18.343579819180547 ], [ -93.864090332991324, 18.343424641428662 ], [ -93.865016469670138, 18.343234468734661 ], [ -93.865160432125407, 18.34320078252415 ], [ -93.865639880629473, 18.343123901268914 ], [ -93.867352132506824, 18.342786770098037 ], [ -93.86905016257036, 18.342389433931658 ], [ -93.870731648561517, 18.341932436119016 ], [ -93.87176306449571, 18.341612317410522 ], [ -93.872334808641995, 18.341478527767844 ], [ -93.874016287459995, 18.341021528727829 ], [ -93.875678924059869, 18.340505493955067 ], [ -93.877320447343962, 18.339931125807826 ], [ -93.877657266306244, 18.339805065609877 ], [ -93.87782602905672, 18.339741190923927 ], [ -93.878245273171174, 18.339630295548034 ], [ -93.879031784723537, 18.339412986617265 ], [ -93.879089558656275, 18.339397023989374 ], [ -93.87966431247763, 18.339234015167666 ], [ -93.879740129070569, 18.339219086134818 ], [ -93.881438123991217, 18.338821750427485 ], [ -93.883119576691513, 18.3383647515614 ], [ -93.88478218822577, 18.337848716145242 ], [ -93.884851764775107, 18.337824370837176 ], [ -93.885550778622203, 18.337634384946142 ], [ -93.887213382746609, 18.33711834964371 ], [ -93.887513879924569, 18.337013204994971 ], [ -93.888650813894188, 18.336660322620546 ], [ -93.890292301294735, 18.33608595504392 ], [ -93.891910431435377, 18.335454040353095 ], [ -93.893502993992414, 18.334765442674431 ], [ -93.895067811332467, 18.334021102858163 ], [ -93.896602746090892, 18.333222038438016 ], [ -93.898105700223383, 18.332369341823338 ], [ -93.899574620676262, 18.33146417755561 ], [ -93.90100749845503, 18.330507784115074 ], [ -93.901062151528407, 18.33046835593268 ], [ -93.901568497454505, 18.330130384739167 ], [ -93.902963373558308, 18.329124068803083 ], [ -93.90431834469922, 18.328069204380874 ], [ -93.905631559559538, 18.326967235351766 ], [ -93.906901225018217, 18.325819665887174 ], [ -93.908125606175275, 18.324628064963385 ], [ -93.909303030113577, 18.323394061818885 ], [ -93.910431890605395, 18.322119341407326 ], [ -93.911510644340083, 18.320805647120888 ], [ -93.912537818448442, 18.319454772614705 ], [ -93.913512011464519, 18.318068565411785 ], [ -93.914431892327187, 18.316648917864665 ], [ -93.915296207026927, 18.315197772540841 ], [ -93.916103773802007, 18.313717109588204 ], [ -93.916853492626686, 18.312208953010899 ], [ -93.917544339493034, 18.310675364366062 ], [ -93.918175373001901, 18.309118438209047 ], [ -93.918745731510342, 18.30754030119947 ], [ -93.919254638789397, 18.305943110262973 ], [ -93.91970140020041, 18.304329047183749 ], [ -93.920085406459236, 18.30270031677621 ], [ -93.920406136448889, 18.301059144157747 ], [ -93.920663153409052, 18.299407772053659 ], [ -93.920856106787724, 18.297748455364133 ], [ -93.920984736954495, 18.296083460236748 ], [ -93.921048867609699, 18.294415062294586 ], [ -93.921048415199522, 18.292745540264416 ], [ -93.920983381320028, 18.291077173302227 ], [ -93.920853855547662, 18.28941224188361 ], [ -93.920660018212388, 18.287753017850616 ], [ -93.920402135678657, 18.286101768954175 ], [ -93.920395359177462, 18.28606718913742 ], [ -93.920272946616905, 18.284493632753048 ], [ -93.920079114962249, 18.282834408645414 ], [ -93.919821239866707, 18.281183159405067 ], [ -93.919499674594519, 18.279542139655348 ], [ -93.919114861203681, 18.277913589978684 ], [ -93.91866732579966, 18.276299736038194 ], [ -93.918157681324018, 18.27470278133762 ], [ -93.917586626588403, 18.273124905421582 ], [ -93.916954942485134, 18.271568264801534 ], [ -93.916263492871465, 18.270034983014121 ], [ -93.915513222692496, 18.268527155153542 ], [ -93.914705159822091, 18.267046839733457 ], [ -93.913840407483178, 18.265596057824716 ], [ -93.912920148956601, 18.264176790326488 ], [ -93.911945640939322, 18.26279097529228 ], [ -93.911406701502941, 18.262069515248541 ], [ -93.911112549205853, 18.261683799615735 ], [ -93.910836308037261, 18.261324861192637 ], [ -93.910492685323163, 18.260888301947489 ], [ -93.910360775093196, 18.260723113575814 ], [ -93.910301940999517, 18.260649507587338 ], [ -93.909371390486314, 18.259522866409675 ], [ -93.908242416403326, 18.258248564881828 ], [ -93.907268124756371, 18.257227845616654 ], [ -93.906703109973705, 18.256590088994159 ], [ -93.905525650308761, 18.255356507938416 ], [ -93.904301302597261, 18.2541653300514 ], [ -93.903031739997161, 18.253018184148722 ], [ -93.901718695710755, 18.251916634615146 ], [ -93.900363963009468, 18.250862185928806 ], [ -93.898969392365757, 18.249856276354464 ], [ -93.897536887686783, 18.248900280677923 ], [ -93.896068404389709, 18.247995502990904 ], [ -93.894565949415735, 18.247143178503517 ], [ -93.893031571758925, 18.246344469978972 ], [ -93.891467367206701, 18.245600468619976 ], [ -93.8898754707526, 18.244912188686495 ], [ -93.888258056622988, 18.244280571114732 ], [ -93.886617331632578, 18.243706477226119 ], [ -93.884955536149036, 18.243190690533943 ], [ -93.883274937473018, 18.242733914970035 ], [ -93.881577830794399, 18.242336774883352 ], [ -93.879866531614027, 18.241999810558841 ], [ -93.8781433757825, 18.241723483642282 ], [ -93.876410714750918, 18.241508170837211 ], [ -93.87467091464633, 18.241354165718775 ], [ -93.872926348713037, 18.24126167786514 ] ] ] ] } },
{ "type": "Feature", "properties": { "Shape_Leng": 587605.14656899997, "Shape_Area": 2934918858.4099998, "distance": 20000.0 }, "geometry": { "type": "MultiPolygon", "coordinates": [ [ [ [ -92.6872261805254, 18.796827703876204 ], [ -92.675431471801659, 18.796477815355491 ], [ -92.663682538330363, 18.795429508163153 ], [ -92.652024980124907, 18.793686848942475 ], [ -92.640504034172992, 18.791256602666301 ], [ -92.629164405720118, 18.788148199333833 ], [ -92.618050088308948, 18.784373701381849 ], [ -92.607204194477475, 18.779947754689758 ], [ -92.605719931655557, 18.779281773502596 ], [ -92.605534503351336, 18.779197635830304 ], [ -92.596483535565909, 18.774803473718009 ], [ -92.588705528041913, 18.770469423475987 ], [ -92.58870462225984, 18.770470853058288 ], [ -92.588621048507918, 18.770422346258712 ], [ -92.586299458418964, 18.769128606311423 ], [ -92.585173857921845, 18.768408294571319 ], [ -92.584964329774152, 18.768288885876562 ], [ -92.58475628240673, 18.76815576278597 ], [ -92.584291822895821, 18.767896930478241 ], [ -92.574498616855124, 18.761629431506396 ], [ -92.570872321107885, 18.758982450255246 ], [ -92.566104637494618, 18.755548418507477 ], [ -92.565870649704081, 18.755371074378839 ], [ -92.563965177785335, 18.753907628022276 ], [ -92.555065762593557, 18.746530002747633 ], [ -92.546665800538406, 18.738639179127997 ], [ -92.538797790662969, 18.730265753563419 ], [ -92.531492154931584, 18.721442189660163 ], [ -92.524777124208228, 18.712202689195301 ], [ -92.518678626499181, 18.702583060411854 ], [ -92.513220185040112, 18.692620581876053 ], [ -92.508422836672864, 18.682353850195909 ], [ -92.504305041969531, 18.671822635043693 ], [ -92.500882623158432, 18.66106772532439 ], [ -92.498168699474903, 18.650130765523006 ], [ -92.496173641660022, 18.639054099470513 ], [ -92.494905030451179, 18.627880602520538 ], [ -92.494367634149654, 18.616653516644352 ], [ -92.494348471751209, 18.613525235093825 ], [ -92.494348829166242, 18.613404263592386 ], [ -92.494563743373519, 18.605295310462104 ], [ -92.495491744116094, 18.594091401005674 ], [ -92.497148259128807, 18.582964150222878 ], [ -92.499526743863228, 18.57195658863694 ], [ -92.50261786223254, 18.561111274466239 ], [ -92.506409533173951, 18.5504701334647 ], [ -92.510886974212468, 18.540074290755872 ], [ -92.5160327599243, 18.529963920001276 ], [ -92.521826896292154, 18.520178081873869 ], [ -92.528246891896998, 18.510754578884711 ], [ -92.535267851557521, 18.501729807632163 ], [ -92.542862572474462, 18.49313861744109 ], [ -92.551001649483069, 18.485014180813756 ], [ -92.559653586599481, 18.477387862107946 ], [ -92.568784924288778, 18.470289098905752 ], [ -92.578360363526372, 18.463745290585461 ], [ -92.581101585849794, 18.462024884515863 ], [ -92.581462939060998, 18.461802347906069 ], [ -92.588704569863594, 18.457558955975138 ], [ -92.599055645736982, 18.452198574022205 ], [ -92.609735299683592, 18.447462093789444 ], [ -92.620702305462757, 18.44336778801382 ], [ -92.631914340403, 18.439931451822837 ], [ -92.643328143546412, 18.437166341502532 ], [ -92.654899682087532, 18.435083122187883 ], [ -92.666584321397423, 18.433689828973606 ], [ -92.678336994893243, 18.432991836911111 ], [ -92.678432573986541, 18.432991839756152 ], [ -92.680113447781068, 18.432891967486203 ], [ -92.691888821502005, 18.43289196772718 ], [ -92.703641488350812, 18.433589960196304 ], [ -92.715326121184916, 18.434983252645303 ], [ -92.715385416452477, 18.434993929737065 ], [ -92.715489992417034, 18.435006396445615 ], [ -92.727061525848626, 18.437089615303751 ], [ -92.73847532413744, 18.439854726557826 ], [ -92.749687354053506, 18.443291062365041 ], [ -92.760654354611432, 18.447385367784292 ], [ -92.76081738813852, 18.447457680693446 ], [ -92.760962006558998, 18.447511665287077 ], [ -92.771641663187125, 18.45224814561783 ], [ -92.781992742973685, 18.457608527841664 ], [ -92.791975275639828, 18.463572129246522 ], [ -92.801550706018119, 18.47011593839332 ], [ -92.8023382037359, 18.470693372019344 ], [ -92.802529773963741, 18.470834604870749 ], [ -92.810873771518033, 18.477356050230323 ], [ -92.819525707279837, 18.484982369270003 ], [ -92.827664781949053, 18.493106806199393 ], [ -92.83525950118208, 18.501697995943303 ], [ -92.842280460598104, 18.510722768029112 ], [ -92.84248696650522, 18.511025904552131 ], [ -92.843859876247876, 18.512790531947232 ], [ -92.850279949456777, 18.522214031946952 ], [ -92.856074154351674, 18.531999867362725 ], [ -92.861220003234322, 18.542110235774629 ], [ -92.865697497588243, 18.552506075369891 ], [ -92.86948921491198, 18.563147214029446 ], [ -92.872580372126151, 18.573992524823687 ], [ -92.874958885425798, 18.58500008433305 ], [ -92.876615421808239, 18.596127331994328 ], [ -92.877543434650804, 18.607331239518057 ], [ -92.877739190893365, 18.618568471411209 ], [ -92.877201789770766, 18.629795554688044 ], [ -92.87593316642176, 18.640969049635572 ], [ -92.873938086969801, 18.652045714408303 ], [ -92.871224134077025, 18.662982671586789 ], [ -92.867801678183682, 18.673737579403561 ], [ -92.863683838192671, 18.684268792268455 ], [ -92.85888643723797, 18.694535523242674 ], [ -92.853427935485556, 18.704498000302571 ], [ -92.847329369320562, 18.714117627246981 ], [ -92.840614264661895, 18.723357126613831 ], [ -92.83330854806448, 18.73218068991217 ], [ -92.832018846882747, 18.733626849971067 ], [ -92.83184285026671, 18.733822107947294 ], [ -92.825264565799969, 18.740749238573304 ], [ -92.816864499632118, 18.748640061091592 ], [ -92.807964975413157, 18.756017685794042 ], [ -92.798600440720065, 18.762853503470986 ], [ -92.788807164194097, 18.769121001719899 ], [ -92.77862308762549, 18.774795870025866 ], [ -92.768087682443081, 18.77985609303612 ], [ -92.757241794486603, 18.784282040124346 ], [ -92.756984287442918, 18.784369500619214 ], [ -92.756977961238661, 18.784372081728094 ], [ -92.745863644557375, 18.788146579684131 ], [ -92.734524016762606, 18.791254982446777 ], [ -92.723003071022703, 18.793685228751244 ], [ -92.711345512414113, 18.795427887910868 ], [ -92.69959657969855, 18.796476195356096 ], [ -92.687801869819765, 18.796826083486192 ], [ -92.687541360594381, 18.796818364157634 ], [ -92.6872261805254, 18.796827703876204 ] ], [ [ -92.687226180749519, 18.706484587560542 ], [ -92.687577065315011, 18.706480077985713 ], [ -92.687801870133669, 18.706482966815877 ], [ -92.690358221384329, 18.706450103268789 ], [ -92.692912710286762, 18.706351535371283 ], [ -92.695463477618944, 18.706187336058086 ], [ -92.698008664094743, 18.705957623553861 ], [ -92.700546417952566, 18.70566256680738 ], [ -92.703074890235129, 18.70530237915677 ], [ -92.705592238582582, 18.704877324661066 ], [ -92.7080966310495, 18.704387710874418 ], [ -92.710586242310129, 18.703833895165104 ], [ -92.71305926220937, 18.703216282015585 ], [ -92.715513887242622, 18.702535319391938 ], [ -92.717948330040514, 18.701791504178964 ], [ -92.720360820334122, 18.70098537765983 ], [ -92.72042516697492, 18.700962000397293 ], [ -92.720624672236298, 18.700895335100622 ], [ -92.723013450497348, 18.700027484967606 ], [ -92.725376779378678, 18.699098542012894 ], [ -92.727712937116934, 18.698109183406288 ], [ -92.730020224774606, 18.697060129807944 ], [ -92.732296961505412, 18.695952145357456 ], [ -92.734541491202748, 18.694786035872276 ], [ -92.736752178708329, 18.693562651549268 ], [ -92.738927415517068, 18.692282881546156 ], [ -92.741065619773906, 18.690947659399612 ], [ -92.743165234391967, 18.689557956691697 ], [ -92.745224731795872, 18.688114784859373 ], [ -92.747242612978752, 18.686619194284763 ], [ -92.749217411297508, 18.685072275198998 ], [ -92.751147689638614, 18.683475152251102 ], [ -92.753032044205611, 18.681828989930523 ], [ -92.754869103584383, 18.680134984426939 ], [ -92.756657532526845, 18.67839437086047 ], [ -92.758396030066493, 18.676608415140041 ], [ -92.759929472082504, 18.67494946993007 ], [ -92.760105492673219, 18.674754276641131 ], [ -92.760259293706625, 18.674583291845607 ], [ -92.761894173061222, 18.672710584635109 ], [ -92.763475444660827, 18.670796530409234 ], [ -92.765001956032393, 18.668842523619997 ], [ -92.766472601311662, 18.666849984979738 ], [ -92.76788630890772, 18.664820365055956 ], [ -92.769242054778474, 18.662755141571523 ], [ -92.770538852947993, 18.660655816677156 ], [ -92.771775761189943, 18.658523917857345 ], [ -92.772951883866796, 18.656360997929642 ], [ -92.77406636529436, 18.654168629609195 ], [ -92.77511839826532, 18.651948408226588 ], [ -92.77610721930553, 18.649701949006499 ], [ -92.777032111511346, 18.647430887067507 ], [ -92.777892404545625, 18.645136874706839 ], [ -92.778687475578039, 18.642821581398199 ], [ -92.779416747386335, 18.640486689267242 ], [ -92.780079694028174, 18.638133899421856 ], [ -92.780675835156359, 18.635764922000892 ], [ -92.781204738848132, 18.633381480693824 ], [ -92.781666025392369, 18.630985309127841 ], [ -92.782059360644624, 18.628578149954084 ], [ -92.782384460758564, 18.626161753947542 ], [ -92.782641094072801, 18.623737879103867 ], [ -92.782829076365132, 18.621308287017506 ], [ -92.782948272734671, 18.618874745593939 ], [ -92.782998600440862, 18.616439024533445 ], [ -92.782980025103328, 18.614002893518578 ], [ -92.782892564478317, 18.611568125833269 ], [ -92.782736283717526, 18.609136491127273 ], [ -92.782511300094797, 18.60670975722925 ], [ -92.782217779206178, 18.60428968833557 ], [ -92.78185593875088, 18.601878045015365 ], [ -92.781426043788443, 18.599476578783388 ], [ -92.780928409567508, 18.597087035719927 ], [ -92.780363401519111, 18.594711153760695 ], [ -92.779731431459012, 18.592350659983328 ], [ -92.779032963267326, 18.590007268808176 ], [ -92.778268507188713, 18.587682684705459 ], [ -92.777438619830377, 18.585378596775154 ], [ -92.776543908891057, 18.583096679658976 ], [ -92.775585025572695, 18.580838591726899 ], [ -92.774562670261432, 18.578605973279672 ], [ -92.77347758872645, 18.57640044835502 ], [ -92.772330571173256, 18.574223618403757 ], [ -92.771122452233499, 18.572077065004741 ], [ -92.769854113802779, 18.569962348968641 ], [ -92.768526479354449, 18.567881005816051 ], [ -92.767140515826171, 18.565834548495388 ], [ -92.765697230777803, 18.563824462864822 ], [ -92.764197675226569, 18.561852210411569 ], [ -92.764082344886617, 18.561708823158931 ], [ -92.762619214160551, 18.559784451949994 ], [ -92.761064499037673, 18.557851463985088 ], [ -92.759455736627331, 18.555959145976914 ], [ -92.757794098813818, 18.554108871865434 ], [ -92.756080792403679, 18.552301986709079 ], [ -92.754317064814657, 18.55053980308184 ], [ -92.752504197444054, 18.548823599261709 ], [ -92.75064351040092, 18.547154622857381 ], [ -92.748736353982864, 18.5455340871864 ], [ -92.746784117210311, 18.543963167676473 ], [ -92.74478821645134, 18.542443005470172 ], [ -92.744621099214555, 18.542319486061658 ], [ -92.744429495501876, 18.542178196193348 ], [ -92.742558423782768, 18.540833355932627 ], [ -92.740479583401239, 18.539417983553136 ], [ -92.73836152256699, 18.538056567265375 ], [ -92.736205780349437, 18.536750094870964 ], [ -92.734013923185174, 18.535499516294767 ], [ -92.731787544889201, 18.534305739070689 ], [ -92.729528260972174, 18.533169630145586 ], [ -92.727237713384554, 18.532092014986318 ], [ -92.724917565787948, 18.531073675769544 ], [ -92.724634175275781, 18.530958016121634 ], [ -92.724609940411966, 18.530947379170666 ], [ -92.722261879768254, 18.529989054609647 ], [ -92.719887609613508, 18.529091441348402 ], [ -92.717488854991544, 18.528255190809677 ], [ -92.715067357001772, 18.527480910228878 ], [ -92.712624873754763, 18.526769162658653 ], [ -92.710163179439007, 18.526120463355269 ], [ -92.707684062427163, 18.525535284297657 ], [ -92.705189321501294, 18.525014050569094 ], [ -92.70268076870596, 18.524557139460082 ], [ -92.700160224614322, 18.524164884078385 ], [ -92.700070492079263, 18.524153278784642 ], [ -92.6999963563389, 18.524141740678505 ], [ -92.697465651700497, 18.52381442505607 ], [ -92.694926624391812, 18.523552287081596 ], [ -92.69238111685948, 18.523355516475331 ], [ -92.689830978226937, 18.523224256970362 ], [ -92.687278058625068, 18.523158603593149 ], [ -92.684724212043264, 18.523158603572544 ], [ -92.682171291601179, 18.523224257236159 ], [ -92.679621152403101, 18.523355517111618 ], [ -92.679294639296543, 18.523380758058657 ], [ -92.677844699713077, 18.523455384592065 ], [ -92.675299190967721, 18.523652154922679 ], [ -92.672760161947068, 18.523914293140038 ], [ -92.670229456719582, 18.524241609262166 ], [ -92.667708911908022, 18.524633864585255 ], [ -92.665200357640074, 18.525090775299105 ], [ -92.662705615668841, 18.525612009771354 ], [ -92.660226496540346, 18.526197188540472 ], [ -92.657764801490956, 18.52684588793273 ], [ -92.655322317728533, 18.527557635532407 ], [ -92.652900818430751, 18.528331915602443 ], [ -92.650502062759358, 18.529168166370091 ], [ -92.648127792080757, 18.530065779113791 ], [ -92.64577972996311, 18.531024103582606 ], [ -92.643459583140981, 18.532042443475948 ], [ -92.641169036779729, 18.53312005914275 ], [ -92.63890975353516, 18.534256167575954 ], [ -92.636683375449422, 18.535449945123794 ], [ -92.634491519227126, 18.536700523861587 ], [ -92.632821126643151, 18.537706035212889 ], [ -92.632459680316529, 18.537928669102403 ], [ -92.631974171155193, 18.53822972724581 ], [ -92.629856108478023, 18.539591143189575 ], [ -92.627777265689332, 18.541006516248643 ], [ -92.625739153430303, 18.542474816722763 ], [ -92.6237432522733, 18.543994978742081 ], [ -92.621791014625956, 18.545565897554649 ], [ -92.619883859038666, 18.547186434029371 ], [ -92.618023170216418, 18.54885541013218 ], [ -92.616210303748261, 18.55057161344978 ], [ -92.614446575682834, 18.552333798067313 ], [ -92.612733269163883, 18.554140683673168 ], [ -92.611071630637667, 18.555990956450188 ], [ -92.609462867944615, 18.557883274489541 ], [ -92.607908153173256, 18.559816262368813 ], [ -92.606408616014676, 18.561788515652605 ], [ -92.60496534849608, 18.563798601801107 ], [ -92.603579400241657, 18.565845059251711 ], [ -92.602251781299614, 18.567926402843096 ], [ -92.600983458355543, 18.570041120187405 ], [ -92.599775354723988, 18.572187673473366 ], [ -92.598628350332405, 18.574364503980828 ], [ -92.597543281722281, 18.576570029365133 ], [ -92.596520938241255, 18.578802648163773 ], [ -92.595562067731649, 18.581060736189574 ], [ -92.594667367026958, 18.583342654640624 ], [ -92.593837490491012, 18.585646742884563 ], [ -92.593073042406985, 18.58797132747668 ], [ -92.592374582664192, 18.590314718553984 ], [ -92.591742621054408, 18.592675213434841 ], [ -92.591177619160547, 18.595051095716407 ], [ -92.590679991286791, 18.597440638889427 ], [ -92.590250101605619, 18.599842106329366 ], [ -92.589888265098025, 18.602253750392954 ], [ -92.589594748474212, 18.604673819648202 ], [ -92.589369767330567, 18.607100554347934 ], [ -92.589213488974352, 18.609532190049656 ], [ -92.589126028621735, 18.611966957606061 ], [ -92.589105873551631, 18.613634912038961 ], [ -92.589105583109657, 18.613755885146379 ], [ -92.589107163662106, 18.614524060791108 ], [ -92.589157491667649, 18.616959782966486 ], [ -92.589276686778987, 18.619393324853498 ], [ -92.58946466612278, 18.621822917482117 ], [ -92.589721296561848, 18.624246793506561 ], [ -92.590046394678126, 18.626663189917032 ], [ -92.5904397248637, 18.629070348940225 ], [ -92.59090100593788, 18.631466521669811 ], [ -92.591429904513745, 18.63384996263073 ], [ -92.592026038754128, 18.636218940634258 ], [ -92.592688978379016, 18.638571731549501 ], [ -92.593418242748882, 18.640906622820371 ], [ -92.594213304638942, 18.643221917091221 ], [ -92.595073587389891, 18.645515930395554 ], [ -92.595998469639724, 18.647786992169202 ], [ -92.596987279611625, 18.650033451567243 ], [ -92.598039300804885, 18.652253672960882 ], [ -92.599153770076299, 18.654446042263096 ], [ -92.600329879537455, 18.656608963321172 ], [ -92.601566774643018, 18.658740861531715 ], [ -92.602863557970579, 18.660840186563942 ], [ -92.604219288268666, 18.662905411458063 ], [ -92.605632981403659, 18.664935030824001 ], [ -92.607103609385462, 18.666927569881786 ], [ -92.608630104170743, 18.668881578147435 ], [ -92.610211357652602, 18.670795632149137 ], [ -92.611846219752579, 18.672668339043152 ], [ -92.613533502210586, 18.674498336626428 ], [ -92.615271978584914, 18.67628429243813 ], [ -92.617060386140935, 18.678024906479447 ], [ -92.618897422054857, 18.679718912114989 ], [ -92.620781752897884, 18.681365075193259 ], [ -92.622712007990586, 18.682962197653399 ], [ -92.624686781299687, 18.684509117534152 ], [ -92.624891262611342, 18.684664499059039 ], [ -92.625125215837528, 18.684841771038361 ], [ -92.625558174833145, 18.685161760540211 ], [ -92.625856072071414, 18.685395110640076 ], [ -92.627873939237702, 18.686890700571549 ], [ -92.629933421538126, 18.688333872994786 ], [ -92.632033021093861, 18.68972357612288 ], [ -92.634171210361174, 18.691058798819032 ], [ -92.634786568003221, 18.691420842472361 ], [ -92.636179209212585, 18.69229048590935 ], [ -92.638354446841362, 18.693570255522822 ], [ -92.640565134470805, 18.694793640411127 ], [ -92.642809664102046, 18.695959749642654 ], [ -92.645086400930239, 18.697067734768112 ], [ -92.646307213391523, 18.697631870236712 ], [ -92.646492574433509, 18.697715968865317 ], [ -92.647578962096048, 18.698200846566408 ], [ -92.649915121043534, 18.699190204932282 ], [ -92.652278451348778, 18.700119147002912 ], [ -92.654667230003, 18.700986997954026 ], [ -92.657079720505834, 18.701793123681519 ], [ -92.659514164319106, 18.702536939826942 ], [ -92.661968789431086, 18.703217901855059 ], [ -92.664441808446554, 18.70383551589893 ], [ -92.666931420508931, 18.704389330631862 ], [ -92.66943581224379, 18.704878944502475 ], [ -92.671953160626273, 18.70530399941542 ], [ -92.674481632978555, 18.705664187060098 ], [ -92.677019386040357, 18.705959244392098 ], [ -92.67956457356162, 18.706188956359259 ], [ -92.682115340622275, 18.706353155893453 ], [ -92.684669830283823, 18.706451723019043 ], [ -92.687226180749519, 18.706484587560542 ] ] ], [ [ [ -93.153606039739202, 18.606742448082048 ], [ -93.1528756794429, 18.606720778946304 ], [ -93.152104591076409, 18.606743656744268 ], [ -93.151288364871448, 18.606719439690114 ], [ -93.15074937889834, 18.606735430873034 ], [ -93.138967829235156, 18.606385539557479 ], [ -93.127232003245908, 18.605337222177852 ], [ -93.115587445510428, 18.603594549041691 ], [ -93.104079344877178, 18.601164280706193 ], [ -93.092752352593095, 18.598055848712711 ], [ -93.089440590278841, 18.59700731975369 ], [ -93.089098959427787, 18.596895812681758 ], [ -93.081309122385548, 18.594169917766067 ], [ -93.080998449850355, 18.594043008815643 ], [ -93.08088005933422, 18.594002753483508 ], [ -93.070046252857935, 18.589576763944319 ], [ -93.069826974486489, 18.589471333888628 ], [ -93.069743957327034, 18.589437414895126 ], [ -93.065773372505973, 18.58752827554753 ], [ -93.065756092481919, 18.58756148296267 ], [ -93.065604114189156, 18.587489572013514 ], [ -93.065621879156041, 18.587455431713305 ], [ -93.059220286281572, 18.584377141728925 ], [ -93.049047540461956, 18.57870221490154 ], [ -93.039265147383148, 18.572434650161508 ], [ -93.029911006458619, 18.565598756957186 ], [ -93.021021343875091, 18.558221047753264 ], [ -93.012630571603182, 18.550330130116031 ], [ -93.004771151507541, 18.541956601472137 ], [ -92.997473475928629, 18.533132923064365 ], [ -92.990765741996469, 18.523893298433684 ], [ -92.984673850937185, 18.514273534757042 ], [ -92.979221302986446, 18.504310909658873 ], [ -92.974429111579411, 18.494044020919766 ], [ -92.970315718791824, 18.483512638082306 ], [ -92.966896930951464, 18.472757549644317 ], [ -92.964185854494886, 18.4618204004313 ], [ -92.962192851922822, 18.450743535431123 ], [ -92.960925496981574, 18.439569829311218 ], [ -92.960388553648656, 18.428342526033958 ], [ -92.960368634631195, 18.425681610037316 ], [ -92.960368670866828, 18.425523411063505 ], [ -92.960583993121162, 18.416946866859401 ], [ -92.961510845022303, 18.405742723849457 ], [ -92.963165419207968, 18.394615234079691 ], [ -92.965541177351142, 18.383607428572194 ], [ -92.968628798328481, 18.372761867454695 ], [ -92.972416214827206, 18.36212047510093 ], [ -92.97688866114288, 18.351724381736989 ], [ -92.982028734972332, 18.341613759752452 ], [ -92.987816462752832, 18.331827672777653 ], [ -92.988272629441539, 18.331157380077176 ], [ -92.988359756617584, 18.331010051617834 ], [ -92.994772644467346, 18.321586301783192 ], [ -93.00178585198293, 18.312561288506334 ], [ -93.008257291637335, 18.305166301137703 ], [ -93.008396419828784, 18.305015662778914 ], [ -93.009511429033836, 18.303819122246814 ], [ -93.017641550082146, 18.295694459540709 ], [ -93.026283984559285, 18.288067924918302 ], [ -93.035405309201593, 18.280968957928831 ], [ -93.044970264169933, 18.27442495759307 ], [ -93.054941890598201, 18.26846118056292 ], [ -93.057717657668064, 18.267022202589171 ], [ -93.058626559192192, 18.266494643992871 ], [ -93.068966223828383, 18.26113410014667 ], [ -93.079634115402158, 18.256397474709487 ], [ -93.090589053873913, 18.252303042405899 ], [ -93.101788758333385, 18.248866599868428 ], [ -93.113190017167867, 18.246101403133583 ], [ -93.124748842890028, 18.244018118576609 ], [ -93.136420649495022, 18.242624781830575 ], [ -93.142531264219528, 18.242261550835671 ], [ -93.148804199892595, 18.241512615695303 ], [ -93.160543893279936, 18.240814600530008 ], [ -93.172306269621927, 18.240814600665349 ], [ -93.184045963351451, 18.241512615636431 ], [ -93.195717695973485, 18.242905952338532 ], [ -93.207276448420828, 18.244989238293424 ], [ -93.218677634414192, 18.247754435659981 ], [ -93.229877268271537, 18.251190878594972 ], [ -93.240832135694049, 18.25528531136607 ], [ -93.251499959062613, 18.260021937176482 ], [ -93.261839558233135, 18.265382482229676 ], [ -93.271811008737728, 18.271346263295364 ], [ -93.281375793646134, 18.277890266025114 ], [ -93.290496956683157, 18.284989235830523 ], [ -93.299139237690767, 18.292615774136831 ], [ -93.307269214102021, 18.300740440900103 ], [ -93.314855426686933, 18.309331868860742 ], [ -93.321868502816272, 18.318356885918728 ], [ -93.328281268718015, 18.327780640239329 ], [ -93.334068860190612, 18.337566731709625 ], [ -93.339208811909856, 18.347677359740167 ], [ -93.343681151756911, 18.358073458464272 ], [ -93.346248927597756, 18.365043659883838 ], [ -93.346396350593636, 18.365471573882168 ], [ -93.34761595059328, 18.369142907439176 ], [ -93.350703505198595, 18.379988474414986 ], [ -93.353079210969611, 18.390996284897394 ], [ -93.35473374799713, 18.402123778555115 ], [ -93.35566057791992, 18.413327925965632 ], [ -93.35585597526223, 18.424565389916708 ], [ -93.355319040899005, 18.435792697739743 ], [ -93.354051710827861, 18.446966408386889 ], [ -93.352058748847611, 18.458043277891107 ], [ -93.349347729740273, 18.468980429524464 ], [ -93.345929013845435, 18.479735522322798 ], [ -93.341815709175989, 18.490266908038031 ], [ -93.337023620132797, 18.500533800010601 ], [ -93.331571189357334, 18.510496428632788 ], [ -93.331441069406083, 18.510701919510094 ], [ -93.331413423786458, 18.510752430919464 ], [ -93.325321655111267, 18.520372195970289 ], [ -93.318614057229013, 18.529611823530104 ], [ -93.311316529045925, 18.538435504000404 ], [ -93.303457269101926, 18.546809034519349 ], [ -93.295066667587321, 18.554699953275339 ], [ -93.286177185668876, 18.562077664836625 ], [ -93.276823236338217, 18.568913560068228 ], [ -93.267041043082784, 18.57518112613171 ], [ -93.256868505770257, 18.580856052826647 ], [ -93.246345050052199, 18.585916327153864 ], [ -93.23551147452109, 18.590342317864884 ], [ -93.235031481624574, 18.590505530010564 ], [ -93.234648496040876, 18.59066307626863 ], [ -93.234186272422178, 18.590843867502734 ], [ -93.234178669494767, 18.590826193157902 ], [ -93.232755059858249, 18.591402698885112 ], [ -93.232657521649131, 18.591440041505702 ], [ -93.231223134236359, 18.591982726040811 ], [ -93.220121343378793, 18.595757259977891 ], [ -93.21953038267614, 18.595919457985378 ], [ -93.219156506714896, 18.596046559297925 ], [ -93.207829647015416, 18.599154991494284 ], [ -93.206935857179559, 18.599343771067911 ], [ -93.200276075907823, 18.60117129783805 ], [ -93.188767974512729, 18.603601566560855 ], [ -93.177123417023083, 18.605344240069297 ], [ -93.165387590918897, 18.606392557170206 ], [ -93.153606039739202, 18.606742448082048 ] ], [ [ -93.197471636864606, 18.507559379410534 ], [ -93.198247766865194, 18.507252285812044 ], [ -93.198248426101117, 18.507253820697546 ], [ -93.198710466534337, 18.507073115019637 ], [ -93.199740873188247, 18.506661103860573 ], [ -93.201322252929117, 18.506085920389395 ], [ -93.203682908172723, 18.505156963377232 ], [ -93.206016425404187, 18.504167590389823 ], [ -93.208321104000461, 18.503118521028306 ], [ -93.21059526816417, 18.502010519221329 ], [ -93.212837260296652, 18.500844391420859 ], [ -93.215045450479678, 18.499620988394927 ], [ -93.217218231736666, 18.498341198902132 ], [ -93.219354020991929, 18.497005955108868 ], [ -93.221451264756951, 18.495616230770786 ], [ -93.223508438180318, 18.494173035806106 ], [ -93.225524043163546, 18.492677421716277 ], [ -93.227496614043361, 18.491130477958848 ], [ -93.229424715696993, 18.489533330137359 ], [ -93.231306946386098, 18.487887139992988 ], [ -93.233141935865788, 18.486193107209374 ], [ -93.23492835106299, 18.484452464881777 ], [ -93.236664892288829, 18.482666480420242 ], [ -93.23835029702208, 18.480836451924993 ], [ -93.23998333991581, 18.478963713604006 ], [ -93.24156283467893, 18.477049627631583 ], [ -93.243087634078975, 18.475095587758602 ], [ -93.244556628986075, 18.473103014789725 ], [ -93.245968752163435, 18.471073360189269 ], [ -93.24732297825463, 18.469008099749711 ], [ -93.24861832473276, 18.466908738105097 ], [ -93.248619377226291, 18.466906920964039 ], [ -93.248776213870713, 18.466652733754415 ], [ -93.250011737271265, 18.464520797911138 ], [ -93.251186542618598, 18.462357839516915 ], [ -93.252299777714555, 18.460165431626137 ], [ -93.253350636000505, 18.457945169787308 ], [ -93.25433835275949, 18.455698670236782 ], [ -93.255262214574657, 18.453427566266999 ], [ -93.256121549856189, 18.451133511851392 ], [ -93.256915736399293, 18.448818174400081 ], [ -93.257644199488126, 18.446483239278706 ], [ -93.258306411879303, 18.444130404382491 ], [ -93.258901894742536, 18.441761381940381 ], [ -93.259430216698931, 18.439377894898488 ], [ -93.259890997598063, 18.436981676009026 ], [ -93.260283903775942, 18.434574469642637 ], [ -93.260608652771865, 18.432158026357399 ], [ -93.260865011424286, 18.429734102900131 ], [ -93.261052796807306, 18.427304462203942 ], [ -93.261171873376995, 18.424870871583689 ], [ -93.261222159585074, 18.422435100015061 ], [ -93.261203621242771, 18.419998919950768 ], [ -93.261116273395956, 18.41756410189528 ], [ -93.260960183157763, 18.415132416208579 ], [ -93.260735467801922, 18.412705631301868 ], [ -93.260442292855473, 18.410285511833209 ], [ -93.260080874925151, 18.407873815993334 ], [ -93.259651477903887, 18.40547229822327 ], [ -93.259154418633472, 18.403082703785731 ], [ -93.25859006026981, 18.40070677058322 ], [ -93.25795881605363, 18.398346224635933 ], [ -93.257261147410219, 18.396002781894371 ], [ -93.25649885040157, 18.393681883801012 ], [ -93.256351625843806, 18.393253900429173 ], [ -93.256350315615222, 18.39325009349886 ], [ -93.255521378196718, 18.390945954018814 ], [ -93.254627687860705, 18.38866398527141 ], [ -93.253669898654096, 18.38640584578345 ], [ -93.252648708968266, 18.384173176801372 ], [ -93.251564861529246, 18.381967600486995 ], [ -93.250419148123967, 18.379790719914944 ], [ -93.249212402017832, 18.377644117279029 ], [ -93.247945503624564, 18.375529351177278 ], [ -93.24661937482476, 18.373447959335024 ], [ -93.245234981792734, 18.371401453182585 ], [ -93.243793332156002, 18.369391320574866 ], [ -93.24229547498345, 18.367419020372957 ], [ -93.240742500788045, 18.36548598696778 ], [ -93.239135539620577, 18.363593623056783 ], [ -93.237475759181464, 18.361743305073858 ], [ -93.235764368595071, 18.359936375959034 ], [ -93.234002611787361, 18.358174148786553 ], [ -93.232191770320952, 18.35645790405513 ], [ -93.230333160551595, 18.354788886984707 ], [ -93.228428133632121, 18.353168310232654 ], [ -93.22647807456417, 18.351597352092266 ], [ -93.224484400300767, 18.350077151980834 ], [ -93.222448561648235, 18.348608815864935 ], [ -93.220372036632654, 18.347193408138661 ], [ -93.21825633429593, 18.345831957046705 ], [ -93.216102992802831, 18.344525451979695 ], [ -93.213913575656861, 18.343274841675303 ], [ -93.21168967454534, 18.342081035123325 ], [ -93.209432904606729, 18.340944897055838 ], [ -93.207144904443808, 18.33986725427831 ], [ -93.204827337067428, 18.338848888441714 ], [ -93.202481886121404, 18.337890539665892 ], [ -93.200110253992491, 18.336992902929822 ], [ -93.197714162768051, 18.336156631689235 ], [ -93.195295354236677, 18.335382331553276 ], [ -93.19285558422267, 18.334670564812441 ], [ -93.190396623539911, 18.334021849536679 ], [ -93.187920258941944, 18.33343665505781 ], [ -93.185428287458393, 18.332915407400776 ], [ -93.182922518292244, 18.33245848476453 ], [ -93.18040477283111, 18.332066219331885 ], [ -93.177876877083051, 18.331738894566836 ], [ -93.175340667369483, 18.33147674972988 ], [ -93.172797984651112, 18.331279974461506 ], [ -93.17025067548758, 18.331148711493704 ], [ -93.167700588261013, 18.331083055750334 ], [ -93.165149575081017, 18.331083056153503 ], [ -93.162599488005043, 18.331148711107986 ], [ -93.160052179054105, 18.331279973924108 ], [ -93.15750949548837, 18.331476750109815 ], [ -93.154973286440068, 18.331738894653277 ], [ -93.152445390626909, 18.332066219262732 ], [ -93.151390062139157, 18.332230643997086 ], [ -93.150216026224925, 18.332260866229021 ], [ -93.147668699914277, 18.332392130145411 ], [ -93.145126001002836, 18.332588905036797 ], [ -93.14258977486358, 18.332851050531907 ], [ -93.140061863075303, 18.333178373935347 ], [ -93.137544101548102, 18.333570640170297 ], [ -93.135038316740435, 18.334027562741703 ], [ -93.132546329459643, 18.334548810058557 ], [ -93.130069948245392, 18.33513400362931 ], [ -93.127610972219557, 18.335782719865399 ], [ -93.125171186360092, 18.336494485562987 ], [ -93.122752362462194, 18.337268786034411 ], [ -93.120356256302529, 18.338105057876398 ], [ -93.11798460859778, 18.339002694389819 ], [ -93.115639142171275, 18.339961042866566 ], [ -93.113321560070403, 18.34097940820288 ], [ -93.111033545572255, 18.342057051088091 ], [ -93.108776761244769, 18.343193188905207 ], [ -93.106552846113587, 18.344386995728986 ], [ -93.105997818223329, 18.344704033511523 ], [ -93.105092654834692, 18.345159710849185 ], [ -93.102868714663657, 18.346353518074121 ], [ -93.100679258372054, 18.347604127526495 ], [ -93.098525878904738, 18.348910632105138 ], [ -93.096410139056474, 18.350272082294776 ], [ -93.09433357715659, 18.351687488870319 ], [ -93.092297701395651, 18.353155825606752 ], [ -93.090303992665767, 18.354676024753775 ], [ -93.088353898887405, 18.356246982457215 ], [ -93.086448837850668, 18.357867557848582 ], [ -93.084590195324523, 18.359536573945508 ], [ -93.082779321272312, 18.361252818552138 ], [ -93.081017532692528, 18.363015045157006 ], [ -93.079352812989811, 18.364771348091338 ], [ -93.07921369870499, 18.364922039045009 ], [ -93.079166949107517, 18.364972715386145 ], [ -93.077507138223098, 18.366823033361662 ], [ -93.075900147099958, 18.368715395134316 ], [ -93.074347143841976, 18.370648428639264 ], [ -93.072849258850312, 18.37262072747362 ], [ -93.071407581984928, 18.374630859931464 ], [ -93.070023162559764, 18.376677365383593 ], [ -93.069858000736971, 18.376936589712621 ], [ -93.069480251917241, 18.377494985456408 ], [ -93.068154091638306, 18.379576375847904 ], [ -93.066887164058912, 18.38169114129516 ], [ -93.065680389269914, 18.383837742512661 ], [ -93.064534648695769, 18.386014622119394 ], [ -93.063450776565887, 18.388220197407193 ], [ -93.062429561803512, 18.390452864854957 ], [ -93.061471749913679, 18.392711003739855 ], [ -93.060578039187448, 18.394992970711847 ], [ -93.059749081644568, 18.397297109732019 ], [ -93.058985482076409, 18.399621744839198 ], [ -93.05828779898647, 18.401965186473252 ], [ -93.057656541741792, 18.404325731473261 ], [ -93.057092171510746, 18.406701663978229 ], [ -93.0565951012547, 18.409091257232628 ], [ -93.056165695718477, 18.4114927735842 ], [ -93.055804269528181, 18.413904468097648 ], [ -93.055511087181003, 18.416324587649513 ], [ -93.055286366822756, 18.418751371829284 ], [ -93.055130273610558, 18.421183055651696 ], [ -93.055042924437984, 18.423617873169785 ], [ -93.055022558003031, 18.425519574708787 ], [ -93.055022608311702, 18.425677775455021 ], [ -93.05502443444702, 18.426212252789675 ], [ -93.055074721507324, 18.428648022413114 ], [ -93.055193801351493, 18.431081612177294 ], [ -93.055381590138381, 18.433511252286994 ], [ -93.055637953817651, 18.435935174696795 ], [ -93.055962710014583, 18.438351617630218 ], [ -93.056355625178099, 18.440758822870379 ], [ -93.056816414571685, 18.4431550402801 ], [ -93.057344747945152, 18.445538526897835 ], [ -93.057940243843348, 18.44790754874904 ], [ -93.05860247054369, 18.450260382655177 ], [ -93.059330948888459, 18.452595317139217 ], [ -93.0601251532227, 18.454910653331368 ], [ -93.060984506650783, 18.457204706781223 ], [ -93.061908387658107, 18.45947581016965 ], [ -93.062896127260217, 18.461722308794144 ], [ -93.063947007103621, 18.463942569610769 ], [ -93.065060267033815, 18.46613497671613 ], [ -93.066235098459615, 18.46829793496866 ], [ -93.067470648134929, 18.47042986999131 ], [ -93.068766020048059, 18.472529230886281 ], [ -93.070120274468906, 18.474594490239575 ], [ -93.071532426049075, 18.476624144126259 ], [ -93.073001450449652, 18.478616716631493 ], [ -93.07452628054655, 18.480570756241107 ], [ -93.076105807376763, 18.482484842172948 ], [ -93.07773888392218, 18.484357579861179 ], [ -93.079424323215406, 18.486187607288283 ], [ -93.081160899283333, 18.487973591374555 ], [ -93.082947350937275, 18.489714233404545 ], [ -93.084782377981384, 18.491408265418059 ], [ -93.086664645950776, 18.493054454732583 ], [ -93.088592787058474, 18.494651602139996 ], [ -93.090565398303298, 18.496198545527704 ], [ -93.092581045260275, 18.497694158978295 ], [ -93.094638260188447, 18.499137353678865 ], [ -93.096735546769921, 18.50052707792393 ], [ -93.098871380115213, 18.501862320735182 ], [ -93.101044204871272, 18.503142110059684 ], [ -93.10325243996283, 18.504365513675925 ], [ -93.105494478597805, 18.505531640101836 ], [ -93.107768688274689, 18.5066396422149 ], [ -93.108016825695842, 18.506752591459549 ], [ -93.108071015264059, 18.506778991677631 ], [ -93.110375742414874, 18.507828061193038 ], [ -93.112709308832549, 18.508817434347879 ], [ -93.115070015338702, 18.509746390792184 ], [ -93.115126549675793, 18.509766953423025 ], [ -93.115499111725157, 18.509913556403131 ], [ -93.11788524075574, 18.510781420131178 ], [ -93.119768721374854, 18.511417417880754 ], [ -93.120110205317275, 18.511528871213798 ], [ -93.120636370180407, 18.511698956866134 ], [ -93.123068113880592, 18.512442782980891 ], [ -93.12552001595148, 18.513123755554727 ], [ -93.127990291506862, 18.513741378841083 ], [ -93.130477141388411, 18.51429520238144 ], [ -93.132978755018527, 18.514784822813301 ], [ -93.135493310409942, 18.515209883872284 ], [ -93.138018976070612, 18.515570076393129 ], [ -93.140553912907592, 18.515865137405715 ], [ -93.143096275187219, 18.516094852847726 ], [ -93.145644211490449, 18.516259054853126 ], [ -93.148195865673287, 18.516357624464288 ], [ -93.150749378769035, 18.516390488015727 ], [ -93.151107332269419, 18.516385883930049 ], [ -93.152104591255764, 18.516398713980099 ], [ -93.152902274179411, 18.516388451459072 ], [ -93.153606040063011, 18.51639750585765 ], [ -93.156159554320368, 18.516364641595079 ], [ -93.158711207627277, 18.516266072502859 ], [ -93.16125914399224, 18.516101870754039 ], [ -93.163801506541091, 18.515872155619629 ], [ -93.166336443212856, 18.515577094367021 ], [ -93.168862109611752, 18.515216901352538 ], [ -93.171376665229616, 18.514791839831041 ], [ -93.173878278190529, 18.514302219239049 ], [ -93.176365128104081, 18.513748396093721 ], [ -93.17883540417921, 18.513130773088918 ], [ -93.181287306183251, 18.512449800899724 ], [ -93.182870017507753, 18.511965682464783 ], [ -93.183918982283288, 18.511732070354441 ], [ -93.186389229038454, 18.511114447539011 ], [ -93.188841102951642, 18.510433474479917 ], [ -93.189598496540455, 18.510201802899314 ], [ -93.189805991244569, 18.510144172944003 ], [ -93.192237702868312, 18.509400346852974 ], [ -93.194647484983335, 18.50859420791237 ], [ -93.197033584292512, 18.507726344462601 ], [ -93.197374137230398, 18.507596704638782 ], [ -93.197471636864606, 18.507559379410534 ] ] ], [ [ [ -93.691696824781474, 18.398017611000913 ], [ -93.685609305574602, 18.388397757604313 ], [ -93.68016065753298, 18.378435035563847 ], [ -93.675371877122856, 18.36816804247692 ], [ -93.671261397786353, 18.357636549472705 ], [ -93.667845011629282, 18.346881342324547 ], [ -93.665135819777007, 18.335944067995516 ], [ -93.66314417627845, 18.324867070487073 ], [ -93.661877652061662, 18.313693225850962 ], [ -93.661341007548629, 18.302465778220867 ], [ -93.661345365306104, 18.296947559431118 ], [ -93.661364734763467, 18.295792978874392 ], [ -93.66136553536694, 18.295745382650836 ], [ -93.661556223277216, 18.29003350489166 ], [ -93.662482308828544, 18.278829206667069 ], [ -93.664135586701462, 18.267701556957718 ], [ -93.666509526861532, 18.256693587882712 ], [ -93.66959481416994, 18.24584785989256 ], [ -93.673379391899189, 18.235206300294244 ], [ -93.677848506969937, 18.224810038295413 ], [ -93.682984769214755, 18.214699248264818 ], [ -93.688768222717343, 18.204912994875759 ], [ -93.689699978779728, 18.203542828355065 ], [ -93.690019063142245, 18.203002863156165 ], [ -93.691022262917954, 18.201440043483004 ], [ -93.691264731509719, 18.201066579384246 ], [ -93.691696528460952, 18.200401648561286 ], [ -93.697091184838811, 18.192556316505954 ], [ -93.704099157741538, 18.183531139891855 ], [ -93.711679862531767, 18.174939557147383 ], [ -93.719803949240017, 18.166814741179348 ], [ -93.728439980657598, 18.15918806036948 ], [ -93.73755455870166, 18.152088954619977 ], [ -93.747112447663696, 18.145544825869361 ], [ -93.75707671791983, 18.139580928509787 ], [ -93.767408880876914, 18.134220276969788 ], [ -93.775117648307841, 18.130795057358629 ], [ -93.775838363723182, 18.130363635341276 ], [ -93.786169983069769, 18.125002976535068 ], [ -93.796829582625747, 18.120266248541352 ], [ -93.807776011818177, 18.116171727367657 ], [ -93.818967023654906, 18.112735209223125 ], [ -93.830359437969932, 18.109969951085588 ], [ -93.841909301650688, 18.107886619296782 ], [ -93.853572061027677, 18.106493251531809 ], [ -93.865302731288821, 18.105795221351137 ], [ -93.877056066814163, 18.105795221579502 ], [ -93.888786737127688, 18.106493252023341 ], [ -93.900449496259412, 18.107886619712666 ], [ -93.911999359731794, 18.109969950695842 ], [ -93.923391774067682, 18.112735208939668 ], [ -93.93458278644799, 18.116171727724559 ], [ -93.945529215480988, 18.120266249015948 ], [ -93.956188814643369, 18.12500297628166 ], [ -93.966520434071029, 18.130363635315621 ], [ -93.9764841807214, 18.136327541270109 ], [ -93.986041567524396, 18.142871679187483 ], [ -93.995155664760929, 18.149970794363316 ], [ -94.003791240422501, 18.157597486298798 ], [ -94.011914897164658, 18.165722312546613 ], [ -94.012799998275639, 18.166725553999157 ], [ -94.013455195425635, 18.167380798688907 ], [ -94.021035571318436, 18.175972390950186 ], [ -94.022981968302574, 18.178363776643632 ], [ -94.023041359503509, 18.17843802175955 ], [ -94.023348898189141, 18.178823095444461 ], [ -94.024649416786971, 18.180474656892269 ], [ -94.025701380550316, 18.181839774580652 ], [ -94.025998660821855, 18.182229259543949 ], [ -94.028511533472241, 18.185601934581506 ], [ -94.034919363335717, 18.195025860147954 ], [ -94.040702485076324, 18.2048121262508 ], [ -94.045838452390583, 18.214922929245816 ], [ -94.050307309374105, 18.225319204394726 ], [ -94.054091666702973, 18.235960777100821 ], [ -94.057176772434033, 18.246806516969741 ], [ -94.05955057175062, 18.257814499261848 ], [ -94.061203748923901, 18.268942161136501 ], [ -94.06138664424715, 18.271155193176938 ], [ -94.061788626950189, 18.273860753424731 ], [ -94.062714682474095, 18.28506505779848 ], [ -94.062909843750674, 18.296302674079005 ], [ -94.062373214767746, 18.307530129310734 ], [ -94.06110673065956, 18.318703979879221 ], [ -94.059115152986578, 18.329780984111885 ], [ -94.056406053572601, 18.340718264259937 ], [ -94.052989785082261, 18.351473477751355 ], [ -94.048879446685604, 18.36200497687997 ], [ -94.044090833521722, 18.372271975060858 ], [ -94.038642375488521, 18.382234701537886 ], [ -94.032555069195141, 18.391854558970469 ], [ -94.025852400122957, 18.401094270346412 ], [ -94.018560247462148, 18.409918026993722 ], [ -94.010706790470906, 18.418291627630609 ], [ -94.002322394571067, 18.426182609455886 ], [ -93.993439500868718, 18.433560377457823 ], [ -93.984092492529442, 18.440396323023762 ], [ -93.983729044044566, 18.440629380504223 ], [ -93.98353167407943, 18.440773716522937 ], [ -93.973756729323483, 18.447041326775587 ], [ -93.9635917382125, 18.452716292675738 ], [ -93.953076097824379, 18.457776600618452 ], [ -93.942250573727549, 18.462202619209126 ], [ -93.931157146399627, 18.465977177095926 ], [ -93.930684484291277, 18.46610700404219 ], [ -93.929719828537458, 18.466435196473604 ], [ -93.928244353247251, 18.466840463669044 ], [ -93.92728881439227, 18.467165552935473 ], [ -93.920576162333944, 18.469009194178167 ], [ -93.918186206108857, 18.469822293190134 ], [ -93.915036135063858, 18.470687486171585 ], [ -93.914901801855166, 18.470733187358665 ], [ -93.903583188695222, 18.473841637711811 ], [ -93.89518869202503, 18.475615776979584 ], [ -93.894697039892534, 18.475723402038465 ], [ -93.894699689406309, 18.475734632837465 ], [ -93.892661826058273, 18.476168905847302 ], [ -93.892554293517819, 18.476192444059805 ], [ -93.892520031579792, 18.476199122273009 ], [ -93.892339882812792, 18.476237510940098 ], [ -93.890403684264172, 18.476631817060706 ], [ -93.886446381772046, 18.477387399677831 ], [ -93.874810370300779, 18.479130083805146 ], [ -93.863083159132231, 18.480178406585818 ], [ -93.856010832897908, 18.480472566566522 ], [ -93.855796845608552, 18.48047764187185 ], [ -93.855796696925353, 18.480477645254823 ], [ -93.855366476882551, 18.480487847756621 ], [ -93.85066641764449, 18.480543568969452 ], [ -93.838893516311174, 18.480193675567961 ], [ -93.827166303651552, 18.479145352812417 ], [ -93.815530292075934, 18.477402669336428 ], [ -93.804030632168747, 18.474972387064813 ], [ -93.792711945058642, 18.471863936313039 ], [ -93.781618140653151, 18.468089379930962 ], [ -93.770792248283428, 18.463663362769218 ], [ -93.760276249428074, 18.458603056465549 ], [ -93.752489343323219, 18.454329279767933 ], [ -93.752341554066248, 18.454243646636275 ], [ -93.752312027558446, 18.454226537223288 ], [ -93.749936384128077, 18.452826964108475 ], [ -93.740161113366298, 18.446559355504231 ], [ -93.730813774281273, 18.439723413135994 ], [ -93.721930565173395, 18.43234564752543 ], [ -93.713545872779179, 18.42445466874188 ], [ -93.70569213877593, 18.416081071738311 ], [ -93.698399729474147, 18.407257318034969 ], [ -93.691696824781474, 18.398017611000913 ] ], [ [ -93.872453919937655, 18.196064945587743 ], [ -93.869904878221504, 18.196064945119442 ], [ -93.867356761265142, 18.196130601952476 ], [ -93.864811420266264, 18.19626186722024 ], [ -93.862270702434657, 18.196458646078025 ], [ -93.859736451939057, 18.19672079588992 ], [ -93.85721050991728, 18.197048126228015 ], [ -93.854694709758348, 18.197440398891793 ], [ -93.852190878066764, 18.197897329709992 ], [ -93.849700833717634, 18.198418586735215 ], [ -93.84722638314723, 18.199003792070339 ], [ -93.844769323185545, 18.199652519142408 ], [ -93.842331439200493, 18.20036429813053 ], [ -93.839914501306581, 18.201138612365209 ], [ -93.837520263432125, 18.201974899232891 ], [ -93.835150466172649, 18.202872551967815 ], [ -93.832806829225035, 18.203830917874388 ], [ -93.830491056140104, 18.204849301917665 ], [ -93.828204826751602, 18.205926964041517 ], [ -93.825949803814851, 18.207063121847028 ], [ -93.823727624497877, 18.208256949721733 ], [ -93.821539903240719, 18.209507582437865 ], [ -93.81938822984381, 18.210814109733917 ], [ -93.818847945168685, 18.211162062535774 ], [ -93.818761841157709, 18.211192135170066 ], [ -93.816391919162328, 18.212089786043617 ], [ -93.814048159225791, 18.213048150922745 ], [ -93.811732263170157, 18.214066534036423 ], [ -93.809445913832178, 18.215144194569998 ], [ -93.807190772253563, 18.216280351192033 ], [ -93.804968475774714, 18.217474177539543 ], [ -93.802780639960929, 18.218724808531835 ], [ -93.800628852908147, 18.220031334967945 ], [ -93.798514678105533, 18.221392808028625 ], [ -93.796439653489642, 18.222808238372387 ], [ -93.794405285786112, 18.224276598865636 ], [ -93.792413053345598, 18.225796823662392 ], [ -93.790464404250741, 18.227367807303825 ], [ -93.788560755392993, 18.228988409235875 ], [ -93.786703490578276, 18.230657452908737 ], [ -93.784893959582149, 18.232373725775769 ], [ -93.783133478154099, 18.234135980192363 ], [ -93.781423328037661, 18.235942937930172 ], [ -93.779764751270548, 18.237793284772486 ], [ -93.778158954944544, 18.239685677720672 ], [ -93.776607107404246, 18.241618741389434 ], [ -93.775110338260745, 18.243591071617477 ], [ -93.773669735551124, 18.245601235474307 ], [ -93.772286348576344, 18.247647772147957 ], [ -93.772037752983067, 18.24802874298404 ], [ -93.771608791171374, 18.24868977174506 ], [ -93.771369075902768, 18.2490592551646 ], [ -93.770895743219327, 18.249806976779514 ], [ -93.770372836273935, 18.250580529619196 ], [ -93.769047649486993, 18.252661951696407 ], [ -93.767781652053245, 18.254776749126965 ], [ -93.766575764802766, 18.256923383813355 ], [ -93.76543086699634, 18.259100295193615 ], [ -93.764347792551717, 18.261305903867314 ], [ -93.763327330005353, 18.26353860436198 ], [ -93.762370225390896, 18.265796775963278 ], [ -93.761477174640646, 18.268078777319438 ], [ -93.76064883021111, 18.270382949122791 ], [ -93.759885797307334, 18.272707617737055 ], [ -93.759188631970218, 18.275051092490767 ], [ -93.75855784392958, 18.277411671086146 ], [ -93.757993894695275, 18.279787637796645 ], [ -93.757497197551785, 18.282177264368908 ], [ -93.75706811473016, 18.284578814550745 ], [ -93.756706961178466, 18.286990543170948 ], [ -93.756414003602032, 18.289410695237848 ], [ -93.75618945669622, 18.291837512279837 ], [ -93.756033487855134, 18.294269229614219 ], [ -93.755946211500117, 18.296704079984416 ], [ -93.755937295061983, 18.297173408185049 ], [ -93.755936550936113, 18.297219122134919 ], [ -93.755917837311046, 18.298371833216407 ], [ -93.755908298531196, 18.300334959302329 ], [ -93.755958559065618, 18.302770760588064 ], [ -93.756077561553155, 18.305204382109761 ], [ -93.756265223588244, 18.307634053485167 ], [ -93.756521411655797, 18.31005800717443 ], [ -93.756845942074719, 18.312474480284884 ], [ -93.757238580995576, 18.314881716379912 ], [ -93.757699046275022, 18.317277963665383 ], [ -93.758227006539443, 18.319661479514153 ], [ -93.758822078336379, 18.322030530479243 ], [ -93.759483833699036, 18.324383393169892 ], [ -93.760211792574808, 18.326718356091739 ], [ -93.761005429444211, 18.329033720526915 ], [ -93.761864167638436, 18.33132780146342 ], [ -93.762787386917211, 18.333598931183161 ], [ -93.763774416824859, 18.335845456580504 ], [ -93.764824542380509, 18.338065743661975 ], [ -93.76593700122379, 18.340258175753849 ], [ -93.767110986471167, 18.342421158917265 ], [ -93.768345646693675, 18.34455311833722 ], [ -93.769640084984644, 18.346652502849594 ], [ -93.770993361793487, 18.348717784933811 ], [ -93.772404494924899, 18.350747461621438 ], [ -93.773872457649631, 18.352740056315636 ], [ -93.775396185317646, 18.354694116961696 ], [ -93.776974570654886, 18.356608223301166 ], [ -93.778606465629309, 18.358480981446206 ], [ -93.780290684308056, 18.360311028391969 ], [ -93.782026003802542, 18.362097032017616 ], [ -93.783811160485527, 18.36383769201051 ], [ -93.785644857574596, 18.365531742551362 ], [ -93.787525761330173, 18.367177948720002 ], [ -93.789452503924196, 18.368775112814582 ], [ -93.791423683433223, 18.370322072549246 ], [ -93.793437867626338, 18.371817701043273 ], [ -93.795493588300673, 18.373260909560702 ], [ -93.797589352647037, 18.374650648371635 ], [ -93.799723633779664, 18.375985904988752 ], [ -93.801423780857945, 18.376994556657525 ], [ -93.80145264163626, 18.377011278457235 ], [ -93.801599732183178, 18.377096493376122 ], [ -93.802069439718053, 18.377366835588855 ], [ -93.804276071244644, 18.378590251545454 ], [ -93.806516480910844, 18.379756390102727 ], [ -93.80878903876382, 18.380864402111225 ], [ -93.81109209029448, 18.381913481972028 ], [ -93.813423958319859, 18.382902864017886 ], [ -93.815782946810472, 18.38383182973045 ], [ -93.818167337081761, 18.384699701433927 ], [ -93.820575393506729, 18.385505847696109 ], [ -93.82300536256497, 18.386249680624651 ], [ -93.825455475707898, 18.386930659472377 ], [ -93.827923947466203, 18.387548288840669 ], [ -93.830408982076278, 18.388102116845637 ], [ -93.832908769738054, 18.388591742366433 ], [ -93.835421489429777, 18.389016807804989 ], [ -93.837945310832993, 18.389377003598096 ], [ -93.840478397182508, 18.389672068206021 ], [ -93.843018902423651, 18.389901785415177 ], [ -93.845564977871064, 18.390065988828045 ], [ -93.848114768419464, 18.390164559169527 ], [ -93.850666418229665, 18.390197423358096 ], [ -93.85301522298596, 18.390169577224444 ], [ -93.853445295578098, 18.390159377916206 ], [ -93.853445370352077, 18.390159375773241 ], [ -93.853659320945866, 18.390154301865433 ], [ -93.853861907413886, 18.39014928957506 ], [ -93.856411697845488, 18.390050719195006 ], [ -93.858957772715613, 18.389886515976233 ], [ -93.861498278124913, 18.38965679882363 ], [ -93.864031364235061, 18.389361734619172 ], [ -93.866555186225995, 18.389001538216029 ], [ -93.869067905257026, 18.388576473336645 ], [ -93.870847006477248, 18.388234898380208 ], [ -93.872168187328597, 18.387966588505755 ], [ -93.87277086703989, 18.387837821903652 ], [ -93.873573472433449, 18.387681254540198 ], [ -93.874442305251279, 18.387505464101384 ], [ -93.874705241472114, 18.387460983223058 ], [ -93.87720501249585, 18.386971357326107 ], [ -93.879690030210142, 18.386417528427089 ], [ -93.882158487016099, 18.385799899606418 ], [ -93.884608584165548, 18.385118920983913 ], [ -93.88498653762565, 18.38500322781606 ], [ -93.885443065239244, 18.384888997433283 ], [ -93.887893149224951, 18.384208018136263 ], [ -93.890323089225944, 18.383464184747957 ], [ -93.892395893743583, 18.382770265943762 ], [ -93.8945461792065, 18.382232232778104 ], [ -93.896996225257283, 18.381551253774536 ], [ -93.898935723376681, 18.380957544491356 ], [ -93.899427368952018, 18.380820889719327 ], [ -93.901857261425846, 18.380077056344298 ], [ -93.902485655187675, 18.379866685768398 ], [ -93.903294654164966, 18.37961903177186 ], [ -93.905702628928367, 18.378812885784424 ], [ -93.908086937602249, 18.377945013759931 ], [ -93.910445846354733, 18.377016047628171 ], [ -93.912777634973907, 18.376026664511325 ], [ -93.915080608223874, 18.374977584858513 ], [ -93.917353089221052, 18.373869571569379 ], [ -93.919593423240826, 18.372703432683362 ], [ -93.921799980539063, 18.371480016842696 ], [ -93.923971154469086, 18.370200214201077 ], [ -93.926105364330908, 18.368864957309004 ], [ -93.928201059147057, 18.367475218379294 ], [ -93.928340100492747, 18.36737760246185 ], [ -93.928761998524905, 18.367097820524734 ], [ -93.930817647797042, 18.36565461114445 ], [ -93.932831759708606, 18.364158981484699 ], [ -93.93480286963225, 18.36261202183104 ], [ -93.936729543592136, 18.36101485668522 ], [ -93.938610381128953, 18.359368649264443 ], [ -93.940444013393687, 18.357674598794738 ], [ -93.942229107865188, 18.355933937771585 ], [ -93.943964364569354, 18.354147932877112 ], [ -93.945648524595981, 18.352317884933132 ], [ -93.947280361565049, 18.350445126227228 ], [ -93.948858691078954, 18.348531018653546 ], [ -93.950382365056342, 18.346576956447265 ], [ -93.951850276436417, 18.344584361637864 ], [ -93.95326135917044, 18.34255468314079 ], [ -93.954614589183493, 18.340489400362959 ], [ -93.955908981481613, 18.338390014175683 ], [ -93.957143598698124, 18.33625805319361 ], [ -93.958317542546297, 18.334095069294744 ], [ -93.959429962320186, 18.331902635766589 ], [ -93.96048005110768, 18.329682348224889 ], [ -93.96146704670997, 18.327435820990576 ], [ -93.962390233546586, 18.325164690691761 ], [ -93.963248941651386, 18.322870607228133 ], [ -93.964042550494369, 18.320555241882541 ], [ -93.9647704841869, 18.318220277400929 ], [ -93.965432216234021, 18.315867413388709 ], [ -93.96602726854907, 18.313498360890673 ], [ -93.966555209561918, 18.311114844206177 ], [ -93.967015658905126, 18.308718594537357 ], [ -93.967408284605654, 18.306311357231692 ], [ -93.96773280397079, 18.303894882739087 ], [ -93.967988983583112, 18.301470927514128 ], [ -93.968176639295123, 18.299041254919651 ], [ -93.968295639037038, 18.296607631596636 ], [ -93.968345898080884, 18.294171828391875 ], [ -93.968327381838265, 18.291735614921421 ], [ -93.968240108712948, 18.289300764075087 ], [ -93.968084144374032, 18.286869044816189 ], [ -93.967859604608734, 18.284442226686444 ], [ -93.967566655276968, 18.282022073481311 ], [ -93.967414552615267, 18.281006327528342 ], [ -93.967277370399103, 18.279523620759726 ], [ -93.966984430444739, 18.277103465631114 ], [ -93.966623298724471, 18.274691734993784 ], [ -93.966194241201634, 18.272290182061251 ], [ -93.965697571983739, 18.269900553411581 ], [ -93.965133655179983, 18.26752458446175 ], [ -93.964502903965553, 18.265164003089318 ], [ -93.963805778655939, 18.262820525126237 ], [ -93.963042789535635, 18.260495854347177 ], [ -93.962214493046005, 18.258191678876972 ], [ -93.961321493694001, 18.25590967570275 ], [ -93.960364443048306, 18.253651501644949 ], [ -93.959344039756985, 18.25141879787969 ], [ -93.958261027633625, 18.24921318724061 ], [ -93.957116194695146, 18.247036272420424 ], [ -93.955910376938732, 18.2448896359559 ], [ -93.954644450749882, 18.24277483665492 ], [ -93.953319340473371, 18.240693411370842 ], [ -93.951936008935874, 18.238646872342663 ], [ -93.950495464057155, 18.236636706263063 ], [ -93.94961563635087, 18.235463782524853 ], [ -93.949320440634608, 18.235076810054615 ], [ -93.949300629473001, 18.235050843402401 ], [ -93.94826435281567, 18.233718457827816 ], [ -93.948123178237083, 18.233540693610983 ], [ -93.947932738948367, 18.233302186680369 ], [ -93.947873718490214, 18.233228368189 ], [ -93.946978952086411, 18.232126954268701 ], [ -93.945373225205159, 18.230234559391736 ], [ -93.94371472113977, 18.228384210891779 ], [ -93.942710584774233, 18.227323193275677 ], [ -93.942175079041974, 18.226725731453147 ], [ -93.940465017994697, 18.22491877217654 ], [ -93.938704630814598, 18.223156514681239 ], [ -93.936895195423929, 18.221440240097429 ], [ -93.935038028154054, 18.219771195043315 ], [ -93.933134479958525, 18.21815059074493 ], [ -93.93118593358686, 18.216579604862261 ], [ -93.929193806413565, 18.215059379672443 ], [ -93.927159545683509, 18.213591016675377 ], [ -93.925084630449035, 18.212175584722495 ], [ -93.922970567738176, 18.210814110098671 ], [ -93.92081889447843, 18.209507581939882 ], [ -93.918631173704355, 18.208256949544449 ], [ -93.916408993612052, 18.207063121478065 ], [ -93.91415397133747, 18.205926963752255 ], [ -93.911867742570038, 18.204849301685275 ], [ -93.909551968168756, 18.203830918067062 ], [ -93.90720833132265, 18.202872551368547 ], [ -93.904838533794191, 18.201974899378023 ], [ -93.902444296839732, 18.201138612873656 ], [ -93.900027358394638, 18.200364298350969 ], [ -93.897589474977295, 18.199652518920558 ], [ -93.89513241506468, 18.199003791630254 ], [ -93.892657964774486, 18.198418587441186 ], [ -93.890167919359754, 18.197897330365549 ], [ -93.887664087955159, 18.19744039925407 ], [ -93.885148287903988, 18.197048126016448 ], [ -93.882622345717877, 18.196720796521944 ], [ -93.880088095173207, 18.196458646090768 ], [ -93.877547377361722, 18.196261867628198 ], [ -93.875002036868779, 18.196130601701881 ], [ -93.872453919937655, 18.196064945587743 ] ] ] ] } }
]
}
