{"type": "FeatureCollection", "name": "Tabasco", "crs": {"type": "name", "properties": {"name": "urn:ogc:def:crs:OGC:1.3:CRS84"}}, "features": [{"type": "Feature", "properties": {"AREA": 2.08933, "PERIMETER": 15.40411, "COV_": 347, "COV_ID": 373, "ENTIDAD": "TABASCO", "CAPITAL": "Villahermosa", "RASGO_GEOG": "1", "CVE_EDO": "27", "Sup": 24727, "Sup2": 24726.8098456}, "geometry": {"type": "MultiPolygon", "coordinates": [[[[-92.4684797, 18.65043254], [-92.46784535, 18.64152728], [-92.46699777, 18.6295448], [-92.46616046, 18.61769014], [-92.45255634, 18.60474345], [-92.44609413, 18.58921139], [-92.44274549, 18.5839822], [-92.43860857, 18.57755079], [-92.43242877, 18.56790515], [-92.43240636, 18.56788559], [-92.43026253, 18.56454707], [-92.42655478, 18.55875957], [-92.42529543, 18.55284698], [-92.42378554, 18.54582999], [-92.42296966, 18.54200471], [-92.42392155, 18.53470039], [-92.4245701, 18.52965341], [-92.42647078, 18.51484538], [-92.41450682, 18.48766157], [-92.4040015, 18.47997038], [-92.38633816, 18.47855881], [-92.36406756, 18.4634989], [-92.3629009, 18.46164636], [-92.36112276, 18.45882944], [-92.35975031, 18.45662809], [-92.36096304, 18.44728289], [-92.35466776, 18.44236182], [-92.34828877, 18.44337551], [-92.34572625, 18.44726467], [-92.34245364, 18.45222366], [-92.34243044, 18.45224937], [-92.34118748, 18.45413745], [-92.34076671, 18.45440966], [-92.33246607, 18.45980662], [-92.3316423, 18.460334], [-92.32258498, 18.47298293], [-92.32159282, 18.46743171], [-92.31060077, 18.46042797], [-92.22506352, 18.46014088], [-92.17708105, 18.4599553], [-92.17502087, 18.31733138], [-92.18084211, 18.27797602], [-92.17206113, 18.27805343], [-92.17069462, 18.27180672], [-92.18350588, 18.27213851], [-92.1519793, 18.21567411], [-92.14898074, 18.21030871], [-92.16415602, 18.19803158], [-92.16446883, 18.19777104], [-92.1644238, 18.19770462], [-92.16301376, 18.19554479], [-92.16056258, 18.19180242], [-92.16094385, 18.15532537], [-92.14882841, 18.14919802], [-92.14908784, 18.13663116], [-92.12784087, 18.12175988], [-92.13009113, 18.10415717], [-92.12767268, 18.09802342], [-92.12713039, 18.09663688], [-92.11938612, 18.10161989], [-92.1089416, 18.09357798], [-92.09362993, 18.09180418], [-92.08693882, 18.08880478], [-92.08160461, 18.08641171], [-92.08093431, 18.08611233], [-92.07785095, 18.08784923], [-92.07628697, 18.09478067], [-92.06900898, 18.09229456], [-92.06045609, 18.09846302], [-92.05512145, 18.09565191], [-92.05409178, 18.09511209], [-92.05198557, 18.09399304], [-92.03817606, 18.09740845], [-92.03617818, 18.08737541], [-92.03908385, 18.08307206], [-92.04165584, 18.07928138], [-92.04242577, 18.07814384], [-92.02660978, 18.07606774], [-92.02476351, 18.07259038], [-92.019255, 18.06220558], [-92.01419743, 18.05266667], [-91.9914087, 18.03941383], [-91.98721254, 18.03864251], [-91.97890203, 18.04317211], [-91.96729111, 18.01748354], [-91.96654304, 18.01731554], [-91.93790809, 18.01107675], [-91.90529943, 18.01498285], [-91.88930766, 18.00927077], [-91.86611525, 17.98439473], [-91.80431476, 17.97301633], [-91.77170579, 17.9460682], [-91.76809762, 17.94926735], [-91.76271124, 17.94007046], [-91.75906253, 17.94019917], [-91.76238954, 17.94421841], [-91.76143526, 17.95965361], [-91.73458694, 17.93253049], [-91.71473577, 17.92081436], [-91.7129347, 17.92317319], [-91.7122091, 17.9193726], [-91.66447055, 17.8899285], [-91.63827972, 17.87343767], [-91.6148715, 17.91301566], [-91.61427649, 17.91402593], [-91.61784013, 17.92123564], [-91.61619941, 17.93573551], [-91.62193718, 17.94491847], [-91.62543944, 17.95054654], [-91.62147933, 17.95268336], [-91.6208001, 17.95305327], [-91.61994449, 17.97025683], [-91.61987674, 17.97161999], [-91.61963356, 17.97658049], [-91.61601579, 17.98943942], [-91.61724385, 17.99795766], [-91.61854259, 18.0068583], [-91.6193653, 18.01253903], [-91.61825231, 18.018472], [-91.61719204, 18.02414573], [-91.61688634, 18.02580304], [-91.61499474, 18.0359085], [-91.61433125, 18.03947119], [-91.61363685, 18.04315982], [-91.61659632, 18.05038212], [-91.61600791, 18.05167306], [-91.6148555, 18.05421358], [-91.61935896, 18.06033027], [-91.60769169, 18.07294974], [-91.60612808, 18.08455674], [-91.60642486, 18.08511235], [-91.60778384, 18.08760061], [-91.60980609, 18.09131374], [-91.61014832, 18.09192691], [-91.60999711, 18.09301363], [-91.60924932, 18.09855668], [-91.60030797, 18.10831884], [-91.59482207, 18.10753867], [-91.59265535, 18.10722484], [-91.58965669, 18.11024466], [-91.58947956, 18.11042278], [-91.58963217, 18.11044246], [-91.60451038, 18.11226518], [-91.60443376, 18.12195388], [-91.59483539, 18.12242978], [-91.58412354, 18.12295458], [-91.5724593, 18.13800374], [-91.57937859, 18.1468831], [-91.58031752, 18.14810017], [-91.58038677, 18.14846775], [-91.58142497, 18.15414455], [-91.58163007, 18.15521988], [-91.5806688, 18.15619593], [-91.57803698, 18.15889674], [-91.57784661, 18.15909208], [-91.56978175, 18.1582676], [-91.55690904, 18.15695332], [-91.55596343, 18.1568511], [-91.53044998, 18.15423523], [-91.52691685, 18.15962016], [-91.52124084, 18.15996679], [-91.51841953, 18.16493886], [-91.51717433, 18.16713719], [-91.51600857, 18.16919597], [-91.51364892, 18.16959308], [-91.51156001, 18.16995469], [-91.51075042, 18.17008845], [-91.50993542, 18.17023089], [-91.50740949, 18.1706616], [-91.50733261, 18.17067435], [-91.5037626, 18.16532716], [-91.50518974, 18.16171779], [-91.50535741, 18.16129421], [-91.50262515, 18.15260476], [-91.51564983, 18.15344466], [-91.51637366, 18.13012438], [-91.50591293, 18.1297997], [-91.50574478, 18.12979698], [-91.50432694, 18.12694972], [-91.50368516, 18.12567136], [-91.50226769, 18.12285132], [-91.50223715, 18.1227857], [-91.50217401, 18.12268151], [-91.50289343, 18.11994782], [-91.50321333, 18.11868248], [-91.50360892, 18.11714131], [-91.50374642, 18.11661589], [-91.50061005, 18.11679501], [-91.49150152, 18.11730771], [-91.489304, 18.11742552], [-91.48926696, 18.11741385], [-91.47737926, 18.11302383], [-91.47248098, 18.10556046], [-91.47232853, 18.10532302], [-91.47203932, 18.10523013], [-91.46796304, 18.10394585], [-91.45723652, 18.10056996], [-91.45613776, 18.09769034], [-91.4531405, 18.09862186], [-91.45262061, 18.09878475], [-91.45093564, 18.09696109], [-91.4487157, 18.09457373], [-91.44482248, 18.09528776], [-91.43875831, 18.08588204], [-91.43868816, 18.08577733], [-91.43443099, 18.08334577], [-91.43189965, 18.08189747], [-91.42738904, 18.08161522], [-91.41982017, 18.08115297], [-91.41486167, 18.08083867], [-91.40428722, 18.08019026], [-91.39855008, 18.07982937], [-91.39324081, 18.07593457], [-91.39314031, 18.0758549], [-91.39031792, 18.06749306], [-91.3901792, 18.06711141], [-91.38475597, 18.06387026], [-91.38344292, 18.06426683], [-91.37632609, 18.06639174], [-91.37365439, 18.06719056], [-91.3665743, 18.0659078], [-91.36134708, 18.06994375], [-91.34737014, 18.06392549], [-91.32808356, 18.06291425], [-91.32751005, 18.06288242], [-91.32680194, 18.06177994], [-91.32345142, 18.05659845], [-91.31998723, 18.0512365], [-91.31895119, 18.04962994], [-91.29903674, 18.04275694], [-91.29776962, 18.04232172], [-91.28967462, 18.03373492], [-91.28433579, 18.02806569], [-91.27974951, 18.02320177], [-91.27961862, 18.0230575], [-91.27781938, 18.02206707], [-91.25588369, 18.00991964], [-91.25151219, 18.00750177], [-91.24980241, 18.00655369], [-91.24891777, 18.00490428], [-91.24879654, 18.00466773], [-91.23918984, 17.9866475], [-91.22844147, 17.98254703], [-91.22472484, 17.98112657], [-91.21736896, 17.97504792], [-91.21575148, 17.97519203], [-91.21093847, 17.97563502], [-91.21018181, 17.97570739], [-91.20250767, 17.97641299], [-91.20194298, 17.97579299], [-91.20052467, 17.97422155], [-91.19226946, 17.97787832], [-91.19226004, 17.97787764], [-91.184417, 17.97315748], [-91.17926089, 17.97005501], [-91.17039531, 17.97663292], [-91.14301288, 17.9826271], [-91.15450906, 17.96139763], [-91.12991242, 17.95467093], [-91.12814082, 17.98025012], [-91.11742284, 17.96256693], [-90.98647469, 17.96005502], [-90.98766542, 17.93899519], [-90.97708313, 17.91517103], [-90.98649089, 17.88029897], [-90.98772004, 17.81503035], [-90.98784879, 17.78437728], [-90.9878253, 17.75073065], [-90.98784942, 17.73039768], [-90.9876815, 17.65195374], [-90.98757312, 17.58023127], [-90.98751925, 17.53148592], [-90.9879929, 17.50087153], [-90.98787906, 17.50078949], [-90.9876122, 17.4604192], [-90.98766634, 17.42620632], [-90.98764266, 17.36008039], [-90.98760486, 17.30694388], [-90.98748871, 17.28490367], [-90.98746581, 17.27906696], [-90.98746797, 17.27903994], [-90.98743687, 17.27280523], [-90.98737541, 17.26091581], [-90.98743574, 17.25139081], [-91.02378267, 17.25143632], [-91.11158489, 17.25153134], [-91.18520297, 17.2515488], [-91.24846105, 17.25139285], [-91.31443268, 17.25112966], [-91.33346029, 17.25109845], [-91.43957288, 17.25060662], [-91.4250014, 17.2998102], [-91.42453475, 17.30198587], [-91.42198075, 17.303136], [-91.4121, 17.30757089], [-91.41182492, 17.30746983], [-91.40511899, 17.3048648], [-91.39091164, 17.29934246], [-91.3902109, 17.29907633], [-91.38980532, 17.29978109], [-91.38817245, 17.30264465], [-91.38307594, 17.3115643], [-91.38434972, 17.31930973], [-91.39288143, 17.33150183], [-91.39735976, 17.33790725], [-91.40942847, 17.34250608], [-91.4153565, 17.34476587], [-91.41647922, 17.34518978], [-91.41643418, 17.34546851], [-91.41466231, 17.3574882], [-91.41470228, 17.35758162], [-91.41949385, 17.37339188], [-91.42268213, 17.37504932], [-91.43378201, 17.38082862], [-91.43984122, 17.38398558], [-91.44583881, 17.38248084], [-91.44692135, 17.3822042], [-91.44947716, 17.37914111], [-91.45286424, 17.37507815], [-91.45436085, 17.3752746], [-91.4544658, 17.37528995], [-91.4574354, 17.37568339], [-91.46321778, 17.37860918], [-91.47462537, 17.38439689], [-91.47809464, 17.38615334], [-91.50015352, 17.39732813], [-91.50550781, 17.40004434], [-91.51057593, 17.39257357], [-91.52935872, 17.40279896], [-91.53067213, 17.40351619], [-91.5338155, 17.40523031], [-91.53690537, 17.40690439], [-91.53728535, 17.41966815], [-91.55790113, 17.4221729], [-91.5584348, 17.40968385], [-91.55883105, 17.40046217], [-91.60693597, 17.4168208], [-91.60867568, 17.42391789], [-91.60885055, 17.42466265], [-91.61161343, 17.42465585], [-91.61612341, 17.42466082], [-91.61642068, 17.42497251], [-91.61862515, 17.42723652], [-91.62070077, 17.42936472], [-91.63495258, 17.4362346], [-91.63737952, 17.42989156], [-91.67201679, 17.44398809], [-91.66467859, 17.46116051], [-91.66678427, 17.46274782], [-91.68420202, 17.46297388], [-91.69228186, 17.4673358], [-91.69208316, 17.46734245], [-91.69202153, 17.46734611], [-91.68954939, 17.47469496], [-91.68356018, 17.47067448], [-91.68255452, 17.46998895], [-91.6820423, 17.46964553], [-91.68166203, 17.47009027], [-91.6783507, 17.4739636], [-91.6768009, 17.47577792], [-91.67623689, 17.47467903], [-91.67479528, 17.47194434], [-91.67453556, 17.471444], [-91.67127814, 17.47340389], [-91.67081851, 17.47678718], [-91.67069721, 17.47764728], [-91.67054575, 17.47881442], [-91.67021003, 17.47926223], [-91.66785205, 17.47860977], [-91.66641775, 17.48142735], [-91.66605092, 17.48216287], [-91.66471446, 17.4816083], [-91.66370793, 17.48118527], [-91.66268733, 17.48076127], [-91.66266376, 17.48380339], [-91.66265531, 17.48429198], [-91.66264692, 17.48471716], [-91.66109121, 17.48597838], [-91.65936749, 17.48737062], [-91.65836796, 17.48817099], [-91.65371453, 17.49192488], [-91.65220214, 17.49314148], [-91.65221821, 17.49374275], [-91.65260859, 17.49457608], [-91.65375848, 17.49704515], [-91.65406542, 17.4977017], [-91.65253167, 17.49775953], [-91.65222607, 17.49777458], [-91.65146393, 17.49780325], [-91.65131806, 17.4989878], [-91.6510734, 17.50091967], [-91.65032652, 17.50685485], [-91.64928169, 17.50747088], [-91.64711472, 17.50872586], [-91.64754201, 17.51038504], [-91.64905234, 17.51627874], [-91.64929734, 17.5176637], [-91.64782393, 17.51788876], [-91.64252158, 17.51867928], [-91.64126994, 17.51887438], [-91.64139211, 17.51969594], [-91.64194234, 17.52344966], [-91.64245937, 17.52695536], [-91.64231579, 17.52870295], [-91.63953703, 17.53073985], [-91.63711284, 17.53251936], [-91.63474731, 17.53436519], [-91.63570146, 17.53655031], [-91.63571668, 17.53659893], [-91.63785935, 17.54149392], [-91.6366989, 17.54510862], [-91.63548672, 17.54887604], [-91.63516605, 17.54984017], [-91.63500673, 17.55035572], [-91.63536404, 17.55075199], [-91.64035546, 17.55635447], [-91.64052895, 17.55749789], [-91.6409032, 17.55986136], [-91.64174223, 17.56532962], [-91.64026237, 17.57395984], [-91.63956026, 17.57800751], [-91.63917148, 17.58028073], [-91.64713055, 17.58998514], [-91.64657291, 17.59384136], [-91.65166121, 17.59856138], [-91.6522559, 17.59910093], [-91.65946723, 17.60580715], [-91.66183175, 17.60806393], [-91.66198507, 17.60860007], [-91.66306033, 17.61238943], [-91.66065724, 17.61243142], [-91.6567417, 17.61251358], [-91.65687899, 17.6136387], [-91.65703346, 17.61488055], [-91.65665867, 17.61502674], [-91.65578887, 17.61534703], [-91.65125665, 17.6170909], [-91.65089836, 17.61736281], [-91.65190665, 17.6194363], [-91.64855558, 17.61845194], [-91.64669453, 17.61791402], [-91.64477216, 17.6217596], [-91.64554953, 17.62197661], [-91.65668076, 17.62511194], [-91.65929146, 17.63037714], [-91.65660624, 17.63014585], [-91.65537679, 17.63003349], [-91.65418582, 17.63238841], [-91.65616344, 17.63323219], [-91.65771949, 17.63390177], [-91.65525607, 17.63376736], [-91.65488094, 17.63394865], [-91.65599623, 17.63598425], [-91.65340206, 17.63817968], [-91.65339309, 17.63854944], [-91.65453745, 17.63997998], [-91.65575111, 17.64149461], [-91.65813927, 17.64024648], [-91.65710984, 17.64371812], [-91.65661393, 17.64484362], [-91.65383547, 17.64456052], [-91.65597227, 17.64903194], [-91.65646786, 17.64910252], [-91.65814686, 17.64933434], [-91.65949782, 17.64952983], [-91.65866555, 17.656249], [-91.66260201, 17.65841539], [-91.6613119, 17.66236751], [-91.66028323, 17.66523223], [-91.66070188, 17.66541527], [-91.66030484, 17.66641967], [-91.65901552, 17.66631341], [-91.65860413, 17.66628492], [-91.65852762, 17.66711216], [-91.65846622, 17.66764481], [-91.65778856, 17.67434883], [-91.66560955, 17.67963743], [-91.66557021, 17.68354941], [-91.67358933, 17.68298039], [-91.67791568, 17.67168049], [-91.67860811, 17.67136588], [-91.68142408, 17.67005738], [-91.68597132, 17.67643255], [-91.69102266, 17.683496], [-91.69450981, 17.68476968], [-91.69697443, 17.68020952], [-91.69721046, 17.67977272], [-91.6978597, 17.67858512], [-91.70009515, 17.67950048], [-91.70088657, 17.67981897], [-91.70409177, 17.6907418], [-91.70477006, 17.69055295], [-91.71097312, 17.68883162], [-91.71578112, 17.68749539], [-91.71562013, 17.68850828], [-91.71461977, 17.69472936], [-91.71553586, 17.69483662], [-91.71699443, 17.69499027], [-91.71799265, 17.69510543], [-91.71787069, 17.69682784], [-91.71777206, 17.69839667], [-91.71918249, 17.69420866], [-91.71948786, 17.69328726], [-91.72039654, 17.69298846], [-91.72281523, 17.69313451], [-91.72931504, 17.69508809], [-91.7331524, 17.69623768], [-91.73993616, 17.70492393], [-91.74040801, 17.7055363], [-91.74015747, 17.70664276], [-91.73918916, 17.71083646], [-91.74862575, 17.70010273], [-91.7539596, 17.7052714], [-91.76722036, 17.70560834], [-91.77437613, 17.71514083], [-91.7750246, 17.7125607], [-91.77587905, 17.70918252], [-91.78057223, 17.70773662], [-91.78353859, 17.72018195], [-91.78488211, 17.72045619], [-91.81847578, 17.72735165], [-91.82135963, 17.73187856], [-91.83229897, 17.7379246], [-91.83020272, 17.73941421], [-91.81211993, 17.75029715], [-91.80136163, 17.74470705], [-91.7998741, 17.74487171], [-91.79159512, 17.74578456], [-91.79020762, 17.74593897], [-91.79119831, 17.75645545], [-91.78756634, 17.7564259], [-91.78708798, 17.75846849], [-91.7864461, 17.76127814], [-91.78147846, 17.78279753], [-91.78801722, 17.80738809], [-91.79162731, 17.81774012], [-91.79116798, 17.82432381], [-91.79068021, 17.83109823], [-91.79058858, 17.83242429], [-91.78925356, 17.83449928], [-91.78729247, 17.83754661], [-91.77923515, 17.85007369], [-91.80308526, 17.86696681], [-91.80554967, 17.87755047], [-91.80751187, 17.886013], [-91.81033381, 17.8981327], [-91.81695012, 17.89850292], [-91.8344963, 17.88604721], [-91.84861293, 17.88259998], [-91.86929538, 17.88988618], [-91.8935132, 17.8871912], [-91.90855753, 17.89847647], [-91.91975139, 17.89906824], [-91.9249609, 17.89191562], [-91.92373264, 17.88157963], [-91.92444289, 17.8792891], [-91.92683851, 17.87154829], [-91.937147, 17.86424853], [-91.94749075, 17.86306821], [-91.95492243, 17.86781943], [-91.95707341, 17.87434332], [-91.94912503, 17.88647995], [-91.94682857, 17.8899782], [-91.94520286, 17.89246109], [-91.93963368, 17.90094972], [-91.9393198, 17.90567803], [-91.94476814, 17.90961672], [-91.97033563, 17.90977561], [-91.98005367, 17.91431419], [-91.98584474, 17.92197234], [-91.98992725, 17.93475271], [-91.99888412, 17.94336331], [-91.99133018, 17.91952858], [-92.00339347, 17.89043579], [-92.01559361, 17.89741161], [-92.01590501, 17.89667787], [-92.01779012, 17.89230489], [-92.01805659, 17.89166786], [-92.01975071, 17.88773871], [-92.02081959, 17.88787915], [-92.02973833, 17.88905633], [-92.04946781, 17.88233481], [-92.06197291, 17.87807072], [-92.06710926, 17.87631732], [-92.07180868, 17.87690355], [-92.07211351, 17.87694191], [-92.07185394, 17.87660521], [-92.0677573, 17.87116058], [-92.06710099, 17.87029114], [-92.06662755, 17.87035938], [-92.06580266, 17.87047791], [-92.06020385, 17.87130214], [-92.06015854, 17.87130706], [-92.05941743, 17.87092247], [-92.05277996, 17.86747223], [-92.04951473, 17.85596397], [-92.04914936, 17.85464144], [-92.05324513, 17.85032943], [-92.05595285, 17.8474736], [-92.05714376, 17.84622062], [-92.0637737, 17.84829261], [-92.09000426, 17.85644966], [-92.09013376, 17.8506311], [-92.10207582, 17.85079681], [-92.10636194, 17.83831181], [-92.09927563, 17.83476272], [-92.10428633, 17.82862302], [-92.10557736, 17.81285924], [-92.12051491, 17.79588599], [-92.14707312, 17.81435855], [-92.12767292, 17.78603011], [-92.13635374, 17.77901901], [-92.12995343, 17.76688844], [-92.14846171, 17.76404241], [-92.15170575, 17.76383941], [-92.15263503, 17.77819883], [-92.17188573, 17.78628889], [-92.18869419, 17.76772196], [-92.19468349, 17.77664236], [-92.22747513, 17.74752218], [-92.24303998, 17.7291495], [-92.27445841, 17.69205139], [-92.28871004, 17.70258132], [-92.29350154, 17.70071846], [-92.29514173, 17.70131534], [-92.30870032, 17.70619967], [-92.31334597, 17.70442522], [-92.31438374, 17.70716499], [-92.31530683, 17.70958818], [-92.32812398, 17.71364581], [-92.32958877, 17.71063214], [-92.33738, 17.71200477], [-92.3401572, 17.70366981], [-92.34203949, 17.70237375], [-92.34417798, 17.70089492], [-92.34993004, 17.70269789], [-92.35059455, 17.6539233], [-92.35497284, 17.65397057], [-92.35499607, 17.64237636], [-92.3570637, 17.64172294], [-92.35035646, 17.62390621], [-92.35089937, 17.61769249], [-92.3552476, 17.61485637], [-92.35525449, 17.61485908], [-92.39984973, 17.58579628], [-92.40189492, 17.57646201], [-92.40806603, 17.58044629], [-92.43679968, 17.57001744], [-92.44413917, 17.57458896], [-92.45607274, 17.57311638], [-92.4656773, 17.57689874], [-92.48350802, 17.57483816], [-92.49722611, 17.57216286], [-92.51774965, 17.57299564], [-92.5285837, 17.54900623], [-92.55576763, 17.54116541], [-92.5574775, 17.54066571], [-92.55752338, 17.5406505], [-92.56200878, 17.54560808], [-92.56297919, 17.54601354], [-92.57115647, 17.54941793], [-92.59701291, 17.52027911], [-92.59236868, 17.50953785], [-92.59992765, 17.50071228], [-92.59428177, 17.49213582], [-92.60523195, 17.47778561], [-92.62390016, 17.46570282], [-92.6315151, 17.4648139], [-92.65212917, 17.45803939], [-92.65915592, 17.44393192], [-92.66543663, 17.45638372], [-92.66770319, 17.45638063], [-92.66777097, 17.44204345], [-92.66786328, 17.42477481], [-92.67619266, 17.40986974], [-92.6767894, 17.39498516], [-92.67740685, 17.37968924], [-92.70356772, 17.36339684], [-92.70844477, 17.36348577], [-92.72464117, 17.35137607], [-92.72537459, 17.35087855], [-92.72950986, 17.34808624], [-92.7539317, 17.34321058], [-92.75976126, 17.35776546], [-92.77083853, 17.35963832], [-92.76983965, 17.36528728], [-92.76903716, 17.36979994], [-92.76678734, 17.38242453], [-92.77022938, 17.38648487], [-92.77619406, 17.3935267], [-92.78887634, 17.40223935], [-92.78583157, 17.41781116], [-92.80483634, 17.4108554], [-92.8291897, 17.40853423], [-92.82838816, 17.39584761], [-92.85397886, 17.41080853], [-92.85590204, 17.41871959], [-92.82615262, 17.42349277], [-92.8197139, 17.43122741], [-92.82206473, 17.45223961], [-92.8267172, 17.45354759], [-92.82834417, 17.47090352], [-92.83241076, 17.48114751], [-92.83575836, 17.48032211], [-92.83643092, 17.47451473], [-92.85017247, 17.46911092], [-92.85568069, 17.47890836], [-92.85942513, 17.4990662], [-92.86620954, 17.50424275], [-92.88596113, 17.51014229], [-92.89808631, 17.50291358], [-92.90292959, 17.50383242], [-92.9071579, 17.50463441], [-92.91098716, 17.50223298], [-92.9110783, 17.49807269], [-92.92614657, 17.50263923], [-92.93957453, 17.50154346], [-92.94158953, 17.49044051], [-92.94675552, 17.4819088], [-92.95555997, 17.48835556], [-92.96767424, 17.51745278], [-92.97488426, 17.51805182], [-92.97905804, 17.51214872], [-92.97906576, 17.512139], [-92.98243737, 17.51133777], [-92.98509288, 17.51070031], [-92.98510169, 17.5107099], [-92.98612302, 17.51488305], [-92.98331549, 17.51884311], [-92.99203698, 17.52877536], [-92.98001314, 17.53605419], [-92.98887775, 17.54151487], [-92.98857284, 17.54979796], [-93.00597545, 17.55530191], [-93.00764626, 17.56077962], [-93.00400824, 17.57889681], [-93.01040847, 17.58052383], [-93.01528461, 17.59167151], [-93.03200859, 17.59909649], [-93.04351285, 17.61799727], [-93.04545915, 17.65889897], [-93.04532978, 17.65914478], [-93.04388668, 17.66193683], [-93.04226166, 17.6650553], [-93.04409996, 17.66616164], [-93.04490209, 17.66664439], [-93.04402349, 17.66689962], [-93.04229155, 17.66742064], [-93.04148461, 17.66766317], [-93.04072846, 17.66788724], [-93.04108004, 17.66839846], [-93.04281945, 17.67098516], [-93.04402332, 17.67276774], [-93.04418563, 17.67299481], [-93.04280414, 17.67339196], [-93.0405828, 17.67402852], [-93.0415982, 17.67993044], [-93.04160643, 17.6800215], [-93.03810282, 17.67967669], [-93.03831761, 17.68007671], [-93.03893442, 17.68122872], [-93.03946075, 17.68221116], [-93.04149845, 17.68602026], [-93.04175031, 17.68650401], [-93.039835, 17.69030139], [-93.03933256, 17.69130478], [-93.03831752, 17.68865387], [-93.03790529, 17.6875877], [-93.03708084, 17.69283606], [-93.03813422, 17.69287321], [-93.03892836, 17.69290159], [-93.03998888, 17.69293801], [-93.04061362, 17.69295623], [-93.0404547, 17.69347309], [-93.03932395, 17.69719076], [-93.03886622, 17.69870286], [-93.03819431, 17.70096285], [-93.03776075, 17.70239378], [-93.03731115, 17.70385317], [-93.03837049, 17.70608003], [-93.0388734, 17.70579435], [-93.04056769, 17.70484427], [-93.04236946, 17.7038395], [-93.04277418, 17.70361018], [-93.04262829, 17.70389123], [-93.04138403, 17.70648826], [-93.04454291, 17.70861564], [-93.04399397, 17.70895519], [-93.04379455, 17.70907908], [-93.04224626, 17.71003569], [-93.04449633, 17.71276972], [-93.04905904, 17.71217366], [-93.05335641, 17.71162497], [-93.05398763, 17.71154502], [-93.05405006, 17.71152951], [-93.05402595, 17.71189938], [-93.05366789, 17.71840874], [-93.05628598, 17.71923448], [-93.05723781, 17.71952804], [-93.05715489, 17.72007552], [-93.05707845, 17.72059622], [-93.05675736, 17.72273245], [-93.05652088, 17.72433149], [-93.05507188, 17.73398741], [-93.05431652, 17.73636939], [-93.05198254, 17.74382945], [-93.05166836, 17.74480689], [-93.05063216, 17.74555091], [-93.04763356, 17.74768991], [-93.04668617, 17.74837584], [-93.04896101, 17.75070498], [-93.04616827, 17.75453977], [-93.04539737, 17.75559855], [-93.04761066, 17.7573512], [-93.04772533, 17.75744071], [-93.04760999, 17.75747003], [-93.04444339, 17.75834003], [-93.04572685, 17.75895128], [-93.04824378, 17.76014359], [-93.04766354, 17.76012696], [-93.04581805, 17.76008888], [-93.04537433, 17.76008041], [-93.04458164, 17.7600601], [-93.04161352, 17.76856808], [-93.03982742, 17.76754625], [-93.03751531, 17.76622003], [-93.03673785, 17.76578509], [-93.03667062, 17.76742947], [-93.03662351, 17.76872975], [-93.03602967, 17.76888435], [-93.02859863, 17.77084896], [-93.01617743, 17.78466742], [-93.01867962, 17.78941108], [-93.01906751, 17.79012956], [-93.01423022, 17.79455117], [-93.01308744, 17.79814068], [-93.01298847, 17.79842458], [-93.01322402, 17.79836514], [-93.01593897, 17.79762366], [-93.01597057, 17.79872947], [-93.01603994, 17.80135247], [-93.01884639, 17.80239175], [-93.01970055, 17.8027046], [-93.01916819, 17.8036871], [-93.01848093, 17.80497732], [-93.01719944, 17.80736408], [-93.01693964, 17.80786591], [-93.01994664, 17.81126096], [-93.02627055, 17.81841597], [-93.02742361, 17.81972724], [-93.02730763, 17.82019923], [-93.02585833, 17.82591056], [-93.02821488, 17.82787265], [-93.04252055, 17.83976195], [-93.04386432, 17.84000435], [-93.06406028, 17.84358681], [-93.09449378, 17.84086282], [-93.10300184, 17.84555516], [-93.11664969, 17.82208221], [-93.13170407, 17.85507806], [-93.12231231, 17.8754173], [-93.11173749, 17.8760847], [-93.09198518, 17.8864867], [-93.09075623, 17.8968119], [-93.10062044, 17.90198281], [-93.10105474, 17.90575225], [-93.1110496, 17.90822954], [-93.11809291, 17.90796048], [-93.12879763, 17.90755268], [-93.12895618, 17.90755189], [-93.12918544, 17.90784744], [-93.12986463, 17.90872112], [-93.13708281, 17.91807988], [-93.14374303, 17.91949904], [-93.14606236, 17.91999866], [-93.14567459, 17.9249412], [-93.14510244, 17.93226222], [-93.182173, 17.93965121], [-93.18316584, 17.94139472], [-93.19100037, 17.95516298], [-93.19272567, 17.95563822], [-93.20256757, 17.95836301], [-93.20692297, 17.95956113], [-93.21077718, 17.9585011], [-93.21238671, 17.95805206], [-93.21601932, 17.95705137], [-93.21770549, 17.95658752], [-93.23098125, 17.94866126], [-93.23518355, 17.94918034], [-93.23985226, 17.94976963], [-93.2398622, 17.94976228], [-93.24250752, 17.95009715], [-93.24294434, 17.95014876], [-93.24299644, 17.95037036], [-93.24414824, 17.9551213], [-93.24519469, 17.95944824], [-93.24533206, 17.9600021], [-93.24608677, 17.96019005], [-93.24894786, 17.96092923], [-93.25673687, 17.96295056], [-93.27680307, 17.98360563], [-93.27834462, 17.98519253], [-93.28139628, 17.98142041], [-93.28303044, 17.96740921], [-93.28976575, 17.95880001], [-93.29840256, 17.94776817], [-93.29810584, 17.94707491], [-93.29555024, 17.94115245], [-93.31238109, 17.93123297], [-93.32715922, 17.92799577], [-93.33617606, 17.93655407], [-93.34092372, 17.93023318], [-93.33604016, 17.90489544], [-93.34128215, 17.90305326], [-93.34431857, 17.88837288], [-93.34999397, 17.88249658], [-93.35060402, 17.87597299], [-93.34973388, 17.86787167], [-93.33431495, 17.8516077], [-93.33529093, 17.84611327], [-93.33814424, 17.8446222], [-93.34096823, 17.84314524], [-93.34038961, 17.84010138], [-93.34010729, 17.83865627], [-93.339519, 17.83557903], [-93.34555286, 17.82312746], [-93.34932994, 17.8153364], [-93.34060307, 17.79802903], [-93.35210864, 17.79532702], [-93.36562048, 17.8023115], [-93.36662772, 17.80283153], [-93.36632239, 17.8018992], [-93.36603843, 17.80104056], [-93.36551925, 17.79948796], [-93.36551382, 17.79946161], [-93.36557488, 17.79939269], [-93.36560534, 17.79935935], [-93.36738864, 17.79738613], [-93.37050267, 17.79394447], [-93.37389076, 17.79493805], [-93.37598894, 17.79554812], [-93.37628597, 17.79563543], [-93.37830864, 17.78469553], [-93.37913204, 17.78419058], [-93.38055028, 17.78332032], [-93.38096287, 17.78307242], [-93.38027567, 17.78178533], [-93.37993996, 17.78114789], [-93.37958277, 17.78047639], [-93.37844589, 17.78036669], [-93.36442951, 17.77898502], [-93.35852362, 17.78829885], [-93.34312017, 17.78742708], [-93.35202393, 17.76366962], [-93.3754381, 17.76670883], [-93.37723828, 17.77081426], [-93.37760635, 17.77165052], [-93.38107647, 17.77464098], [-93.38144219, 17.7744617], [-93.38168857, 17.77433893], [-93.38426625, 17.77310306], [-93.38441968, 17.7730304], [-93.38447994, 17.77312443], [-93.38573096, 17.77521713], [-93.38683093, 17.77708151], [-93.39029407, 17.77261715], [-93.39049185, 17.77236478], [-93.39040118, 17.77211505], [-93.38655423, 17.76149734], [-93.38264801, 17.75070421], [-93.38223564, 17.75027293], [-93.37552987, 17.74317601], [-93.37066279, 17.7380323], [-93.36956376, 17.7368754], [-93.37027243, 17.7361998], [-93.37344008, 17.73316003], [-93.36939615, 17.73285302], [-93.36913017, 17.73283766], [-93.36834973, 17.72969565], [-93.36790122, 17.72784962], [-93.36649663, 17.72798469], [-93.36236195, 17.72840912], [-93.36252301, 17.72288335], [-93.36248334, 17.72283804], [-93.35421213, 17.71280539], [-93.35621985, 17.71040418], [-93.35292341, 17.70574027], [-93.35537178, 17.69945283], [-93.35297074, 17.69685097], [-93.35501542, 17.69370948], [-93.35650946, 17.68715869], [-93.3536948, 17.68096539], [-93.36033963, 17.66381893], [-93.35587732, 17.64783458], [-93.38731905, 17.64396441], [-93.38749988, 17.63599828], [-93.38752513, 17.63503096], [-93.40975676, 17.61919148], [-93.41475377, 17.60593362], [-93.41598994, 17.59491326], [-93.42023932, 17.5894098], [-93.4453402, 17.58456681], [-93.44907832, 17.57591699], [-93.45217023, 17.54654759], [-93.45808186, 17.54518404], [-93.47571488, 17.55390423], [-93.48322836, 17.5504857], [-93.48886115, 17.53750924], [-93.49547528, 17.52222628], [-93.49741405, 17.52226429], [-93.49827588, 17.52228734], [-93.4989541, 17.51769033], [-93.49918211, 17.51610116], [-93.50009863, 17.5098998], [-93.50079326, 17.50514994], [-93.50219634, 17.50435068], [-93.5073531, 17.50138673], [-93.50566818, 17.49438353], [-93.50558347, 17.49403703], [-93.50581245, 17.49418582], [-93.50800985, 17.49560405], [-93.50804815, 17.49528943], [-93.50827795, 17.49340173], [-93.50845998, 17.49198198], [-93.50861255, 17.49073366], [-93.50928417, 17.49062591], [-93.51055097, 17.49042642], [-93.51455678, 17.48978525], [-93.50922314, 17.48203172], [-93.50640803, 17.47794452], [-93.50634726, 17.47785961], [-93.50657513, 17.47752976], [-93.50935427, 17.47349498], [-93.50865015, 17.47248873], [-93.50672886, 17.46973654], [-93.50814879, 17.4663678], [-93.51029203, 17.46124928], [-93.51118505, 17.45911884], [-93.51113195, 17.45398406], [-93.51107032, 17.44788042], [-93.52508448, 17.43158855], [-93.52411638, 17.42955156], [-93.54752359, 17.39718742], [-93.56125621, 17.37845408], [-93.60789795, 17.31479443], [-93.61857101, 17.32162995], [-93.62198031, 17.3221461], [-93.62491152, 17.32281743], [-93.62457411, 17.32209272], [-93.6245302, 17.32169214], [-93.62475095, 17.32131546], [-93.62514788, 17.32098487], [-93.62566701, 17.32054238], [-93.62595693, 17.32018995], [-93.6265522, 17.31957982], [-93.62690221, 17.31897515], [-93.6271011, 17.31814484], [-93.62709266, 17.31809007], [-93.62704018, 17.31732709], [-93.62685585, 17.31602173], [-93.626902, 17.31487634], [-93.62716083, 17.31449276], [-93.62750391, 17.31419534], [-93.62759642, 17.31371985], [-93.62784738, 17.313156], [-93.63581253, 17.31410961], [-93.63908687, 17.31657331], [-93.64147588, 17.31814474], [-93.64142229, 17.31825144], [-93.64136142, 17.31840072], [-93.64120714, 17.31896323], [-93.64151295, 17.31982184], [-93.64193258, 17.32012472], [-93.64248883, 17.32058228], [-93.6430453, 17.32107492], [-93.64306829, 17.32189845], [-93.64269435, 17.32254932], [-93.64239884, 17.32283927], [-93.64249654, 17.32371224], [-93.64304718, 17.32395233], [-93.64351119, 17.32449407], [-93.64402975, 17.32530127], [-93.64443556, 17.32633627], [-93.64477161, 17.32782204], [-93.64499845, 17.32928359], [-93.64497576, 17.32985123], [-93.64481686, 17.33041237], [-93.6446949, 17.33071431], [-93.6446556, 17.33081842], [-93.64438983, 17.33096753], [-93.64374052, 17.3309945], [-93.64263436, 17.3310592], [-93.64200101, 17.33124991], [-93.64150574, 17.33176506], [-93.64100273, 17.33225262], [-93.64020066, 17.33262276], [-93.63997281, 17.33311669], [-93.64009415, 17.33363925], [-93.6400317, 17.33455076], [-93.63964393, 17.3351183], [-93.63907225, 17.33584406], [-93.63879605, 17.3361645], [-93.63839903, 17.33661276], [-93.63765172, 17.33677897], [-93.63734634, 17.33684329], [-93.63626346, 17.3366016], [-93.63537945, 17.33704064], [-93.63537808, 17.337683], [-93.63564643, 17.33815047], [-93.64135365, 17.34221645], [-93.64799825, 17.34683238], [-93.65622237, 17.35256], [-93.66684342, 17.36018333], [-93.66819427, 17.36098267], [-93.66931475, 17.36181325], [-93.67074103, 17.36241772], [-93.67303098, 17.36365967], [-93.67337339, 17.36422962], [-93.67362576, 17.36515876], [-93.67448791, 17.36570455], [-93.67482282, 17.36554227], [-93.67551808, 17.36514786], [-93.6763334, 17.36529967], [-93.67701389, 17.36565548], [-93.67796807, 17.36616001], [-93.67897536, 17.36765607], [-93.67975971, 17.36863184], [-93.68143957, 17.36999234], [-93.68245997, 17.37061025], [-93.68303218, 17.37073151], [-93.68371111, 17.37099671], [-93.68483356, 17.3714857], [-93.68552119, 17.37207486], [-93.68607639, 17.37310117], [-93.6858262, 17.3734209], [-93.6854284, 17.37396089], [-93.68520014, 17.37434631], [-93.68489586, 17.37567763], [-93.68425359, 17.37562373], [-93.68392493, 17.37498104], [-93.68372799, 17.37465336], [-93.68299534, 17.37434105], [-93.68281212, 17.3748387], [-93.68276577, 17.37533267], [-93.68273506, 17.3758015], [-93.68304767, 17.37639805], [-93.68345366, 17.37700886], [-93.68406426, 17.37770346], [-93.68461276, 17.37751573], [-93.68498567, 17.37734875], [-93.68564274, 17.37743061], [-93.68612322, 17.37774469], [-93.68681042, 17.3782637], [-93.6872977, 17.37869918], [-93.68735815, 17.37957011], [-93.6877412, 17.38079496], [-93.68808474, 17.38134798], [-93.6882907, 17.38261838], [-93.68884047, 17.38408666], [-93.68947342, 17.38402238], [-93.69048617, 17.38434007], [-93.69077617, 17.38499983], [-93.69122829, 17.38578399], [-93.69144106, 17.38674711], [-93.69126458, 17.38752341], [-93.69105152, 17.38816421], [-93.69049563, 17.38839567], [-93.68982453, 17.38885712], [-93.68905991, 17.38922852], [-93.6885181, 17.38946076], [-93.68675676, 17.39100278], [-93.68667359, 17.39241771], [-93.68624415, 17.39309057], [-93.68575712, 17.39335187], [-93.68522985, 17.39357699], [-93.68484163, 17.39364585], [-93.68439966, 17.39413589], [-93.68388113, 17.39448931], [-93.68316218, 17.39511774], [-93.68261289, 17.39562894], [-93.68206329, 17.39661294], [-93.6820713, 17.39784407], [-93.6821111, 17.39847182], [-93.68213397, 17.39883393], [-93.6821796, 17.39932626], [-93.68173621, 17.40015104], [-93.68165168, 17.4010422], [-93.68175908, 17.40156512], [-93.68215602, 17.40209288], [-93.68265967, 17.40260961], [-93.68322509, 17.40315694], [-93.68331635, 17.403869], [-93.68320926, 17.404432], [-93.68288871, 17.40478402], [-93.68173691, 17.40551616], [-93.68093595, 17.40636965], [-93.68072895, 17.40690899], [-93.68023417, 17.40768679], [-93.6800341, 17.40834529], [-93.67975253, 17.40902639], [-93.67928643, 17.40991438], [-93.67909539, 17.41038448], [-93.67843163, 17.41079994], [-93.67815796, 17.41061047], [-93.67748003, 17.41036453], [-93.6771136, 17.41046173], [-93.67660969, 17.41080578], [-93.67617308, 17.41108911], [-93.6753279, 17.41173763], [-93.67487705, 17.41202242], [-93.67399231, 17.41262349], [-93.67330536, 17.41299351], [-93.67275662, 17.41364952], [-93.6725501, 17.41433594], [-93.67234421, 17.41512872], [-93.67209148, 17.41583857], [-93.67184708, 17.41668351], [-93.67180889, 17.41708069], [-93.67183325, 17.41753452], [-93.67200046, 17.4178866], [-93.67251232, 17.4182681], [-93.67283206, 17.41863096], [-93.67277859, 17.41900805], [-93.67245125, 17.41931557], [-93.67210747, 17.41934955], [-93.67164208, 17.41913467], [-93.67148947, 17.41900851], [-93.67085728, 17.41862934], [-93.67059783, 17.41863296], [-93.67049716, 17.41869974], [-93.66997793, 17.41902369], [-93.66960628, 17.41940112], [-93.66868922, 17.42002864], [-93.66817016, 17.42011617], [-93.6676832, 17.42006297], [-93.6671876, 17.41991878], [-93.66684416, 17.41963603], [-93.66624067, 17.41897791], [-93.66592874, 17.41829196], [-93.66588218, 17.41758236], [-93.66594256, 17.41716945], [-93.66601238, 17.41663943], [-93.6658443, 17.41579635], [-93.66521799, 17.41609847], [-93.66505801, 17.41640513], [-93.66483599, 17.41691874], [-93.66472953, 17.41762544], [-93.66447711, 17.41844617], [-93.66390597, 17.41884864], [-93.66310391, 17.41905609], [-93.6626084, 17.41902728], [-93.66182364, 17.41906601], [-93.66145698, 17.41897199], [-93.66140344, 17.41896108], [-93.66069358, 17.41838636], [-93.66063206, 17.41788519], [-93.66058634, 17.41724012], [-93.66046594, 17.41658295], [-93.66017498, 17.41625109], [-93.65953326, 17.41634079], [-93.65897047, 17.41652765], [-93.65858851, 17.41668616], [-93.65806259, 17.41684793], [-93.65762018, 17.41687637], [-93.65707704, 17.41724418], [-93.65668892, 17.41762066], [-93.65627508, 17.41842104], [-93.65591111, 17.41921515], [-93.65587887, 17.41924163], [-93.65494855, 17.41950408], [-93.65482634, 17.41949838], [-93.65440757, 17.41944781], [-93.65390234, 17.41922951], [-93.65326326, 17.41939173], [-93.65285752, 17.41978645], [-93.65290358, 17.42011481], [-93.65326915, 17.42061489], [-93.65349896, 17.42094448], [-93.65346188, 17.42132249], [-93.65317044, 17.42193062], [-93.65277354, 17.4224514], [-93.65212539, 17.42284047], [-93.65190511, 17.42336321], [-93.65153739, 17.4238302], [-93.65126239, 17.42432273], [-93.65108094, 17.42498225], [-93.65098967, 17.42543755], [-93.65089835, 17.42643696], [-93.65074579, 17.42724177], [-93.65054754, 17.42825557], [-93.65039441, 17.42891442], [-93.650149, 17.42985092], [-93.64992106, 17.43065491], [-93.64957093, 17.43125862], [-93.64888265, 17.43188075], [-93.64817342, 17.43160576], [-93.64758516, 17.4312018], [-93.6467231, 17.43061056], [-93.64621347, 17.43034787], [-93.6456022, 17.43043922], [-93.64542729, 17.43071902], [-93.64540373, 17.43110684], [-93.64549487, 17.43166285], [-93.64541253, 17.4322035], [-93.64484761, 17.43269563], [-93.64415381, 17.43286493], [-93.64282487, 17.43347944], [-93.64234519, 17.43384851], [-93.64167434, 17.43418312], [-93.64078933, 17.43455097], [-93.63967528, 17.43473179], [-93.63897214, 17.43505439], [-93.63844643, 17.43540504], [-93.63808052, 17.43591848], [-93.63782791, 17.4365842], [-93.63762883, 17.43737736], [-93.63725469, 17.4377546], [-93.63701217, 17.43829305], [-93.63731659, 17.43879089], [-93.63794337, 17.43898778], [-93.63859883, 17.43917835], [-93.63909386, 17.43921627], [-93.63972112, 17.43925028], [-93.640955, 17.43919269], [-93.64200917, 17.43953228], [-93.64236646, 17.43974234], [-93.64273378, 17.43998124], [-93.64329832, 17.44031037], [-93.64384072, 17.44069369], [-93.64436646, 17.44131251], [-93.64476424, 17.44178727], [-93.64488467, 17.44232684], [-93.64476268, 17.44262771], [-93.64433577, 17.44274861], [-93.64389313, 17.44277926], [-93.64327445, 17.44295277], [-93.64290868, 17.44334746], [-93.64280916, 17.44382153], [-93.64306999, 17.44453299], [-93.64336644, 17.44504621], [-93.64350528, 17.44539902], [-93.6433363, 17.44651177], [-93.64295433, 17.44686257], [-93.64264149, 17.44727832], [-93.64216969, 17.44774966], [-93.64149774, 17.44852767], [-93.64095624, 17.4491761], [-93.64039138, 17.44954946], [-93.63960533, 17.44987762], [-93.63878898, 17.44996764], [-93.63792609, 17.45000867], [-93.63710263, 17.44998289], [-93.63669965, 17.45021371], [-93.63601317, 17.45072617], [-93.63539465, 17.45136123], [-93.63531027, 17.45208956], [-93.63565263, 17.45223545], [-93.6360501, 17.45263783], [-93.63598076, 17.45331271], [-93.63598819, 17.45369437], [-93.63610404, 17.4545414], [-93.63643057, 17.45483121], [-93.63715736, 17.45520679], [-93.6375529, 17.45513732], [-93.63801778, 17.45485792], [-93.63832492, 17.45473032], [-93.6388813, 17.45465176], [-93.63956808, 17.45487123], [-93.64059848, 17.45525475], [-93.64115331, 17.45551208], [-93.64169662, 17.45568731], [-93.64204746, 17.45561646], [-93.64236063, 17.45554462], [-93.64273425, 17.45517638], [-93.64295476, 17.45453485], [-93.64300834, 17.45404122], [-93.64271069, 17.45366368], [-93.64247458, 17.45281671], [-93.64284929, 17.45215893], [-93.64320012, 17.45208807], [-93.64370945, 17.45216297], [-93.6453504, 17.45262363], [-93.64575565, 17.45278206], [-93.64628081, 17.45298454], [-93.64644269, 17.45361806], [-93.64633415, 17.45416292], [-93.64616699, 17.45450878], [-93.64590057, 17.4549362], [-93.64547942, 17.45542736], [-93.645077, 17.45568765], [-93.64456493, 17.45608435], [-93.6443664, 17.45659701], [-93.64416773, 17.45722846], [-93.6442509, 17.45772183], [-93.64432781, 17.45812434], [-93.64471632, 17.45848095], [-93.64528174, 17.45860311], [-93.64612023, 17.45873149], [-93.64649497, 17.45877169], [-93.64675472, 17.4588032], [-93.64779306, 17.45843595], [-93.64798984, 17.45791299], [-93.64833305, 17.45742425], [-93.64856328, 17.45704911], [-93.64892797, 17.45690548], [-93.64931743, 17.45697478], [-93.64936387, 17.45698643], [-93.64976161, 17.45715235], [-93.64981346, 17.45719145], [-93.65026512, 17.45802219], [-93.65020241, 17.45831734], [-93.64987487, 17.45889747], [-93.6492335, 17.45952112], [-93.64846466, 17.46030281], [-93.64818876, 17.46057585], [-93.64750214, 17.46109063], [-93.64683192, 17.46129635], [-93.64596171, 17.46145693], [-93.64556511, 17.46138835], [-93.64455783, 17.46105028], [-93.64419947, 17.4608956], [-93.64374094, 17.46064367], [-93.64309298, 17.46017298], [-93.64238221, 17.45957206], [-93.64213866, 17.45919641], [-93.64150651, 17.45869832], [-93.64072042, 17.45848347], [-93.63991067, 17.45861912], [-93.63916301, 17.45912931], [-93.63911703, 17.45965279], [-93.63913219, 17.46014009], [-93.63930853, 17.46115568], [-93.63936827, 17.46195659], [-93.63924802, 17.46249966], [-93.63916391, 17.46318504], [-93.63933139, 17.46372613], [-93.63952146, 17.46424473], [-93.63925415, 17.46476373], [-93.63888754, 17.46513236], [-93.63836248, 17.46550908], [-93.63804037, 17.46572748], [-93.63759833, 17.46601835], [-93.63685806, 17.46648369], [-93.63614136, 17.46714268], [-93.63562319, 17.46763857], [-93.63542492, 17.46822366], [-93.63546355, 17.46913879], [-93.63566755, 17.46962197], [-93.63580506, 17.4699193], [-93.63608745, 17.47058675], [-93.63650727, 17.47124268], [-93.63701946, 17.47212438], [-93.63703477, 17.4728029], [-93.63693612, 17.47376578], [-93.63655482, 17.47456914], [-93.63615673, 17.47553222], [-93.63559238, 17.47620541], [-93.6350972, 17.47674898], [-93.63472192, 17.47745313], [-93.63447023, 17.47806351], [-93.63405144, 17.47886252], [-93.63350171, 17.47968246], [-93.63280856, 17.48034051], [-93.63224243, 17.48115841], [-93.63176977, 17.48191253], [-93.63172445, 17.48242475], [-93.63168545, 17.48318169], [-93.63148799, 17.48414018], [-93.63150364, 17.48519999], [-93.63132734, 17.48600467], [-93.63093194, 17.48680612], [-93.63013078, 17.48776584], [-93.62942095, 17.48865827], [-93.62848131, 17.48937489], [-93.62758148, 17.49048293], [-93.62652862, 17.49139345], [-93.62555956, 17.49208918], [-93.62472886, 17.49260373], [-93.62416983, 17.49361322], [-93.62422434, 17.4946922], [-93.62458987, 17.49519467], [-93.6253617, 17.49576292], [-93.62584854, 17.4962869], [-93.62626898, 17.49666234], [-93.62653704, 17.49744896], [-93.62728267, 17.49848639], [-93.62817664, 17.49902414], [-93.62928298, 17.50048907], [-93.62964936, 17.501133], [-93.62966526, 17.50129794], [-93.62946674, 17.50145991], [-93.62919929, 17.50155353], [-93.62907026, 17.50158136], [-93.6289323, 17.50160078], [-93.6286336, 17.50166549], [-93.62816006, 17.50165817], [-93.6275741, 17.50156082], [-93.62716152, 17.50136572], [-93.62697971, 17.50129216], [-93.62606234, 17.50102236], [-93.62555073, 17.50105928], [-93.62544573, 17.50119594], [-93.62551404, 17.50181637], [-93.62560612, 17.50220168], [-93.62584106, 17.50329985], [-93.62587932, 17.50375568], [-93.62636114, 17.5046335], [-93.6267805, 17.50518198], [-93.62698525, 17.5053824], [-93.6274069, 17.50577714], [-93.62838249, 17.50633079], [-93.62904696, 17.50633976], [-93.62948035, 17.50634822], [-93.63109857, 17.50657244], [-93.63233556, 17.50670627], [-93.63392218, 17.50686872], [-93.6350056, 17.50704596], [-93.63534715, 17.50724612], [-93.63602837, 17.50775494], [-93.63662929, 17.50845951], [-93.6369512, 17.5095252], [-93.63676655, 17.50992442], [-93.63589678, 17.51007256], [-93.63518849, 17.50996952], [-93.63467686, 17.50985147], [-93.63414312, 17.50974803], [-93.63362334, 17.50964762], [-93.63280868, 17.5095488], [-93.63194439, 17.50991671], [-93.63164141, 17.51005133], [-93.63098316, 17.51024976], [-93.63074077, 17.51047377], [-93.63057944, 17.51064462], [-93.63033591, 17.51111972], [-93.62997602, 17.51172408], [-93.62960414, 17.51240922], [-93.62887836, 17.51317408], [-93.6282532, 17.51368096], [-93.62768762, 17.51386761], [-93.62616169, 17.51406262], [-93.62529262, 17.51454677], [-93.62518656, 17.51520382], [-93.62532219, 17.51615162], [-93.62558206, 17.51676358], [-93.62594773, 17.51780687], [-93.62612423, 17.51858726], [-93.62617061, 17.51910352], [-93.62619251, 17.51944078], [-93.6266669, 17.52272585], [-93.6266269, 17.5236921], [-93.62607866, 17.52448389], [-93.62571971, 17.52480092], [-93.62540729, 17.52509001], [-93.62501711, 17.5261905], [-93.62517142, 17.5264062], [-93.6253162, 17.52662364], [-93.62562719, 17.52709365], [-93.62668103, 17.52760419], [-93.62738209, 17.52794333], [-93.62752156, 17.52855759], [-93.6274602, 17.52933257], [-93.62729908, 17.53027394], [-93.62711557, 17.53107941], [-93.62693372, 17.53208976], [-93.62657352, 17.53347254], [-93.62632183, 17.53427419], [-93.62601775, 17.5347742], [-93.62574249, 17.53522718], [-93.6254073, 17.53588951], [-93.62502654, 17.53710595], [-93.62481294, 17.53774681], [-93.62411796, 17.53846816], [-93.62377475, 17.53844891], [-93.62346211, 17.53843138], [-93.62265155, 17.5380691], [-93.62182816, 17.53756919], [-93.62127832, 17.53718646], [-93.62053179, 17.53681872], [-93.62008869, 17.53681309], [-93.61924307, 17.53718087], [-93.61908964, 17.53756939], [-93.61901371, 17.53854383], [-93.61892284, 17.53972449], [-93.61850979, 17.54073432], [-93.61825738, 17.54162419], [-93.61822092, 17.54218334], [-93.61851092, 17.54268841], [-93.61943953, 17.54289441], [-93.62034744, 17.54320785], [-93.62100385, 17.5437776], [-93.62121802, 17.54471402], [-93.62105701, 17.54514965], [-93.6205162, 17.54577895], [-93.61971529, 17.54645701], [-93.61894437, 17.54691385], [-93.61812884, 17.54775401], [-93.6175567, 17.54820051], [-93.61727282, 17.54848441], [-93.61682255, 17.5492919], [-93.61599868, 17.55053892], [-93.61519883, 17.55123739], [-93.61452018, 17.5512253], [-93.61340513, 17.55156097], [-93.61346666, 17.55225349], [-93.61400145, 17.55327017], [-93.61458727, 17.55426256], [-93.61496101, 17.55498054], [-93.61573953, 17.55525055], [-93.61737413, 17.55521558], [-93.61857861, 17.55445834], [-93.61949477, 17.55378674], [-93.61982307, 17.55358679], [-93.6217518, 17.55240286], [-93.62227855, 17.55146274], [-93.62295028, 17.55050473], [-93.62365194, 17.54952011], [-93.62420838, 17.54909874], [-93.62457432, 17.54882282], [-93.62555991, 17.54871403], [-93.62602388, 17.54895842], [-93.62745205, 17.54901926], [-93.62857364, 17.54927223], [-93.62961782, 17.54955705], [-93.63064789, 17.54984108], [-93.63100028, 17.54994229], [-93.63136604, 17.5505602], [-93.6310753, 17.55142193], [-93.63053462, 17.55181706], [-93.6300155, 17.55216814], [-93.62948773, 17.55269977], [-93.62899262, 17.55331469], [-93.62895584, 17.55434453], [-93.6295274, 17.55553407], [-93.62977776, 17.55583889], [-93.63020709, 17.5563427], [-93.63110586, 17.55684679], [-93.63339477, 17.55687547], [-93.63432585, 17.55677148], [-93.63529475, 17.5563562], [-93.63599036, 17.55589618], [-93.63697376, 17.55543643], [-93.6377449, 17.55520806], [-93.63807945, 17.55525395], [-93.6389726, 17.55538542], [-93.63949789, 17.55594096], [-93.64027754, 17.55669743], [-93.64133065, 17.55741829], [-93.64225305, 17.55792251], [-93.64280217, 17.55769866], [-93.64303908, 17.55717786], [-93.64315407, 17.55676112], [-93.64348085, 17.55619783], [-93.64385601, 17.55561462], [-93.64437353, 17.55540597], [-93.64563321, 17.55536782], [-93.64701405, 17.55535454], [-93.64845656, 17.55533565], [-93.64882164, 17.55581092], [-93.64890677, 17.5564674], [-93.64905185, 17.55699146], [-93.64959237, 17.55749125], [-93.65127086, 17.55836467], [-93.65192801, 17.55892528], [-93.65256118, 17.55925938], [-93.65340054, 17.55957785], [-93.65445256, 17.55934698], [-93.65474378, 17.55847505], [-93.65469671, 17.55792932], [-93.65467394, 17.55717788], [-93.65432423, 17.55582774], [-93.65462724, 17.55549957], [-93.6554685, 17.55520375], [-93.65587091, 17.55518097], [-93.65629974, 17.55515062], [-93.6568634, 17.55546385], [-93.6571766, 17.55597806], [-93.65755894, 17.55659683], [-93.65821488, 17.55729425], [-93.65910664, 17.55869276], [-93.65955692, 17.55978602], [-93.65954964, 17.56052785], [-93.65931285, 17.56159179], [-93.65910694, 17.56272987], [-93.65866494, 17.56418176], [-93.6588024, 17.56494866], [-93.66059583, 17.56571865], [-93.66172397, 17.56594457], [-93.66340298, 17.56650108], [-93.66445479, 17.5672466], [-93.66683558, 17.56871913], [-93.66833849, 17.56953505], [-93.66887336, 17.56970179], [-93.66951259, 17.56966503], [-93.67010987, 17.56958067], [-93.67099283, 17.56949301], [-93.67162608, 17.56971049], [-93.67186389, 17.5701854], [-93.67191004, 17.57051384], [-93.6720018, 17.57117974], [-93.6719941, 17.57181294], [-93.67195528, 17.5728427], [-93.67162602, 17.57360393], [-93.67132912, 17.57406487], [-93.67062802, 17.57512218], [-93.67069615, 17.57563289], [-93.67108655, 17.57604277], [-93.67184032, 17.57637446], [-93.67236064, 17.57654831], [-93.67301618, 17.57674892], [-93.67353447, 17.57660583], [-93.67444206, 17.57638486], [-93.67493124, 17.57606024], [-93.67559408, 17.57602363], [-93.6764875, 17.57591954], [-93.6769822, 17.57577626], [-93.67754825, 17.57577951], [-93.67789772, 17.57663176], [-93.67771444, 17.57743736], [-93.67765524, 17.57860968], [-93.6782105, 17.57960918], [-93.67914874, 17.5805576], [-93.67975232, 17.58157789], [-93.6801336, 17.5825677], [-93.68034719, 17.58313177], [-93.68060831, 17.58380711], [-93.68087433, 17.58490818], [-93.68061592, 17.58559079], [-93.68009611, 17.58568065], [-93.67812015, 17.58464613], [-93.67760836, 17.5849152], [-93.67743369, 17.58514987], [-93.6780671, 17.5859116], [-93.67942398, 17.5867272], [-93.68064556, 17.58704983], [-93.68201835, 17.58713534], [-93.68316966, 17.58709874], [-93.68474996, 17.5869525], [-93.68542911, 17.58727092], [-93.68587176, 17.58779343], [-93.68623674, 17.58831274], [-93.68646733, 17.58949329], [-93.68605489, 17.59116195], [-93.68564366, 17.5926157], [-93.68590203, 17.59318113], [-93.68632165, 17.59342174], [-93.68736764, 17.5937617], [-93.68814626, 17.59395778], [-93.68906118, 17.59404603], [-93.68986898, 17.59407174], [-93.69139557, 17.59411253], [-93.6926379, 17.59393722], [-93.69334087, 17.59366741], [-93.69337125, 17.59312597], [-93.69287654, 17.59252704], [-93.69223509, 17.59162349], [-93.69184489, 17.5910134], [-93.69180714, 17.59046704], [-93.69257149, 17.58976728], [-93.6930362, 17.58961322], [-93.69360053, 17.58964573], [-93.69434072, 17.59004784], [-93.69489783, 17.59066834], [-93.69527979, 17.59125873], [-93.69722398, 17.59309576], [-93.69817025, 17.59418822], [-93.69909298, 17.59516282], [-93.69952195, 17.59614731], [-93.69989441, 17.59697365], [-93.69985777, 17.59804883], [-93.69978123, 17.59837837], [-93.6997051, 17.59870115], [-93.69965851, 17.60001906], [-93.69997225, 17.60173944], [-93.70101691, 17.604486], [-93.70131437, 17.60585132], [-93.70156639, 17.6078127], [-93.70134351, 17.60876779], [-93.70125313, 17.60917012], [-93.7010018, 17.60997087], [-93.70031446, 17.61142633], [-93.69991761, 17.6124091], [-93.69997821, 17.61316381], [-93.70043542, 17.61364297], [-93.70076388, 17.61336249], [-93.70099402, 17.61291247], [-93.70168771, 17.61217249], [-93.70198554, 17.61177376], [-93.70238233, 17.61126058], [-93.70329642, 17.61077839], [-93.70370846, 17.61052065], [-93.70451903, 17.61073652], [-93.70547172, 17.61141291], [-93.70603692, 17.61174528], [-93.70642681, 17.61177598], [-93.70728013, 17.61183127], [-93.70740124, 17.61181875], [-93.70787522, 17.61174662], [-93.70853872, 17.61158429], [-93.70932557, 17.61164607], [-93.70964538, 17.61166495], [-93.7101109, 17.61212416], [-93.71056786, 17.61288163], [-93.71050806, 17.61367719], [-93.70998923, 17.61617402], [-93.70977543, 17.61717489], [-93.70959264, 17.61840494], [-93.70945371, 17.619221], [-93.70906457, 17.6208198], [-93.7088602, 17.6222116], [-93.70904372, 17.62331601], [-93.70923257, 17.62421477], [-93.70946115, 17.6249245], [-93.70964452, 17.62552309], [-93.70985917, 17.62626826], [-93.71015694, 17.62669215], [-93.71030249, 17.62690051], [-93.71076798, 17.62720471], [-93.71166613, 17.62765285], [-93.71266573, 17.62818017], [-93.71279758, 17.62857674], [-93.71304139, 17.62926921], [-93.71337539, 17.63026655], [-93.71388072, 17.6311625], [-93.71480347, 17.63194694], [-93.71536744, 17.632458], [-93.7164195, 17.63309457], [-93.71776352, 17.63358664], [-93.71812941, 17.63362503], [-93.71867235, 17.63366304], [-93.7192137, 17.63317931], [-93.71944074, 17.63270192], [-93.7193949, 17.6322094], [-93.71903789, 17.63147559], [-93.7183654, 17.63053305], [-93.71756518, 17.62943859], [-93.71705343, 17.62864867], [-93.71683922, 17.62789562], [-93.7157795, 17.62664305], [-93.71547524, 17.626444], [-93.71417073, 17.62561124], [-93.71381072, 17.62508433], [-93.71381188, 17.62459556], [-93.71389437, 17.62354099], [-93.71390193, 17.6234158], [-93.71368824, 17.62335869], [-93.71323811, 17.6233869], [-93.712728, 17.62354871], [-93.71235419, 17.6234465], [-93.71216347, 17.6230478], [-93.71226132, 17.62259947], [-93.71249173, 17.62222299], [-93.71308583, 17.62180332], [-93.71438272, 17.621314], [-93.71498673, 17.62112118], [-93.71570256, 17.62095267], [-93.71697844, 17.62182909], [-93.71742016, 17.6223707], [-93.71781722, 17.62240063], [-93.72252351, 17.62278819], [-93.72312695, 17.62295741], [-93.72370623, 17.62552534], [-93.72376834, 17.62582638], [-93.72447836, 17.62602865], [-93.72546228, 17.62622912], [-93.72631694, 17.62653785], [-93.72671248, 17.62674985], [-93.72714041, 17.62697271], [-93.72759901, 17.62770533], [-93.7281086, 17.62849282], [-93.72932313, 17.6287049], [-93.73010111, 17.62883736], [-93.73055018, 17.62812104], [-93.7308171, 17.6275293], [-93.73110031, 17.62690224], [-93.73150366, 17.62620037], [-93.73302182, 17.62575934], [-93.7330983, 17.6257828], [-93.73343564, 17.62645212], [-93.73347316, 17.6267699], [-93.73353341, 17.62765133], [-93.73342614, 17.62892406], [-93.73325862, 17.63104101], [-93.73273365, 17.63199869], [-93.73235019, 17.63280126], [-93.7319017, 17.63354704], [-93.73162734, 17.63441901], [-93.7314132, 17.63519248], [-93.73138246, 17.63601683], [-93.7316273, 17.63606659], [-93.73231991, 17.6358141], [-93.73315888, 17.63367884], [-93.73360266, 17.63340353], [-93.73406867, 17.63279789], [-93.73435748, 17.63211682], [-93.7345338, 17.63126545], [-93.73483781, 17.63056712], [-93.73540329, 17.63007335], [-93.73583052, 17.63003362], [-93.73689815, 17.63049098], [-93.73767698, 17.63104099], [-93.73806617, 17.63198701], [-93.73819564, 17.6329345], [-93.73808969, 17.63383277], [-93.7374544, 17.63682121], [-93.73731132, 17.63751262], [-93.73647002, 17.63788251], [-93.73545615, 17.63829604], [-93.73431868, 17.63868462], [-93.73353304, 17.63903155], [-93.73259484, 17.63944246], [-93.73187719, 17.63995383], [-93.73152647, 17.64036895], [-93.73108447, 17.64065342], [-93.73070424, 17.64116649], [-93.73063335, 17.64179512], [-93.73060347, 17.64229137], [-93.73071729, 17.64283178], [-93.73087852, 17.64332955], [-93.73128259, 17.64442014], [-93.73174948, 17.64525167], [-93.73219096, 17.64642694], [-93.73267918, 17.6471397], [-93.73335052, 17.64818284], [-93.73356316, 17.64872872], [-93.73396058, 17.64942062], [-93.73434281, 17.64965903], [-93.7349299, 17.64994498], [-93.73563833, 17.65037231], [-93.73646426, 17.65092608], [-93.73728067, 17.6512066], [-93.73766948, 17.6513356], [-93.73821091, 17.65108603], [-93.73873006, 17.65073565], [-93.73910366, 17.65041116], [-93.73964478, 17.64997033], [-93.74019338, 17.64948352], [-93.74075206, 17.64937861], [-93.74114888, 17.64960989], [-93.74148408, 17.65008105], [-93.7416964, 17.65067217], [-93.74188706, 17.65115232], [-93.742148, 17.65183778], [-93.74221717, 17.65249341], [-93.74227804, 17.65348354], [-93.74223246, 17.65400609], [-93.74226273, 17.65499452], [-93.74256812, 17.65619733], [-93.74290171, 17.65669557], [-93.74345882, 17.65708847], [-93.74454301, 17.65715629], [-93.7452517, 17.65718752], [-93.74559671, 17.65784934], [-93.74624546, 17.65879952], [-93.74644405, 17.65934461], [-93.74663358, 17.65972625], [-93.74656469, 17.6605191], [-93.74617612, 17.66077828], [-93.74549016, 17.66083997], [-93.74465819, 17.66073857], [-93.743688, 17.66077663], [-93.74295705, 17.66099764], [-93.74243737, 17.66151324], [-93.7420861, 17.6621728], [-93.74194804, 17.66301615], [-93.7417671, 17.66410157], [-93.74158242, 17.66524902], [-93.74210113, 17.66596685], [-93.74267347, 17.66610711], [-93.74319376, 17.66585635], [-93.74364225, 17.665347], [-93.74394926, 17.66487396], [-93.74421457, 17.66442692], [-93.7447426, 17.66361529], [-93.74511555, 17.66302708], [-93.74575744, 17.66252049], [-93.74586411, 17.66255241], [-93.746298, 17.66299281], [-93.74636621, 17.66358615], [-93.74640487, 17.6640036], [-93.74649661, 17.66448055], [-93.74667103, 17.66511371], [-93.7468099, 17.66559214], [-93.74716749, 17.66643798], [-93.74710629, 17.66745646], [-93.74709826, 17.66751147], [-93.74716885, 17.66794765], [-93.74711435, 17.66857949], [-93.74681653, 17.66909604], [-93.74641944, 17.66941812], [-93.74575535, 17.66962588], [-93.74532909, 17.66976529], [-93.74478043, 17.67025214], [-93.74394069, 17.67118235], [-93.7436801, 17.67221812], [-93.74342974, 17.67284819], [-93.74320008, 17.67360502], [-93.74282659, 17.67439804], [-93.74249736, 17.67500452], [-93.74222332, 17.67524287], [-93.74117065, 17.67492329], [-93.74088127, 17.67467078], [-93.74076003, 17.67456676], [-93.74029353, 17.67474693], [-93.74004114, 17.67509624], [-93.73988838, 17.67559478], [-93.73963643, 17.67601541], [-93.73938454, 17.67643491], [-93.73886715, 17.67695063], [-93.73849325, 17.67731812], [-93.73833969, 17.67767289], [-93.7382796, 17.67835762], [-93.73874574, 17.67900806], [-93.73943119, 17.67919193], [-93.7401946, 17.6788256], [-93.74070444, 17.67847467], [-93.74169748, 17.67805878], [-93.74263556, 17.67781073], [-93.74441465, 17.67712252], [-93.74713057, 17.67593152], [-93.74798329, 17.67557122], [-93.74840373, 17.6756861], [-93.74872325, 17.67606587], [-93.74893805, 17.67653831], [-93.74907544, 17.67719885], [-93.74935819, 17.67830877], [-93.7504035, 17.67938044], [-93.75092949, 17.67895681], [-93.75115155, 17.67856167], [-93.75137243, 17.67795032], [-93.75155489, 17.67727122], [-93.75188211, 17.67685473], [-93.75231747, 17.67699645], [-93.7525151, 17.67755846], [-93.75243189, 17.67807896], [-93.7525018, 17.67888063], [-93.75275925, 17.67919359], [-93.75362208, 17.67941208], [-93.75401839, 17.6790639], [-93.75453809, 17.67854825], [-93.75505675, 17.67808913], [-93.75588931, 17.67735648], [-93.75641457, 17.67702333], [-93.75694837, 17.67698035], [-93.75735996, 17.67740026], [-93.75742313, 17.67780322], [-93.75741485, 17.67849193], [-93.75726115, 17.6791251], [-93.757064, 17.67965629], [-93.75678223, 17.68057436], [-93.75668901, 17.68177329], [-93.75643818, 17.68217591], [-93.7563227, 17.68225102], [-93.75613909, 17.68235971], [-93.75567515, 17.68249708], [-93.75493416, 17.68237246], [-93.7545074, 17.68220519], [-93.7542469, 17.68210029], [-93.75391129, 17.68214514], [-93.7529195, 17.68234391], [-93.75260076, 17.6826975], [-93.75234919, 17.68307291], [-93.75209558, 17.68363946], [-93.75211888, 17.68415565], [-93.75257784, 17.68465175], [-93.75306537, 17.68486877], [-93.75370641, 17.68508521], [-93.7545598, 17.6853043], [-93.75529296, 17.68536286], [-93.75600201, 17.68519375], [-93.75652963, 17.68474303], [-93.75685738, 17.6841998], [-93.75710959, 17.68373502], [-93.75762139, 17.68362632], [-93.75821469, 17.68369412], [-93.75865892, 17.68408188], [-93.75907794, 17.68445693], [-93.75938277, 17.68472836], [-93.75987005, 17.68510717], [-93.76028983, 17.68440719], [-93.76064154, 17.68393657], [-93.76101592, 17.6834423], [-93.76166422, 17.68279], [-93.76194746, 17.68251591], [-93.76216096, 17.68230248], [-93.76250223, 17.68220246], [-93.76369241, 17.68168752], [-93.76425836, 17.68150257], [-93.76475316, 17.68096853], [-93.76521161, 17.68033178], [-93.76530987, 17.67967744], [-93.76517433, 17.67906341], [-93.7650291, 17.67849298], [-93.76489185, 17.67778946], [-93.7647465, 17.67698477], [-93.76429648, 17.67606371], [-93.76391592, 17.67516572], [-93.76397466, 17.67446168], [-93.7647093, 17.67457346], [-93.76539439, 17.67468477], [-93.76555578, 17.67518253], [-93.7656702, 17.67579426], [-93.76569138, 17.67638614], [-93.76575246, 17.67725748], [-93.76601204, 17.67808656], [-93.76727199, 17.67991229], [-93.76794979, 17.68097264], [-93.76816501, 17.68163632], [-93.76844658, 17.68272916], [-93.76840032, 17.68456442], [-93.76831812, 17.68526604], [-93.76801245, 17.68587501], [-93.76812739, 17.68702997], [-93.76901903, 17.68735973], [-93.76959161, 17.68730073], [-93.7702619, 17.68679332], [-93.77164369, 17.68706065], [-93.77219387, 17.68721769], [-93.77261361, 17.68738451], [-93.77281152, 17.68778583], [-93.7730163, 17.68858474], [-93.77288659, 17.68929167], [-93.77268988, 17.69139253], [-93.77278012, 17.69209347], [-93.7731542, 17.69231324], [-93.77355893, 17.69233665], [-93.77415465, 17.69208878], [-93.77462562, 17.69159753], [-93.77515305, 17.69122821], [-93.77541329, 17.69094377], [-93.77637295, 17.6905722], [-93.77694582, 17.6909817], [-93.77718259, 17.69172012], [-93.77718988, 17.69187443], [-93.7770992, 17.6927578], [-93.77684597, 17.69324067], [-93.7765427, 17.69373097], [-93.77661805, 17.69408933], [-93.77693165, 17.69421522], [-93.77739532, 17.6941219], [-93.77772543, 17.69357763], [-93.77812913, 17.69294799], [-93.7782344, 17.69229402], [-93.77836517, 17.69133251], [-93.7782272, 17.69048184], [-93.77855512, 17.68977674], [-93.77875482, 17.68928075], [-93.78006726, 17.68897157], [-93.78077654, 17.68895625], [-93.78127969, 17.68903145], [-93.7818439, 17.68970413], [-93.78199022, 17.69002112], [-93.78214144, 17.69033498], [-93.78190503, 17.69112885], [-93.78172148, 17.69190753], [-93.78170023, 17.69277548], [-93.78200355, 17.69315202], [-93.78247831, 17.69307062], [-93.78349902, 17.69211277], [-93.78426184, 17.69143949], [-93.78475834, 17.6912314], [-93.78516422, 17.6912356], [-93.78546836, 17.69124326], [-93.78583397, 17.6915259], [-93.78617082, 17.69205253], [-93.78655292, 17.69332288], [-93.78715543, 17.69367173], [-93.78771955, 17.6939913], [-93.78839152, 17.69404745], [-93.78933595, 17.69412763], [-93.79036711, 17.69477161], [-93.7909302, 17.69447662], [-93.7914506, 17.69410572], [-93.79183232, 17.69344769], [-93.79215194, 17.69295939], [-93.79270102, 17.69270097], [-93.79350341, 17.69247117], [-93.79464011, 17.69241588], [-93.79663874, 17.69231963], [-93.79697288, 17.6922995], [-93.79760764, 17.69191109], [-93.79756955, 17.69160006], [-93.79718728, 17.69096346], [-93.79687396, 17.69012129], [-93.79686015, 17.68975954], [-93.79733334, 17.68915065], [-93.79782883, 17.68868218], [-93.79849943, 17.68812826], [-93.7990633, 17.68766128], [-93.79966016, 17.68743262], [-93.80027845, 17.68743825], [-93.80125395, 17.68782787], [-93.80161986, 17.68806635], [-93.80242202, 17.68847247], [-93.80332808, 17.6887202], [-93.80413894, 17.68898082], [-93.80487738, 17.68914918], [-93.80548171, 17.68982396], [-93.80577049, 17.69036601], [-93.80596242, 17.69114606], [-93.80626781, 17.69180558], [-93.80658024, 17.69278235], [-93.80695287, 17.69358135], [-93.80719861, 17.69440961], [-93.8073344, 17.69526014], [-93.80729651, 17.69605362], [-93.80731886, 17.69702467], [-93.80675479, 17.69852376], [-93.80662638, 17.69913235], [-93.80647296, 17.69976446], [-93.8064884, 17.7003368], [-93.80638818, 17.70071041], [-93.80623684, 17.70122834], [-93.80605324, 17.70153514], [-93.80573331, 17.70206873], [-93.80570295, 17.70265666], [-93.80587084, 17.70312759], [-93.80622933, 17.70349127], [-93.80654788, 17.70365359], [-93.80684651, 17.70414978], [-93.80687809, 17.70464945], [-93.80670861, 17.70495703], [-93.80663292, 17.70551306], [-93.80694657, 17.70575772], [-93.80752451, 17.70580751], [-93.80795397, 17.70581294], [-93.80856273, 17.70558375], [-93.80909018, 17.705332], [-93.8096095, 17.70497908], [-93.8102502, 17.70449136], [-93.8106453, 17.70412258], [-93.81131707, 17.70358902], [-93.81183678, 17.70291246], [-93.8123784, 17.70254152], [-93.81291928, 17.70301476], [-93.81279864, 17.70353325], [-93.81259238, 17.70390332], [-93.81226373, 17.70434591], [-93.81196614, 17.70458423], [-93.81173789, 17.70488747], [-93.81150023, 17.70530901], [-93.81128704, 17.70579527], [-93.81116577, 17.70632391], [-93.81152381, 17.7068143], [-93.81198797, 17.70702985], [-93.81253002, 17.70685018], [-93.81322566, 17.70607461], [-93.81347738, 17.70553614], [-93.81372742, 17.70490704], [-93.81407846, 17.70424726], [-93.81461242, 17.70380686], [-93.81519977, 17.70361948], [-93.8153225, 17.70358094], [-93.81598759, 17.70323824], [-93.81626175, 17.70271911], [-93.81666463, 17.70217986], [-93.81723865, 17.70174051], [-93.81773305, 17.70136923], [-93.8186488, 17.70050498], [-93.81904553, 17.6997119], [-93.81969547, 17.69950416], [-93.82006063, 17.69967692], [-93.82022225, 17.70017464], [-93.82065624, 17.70097584], [-93.82104547, 17.70086361], [-93.82139525, 17.70018451], [-93.82174647, 17.69987781], [-93.82198411, 17.69977312], [-93.82263312, 17.69981882], [-93.82277639, 17.700268], [-93.82310598, 17.70135545], [-93.823197, 17.70184931], [-93.82323552, 17.70263], [-93.82311216, 17.70319474], [-93.82319585, 17.70373233], [-93.82354673, 17.70430378], [-93.82402738, 17.70452019], [-93.82440979, 17.70483987], [-93.82456226, 17.70497609], [-93.8251052, 17.70537584], [-93.82531848, 17.70575982], [-93.82556157, 17.70627784], [-93.82557781, 17.70667934], [-93.82518022, 17.70740789], [-93.82490613, 17.70772788], [-93.82443165, 17.70820099], [-93.82437096, 17.70878388], [-93.8246162, 17.70918659], [-93.82510426, 17.70935814], [-93.82534895, 17.70969065], [-93.82528765, 17.71008565], [-93.82524254, 17.71032762], [-93.82528818, 17.71079071], [-93.82545625, 17.71086328], [-93.82591238, 17.71038123], [-93.82637183, 17.71008156], [-93.82747727, 17.71027554], [-93.82784313, 17.71091344], [-93.82856101, 17.712382], [-93.82848522, 17.71302065], [-93.82825473, 17.71356031], [-93.82785923, 17.71373786], [-93.82715729, 17.71434228], [-93.82705821, 17.71493552], [-93.82705826, 17.71545044], [-93.82704891, 17.71608368], [-93.82706484, 17.71672848], [-93.82693407, 17.71710044], [-93.82653905, 17.71758697], [-93.82633263, 17.71819811], [-93.82617982, 17.71886085], [-93.8264003, 17.71904492], [-93.82698822, 17.7192853], [-93.8275997, 17.71912974], [-93.82814719, 17.7186606], [-93.82849849, 17.71815469], [-93.82856841, 17.71793218], [-93.82877408, 17.71737305], [-93.82890394, 17.71661966], [-93.82891167, 17.71601349], [-93.82899527, 17.71540243], [-93.82932314, 17.71481377], [-93.82972034, 17.71421079], [-93.83020897, 17.71385725], [-93.83071136, 17.71386773], [-93.83137578, 17.71401268], [-93.83183309, 17.71434436], [-93.83258836, 17.71482812], [-93.83306906, 17.71556055], [-93.83380251, 17.71617325], [-93.83387703, 17.71623051], [-93.83456475, 17.71642086], [-93.83537279, 17.71617641], [-93.83569442, 17.71585108], [-93.83609076, 17.7155004], [-93.83647158, 17.71481503], [-93.83711967, 17.71416237], [-93.83763089, 17.71386549], [-93.83827184, 17.714008], [-93.83871437, 17.71435016], [-93.83944765, 17.71468782], [-93.83956882, 17.71388076], [-93.83940989, 17.71345563], [-93.83918726, 17.71298967], [-93.8389376, 17.71182626], [-93.83898172, 17.71152086], [-93.8395078, 17.71164917], [-93.84028599, 17.71162827], [-93.84073614, 17.71144462], [-93.84117227, 17.71137789], [-93.84269702, 17.71135133], [-93.84353646, 17.71157142], [-93.84361341, 17.71162767], [-93.84416941, 17.71204731], [-93.84464275, 17.71294452], [-93.84490967, 17.71381802], [-93.84516192, 17.71489895], [-93.84519202, 17.71502847], [-93.8455746, 17.7160622], [-93.84600996, 17.7166846], [-93.84604023, 17.71673152], [-93.8461464, 17.71689235], [-93.84642069, 17.71668777], [-93.84662753, 17.71626675], [-93.84653558, 17.71562799], [-93.84646814, 17.71513317], [-93.84649013, 17.714882], [-93.84652069, 17.71468563], [-93.84654254, 17.7146755], [-93.84703843, 17.71447735], [-93.84742842, 17.71467063], [-93.84781851, 17.71498162], [-93.84850411, 17.71552599], [-93.84880081, 17.71565987], [-93.84930454, 17.71588651], [-93.85003827, 17.71629657], [-93.85020594, 17.71681384], [-93.85000011, 17.71721794], [-93.84975499, 17.71756785], [-93.84923688, 17.71770256], [-93.84888487, 17.71798326], [-93.84851879, 17.71826206], [-93.84824479, 17.71878014], [-93.84828338, 17.71924397], [-93.84844977, 17.72002146], [-93.84874916, 17.72042822], [-93.8487865, 17.72047552], [-93.84940455, 17.72052733], [-93.84999924, 17.72029607], [-93.85041269, 17.72009453], [-93.85133586, 17.71958128], [-93.85160219, 17.71955053], [-93.85199004, 17.71950151], [-93.85211199, 17.71951608], [-93.85289994, 17.71964956], [-93.85366057, 17.71972609], [-93.85434747, 17.71949305], [-93.85486618, 17.71934817], [-93.85567608, 17.71911164], [-93.85637039, 17.71895256], [-93.8570419, 17.7185806], [-93.8574386, 17.71842227], [-93.85798124, 17.71783394], [-93.85916969, 17.71714723], [-93.8599325, 17.71710729], [-93.860223, 17.71738566], [-93.86016308, 17.71799803], [-93.86004114, 17.71838181], [-93.85991032, 17.71875607], [-93.85971244, 17.71910629], [-93.85951459, 17.71957535], [-93.85924009, 17.7199033], [-93.85905587, 17.72030181], [-93.85905518, 17.72067183], [-93.85919315, 17.72073479], [-93.85942274, 17.72084575], [-93.85976525, 17.72096399], [-93.86028468, 17.72096625], [-93.86099443, 17.72090531], [-93.86147488, 17.72096768], [-93.86158021, 17.7209836], [-93.86249013, 17.72113159], [-93.86320727, 17.72142412], [-93.86369361, 17.72178557], [-93.86370955, 17.72179549], [-93.86402918, 17.72202112], [-93.8642213, 17.7222862], [-93.86429011, 17.72267924], [-93.86441293, 17.72303788], [-93.86474722, 17.72325525], [-93.86485496, 17.72287181], [-93.86490701, 17.7223122], [-93.86490794, 17.72209723], [-93.86493934, 17.72172662], [-93.8650601, 17.72144235], [-93.86526717, 17.72085722], [-93.86551775, 17.7204544], [-93.86589175, 17.72004132], [-93.86615245, 17.71954738], [-93.86691463, 17.71892003], [-93.86736426, 17.71862536], [-93.86753304, 17.71852704], [-93.86783659, 17.71842586], [-93.86831809, 17.71827098], [-93.86870621, 17.71805784], [-93.86862262, 17.71775453], [-93.86834837, 17.71764003], [-93.867982, 17.71756577], [-93.86746318, 17.71755339], [-93.86695272, 17.71759918], [-93.86616552, 17.71749297], [-93.86577067, 17.71718178], [-93.8656335, 17.71706568], [-93.8656165, 17.71659511], [-93.86598378, 17.71641479], [-93.86642616, 17.7163223], [-93.86686944, 17.71597523], [-93.86688276, 17.71582997], [-93.8669294, 17.71556091], [-93.86697636, 17.71524659], [-93.86673787, 17.71472776], [-93.86659469, 17.71439405], [-93.86681552, 17.71413447], [-93.86694458, 17.71394911], [-93.86698325, 17.71393424], [-93.8673114, 17.71381629], [-93.86782879, 17.71365319], [-93.86849339, 17.71363615], [-93.86860852, 17.7136062], [-93.86916614, 17.7134815], [-93.86981451, 17.71341944], [-93.86987389, 17.71341362], [-93.87037887, 17.71381906], [-93.8707452, 17.71429278], [-93.87095769, 17.71469249], [-93.87162121, 17.71529214], [-93.87215673, 17.71570037], [-93.87255275, 17.71591202], [-93.87345255, 17.71635023], [-93.87395678, 17.71684842], [-93.87439092, 17.71821191], [-93.87469584, 17.7189256], [-93.87509236, 17.71960804], [-93.8753668, 17.72043776], [-93.87565698, 17.72124118], [-93.87582683, 17.72188302], [-93.87587165, 17.72240263], [-93.87588704, 17.72310058], [-93.87580236, 17.7236935], [-93.87567244, 17.7244922], [-93.87568901, 17.7252898], [-93.87548298, 17.72585802], [-93.87550532, 17.72603918], [-93.87552787, 17.72637651], [-93.8763145, 17.72657317], [-93.87660317, 17.72624482], [-93.87671041, 17.72586928], [-93.87679405, 17.72549357], [-93.87691695, 17.72481332], [-93.87703815, 17.72452115], [-93.87704628, 17.72450348], [-93.87706989, 17.72450363], [-93.87748949, 17.72443703], [-93.87815336, 17.7244731], [-93.87876239, 17.72459785], [-93.87941825, 17.72476928], [-93.87960275, 17.72492416], [-93.88003696, 17.72528951], [-93.88039641, 17.72588053], [-93.88044202, 17.72602787], [-93.8805333, 17.7263214], [-93.88060964, 17.7265881], [-93.88057799, 17.72720315], [-93.88052515, 17.72781704], [-93.88039538, 17.72833397], [-93.88025058, 17.728626], [-93.88019838, 17.72874991], [-93.87980076, 17.7289637], [-93.87928164, 17.72911544], [-93.87888408, 17.72944807], [-93.87811427, 17.73016448], [-93.87722141, 17.73100434], [-93.8768416, 17.73163556], [-93.87657246, 17.7318733], [-93.87632222, 17.73243008], [-93.87626912, 17.7330881], [-93.87681097, 17.73319111], [-93.87735049, 17.73317402], [-93.87815996, 17.73306522], [-93.87864805, 17.7331189], [-93.87928157, 17.73318953], [-93.87987034, 17.73333807], [-93.8807316, 17.7335116], [-93.8815853, 17.73389294], [-93.88239515, 17.73413723], [-93.88276003, 17.73435735], [-93.88300454, 17.73449625], [-93.88327962, 17.73483711], [-93.88329426, 17.73530869], [-93.88325691, 17.73554092], [-93.88322718, 17.73568417], [-93.88318157, 17.73593632], [-93.88281335, 17.73605213], [-93.88220408, 17.73609035], [-93.88181448, 17.73608843], [-93.88117325, 17.73610793], [-93.88035837, 17.73630812], [-93.8797942, 17.73642234], [-93.87919782, 17.73656196], [-93.87848056, 17.73666899], [-93.87834363, 17.73658799], [-93.87809866, 17.73645699], [-93.87741381, 17.73597615], [-93.87699224, 17.73563637], [-93.87616789, 17.73515814], [-93.87609939, 17.7351182], [-93.87534467, 17.73494025], [-93.87533754, 17.734941], [-93.8746498, 17.7350281], [-93.87400918, 17.73535656], [-93.87384871, 17.73587295], [-93.87384154, 17.73655271], [-93.8738567, 17.73721445], [-93.8742166, 17.73803752], [-93.87433862, 17.73849005], [-93.87421522, 17.73917821], [-93.87413192, 17.73942832], [-93.87382697, 17.73999118], [-93.87346009, 17.74012401], [-93.87276554, 17.74008626], [-93.87204224, 17.73997564], [-93.87138469, 17.73963206], [-93.87085928, 17.73933075], [-93.86990545, 17.73952334], [-93.869851, 17.74028315], [-93.86989095, 17.74124388], [-93.87007327, 17.7421139], [-93.87040093, 17.74308236], [-93.87081244, 17.74379169], [-93.87130203, 17.74429929], [-93.87210967, 17.74494074], [-93.8734841, 17.74598308], [-93.87405481, 17.74655732], [-93.87411007, 17.74694059], [-93.87403996, 17.7475264], [-93.8732233, 17.74831383], [-93.87265875, 17.74859324], [-93.87211107, 17.74870719], [-93.87159159, 17.74882381], [-93.87080434, 17.7492337], [-93.87040899, 17.74972714], [-93.86998857, 17.75028486], [-93.86998982, 17.75070253], [-93.87064482, 17.75176803], [-93.87123168, 17.7525084], [-93.87193423, 17.75317018], [-93.87237009, 17.75362846], [-93.87269039, 17.75396389], [-93.87322301, 17.75446364], [-93.87400941, 17.75498624], [-93.8744595, 17.75504465], [-93.87489553, 17.75494159], [-93.87536004, 17.75459676], [-93.87631326, 17.75389708], [-93.87706883, 17.75350354], [-93.87721487, 17.75390985], [-93.87713907, 17.7542328], [-93.8769614, 17.7545208], [-93.87668896, 17.75501301], [-93.87646764, 17.75547971], [-93.8764598, 17.75585163], [-93.87662648, 17.75606892], [-93.87682568, 17.75621555], [-93.8769624, 17.75626033], [-93.8770461, 17.75628298], [-93.87741168, 17.75629266], [-93.87746715, 17.75623343], [-93.87819005, 17.75499497], [-93.88023678, 17.7519022], [-93.88061751, 17.75141586], [-93.88118137, 17.75122806], [-93.88150187, 17.75140051], [-93.88184512, 17.75170774], [-93.88291449, 17.75251839], [-93.88370007, 17.75297525], [-93.88435664, 17.7534568], [-93.88452245, 17.75380871], [-93.88437192, 17.75451692], [-93.88332586, 17.7554289], [-93.88301248, 17.75565521], [-93.88290536, 17.75602853], [-93.88290489, 17.75615639], [-93.88316642, 17.75648747], [-93.88351662, 17.75667738], [-93.88387384, 17.75678844], [-93.88416437, 17.75686872], [-93.88478973, 17.75691964], [-93.88514067, 17.7568572], [-93.88566887, 17.75575413], [-93.88594275, 17.75511712], [-93.88614, 17.75473737], [-93.88666799, 17.75439708], [-93.88705638, 17.75418049], [-93.88743118, 17.75371419], [-93.88746109, 17.75328802], [-93.88744631, 17.75269872], [-93.88735329, 17.75223419], [-93.88700266, 17.75185188], [-93.8866908, 17.75137321], [-93.88665957, 17.75070267], [-93.88755171, 17.74991587], [-93.8880319, 17.74954469], [-93.88854389, 17.74915486], [-93.8890944, 17.74883276], [-93.88948371, 17.74860038], [-93.89013104, 17.74831861], [-93.8906424, 17.74813924], [-93.89123073, 17.74809646], [-93.89162729, 17.74810099], [-93.89214581, 17.74832037], [-93.89251173, 17.74848394], [-93.89306812, 17.74882194], [-93.89338835, 17.74931915], [-93.89377008, 17.75005509], [-93.8938382, 17.7507016], [-93.89357953, 17.7510418], [-93.89338932, 17.75110279], [-93.89287746, 17.75101053], [-93.89242033, 17.75075147], [-93.89112278, 17.75076372], [-93.8906283, 17.75129711], [-93.89028483, 17.75171306], [-93.89017638, 17.75206933], [-93.89042782, 17.75249152], [-93.89119188, 17.75291322], [-93.89203753, 17.75319335], [-93.89287792, 17.7532027], [-93.89322065, 17.75315904], [-93.89361889, 17.7530154], [-93.89400807, 17.75278526], [-93.89437974, 17.75265149], [-93.89492328, 17.7526074], [-93.89576288, 17.7528702], [-93.89642665, 17.75295031], [-93.89725762, 17.7530791], [-93.89792141, 17.75307885], [-93.89856194, 17.75311243], [-93.89874582, 17.75315861], [-93.89915051, 17.75342612], [-93.89939396, 17.75394406], [-93.89975333, 17.75457918], [-93.90011811, 17.7552429], [-93.90070494, 17.75534598], [-93.90082687, 17.75528129], [-93.90087398, 17.75520349], [-93.90098118, 17.75482791], [-93.90101099, 17.75452282], [-93.90106517, 17.75308394], [-93.9011493, 17.75261884], [-93.90134582, 17.75233071], [-93.90154447, 17.75200648], [-93.90199449, 17.75142538], [-93.90255873, 17.7508301], [-93.90313184, 17.75044467], [-93.90362115, 17.75019842], [-93.90397086, 17.75003629], [-93.90428334, 17.74994456], [-93.9046348, 17.74999302], [-93.90470291, 17.75003971], [-93.90529983, 17.75045228], [-93.90558967, 17.7507045], [-93.90600793, 17.7513428], [-93.90620669, 17.7516976], [-93.90650519, 17.75192313], [-93.9069698, 17.75205579], [-93.90750484, 17.75227601], [-93.90774832, 17.75279393], [-93.90771649, 17.7531736], [-93.90764843, 17.7534868], [-93.90758811, 17.75382871], [-93.90793202, 17.75432604], [-93.90838138, 17.75447711], [-93.90883058, 17.75459083], [-93.9093721, 17.75462126], [-93.91002231, 17.75425016], [-93.91047251, 17.75386596], [-93.91090676, 17.75367217], [-93.91145479, 17.75351169], [-93.911844, 17.75356104], [-93.91221216, 17.75360698], [-93.91260797, 17.75366461], [-93.91282856, 17.75356902], [-93.91300408, 17.75347666], [-93.91312774, 17.75322193], [-93.91318895, 17.75302492], [-93.91333335, 17.75241821], [-93.91329415, 17.75151977], [-93.91335659, 17.7507004], [-93.91420918, 17.75002108], [-93.91475848, 17.7495981], [-93.91523236, 17.74953319], [-93.9155901, 17.74951519], [-93.91625571, 17.74964398], [-93.91677258, 17.74985186], [-93.91756062, 17.7498673], [-93.91788061, 17.74948737], [-93.91797956, 17.74921093], [-93.91829864, 17.7490471], [-93.91876515, 17.74902705], [-93.92012367, 17.74890129], [-93.92051999, 17.74866921], [-93.92091615, 17.74831941], [-93.92129102, 17.74768894], [-93.92144214, 17.74728856], [-93.92157169, 17.74693342], [-93.9218011, 17.74644673], [-93.92206884, 17.74619186], [-93.92238169, 17.74633438], [-93.92272571, 17.74666984], [-93.92290096, 17.74702334], [-93.92311328, 17.74746939], [-93.9234264, 17.74784845], [-93.92389299, 17.74810791], [-93.92435792, 17.74795422], [-93.92489937, 17.74786463], [-93.92541722, 17.7477749], [-93.92649366, 17.74790659], [-93.92703532, 17.74821537], [-93.92678353, 17.74896228], [-93.92643289, 17.74934171], [-93.9257378, 17.74987455], [-93.92496885, 17.75025741], [-93.9247764, 17.75035679], [-93.92468602, 17.75056807], [-93.92575313, 17.75126058], [-93.9265548, 17.75156643], [-93.92721141, 17.75192895], [-93.92802645, 17.7522887], [-93.92858507, 17.75259047], [-93.92891254, 17.75272584], [-93.92986618, 17.75277732], [-93.93145983, 17.7527909], [-93.93201108, 17.75249471], [-93.93211634, 17.75239175], [-93.93246834, 17.751949], [-93.93258315, 17.75176394], [-93.93287266, 17.75141968], [-93.93322374, 17.75155519], [-93.93374157, 17.75182757], [-93.93412371, 17.75231898], [-93.93461953, 17.75256414], [-93.93516023, 17.75244732], [-93.9358315, 17.75223908], [-93.93735758, 17.75199545], [-93.93854044, 17.75200491], [-93.93909738, 17.75213453], [-93.93986188, 17.75287287], [-93.94037132, 17.75365065], [-93.94075436, 17.75428808], [-93.94090536, 17.75469345], [-93.94098252, 17.7549081], [-93.94099101, 17.7549244], [-93.94096004, 17.75496913], [-93.94056944, 17.75518461], [-93.93960802, 17.75510449], [-93.93821407, 17.75531], [-93.93766447, 17.7554173], [-93.93729719, 17.75575851], [-93.93693803, 17.75608205], [-93.93660205, 17.75637289], [-93.93585504, 17.75714631], [-93.93532977, 17.75792489], [-93.93529838, 17.75825818], [-93.93527581, 17.75860214], [-93.93539095, 17.75893428], [-93.93566457, 17.75910182], [-93.93632826, 17.75918402], [-93.93678675, 17.75918045], [-93.93733607, 17.7591184], [-93.93809761, 17.75886182], [-93.93859536, 17.75875285], [-93.93935837, 17.75871251], [-93.94002136, 17.75876635], [-93.94051599, 17.75907255], [-93.94080798, 17.75945044], [-93.940837, 17.75984131], [-93.94083081, 17.75990662], [-93.94084448, 17.75999563], [-93.94076793, 17.76037402], [-93.94041112, 17.7606977], [-93.94017482, 17.76081964], [-93.93985985, 17.76171822], [-93.93977041, 17.76227586], [-93.93988421, 17.76275166], [-93.94027246, 17.76346181], [-93.94077723, 17.76423935], [-93.94131815, 17.76488416], [-93.94217309, 17.76541122], [-93.94308091, 17.76572156], [-93.94401876, 17.76604371], [-93.94494113, 17.76671019], [-93.9460186, 17.76731033], [-93.94655124, 17.76757328], [-93.94710124, 17.76762101], [-93.94775733, 17.76779328], [-93.9482908, 17.7682034], [-93.94883428, 17.76860387], [-93.949025, 17.76905778], [-93.94936652, 17.76959902], [-93.94943519, 17.77011992], [-93.94916809, 17.77040432], [-93.94897741, 17.77067472], [-93.94880981, 17.77115574], [-93.94880937, 17.77152579], [-93.94886438, 17.77183659], [-93.94919141, 17.77242346], [-93.94943507, 17.77306242], [-93.94982628, 17.77356221], [-93.95035894, 17.77394625], [-93.95087786, 17.77444385], [-93.95138185, 17.77527678], [-93.95193067, 17.77639279], [-93.95244282, 17.7775702], [-93.95257834, 17.77803925], [-93.95267817, 17.77835132], [-93.95315279, 17.7792019], [-93.95372378, 17.77965816], [-93.95453269, 17.78004574], [-93.95519578, 17.78054316], [-93.95558629, 17.7808539], [-93.95575321, 17.78135179], [-93.9557371, 17.78158633], [-93.95572388, 17.78181197], [-93.95567051, 17.78219842], [-93.95496814, 17.78341915], [-93.95448584, 17.78382779], [-93.95397603, 17.78426212], [-93.95357816, 17.78480206], [-93.95305313, 17.78561697], [-93.9529926, 17.78624637], [-93.95309095, 17.78714801], [-93.95315203, 17.78812122], [-93.9531745, 17.78910819], [-93.95291471, 17.78979138], [-93.95269482, 17.79027753], [-93.95253416, 17.7906401], [-93.95257267, 17.79139367], [-93.95292202, 17.79196364], [-93.95332643, 17.79260221], [-93.95369417, 17.79338255], [-93.95422789, 17.79451587], [-93.95455627, 17.79548423], [-93.95472297, 17.79667137], [-93.95492993, 17.79761509], [-93.95515167, 17.79846793], [-93.95519629, 17.79879515], [-93.9550359, 17.79903212], [-93.95476951, 17.79926339], [-93.95425795, 17.7991623], [-93.95293151, 17.79833038], [-93.95241884, 17.79824847], [-93.95227486, 17.79828599], [-93.95171705, 17.79849026], [-93.95122924, 17.7987096], [-93.95066391, 17.79920319], [-93.95048109, 17.79970152], [-93.95052782, 17.8001941], [-93.95065786, 17.80035389], [-93.95072665, 17.80043003], [-93.9510082, 17.80054478], [-93.95135174, 17.80060967], [-93.95174883, 17.80064801], [-93.95256379, 17.80077336], [-93.95327381, 17.80087494], [-93.95425814, 17.80105352], [-93.95456318, 17.80117066], [-93.95543299, 17.80148908], [-93.95597431, 17.80172758], [-93.95651711, 17.80190051], [-93.95718661, 17.80192746], [-93.95798918, 17.80178047], [-93.95852946, 17.80167371], [-93.95907891, 17.80145086], [-93.95944712, 17.80121601], [-93.95980464, 17.80043732], [-93.95995687, 17.79961365], [-93.95997239, 17.7985823], [-93.96017108, 17.79817535], [-93.96039993, 17.79789905], [-93.9609103, 17.79789933], [-93.96139885, 17.79807045], [-93.96230783, 17.79852675], [-93.96279451, 17.7987702], [-93.96297077, 17.79914977], [-93.96298595, 17.79949578], [-93.96290904, 17.79988097], [-93.96253686, 17.80022427], [-93.96211587, 17.80055363], [-93.96131443, 17.80104476], [-93.96053706, 17.80152812], [-93.95965976, 17.80246674], [-93.959019, 17.80340111], [-93.95820957, 17.80439091], [-93.95756271, 17.80575162], [-93.9571106, 17.80653088], [-93.95691323, 17.80687452], [-93.95653087, 17.8080763], [-93.95655549, 17.80922866], [-93.95666035, 17.80993941], [-93.95683581, 17.81065509], [-93.95685095, 17.81071929], [-93.95712012, 17.81100539], [-93.95775981, 17.81150157], [-93.95804138, 17.81161631], [-93.95860736, 17.81183801], [-93.95998754, 17.81203784], [-93.9615302, 17.81224752], [-93.96264388, 17.81239791], [-93.9630848, 17.81265702], [-93.96342175, 17.81287545], [-93.96394073, 17.8132542], [-93.96418434, 17.81377547], [-93.96457356, 17.81439284], [-93.96523048, 17.8149182], [-93.96564164, 17.81503989], [-93.96657299, 17.81539889], [-93.96715905, 17.81604494], [-93.96767186, 17.81701414], [-93.96765564, 17.81809868], [-93.96748087, 17.81866199], [-93.96693791, 17.81889428], [-93.96600726, 17.81900728], [-93.96516185, 17.8188351], [-93.96419144, 17.81853737], [-93.96347483, 17.81834494], [-93.96275842, 17.81827023], [-93.96165227, 17.8184745], [-93.9605684, 17.81874221], [-93.95915677, 17.81903756], [-93.95839324, 17.81940397], [-93.95821049, 17.8199012], [-93.95826366, 17.82028434], [-93.95835525, 17.82077821], [-93.95844767, 17.82085449], [-93.95913411, 17.82140071], [-93.95979658, 17.82175097], [-93.96075796, 17.82228367], [-93.96157583, 17.82292635], [-93.96239165, 17.82340255], [-93.96278005, 17.82399386], [-93.96294814, 17.82475555], [-93.96297762, 17.82574522], [-93.96299428, 17.82683267], [-93.96314721, 17.82732871], [-93.96336028, 17.82784721], [-93.96404015, 17.82862735], [-93.96450369, 17.82926797], [-93.9645737, 17.82976747], [-93.96434468, 17.83004605], [-93.96406855, 17.83040246], [-93.96305479, 17.83060153], [-93.96153721, 17.83056525], [-93.95968984, 17.83042975], [-93.95897289, 17.83028255], [-93.95846124, 17.83001963], [-93.95822632, 17.82930979], [-93.95835586, 17.82851088], [-93.95870672, 17.82752468], [-93.95893421, 17.82674802], [-93.95898915, 17.8262541], [-93.95888212, 17.82574129], [-93.95833311, 17.82506777], [-93.95792068, 17.82484639], [-93.95740168, 17.82499166], [-93.95724102, 17.82519241], [-93.95708066, 17.82567047], [-93.95682982, 17.82640172], [-93.95669107, 17.82747856], [-93.95658589, 17.82814408], [-93.95650027, 17.82891931], [-93.95632676, 17.82946005], [-93.95611959, 17.83037362], [-93.95579265, 17.83115285], [-93.95565315, 17.83268579], [-93.95581551, 17.83346417], [-93.95599102, 17.83381656], [-93.95650955, 17.83396215], [-93.95692889, 17.83406619], [-93.95773601, 17.83448989], [-93.95814129, 17.83479351], [-93.95843832, 17.83508904], [-93.9587144, 17.83562113], [-93.9588958, 17.83631678], [-93.9590792, 17.83697859], [-93.95933215, 17.83721969], [-93.95991984, 17.83731466], [-93.9603084, 17.83713747], [-93.96056799, 17.8366602], [-93.96097298, 17.83567801], [-93.96117819, 17.83528158], [-93.9613992, 17.8348577], [-93.96197142, 17.83440968], [-93.96277974, 17.83449046], [-93.96363383, 17.83487929], [-93.9644202, 17.83537541], [-93.96574051, 17.8359964], [-93.96689268, 17.83650196], [-93.96718269, 17.83663525], [-93.96767933, 17.83687244], [-93.96819639, 17.83748763], [-93.96833515, 17.83798404], [-93.96825797, 17.83849488], [-93.96793006, 17.83913035], [-93.96722756, 17.83974458], [-93.96626727, 17.84020008], [-93.96597796, 17.84033734], [-93.96557293, 17.84071513], [-93.96552755, 17.84088473], [-93.96548791, 17.84156172], [-93.96576394, 17.84189346], [-93.9662434, 17.84270698], [-93.96674667, 17.84416354], [-93.96712923, 17.84457344], [-93.9675553, 17.84488608], [-93.96796856, 17.84505428], [-93.96836575, 17.84501222], [-93.96876227, 17.84477997], [-93.96913488, 17.84430988], [-93.96965413, 17.84367675], [-93.97050038, 17.84290837], [-93.97119607, 17.84241034], [-93.97201868, 17.842167], [-93.97317197, 17.84229114], [-93.97382815, 17.84267043], [-93.97392744, 17.84307417], [-93.97382112, 17.84380077], [-93.97375841, 17.8444686], [-93.97375886, 17.84530959], [-93.97379697, 17.84607225], [-93.97401135, 17.84713524], [-93.97436888, 17.84845833], [-93.9748495, 17.84933414], [-93.97538424, 17.84997177], [-93.97579589, 17.85041038], [-93.97678119, 17.85102349], [-93.97775821, 17.85129321], [-93.97899273, 17.85132318], [-93.97977801, 17.85119324], [-93.98045025, 17.8510561], [-93.98128312, 17.85108264], [-93.9829841, 17.85138206], [-93.98347997, 17.85147202], [-93.98418875, 17.85143756], [-93.98457883, 17.85123435], [-93.98502818, 17.85062345], [-93.9855543, 17.84954807], [-93.98606541, 17.84832475], [-93.98619567, 17.84714668], [-93.98612697, 17.84674458], [-93.98580626, 17.84669118], [-93.98508997, 17.84673317], [-93.9844332, 17.84688926], [-93.98319007, 17.84704789], [-93.98222855, 17.84716048], [-93.98156412, 17.84712374], [-93.98107573, 17.84674442], [-93.98102195, 17.84637029], [-93.98113605, 17.84575275], [-93.98146628, 17.84495552], [-93.98183927, 17.84411417], [-93.98205285, 17.8430481], [-93.98205308, 17.84203284], [-93.98202987, 17.84166148], [-93.98201553, 17.84138115], [-93.98202199, 17.84050205], [-93.98254172, 17.83977836], [-93.982664, 17.8397487], [-93.98293834, 17.83966493], [-93.98331153, 17.83970983], [-93.9837007, 17.83988575], [-93.98389979, 17.8402405], [-93.98417327, 17.84098066], [-93.98447221, 17.84189197], [-93.98469266, 17.84252856], [-93.98517382, 17.8434768], [-93.98545585, 17.84382807], [-93.98579918, 17.84426298], [-93.98631849, 17.84459866], [-93.98710262, 17.84481158], [-93.98762156, 17.84474882], [-93.98799662, 17.84439766], [-93.98817163, 17.84391016], [-93.98827047, 17.8433914], [-93.98822604, 17.84265446], [-93.9878501, 17.84140174], [-93.98749254, 17.84036054], [-93.9870035, 17.83946622], [-93.98665223, 17.83811523], [-93.98624097, 17.83669878], [-93.98612701, 17.83605998], [-93.98615691, 17.83542662], [-93.98663078, 17.83471858], [-93.9869971, 17.83455711], [-93.98754636, 17.8343794], [-93.98820909, 17.83440358], [-93.98887296, 17.83452968], [-93.98927784, 17.83467926], [-93.98953744, 17.83476673], [-93.98998763, 17.83523338], [-93.99007168, 17.83537257], [-93.99043826, 17.83593548], [-93.99055127, 17.83671231], [-93.99071876, 17.83760864], [-93.99104893, 17.83895735], [-93.99140562, 17.84013545], [-93.99189545, 17.84089511], [-93.99239808, 17.84196218], [-93.99275724, 17.84265258], [-93.99322897, 17.84360142], [-93.99348269, 17.84411414], [-93.99438869, 17.84551971], [-93.99454994, 17.84559173], [-93.99462559, 17.84563199], [-93.99490197, 17.84575657], [-93.99512328, 17.84573106], [-93.99529715, 17.84566793], [-93.99551143, 17.8453172], [-93.99574856, 17.8445342], [-93.99597772, 17.84352328], [-93.99611346, 17.84253339], [-93.99628887, 17.84175501], [-93.99659483, 17.84060219], [-93.99676955, 17.84032178], [-93.99729559, 17.8396912], [-93.99749492, 17.839394], [-93.99747312, 17.83920042], [-93.99741898, 17.83903454], [-93.99730394, 17.83894011], [-93.99703723, 17.83893376], [-93.99651044, 17.83905045], [-93.99584805, 17.83930363], [-93.9948849, 17.83960749], [-93.9945412, 17.83962418], [-93.99402255, 17.83947985], [-93.99384837, 17.83930528], [-93.99372667, 17.83900109], [-93.99374021, 17.83864755], [-93.99379481, 17.83803589], [-93.99384725, 17.83778516], [-93.99392376, 17.83760816], [-93.99416832, 17.83730547], [-93.99466385, 17.83691434], [-93.99518412, 17.83670676], [-93.99571632, 17.83661866], [-93.99577765, 17.83662081], [-93.996442, 17.83673898], [-93.99722058, 17.83700587], [-93.99726606, 17.8370366], [-93.99839442, 17.83791188], [-93.99919665, 17.83878668], [-94.00018076, 17.83974478], [-94.00071468, 17.84031662], [-94.00074556, 17.84035449], [-94.00149249, 17.84108371], [-94.00243079, 17.84144966], [-94.00278228, 17.84162351], [-94.00353722, 17.84160728], [-94.00398878, 17.84136204], [-94.0042701, 17.84107714], [-94.00448287, 17.84067086], [-94.00476483, 17.84017208], [-94.00500923, 17.83991237], [-94.00546775, 17.83954753], [-94.00596494, 17.8394926], [-94.00649856, 17.83950188], [-94.00701628, 17.83954086], [-94.00810878, 17.8398969], [-94.0103273, 17.84096728], [-94.01266277, 17.84197822], [-94.01400475, 17.84263729], [-94.01542408, 17.84351099], [-94.0159442, 17.84371192], [-94.01660613, 17.84379139], [-94.01663021, 17.84378362], [-94.01745324, 17.84292207], [-94.01746251, 17.8423159], [-94.01697408, 17.84128591], [-94.01657557, 17.83996983], [-94.01669778, 17.83949419], [-94.01692065, 17.83911674], [-94.01723294, 17.83898966], [-94.01811102, 17.83909084], [-94.01865974, 17.83924688], [-94.020315, 17.83976189], [-94.02119205, 17.84028743], [-94.02198688, 17.84043848], [-94.02267277, 17.84034942], [-94.02368003, 17.84022091], [-94.02419894, 17.84015803], [-94.02563179, 17.83978282], [-94.02599995, 17.83987375], [-94.02603706, 17.83988591], [-94.02640998, 17.84013894], [-94.02645022, 17.84025993], [-94.02640432, 17.84100902], [-94.02604606, 17.84139851], [-94.02562641, 17.84166476], [-94.02523649, 17.84190769], [-94.02387924, 17.84256762], [-94.02351869, 17.84287436], [-94.02305398, 17.84326497], [-94.02270316, 17.84421737], [-94.02286312, 17.844759], [-94.02312171, 17.84543378], [-94.02348789, 17.84576229], [-94.02391577, 17.84580208], [-94.02454835, 17.84557322], [-94.0257323, 17.84545524], [-94.02654049, 17.84525498], [-94.02731877, 17.84504066], [-94.02818898, 17.84503384], [-94.02884502, 17.8452148], [-94.02937843, 17.84567559], [-94.02929531, 17.84649626], [-94.02882926, 17.84735766], [-94.02832616, 17.84816502], [-94.02827239, 17.8484802], [-94.02818863, 17.84894545], [-94.02822759, 17.84953608], [-94.02838666, 17.85021574], [-94.02863191, 17.85116144], [-94.02916526, 17.85194933], [-94.02987397, 17.85281107], [-94.03086634, 17.85330648], [-94.0316077, 17.85364704], [-94.03227804, 17.85398948], [-94.03293339, 17.85446806], [-94.03317189, 17.85496067], [-94.03319386, 17.85547796], [-94.03321738, 17.85637564], [-94.03266821, 17.85805775], [-94.03228611, 17.85922359], [-94.03216352, 17.860032], [-94.03224015, 17.86038129], [-94.03251386, 17.86124476], [-94.03288036, 17.86169099], [-94.03328648, 17.86182128], [-94.0342459, 17.86182709], [-94.0351773, 17.86178613], [-94.03569576, 17.86181373], [-94.03622365, 17.86184183], [-94.03695446, 17.86207993], [-94.03707071, 17.86276523], [-94.0369025, 17.86411565], [-94.03693264, 17.86559207], [-94.03720657, 17.86730785], [-94.03765733, 17.86850219], [-94.03781084, 17.86911591], [-94.03774903, 17.86944765], [-94.03741253, 17.86982816], [-94.03707079, 17.86997297], [-94.03613063, 17.87004177], [-94.03532148, 17.86972705], [-94.03432418, 17.86943627], [-94.03378146, 17.86950019], [-94.0331567, 17.86983704], [-94.03288192, 17.87013141], [-94.03269767, 17.87069886], [-94.03303328, 17.87135171], [-94.03341558, 17.87193348], [-94.03394132, 17.87232481], [-94.03429203, 17.8724329], [-94.03507784, 17.87237626], [-94.03583425, 17.87221505], [-94.03671951, 17.87199278], [-94.03713123, 17.8719049], [-94.03740587, 17.87185726], [-94.03858873, 17.87188399], [-94.03970279, 17.87224094], [-94.04099014, 17.87270785], [-94.04250892, 17.87260866], [-94.04309792, 17.87219516], [-94.04309006, 17.8718416], [-94.0413873, 17.868266], [-94.04172359, 17.86760364], [-94.04225726, 17.86712495], [-94.04308918, 17.86684321], [-94.04372203, 17.86681462], [-94.04454663, 17.86714822], [-94.04524928, 17.86762814], [-94.04565342, 17.86828234], [-94.04614229, 17.8690248], [-94.04626386, 17.86921123], [-94.04639238, 17.86940029], [-94.04688235, 17.86979759], [-94.04731706, 17.87004707], [-94.04813146, 17.87018996], [-94.05108558, 17.87032882], [-94.05148197, 17.87017897], [-94.05186459, 17.86981786], [-94.05213926, 17.86952458], [-94.05244271, 17.86897929], [-94.05262545, 17.86843665], [-94.05265634, 17.86831152], [-94.05287756, 17.86779809], [-94.0531464, 17.86752374], [-94.05348915, 17.86719786], [-94.05461019, 17.86674014], [-94.0555416, 17.86653606], [-94.05735753, 17.86608013], [-94.05784555, 17.8658989], [-94.05845643, 17.86567779], [-94.05974494, 17.86502179], [-94.06066085, 17.86414567], [-94.06097417, 17.86383746], [-94.06204121, 17.86292295], [-94.06259857, 17.86256429], [-94.06351475, 17.86270457], [-94.06450491, 17.86328227], [-94.06466663, 17.86379679], [-94.06470467, 17.8645696], [-94.06458107, 17.86568471], [-94.06449818, 17.86634131], [-94.06465862, 17.86700064], [-94.06491105, 17.86737735], [-94.06533827, 17.8677158], [-94.06575641, 17.86780249], [-94.06630606, 17.86782258], [-94.06667167, 17.86771407], [-94.06693849, 17.86763766], [-94.06851119, 17.86680877], [-94.06912996, 17.86620547], [-94.07019034, 17.86552823], [-94.07161576, 17.86524271], [-94.07279941, 17.86521375], [-94.07319531, 17.86539885], [-94.07359948, 17.86589111], [-94.07405847, 17.86653907], [-94.07460761, 17.86714088], [-94.07526311, 17.86790677], [-94.07618669, 17.8684107], [-94.07735319, 17.86876109], [-94.07972653, 17.86904973], [-94.08198531, 17.86907081], [-94.08277912, 17.86920223], [-94.08303795, 17.86955096], [-94.08322831, 17.8703488], [-94.08331212, 17.87225588], [-94.08318972, 17.87359858], [-94.0827033, 17.87469452], [-94.08207725, 17.87562913], [-94.08174102, 17.87612973], [-94.08115241, 17.8771116], [-94.081116, 17.87774239], [-94.08125308, 17.87835746], [-94.0819232, 17.87911732], [-94.08236778, 17.87964792], [-94.08289206, 17.8806819], [-94.08288618, 17.8834875], [-94.08271736, 17.88444633], [-94.08210725, 17.88649671], [-94.08173243, 17.88741973], [-94.08091794, 17.88838175], [-94.08023887, 17.88916869], [-94.07942221, 17.88992231], [-94.07931551, 17.89045997], [-94.07942147, 17.89099984], [-94.07969677, 17.89135058], [-94.08036649, 17.89166787], [-94.0815971, 17.89181222], [-94.08325099, 17.8918737], [-94.08357157, 17.89189066], [-94.08451053, 17.8919675], [-94.08493699, 17.89219832], [-94.08532749, 17.89297055], [-94.08524348, 17.89377089], [-94.08508385, 17.89440649], [-94.08470984, 17.89519262], [-94.08393035, 17.89612142], [-94.08269424, 17.89803799], [-94.08235149, 17.8992242], [-94.08217566, 17.90005817], [-94.08230629, 17.90066273], [-94.08284058, 17.90119696], [-94.0835865, 17.90191557], [-94.08441094, 17.90258512], [-94.08519018, 17.90301345], [-94.0859598, 17.90344466], [-94.08761592, 17.90461774], [-94.08806593, 17.90501506], [-94.08841657, 17.90533129], [-94.08863016, 17.90621982], [-94.08862333, 17.90711707], [-94.08849432, 17.90820594], [-94.08833296, 17.90874866], [-94.08782095, 17.9097539], [-94.08717293, 17.91078025], [-94.08669295, 17.91127103], [-94.08654684, 17.9114263], [-94.08574693, 17.91221597], [-94.08519705, 17.91305734], [-94.08473298, 17.91417379], [-94.0846935, 17.91502178], [-94.08480923, 17.91567989], [-94.08502909, 17.91633672], [-94.08524239, 17.91735316], [-94.08553322, 17.91833748], [-94.08573176, 17.91965084], [-94.08587517, 17.92060813], [-94.0861358, 17.92150143], [-94.08640375, 17.92218571], [-94.08694555, 17.92255054], [-94.08763118, 17.92329199], [-94.08843986, 17.92419615], [-94.088982, 17.92512924], [-94.08902073, 17.9251958], [-94.08930194, 17.92606076], [-94.08963054, 17.92704708], [-94.09017067, 17.9290407], [-94.09051467, 17.93127751], [-94.09064395, 17.93178354], [-94.09098719, 17.93313173], [-94.09120135, 17.93487269], [-94.09106526, 17.93526395], [-94.09087361, 17.9357983], [-94.09083484, 17.93704481], [-94.0903388, 17.93752572], [-94.08950073, 17.93860548], [-94.088859, 17.93960279], [-94.08866197, 17.94088623], [-94.08859288, 17.94204285], [-94.08877484, 17.9424147], [-94.08902675, 17.94276308], [-94.08940186, 17.94327192], [-94.08994246, 17.94406911], [-94.09011125, 17.94512058], [-94.09013438, 17.94623681], [-94.08992769, 17.94686773], [-94.08966806, 17.94767809], [-94.08901269, 17.94821398], [-94.08837005, 17.94918523], [-94.08796561, 17.94971739], [-94.0877085, 17.95007397], [-94.08751764, 17.95071704], [-94.08775324, 17.95122531], [-94.08788975, 17.95197511], [-94.08778366, 17.95299396], [-94.08760786, 17.95476983], [-94.08743376, 17.95729519], [-94.08764604, 17.95816674], [-94.0882958, 17.95867199], [-94.09003534, 17.95910805], [-94.09092726, 17.95951629], [-94.09175097, 17.95987677], [-94.09211061, 17.96036781], [-94.09201909, 17.96088823], [-94.09166796, 17.96176737], [-94.09136192, 17.96235683], [-94.09099675, 17.96286392], [-94.09062929, 17.96390294], [-94.09030248, 17.96595953], [-94.09028541, 17.96658351], [-94.09027107, 17.96695519], [-94.0904005, 17.96815631], [-94.08756325, 17.97042439], [-94.08677014, 17.9700655], [-94.08109356, 17.96746393], [-94.08239068, 17.97441643], [-94.08290052, 17.97714104], [-94.07356969, 17.98708262], [-94.06953396, 17.98015692], [-94.06889211, 17.97906445], [-94.06415502, 17.98410127], [-94.06159142, 17.98681931], [-94.0671152, 17.99194717], [-94.06470369, 18.00262402], [-94.06751926, 18.00974582], [-94.07731539, 18.00705946], [-94.08331948, 18.00541057], [-94.0834034, 18.00576029], [-94.08211528, 18.01187911], [-94.08008655, 18.02143442], [-94.07975792, 18.02298503], [-94.08002382, 18.02366705], [-94.0837085, 18.03338311], [-94.08293907, 18.03527161], [-94.0751035, 18.05432817], [-94.07371371, 18.05768854], [-94.07525525, 18.05948198], [-94.08313785, 18.0687107], [-94.08764601, 18.07038227], [-94.09365105, 18.07261956], [-94.09430717, 18.07372186], [-94.09669508, 18.07776078], [-94.09732783, 18.07881768], [-94.0967171, 18.08156619], [-94.09659483, 18.08208509], [-94.09622252, 18.08316257], [-94.09362881, 18.08478178], [-94.08642673, 18.08928256], [-94.08183284, 18.09215689], [-94.08120065, 18.09985901], [-94.09578784, 18.11204252], [-94.09729077, 18.11328917], [-94.09737413, 18.11377365], [-94.10094587, 18.13274215], [-94.09836516, 18.14828758], [-94.09532961, 18.16661425], [-94.10283806, 18.17227217], [-94.10682721, 18.17528379], [-94.11905068, 18.16543566], [-94.12352943, 18.16520909], [-94.12461979, 18.16515769], [-94.12492502, 18.16561761], [-94.12825932, 18.17062905], [-94.1284506, 18.17344282], [-94.12772541, 18.17344663], [-94.12654255, 18.17300402], [-94.1261987, 18.17333926], [-94.12632215, 18.17424144], [-94.12632177, 18.17593771], [-94.12280475, 18.17900395], [-94.12056949, 18.17902122], [-94.11902736, 18.18004535], [-94.11773684, 18.1811846], [-94.11703585, 18.1826606], [-94.11634054, 18.18424334], [-94.11599031, 18.18559398], [-94.11258053, 18.18650169], [-94.1110309, 18.18596719], [-94.11007661, 18.18439389], [-94.10888068, 18.18372511], [-94.10770417, 18.18395306], [-94.10617145, 18.18452348], [-94.10416361, 18.18544367], [-94.10252367, 18.18680448], [-94.10134846, 18.18828262], [-94.10018184, 18.18920067], [-94.09829669, 18.19033336], [-94.09569489, 18.19148373], [-94.09393228, 18.19250394], [-94.09192674, 18.19342185], [-94.09134752, 18.19364495], [-94.09146831, 18.19500003], [-94.09290228, 18.19725105], [-94.09408621, 18.1988264], [-94.09528357, 18.20029262], [-94.09588748, 18.20153049], [-94.09719012, 18.20310303], [-94.09931185, 18.20230892], [-94.09883179, 18.20105947], [-94.09857939, 18.19902706], [-94.09857116, 18.19756808], [-94.09916713, 18.19676716], [-94.10081605, 18.19652679], [-94.10199767, 18.19641806], [-94.10352442, 18.1959538], [-94.10505664, 18.19514783], [-94.10635553, 18.19468966], [-94.10848344, 18.19456616], [-94.10978691, 18.19501526], [-94.1125048, 18.19522171], [-94.11475411, 18.19521208], [-94.11581448, 18.19531542], [-94.11758417, 18.19519899], [-94.11877546, 18.19496267], [-94.12124741, 18.19483103], [-94.12290245, 18.19493613], [-94.12575633, 18.19673371], [-94.12682574, 18.19750443], [-94.12706136, 18.19818719], [-94.12694558, 18.19908816], [-94.12741192, 18.20148731], [-94.12820485, 18.20208044], [-94.12845049, 18.20312496], [-94.1283815, 18.204119], [-94.12815118, 18.20486902], [-94.1283202, 18.20584498], [-94.12887047, 18.20674357], [-94.12880909, 18.20855335], [-94.12704585, 18.21444904], [-94.12634273, 18.21558984], [-94.12552653, 18.21684248], [-94.12258224, 18.21809203], [-94.11230608, 18.2197351], [-94.10369289, 18.22204489], [-94.0855174, 18.22769106], [-94.06180429, 18.23470911], [-94.05071181, 18.23804441], [-94.01483706, 18.24919392], [-94.00017444, 18.25406605], [-93.98757579, 18.25792364], [-93.95782923, 18.26756648], [-93.92891369, 18.27719416], [-93.89683045, 18.28669987], [-93.87440062, 18.29346935], [-93.8732087, 18.29381253], [-93.85190088, 18.3001775], [-93.85136562, 18.3004837], [-93.85078502, 18.30071494], [-93.85018326, 18.30086347], [-93.84663582, 18.30519243], [-93.84651313, 18.30593788], [-93.84595722, 18.30615232], [-93.84534716, 18.30620071], [-93.84470595, 18.30617491], [-93.84406345, 18.30613091], [-93.8434463, 18.30617891], [-93.84221864, 18.30640211], [-93.84161427, 18.30651423], [-93.84099754, 18.30663473], [-93.84037189, 18.30674568], [-93.83976934, 18.30686695], [-93.83915733, 18.3069877], [-93.83854768, 18.30710858], [-93.83795405, 18.30723939], [-93.8373415, 18.30736916], [-93.8361295, 18.30764755], [-93.83551823, 18.30779551], [-93.78722371, 18.32359097], [-93.75958157, 18.33319439], [-93.7197707, 18.34645384], [-93.6938985, 18.35546396], [-93.65845862, 18.36768137], [-93.62973302, 18.3776101], [-93.60585222, 18.38536671], [-93.59521829, 18.38778058], [-93.59460781, 18.38798204], [-93.59398953, 18.38815586], [-93.593348, 18.38828307], [-93.59269854, 18.38834638], [-93.59207299, 18.38832946], [-93.59143296, 18.38823921], [-93.59056277, 18.38780071], [-93.58902892, 18.3874247], [-93.5876631, 18.38782851], [-93.58643623, 18.387941], [-93.58566545, 18.38812437], [-93.58499486, 18.38853088], [-93.58448915, 18.38907354], [-93.58423904, 18.38966678], [-93.58412388, 18.39030385], [-93.58403364, 18.39096044], [-93.58384209, 18.39156603], [-93.58330704, 18.39246958], [-93.5789959, 18.39367791], [-93.56190688, 18.39824688], [-93.55304218, 18.40103836], [-93.53134195, 18.40663148], [-93.5199888, 18.40948914], [-93.5002443, 18.41401012], [-93.48746577, 18.41697503], [-93.47617246, 18.41948846], [-93.47142716, 18.42046978], [-93.46955091, 18.42086169], [-93.46227234, 18.42207035], [-93.45114755, 18.42407487], [-93.44097685, 18.42668595], [-93.44030651, 18.42677463], [-93.4396356, 18.42687233], [-93.43897122, 18.42697947], [-93.43819339, 18.42711639], [-93.43742152, 18.42727178], [-93.43666621, 18.42742811], [-93.43605691, 18.42756558], [-93.4348596, 18.42784171], [-93.43425683, 18.42798861], [-93.43187468, 18.42856875], [-93.43124881, 18.42870525], [-93.43062407, 18.42882368], [-93.43000643, 18.42894251], [-93.42875458, 18.42917923], [-93.4281304, 18.42928861], [-93.42751805, 18.42939868], [-93.42689387, 18.42950806], [-93.42626789, 18.42960827], [-93.4256508, 18.42971806], [-93.42502482, 18.42981826], [-93.42439941, 18.42990944], [-93.42375686, 18.43000869], [-93.42316986, 18.43009299], [-93.42259886, 18.43018727], [-93.42200949, 18.43027143], [-93.42142959, 18.43035612], [-93.42024849, 18.4305243], [-93.41966092, 18.43061761], [-93.41613473, 18.43111397], [-93.41555539, 18.43118961], [-93.41438194, 18.43134911], [-93.41377893, 18.4314234], [-93.41319902, 18.43150806], [-93.41261021, 18.43158315], [-93.4120161, 18.431667], [-93.41143496, 18.43173346], [-93.41084794, 18.43181771], [-93.40850509, 18.43210966], [-93.40790444, 18.43218406], [-93.37594294, 18.4339497], [-93.36944326, 18.43430128], [-93.35671571, 18.43494675], [-93.34287604, 18.43605278], [-93.33252227, 18.43707788], [-93.31068659, 18.43796374], [-93.29789871, 18.43860984], [-93.27788746, 18.43902561], [-93.26546655, 18.43927327], [-93.24510287, 18.43862163], [-93.22716665, 18.43944179], [-93.21711695, 18.44047678], [-93.21453173, 18.44083316], [-93.21212906, 18.44152655], [-93.19649378, 18.4420789], [-93.17899359, 18.44135053], [-93.16259636, 18.44178205], [-93.1612308, 18.44181949], [-93.15942352, 18.44193063], [-93.1588274, 18.44196804], [-93.15821709, 18.44200461], [-93.15640919, 18.44208848], [-93.15218128, 18.44228352], [-93.15155677, 18.44231923], [-93.15093167, 18.44236397], [-93.14974942, 18.44235772], [-93.14913852, 18.44240329], [-93.14853644, 18.44238592], [-93.13918982, 18.44266846], [-93.13888422, 18.44291333], [-93.13786874, 18.44289871], [-93.13723532, 18.4428885], [-93.1359697, 18.44292255], [-93.13470346, 18.44292935], [-93.13409192, 18.44291136], [-93.13346797, 18.4429017], [-93.13223069, 18.44286486], [-93.13100168, 18.44281037], [-93.13037594, 18.44279152], [-93.12913984, 18.4427366], [-93.12851469, 18.44270871], [-93.12742535, 18.44280751], [-93.10998252, 18.44276351], [-93.09795829, 18.4426582], [-93.09736455, 18.44280431], [-93.09674478, 18.4429126], [-93.09611317, 18.44298393], [-93.09548686, 18.44301023], [-93.09486054, 18.44300027], [-93.0942348, 18.44294501], [-93.09348655, 18.44265581], [-93.09292984, 18.44208786], [-93.09280901, 18.44153672], [-93.09289929, 18.4409165], [-93.09297657, 18.44031365], [-93.09280961, 18.4397779], [-93.0924493, 18.4393304], [-93.09203754, 18.43890704], [-93.09161871, 18.43851953], [-93.09114606, 18.43815602], [-93.09068702, 18.43780239], [-93.08601916, 18.44015442], [-93.08472239, 18.44088429], [-93.08414216, 18.44067756], [-93.08356193, 18.44047083], [-93.08298171, 18.4402641], [-93.0823867, 18.44006555], [-93.08123453, 18.4396707], [-93.0806549, 18.43945492], [-93.08007468, 18.43924818], [-93.07949624, 18.4390506], [-93.07891425, 18.43883468], [-93.07545251, 18.43758624], [-93.07485516, 18.43738752], [-93.07428442, 18.43718132], [-93.07372669, 18.43699402], [-93.07316187, 18.4368063], [-93.07258937, 18.43662718], [-93.07203402, 18.43644002], [-93.07146861, 18.43626132], [-93.07088902, 18.43608177], [-93.06975231, 18.43574215], [-93.069181, 18.43558122], [-93.06860792, 18.43541112], [-93.06803424, 18.43525005], [-93.06688217, 18.43492762], [-93.06631028, 18.43477572], [-93.06458574, 18.43431039], [-93.06340412, 18.43400431], [-93.06220594, 18.43373349], [-93.06101606, 18.4334813], [-93.059825, 18.43324715], [-93.05921468, 18.43313826], [-93.05862743, 18.43303981], [-93.0580189, 18.43294009], [-93.05742219, 18.43284107], [-93.04983775, 18.43210786], [-93.02888781, 18.43109265], [-93.01586349, 18.43092999], [-92.99888922, 18.43139064], [-92.98800124, 18.43188862], [-92.97035273, 18.43313064], [-92.9588776, 18.43402639], [-92.9428348, 18.43521688], [-92.93253362, 18.4363447], [-92.92082212, 18.43774918], [-92.91003499, 18.4394989], [-92.90045075, 18.44158376], [-92.89068635, 18.44412178], [-92.88180463, 18.44688058], [-92.87487682, 18.44897111], [-92.86741642, 18.45167045], [-92.86030343, 18.45421379], [-92.85261288, 18.45686443], [-92.84616637, 18.45962686], [-92.83420425, 18.46475444], [-92.81950848, 18.47190836], [-92.80908029, 18.47754509], [-92.80197567, 18.48172545], [-92.78632879, 18.49249989], [-92.77567025, 18.50062335], [-92.76251573, 18.51218377], [-92.75248272, 18.52165943], [-92.74417413, 18.53028872], [-92.7437623, 18.53078932], [-92.74290735, 18.53176139], [-92.74249613, 18.53225296], [-92.74164115, 18.53322502], [-92.74119915, 18.53371469], [-92.74077258, 18.53418717], [-92.74033767, 18.53467727], [-92.73945961, 18.53563883], [-92.73860459, 18.53661088], [-92.73819395, 18.53709341], [-92.73778743, 18.53758526], [-92.73697141, 18.53857785], [-92.73616247, 18.53957087], [-92.73533932, 18.54056301], [-92.73495057, 18.54103781], [-92.73412635, 18.54197547], [-92.73372225, 18.54243119], [-92.73291396, 18.5433789], [-92.73216431, 18.54430301], [-92.73181403, 18.54477112], [-92.73144893, 18.54524738], [-92.73110575, 18.54571592], [-92.73075485, 18.54619306], [-92.73041929, 18.54668928], [-92.73007548, 18.54716686], [-92.72908246, 18.54862915], [-92.72875399, 18.54912581], [-92.72842613, 18.54961344], [-92.72809766, 18.5501101], [-92.72745079, 18.55109496], [-92.72712292, 18.55158259], [-92.72679444, 18.55207924], [-92.72642141, 18.55263663], [-92.72604541, 18.5532029], [-92.72565757, 18.55376845], [-92.72527682, 18.55433443], [-92.72490142, 18.55489167], [-92.7242374, 18.55584826], [-92.72388645, 18.55632539], [-92.72355269, 18.55679451], [-92.72320822, 18.55728111], [-92.72287146, 18.55775911], [-92.72254372, 18.55824447], [-92.72223285, 18.55872634], [-92.72194221, 18.55922533], [-92.72168883, 18.55973569], [-92.72144492, 18.56024664], [-92.72124002, 18.56077813], [-92.72084382, 18.56185103], [-92.72065251, 18.56239244], [-92.72024745, 18.56345573], [-92.72003369, 18.56397761], [-92.719776, 18.56455119], [-92.71952366, 18.56511603], [-92.71927131, 18.56568087], [-92.71900414, 18.56625387], [-92.71873759, 18.56681783], [-92.71818141, 18.56793527], [-92.71791441, 18.56843572], [-92.71762312, 18.56894374], [-92.71733244, 18.56944273], [-92.71702107, 18.56993137], [-92.71669373, 18.57040995], [-92.71602958, 18.57136653], [-92.71567681, 18.57183447], [-92.71533351, 18.572303], [-92.71497661, 18.57276161], [-92.71461673, 18.57322911], [-92.71426692, 18.57368817], [-92.70850595, 18.58288208], [-92.70819267, 18.5833978], [-92.70786518, 18.58391265], [-92.70753059, 18.58442705], [-92.70721555, 18.5849336], [-92.70687384, 18.58544756], [-92.70623305, 18.58647813], [-92.70591914, 18.58700288], [-92.70560759, 18.58752779], [-92.70531735, 18.588054], [-92.70504132, 18.5885811], [-92.70477589, 18.589127], [-92.70453002, 18.58966503], [-92.70431844, 18.59022333], [-92.70410387, 18.59079051], [-92.70392718, 18.59136004], [-92.70373725, 18.59201944], [-92.70355441, 18.59267928], [-92.70338578, 18.59334001], [-92.70321005, 18.59400029], [-92.70292875, 18.59519823], [-92.70277626, 18.59579647], [-92.70260842, 18.59637561], [-92.70190671, 18.59711218], [-92.69180535, 18.61336568], [-92.69162858, 18.61393521], [-92.69127945, 18.61452127], [-92.69087296, 18.61507656], [-92.69043866, 18.61562106], [-92.68998797, 18.61609198], [-92.68946343, 18.61649484], [-92.68889759, 18.61684071], [-92.68828859, 18.61715669], [-92.68767732, 18.61743625], [-92.68649574, 18.61795256], [-92.68590649, 18.61818813], [-92.68529787, 18.618359], [-92.68468593, 18.61843897], [-92.68409096, 18.61837486], [-92.68336588, 18.61802151], [-92.68284815, 18.61741798], [-92.68273356, 18.61686666], [-92.68273335, 18.61627709], [-92.68261876, 18.61572577], [-92.68223645, 18.61519413], [-92.68174142, 18.6147462], [-92.68117576, 18.61435738], [-92.6805893, 18.61399447], [-92.68001057, 18.61362297], [-92.67952174, 18.61329333], [-92.67902633, 18.61299048], [-92.67851495, 18.61267758], [-92.6780041, 18.61239191], [-92.6774844, 18.61209663], [-92.67696521, 18.61182858], [-92.67643182, 18.61155965], [-92.67535608, 18.61104844], [-92.67481374, 18.61080616], [-92.67428087, 18.61056447], [-92.67366152, 18.61033554], [-92.67303496, 18.61014245], [-92.6723941, 18.60998474], [-92.67175376, 18.60985428], [-92.67109849, 18.60976823], [-92.6704355, 18.60969077], [-92.66978487, 18.60964129], [-92.66912178, 18.6096001], [-92.66852026, 18.60956273], [-92.66791751, 18.60954343], [-92.66731301, 18.60951494], [-92.66610864, 18.60949453], [-92.66491015, 18.60949261], [-92.66431502, 18.60950097], [-92.66370506, 18.60951748], [-92.66311107, 18.60954405], [-92.66250049, 18.60956959], [-92.66190351, 18.60960504], [-92.66131065, 18.60964981], [-92.66065436, 18.60971785], [-92.65857047, 18.60996921], [-92.65792839, 18.61003812], [-92.65729516, 18.61011665], [-92.65474823, 18.6103573], [-92.65409966, 18.61041672], [-92.65346529, 18.61047702], [-92.65281733, 18.6105274], [-92.65219306, 18.61057925], [-92.65093328, 18.61067318], [-92.65030077, 18.61070638], [-92.64967474, 18.61074904], [-92.64904223, 18.61078223], [-92.64841445, 18.61081571], [-92.64778307, 18.6108671], [-92.64714818, 18.61090013], [-92.64652215, 18.61094278], [-92.64588253, 18.61097551], [-92.64525589, 18.61102719], [-92.6446245, 18.61107857], [-92.64399723, 18.61113927], [-92.64335812, 18.61119923], [-92.64270954, 18.6112586], [-92.64206744, 18.61132745], [-92.64143358, 18.61141494], [-92.64079323, 18.61149295], [-92.64015998, 18.61157141], [-92.63950305, 18.61164839], [-92.63887093, 18.61174505], [-92.63823058, 18.61182305], [-92.63638468, 18.61207081], [-92.63517913, 18.61224055], [-92.63396472, 18.61240066], [-92.63336163, 18.61249004], [-92.63154712, 18.61273062], [-92.63095113, 18.61282043], [-92.63033445, 18.61289988], [-92.62973136, 18.61298924], [-92.62912889, 18.61306957], [-92.6285329, 18.61315937], [-92.62792332, 18.61323926], [-92.62732022, 18.61332861], [-92.62671775, 18.61340893], [-92.62550445, 18.61358718], [-92.62486295, 18.61364692], [-92.62422258, 18.61372486], [-92.62356563, 18.61380177], [-92.62292526, 18.61387971], [-92.62099455, 18.6141492], [-92.62034521, 18.61425378], [-92.61975096, 18.61435272], [-92.61914723, 18.61445108], [-92.61853877, 18.61454913], [-92.61793504, 18.61464748], [-92.61734079, 18.61474642], [-92.61672933, 18.61485335], [-92.61613507, 18.61495228], [-92.61553072, 18.61505965], [-92.61492874, 18.61516717], [-92.61432737, 18.61526565], [-92.61312813, 18.61548097], [-92.61252552, 18.6155975], [-92.61193836, 18.61569686], [-92.61133637, 18.61580437], [-92.61074859, 18.61591275], [-92.6101537, 18.61602069], [-92.6095653, 18.61613811], [-92.60897041, 18.61624604], [-92.608382, 18.61636345], [-92.60778001, 18.61647094], [-92.6071916, 18.61658835], [-92.60659845, 18.61670545], [-92.60601004, 18.61682285], [-92.59208556, 18.61842764], [-92.59089609, 18.61853455], [-92.59030018, 18.61858793], [-92.58901997, 18.61873449], [-92.58708153, 18.61897586], [-92.58643338, 18.61906223], [-92.58579945, 18.61914949], [-92.58517261, 18.61923719], [-92.58456236, 18.61932593], [-92.5839455, 18.61944146], [-92.58331917, 18.6195564], [-92.58270878, 18.6196814], [-92.5820913, 18.61980596], [-92.58147319, 18.61993954], [-92.58087165, 18.62007417], [-92.58026002, 18.62021723], [-92.57965076, 18.62036043], [-92.57903202, 18.62050304], [-92.57781112, 18.62078929], [-92.57720122, 18.62094151], [-92.55835477, 18.62519146], [-92.54767538, 18.62810282], [-92.52526733, 18.63397512], [-92.52467926, 18.63411945], [-92.52409057, 18.6342728], [-92.52351197, 18.63441773], [-92.52293163, 18.63455346], [-92.52233583, 18.63470637], [-92.52175723, 18.63485128], [-92.52058219, 18.63515812], [-92.51942199, 18.63545682], [-92.51884213, 18.63561979], [-92.51825579, 18.63577327], [-92.51767356, 18.63593609], [-92.51710254, 18.63610868], [-92.51650846, 18.63627074], [-92.5159357, 18.63643414], [-92.51536231, 18.63660658], [-92.51417227, 18.63695778], [-92.51297448, 18.63731755], [-92.51118908, 18.63784884], [-92.50760339, 18.63891948], [-92.5064133, 18.63927062], [-92.49779898, 18.64183741], [-92.49378552, 18.6430349], [-92.49093375, 18.64387947], [-92.49036078, 18.64407905], [-92.48980438, 18.64427969], [-92.48923851, 18.64447972], [-92.48812572, 18.64488097], [-92.48755399, 18.64506248], [-92.48643171, 18.64546313], [-92.48586709, 18.64564508], [-92.48530184, 18.64583607], [-92.48473896, 18.6460272], [-92.48417196, 18.646209], [-92.48303671, 18.64659065], [-92.48247208, 18.64677259], [-92.48133397, 18.64712684], [-92.48076286, 18.6472993], [-92.48018938, 18.6474716], [-92.47951105, 18.64764633], [-92.47884645, 18.64779471], [-92.4781599, 18.64795076], [-92.47747335, 18.64810682], [-92.4768097, 18.64830968], [-92.47618443, 18.64854218], [-92.47555852, 18.64878372], [-92.47493435, 18.64903443], [-92.47430844, 18.64927596], [-92.4736661, 18.64948016], [-92.4730037, 18.64966494], [-92.4723315, 18.6497856], [-92.47164461, 18.6498781], [-92.47089107, 18.64990288], [-92.47015853, 18.64986549], [-92.4684797, 18.65043254]]]]}}]}