{
"type": "FeatureCollection",
"name": "Tabasco",
"crs": { "type": "name", "properties": { "name": "urn:ogc:def:crs:EPSG::32615" } },
"features": [
{ "type": "Feature", "properties": { "AREA": 2.08933, "PERIMETER": 15.40411, "COV_": 347, "COV_ID": 373, "ENTIDAD": "TABASCO", "CAPITAL": "Villahermosa", "RASGO_GEOG": "1", "CVE_EDO": "27", "Sup": 24727, "Sup2": 24726.809845600001 }, "geometry": { "type": "MultiPolygon", "coordinates": [ [ [ [ 556058.878843536600471, 2062232.465187547728419 ], [ 556128.710916073061526, 2061247.320171551778913 ], [ 556222.052366444841027, 2059921.755839791148901 ], [ 556314.27899079862982, 2058610.33378435857594 ], [ 557753.767981875687838, 2057182.142259167507291 ], [ 558440.828776698559523, 2055465.654237437993288 ], [ 558795.935891777276993, 2054888.15141829662025 ], [ 559234.655636209063232, 2054177.892790289595723 ], [ 559890.095400735735893, 2053112.677969746291637 ], [ 559892.466650299727917, 2053110.520199535414577 ], [ 560119.859221486374736, 2052741.838189139962196 ], [ 560513.159437620081007, 2052102.711234426125884 ], [ 560648.144603785127401, 2051448.924174597486854 ], [ 560809.970439122989774, 2050673.025564569979906 ], [ 560897.431218984536827, 2050250.045003967359662 ], [ 560799.554458441212773, 2049441.524617286399007 ], [ 560732.886270468123257, 2048882.873189082369208 ], [ 560537.487232930958271, 2047243.775567848235369 ], [ 561810.102690582163632, 2044240.037441682070494 ], [ 562921.980420414358377, 2043392.660693543031812 ], [ 564787.357259511947632, 2043242.714378528296947 ], [ 567144.512335051782429, 2041584.507882094010711 ], [ 567268.419813205488026, 2041379.962738821282983 ], [ 567457.272267534397542, 2041068.941589664667845 ], [ 567603.051478349603713, 2040825.880915816873312 ], [ 567478.646959842182696, 2039791.410816701129079 ], [ 568145.356336492113769, 2039249.268267374485731 ], [ 568818.580212185159326, 2039363.842223033308983 ], [ 569087.628185980953276, 2039795.141736498102546 ], [ 569431.216802932322025, 2040345.091718906536698 ], [ 569433.656259626150131, 2040347.945942992344499 ], [ 569564.146800057962537, 2040557.333831135183573 ], [ 569608.467273129150271, 2040587.614842914044857 ], [ 570482.761382469907403, 2041187.986777160316706 ], [ 570569.52780685480684, 2041246.66150501742959 ], [ 571520.652622458525002, 2042649.793129621073604 ], [ 571627.71181383356452, 2042035.956400915980339 ], [ 572791.273968512192369, 2041265.394970212131739 ], [ 581823.410851088352501, 2041270.177389074116945 ], [ 586890.113157327286899, 2041272.015322145074606 ], [ 587179.342414058744907, 2025491.691542379558086 ], [ 586583.698475773446262, 2021134.299526937305927 ], [ 587511.847094325348735, 2021147.04927945509553 ], [ 587659.430708884261549, 2020456.514055320993066 ], [ 586305.013427942059934, 2020487.127492962405086 ], [ 589666.578773045912385, 2014254.592422287911177 ], [ 589986.410339294932783, 2013662.388995170593262 ], [ 588387.880502133630216, 2012296.566652804613113 ], [ 588354.931429585441947, 2012267.587915433570743 ], [ 588359.727052602916956, 2012260.259870791807771 ], [ 588509.933764355257154, 2012021.959388690069318 ], [ 588771.051379431970417, 2011609.057758761569858 ], [ 588749.165689850226045, 2007572.770092776045203 ], [ 590033.861879987642169, 2006900.683592077344656 ], [ 590012.84885221440345, 2005510.063204368576407 ], [ 592268.371440450660884, 2003875.107286851853132 ], [ 592039.488916251808405, 2001926.281359184533358 ], [ 592298.595575038343668, 2001248.804614597931504 ], [ 592356.703705525025725, 2001095.65820631198585 ], [ 593173.530486915260553, 2001650.913116075098515 ], [ 594282.986079811118543, 2000766.400289328768849 ], [ 595904.187722246162593, 2000578.025898529216647 ], [ 596613.874262519180775, 2000249.637657245621085 ], [ 597179.660404823720455, 1999987.649669229984283 ], [ 597250.757907550781965, 1999954.876793649047613 ], [ 597576.08616828918457, 2000148.69053091481328 ], [ 597737.748496920801699, 2000916.473554143682122 ], [ 598509.27259926777333, 2000645.25943822786212 ], [ 599410.853754231706262, 2001332.384176149964333 ], [ 599976.934023107402027, 2001024.220229214057326 ], [ 600086.196211815811694, 2000965.047370726242661 ], [ 600309.706260293722153, 2000842.369257854297757 ], [ 601769.035039217211306, 2001227.849058952182531 ], [ 601986.243836571462452, 2000118.79814494214952 ], [ 601681.238178069703281, 1999641.029771756380796 ], [ 601411.23516149725765, 1999220.17739824205637 ], [ 601330.408017869107425, 1999093.885883355513215 ], [ 603005.396022421307862, 1998872.919392451643944 ], [ 603202.817490360699594, 1998489.180310383439064 ], [ 603791.893089235760272, 1997343.188562337309122 ], [ 604332.807343527674675, 1996290.555578986182809 ], [ 606752.859363030642271, 1994837.131600443273783 ], [ 607197.500753028318286, 1994754.211238538846374 ], [ 608074.426982249133289, 1995260.251351391896605 ], [ 609319.310060141608119, 1992424.6057801656425 ], [ 609398.608603168278933, 1992406.458172554150224 ], [ 612434.054674037732184, 1991733.274266889318824 ], [ 615883.821441320702434, 1992185.588243080303073 ], [ 617580.653422610834241, 1991563.60656406916678 ], [ 620052.950923123396933, 1988825.852184461429715 ], [ 626605.10122664924711, 1987607.851245388388634 ], [ 630078.041355412453413, 1984648.411998625844717 ], [ 630457.853367647156119, 1985004.946460058912635 ], [ 631035.113346375524998, 1983991.040472716093063 ], [ 631421.48408611677587, 1984007.85749183036387 ], [ 631066.132563540711999, 1984450.26490081846714 ], [ 631155.824247373268008, 1986158.945261465385556 ], [ 634019.684446177445352, 1983176.729554679244757 ], [ 636131.357290473766625, 1981894.65905530191958 ], [ 636320.342632970772684, 1982157.000584511086345 ], [ 636400.115499714389443, 1981736.966865230351686 ], [ 641480.569602647796273, 1978514.321929877623916 ], [ 644268.86226377915591, 1976709.509935053065419 ], [ 646716.724681022576988, 1981107.514275662600994 ], [ 646778.927633533254266, 1981219.78099437057972 ], [ 646395.47648683283478, 1982014.812727382406592 ], [ 646557.354362419806421, 1983620.683172704651952 ], [ 645942.045437823981047, 1984632.37155357375741 ], [ 645566.478744232095778, 1985252.436308095231652 ], [ 645984.168456059880555, 1985492.006846409291029 ], [ 646055.805860618129373, 1985533.474929116666317 ], [ 646132.284754166379571, 1987437.925756925716996 ], [ 646138.338173956610262, 1987588.829337492585182 ], [ 646160.010661884211004, 1988137.959292748942971 ], [ 646532.524389723315835, 1989563.810630178079009 ], [ 646395.450995167717338, 1990505.488767948001623 ], [ 646250.587887129746377, 1991489.428953025490046 ], [ 646158.791696866042912, 1992117.422936065122485 ], [ 646271.737956369295716, 1992774.858041344210505 ], [ 646379.306640590541065, 1993403.565866768360138 ], [ 646410.301553366705775, 1993587.210312578827143 ], [ 646602.200895693153143, 1994707.005617780610919 ], [ 646669.488793849945068, 1995101.788921907544136 ], [ 646739.941159232519567, 1995510.535162180662155 ], [ 646420.666463705711067, 1996307.429613007232547 ], [ 646481.885406494140625, 1996450.755313381552696 ], [ 646601.768387499265373, 1996732.80982625298202 ], [ 646119.996594160795212, 1997406.134002074599266 ], [ 647344.471186136826873, 1998811.915145121514797 ], [ 647500.272130940109491, 2000097.635948350653052 ], [ 647468.397014444693923, 2000158.884534092620015 ], [ 647322.488686004653573, 2000433.159537799656391 ], [ 647105.36649773735553, 2000842.453711964190006 ], [ 647068.636500899679959, 2000910.036126444116235 ], [ 647083.733163724653423, 2001030.417831242084503 ], [ 647158.247692382894456, 2001644.428778767585754 ], [ 648096.300541371107101, 2002731.909009594470263 ], [ 648677.49687253497541, 2002649.989748517051339 ], [ 648907.052820746786892, 2002617.009408580139279 ], [ 649221.826875486411154, 2002953.622199982404709 ], [ 649240.420354071073234, 2002973.47696072794497 ], [ 649224.254552528262138, 2002975.531187342479825 ], [ 647648.280900482088327, 2003165.254740480333567 ], [ 647648.265456384047866, 2004237.507684195414186 ], [ 648663.518607713282108, 2004297.895773161202669 ], [ 649796.550500338897109, 2004364.653629412874579 ], [ 651017.891625501215458, 2006039.604414585977793 ], [ 650278.1980045940727, 2007016.576307754963636 ], [ 650177.818874326534569, 2007150.497474730014801 ], [ 650170.178404103964567, 2007191.118423087522388 ], [ 650055.490030616521835, 2007818.496339976787567 ], [ 650032.872458348050714, 2007937.331133108586073 ], [ 650133.737823955714703, 2008046.131079921498895 ], [ 650409.85936972592026, 2008347.168845435604453 ], [ 650429.832872239872813, 2008368.941895302385092 ], [ 651283.755585888400674, 2008284.320893352851272 ], [ 652646.762647652067244, 2008149.518444059416652 ], [ 652746.892257271334529, 2008138.991770450025797 ], [ 655448.437692088074982, 2007870.89186223782599 ], [ 655817.461864369921386, 2008469.820169765502214 ], [ 656417.648964419960976, 2008513.002818817272782 ], [ 656711.694748943671584, 2009065.656160885468125 ], [ 656841.463844399899244, 2009310.003574622794986 ], [ 656962.950713760219514, 2009538.840484844520688 ], [ 657212.221894663758576, 2009584.805505668744445 ], [ 657432.883381557650864, 2009626.613833220675588 ], [ 657518.409845553338528, 2009642.110871765762568 ], [ 657604.500896779820323, 2009658.574228117242455 ], [ 657871.330492161214352, 2009708.409692194312811 ], [ 657879.45211467333138, 2009709.88710867241025 ], [ 658261.940778708085418, 2009121.192598702386022 ], [ 658114.209454412572086, 2008720.520196912810206 ], [ 658096.85172132588923, 2008673.498992489650846 ], [ 658393.745736747980118, 2007714.203176222741604 ], [ 657014.980294649489224, 2007795.979251468554139 ], [ 656959.212868278846145, 2005214.556894954293966 ], [ 658066.39261258020997, 2005187.576742915436625 ], [ 658084.187669740989804, 2005187.420563308522105 ], [ 658236.775045676156878, 2004873.537416871637106 ], [ 658305.836168433539569, 2004732.615439066663384 ], [ 658458.366633290424943, 2004421.746209612116218 ], [ 658461.656797276809812, 2004414.510120432823896 ], [ 658468.432366907596588, 2004403.034528933465481 ], [ 658394.763715630397201, 2004099.882773572579026 ], [ 658362.049078666605055, 2003959.574615573510528 ], [ 658321.573592393659055, 2003788.676549557596445 ], [ 658307.495584983378649, 2003730.411367198452353 ], [ 658639.231286438181996, 2003752.932163273915648 ], [ 659602.65272468701005, 2003817.541667638346553 ], [ 659835.091987821273506, 2003832.485181363299489 ], [ 659839.022313620895147, 2003831.225910734385252 ], [ 661101.022690526209772, 2003355.743325749412179 ], [ 661626.232379133813083, 2002534.068011205643415 ], [ 661642.583208202384412, 2002507.924525706097484 ], [ 661673.275972693227232, 2002497.898338349536061 ], [ 662105.851170767098665, 2002359.348717195913196 ], [ 663244.179989479482174, 2001995.20704017393291 ], [ 663363.133501625619829, 2001677.492540791630745 ], [ 663679.485347790643573, 2001783.242824044078588 ], [ 663734.356865379028022, 2001801.730843784287572 ], [ 663914.381305118091404, 2001601.404429661110044 ], [ 664151.553378446027637, 2001339.169886015355587 ], [ 664562.935842122882605, 2001421.662129245698452 ], [ 665213.561921579763293, 2000386.147878834977746 ], [ 665221.085072228685021, 2000374.622992597520351 ], [ 665673.960736591368914, 2000109.338926039636135 ], [ 665943.252859729342163, 1999951.328909935429692 ], [ 666420.948718220926821, 1999924.15415596216917 ], [ 667222.523661093786359, 1999879.839135615155101 ], [ 667747.664961434900761, 1999849.556607836857438 ], [ 668867.563488545827568, 1999787.440693767741323 ], [ 669475.175160638988018, 1999752.760120240971446 ], [ 670040.906297376379371, 1999326.596835140138865 ], [ 670051.620878894813359, 1999317.871994042769074 ], [ 670358.441423893906176, 1998395.049339024350047 ], [ 670373.493914473801851, 1998352.939569486305118 ], [ 670950.715240643359721, 1997999.244738889858127 ], [ 671089.329043751582503, 1998044.35003025084734 ], [ 671840.640057367272675, 1998286.127651259303093 ], [ 672122.68084657844156, 1998377.024059146642685 ], [ 672873.415604234673083, 1998241.671030906960368 ], [ 673422.797418903559446, 1998693.245364133268595 ], [ 674908.303963591344655, 1998040.363636787980795 ], [ 676951.007255457341671, 1997946.816039733588696 ], [ 677011.751081847585738, 1997943.843197241425514 ], [ 677087.818485397845507, 1997822.504454316571355 ], [ 677447.716385337524116, 1997252.257547685876489 ], [ 677819.84878945350647, 1996662.151653826236725 ], [ 677931.150569451972842, 1996485.342774236574769 ], [ 680046.501267341896892, 1995743.950090698897839 ], [ 680181.100045549683273, 1995697.015228040516376 ], [ 681046.949935055337846, 1994754.564233236014843 ], [ 681618.04829297028482, 1994132.346020240336657 ], [ 682108.667135391384363, 1993598.529348971322179 ], [ 682122.67488968372345, 1993582.690553601831198 ], [ 682314.212248107418418, 1993474.84388392791152 ], [ 684649.619903643615544, 1992152.134298542514443 ], [ 685115.073103319853544, 1991888.892393067479134 ], [ 685297.126768251881003, 1991785.67094998806715 ], [ 685392.535088727250695, 1991604.002358604222536 ], [ 685405.620390080846846, 1991577.942143024876714 ], [ 686441.915169382467866, 1989593.127927608788013 ], [ 687584.625973687507212, 1989150.132134564220905 ], [ 687979.775107292458415, 1988996.678721435368061 ], [ 688765.339951244182885, 1988331.367407964542508 ], [ 688936.50823690649122, 1988348.963115822523832 ], [ 689445.827260079793632, 1988402.900471994653344 ], [ 689525.894253326579928, 1988411.683846272528172 ], [ 690337.978453236632049, 1988497.634627036750317 ], [ 690398.454893975518644, 1988429.592700326815248 ], [ 690550.367582852952182, 1988257.120824145153165 ], [ 691420.823691559024155, 1988670.352368807420135 ], [ 691421.822423106990755, 1988670.286741295829415 ], [ 692257.659835495054722, 1988155.963394232094288 ], [ 692807.173436070792377, 1987817.928367242217064 ], [ 693739.077229335904121, 1988555.215169871225953 ], [ 696632.818203894421458, 1989247.47939190082252 ], [ 695438.525699867866933, 1986885.595736937597394 ], [ 698051.568871923722327, 1986167.12196103297174 ], [ 698210.700736623257399, 1989000.215343421325088 ], [ 699365.806555852293968, 1987054.446458056569099 ], [ 713240.796329590491951, 1986921.910987913608551 ], [ 713139.892965767532587, 1984589.405582707375288 ], [ 714289.784654964692891, 1981964.437786364927888 ], [ 713334.579763452522457, 1978093.616833224892616 ], [ 713282.104588632471859, 1970867.614861140027642 ], [ 713304.894249992445111, 1967474.488378163427114 ], [ 713347.314403779804707, 1963750.189248470589519 ], [ 713368.851020210422575, 1961499.523918505758047 ], [ 713479.373076979070902, 1952816.860355345532298 ], [ 713575.296869342215359, 1944878.171638378873467 ], [ 713638.204572499729693, 1939482.740618037059903 ], [ 713623.735891533084214, 1936093.595170481130481 ], [ 713635.92242366541177, 1936084.64277015067637 ], [ 713711.428803055547178, 1931616.492067869752645 ], [ 713745.563237202353776, 1927829.537447175011039 ], [ 713824.955326465889812, 1920510.366499105468392 ], [ 713890.543778014369309, 1914628.984770569950342 ], [ 713928.380403850227594, 1912189.597711747512221 ], [ 713937.559630244970322, 1911543.588359599933028 ], [ 713937.360776650719345, 1911540.595652930438519 ], [ 713947.868921929039061, 1910850.543734086677432 ], [ 713968.132269009947777, 1909534.637366812676191 ], [ 713972.705369419418275, 1908480.301474304869771 ], [ 710107.021296853199601, 1908445.416539572179317 ], [ 700769.111808939836919, 1908362.503060741350055 ], [ 692940.083322428166866, 1908289.374443843960762 ], [ 686213.189908273518085, 1908210.006268847733736 ], [ 679198.020994284190238, 1908118.456620596349239 ], [ 677174.688698928803205, 1908097.444211378693581 ], [ 665891.597352201119065, 1907948.75929656997323 ], [ 667396.577523565851152, 1913406.334100650623441 ], [ 667444.216407846659422, 1913647.50627863034606 ], [ 667714.675151905044913, 1913777.006055684760213 ], [ 668760.993715646676719, 1914276.420132055878639 ], [ 668790.327939989045262, 1914265.477832902222872 ], [ 669505.570349633693695, 1913983.087494429200888 ], [ 671020.974883398041129, 1913384.524426439777017 ], [ 671095.714919903315604, 1913355.695949304848909 ], [ 671138.179355397820473, 1913434.047840578481555 ], [ 671309.113879129290581, 1913752.39453155733645 ], [ 671842.61348634865135, 1914744.027535695582628 ], [ 671700.014099149033427, 1915600.038060531020164 ], [ 670781.852473155595362, 1916941.677382254973054 ], [ 670299.946216427721083, 1917646.556713635101914 ], [ 669013.014478415250778, 1918144.826537372544408 ], [ 668380.909793024882674, 1918389.698079656809568 ], [ 668261.201085790060461, 1918435.626143017783761 ], [ 668265.733116233721375, 1918466.510503031313419 ], [ 668443.068444735370576, 1919798.20995376072824 ], [ 668438.735523162409663, 1919808.512889284640551 ], [ 667915.112156650982797, 1921553.939058160409331 ], [ 667574.806304232217371, 1921734.568305227905512 ], [ 666390.084031205624342, 1922364.460096059367061 ], [ 665743.397822366096079, 1922708.57075297087431 ], [ 665107.464785795658827, 1922536.876404302194715 ], [ 664992.684856005012989, 1922505.330109773203731 ], [ 664723.852070012129843, 1922164.162756018340588 ], [ 664367.571477266959846, 1921711.638322209939361 ], [ 664208.364658108912408, 1921732.095728287473321 ], [ 664197.199205489829183, 1921733.704431096091866 ], [ 663881.295814249664545, 1921774.703755643218756 ], [ 663264.262744618579745, 1922093.545234391465783 ], [ 662047.012763166800141, 1922724.346033707261086 ], [ 661676.843566033057868, 1922915.787061562761664 ], [ 659323.333933998830616, 1924133.92347246222198 ], [ 658752.115756400860846, 1924430.055933885276318 ], [ 658220.081183144822717, 1923599.143810952082276 ], [ 656215.753164497204125, 1924715.267480319365859 ], [ 656075.604308604262769, 1924793.565147703513503 ], [ 655740.196075815707445, 1924980.689787579700351 ], [ 655410.510692578740418, 1925163.430759076029062 ], [ 655359.349015906453133, 1926575.551750522106886 ], [ 653167.210972288623452, 1926836.10021186619997 ], [ 653120.928761361166835, 1925453.653098288923502 ], [ 653086.511160745285451, 1924432.880182564258575 ], [ 647962.604646428488195, 1926205.260673554614186 ], [ 647772.082581273280084, 1926989.255507482215762 ], [ 647752.907403633929789, 1927071.533172875642776 ], [ 647459.422440364956856, 1927068.64816427975893 ], [ 646980.340067656710744, 1927065.726665368303657 ], [ 646948.512622898444533, 1927099.988638428971171 ], [ 646712.531159854494035, 1927348.82309502363205 ], [ 646490.351347256451845, 1927582.730358185246587 ], [ 644971.053508155047894, 1928332.060459656640887 ], [ 644718.268470130860806, 1927628.328756529837847 ], [ 641028.200996621511877, 1929162.289042260497808 ], [ 641794.329730295576155, 1931067.930596098303795 ], [ 641569.473190887831151, 1931242.010495638474822 ], [ 639719.500466927886009, 1931254.190652441233397 ], [ 638858.103338106535375, 1931730.95732082799077 ], [ 638879.200647445395589, 1931731.83793075941503 ], [ 638885.742367442697287, 1931732.28865510225296 ], [ 639142.696418349631131, 1932547.268897762522101 ], [ 639781.787959287874401, 1932106.764202916994691 ], [ 639889.109994197264314, 1932031.644652757793665 ], [ 639943.768600932322443, 1931994.019844511523843 ], [ 639983.812194667756557, 1932043.511346803978086 ], [ 640332.499300058931112, 1932474.544591987505555 ], [ 640495.688163062557578, 1932676.448592780157924 ], [ 640556.426814479753375, 1932555.26712247915566 ], [ 640711.620319618843496, 1932253.724040979519486 ], [ 640739.586753013543785, 1932198.55008496530354 ], [ 641084.004309107549489, 1932417.827386438846588 ], [ 641130.20715643838048, 1932792.544150104746222 ], [ 641142.424704982899129, 1932887.808411395177245 ], [ 641157.608478266745806, 1933017.070592120289803 ], [ 641192.914632331579924, 1933066.871194208040833 ], [ 641443.818494361825287, 1932996.421049933880568 ], [ 641593.951154834590852, 1933309.263992916792631 ], [ 641632.33559182472527, 1933390.926320374011993 ], [ 641774.685691840946674, 1933330.552841270342469 ], [ 641881.898218876682222, 1933284.491733329370618 ], [ 641990.607175568118691, 1933238.332927444949746 ], [ 641990.749513989314437, 1933574.976936595514417 ], [ 641991.266756075434387, 1933629.048396969214082 ], [ 641991.827797929756343, 1933676.10340983979404 ], [ 642156.048432257957757, 1933816.823008893057704 ], [ 642338.005563304759562, 1933972.167770361527801 ], [ 642443.519868379458785, 1934061.480098029598594 ], [ 642934.723891091533005, 1934480.353282852098346 ], [ 643094.367247399874032, 1934616.111365541815758 ], [ 643092.189743660390377, 1934682.633735172450542 ], [ 643050.085534850135446, 1934774.553025664761662 ], [ 642926.055049424059689, 1935046.906193835660815 ], [ 642892.949859512969851, 1935119.327048987150192 ], [ 643055.762075956910849, 1935126.877896204590797 ], [ 643088.199257027357817, 1935128.771920651197433 ], [ 643169.102493906393647, 1935132.517297115176916 ], [ 643183.663812328130007, 1935263.704238049685955 ], [ 643208.128118801862001, 1935477.66112476401031 ], [ 643282.7784129306674, 1936134.985368410125375 ], [ 643393.232986616902053, 1936203.938723081722856 ], [ 643622.328247284516692, 1936344.443011017516255 ], [ 643575.65584706235677, 1936527.719549760222435 ], [ 643410.668066410347819, 1937178.75377138517797 ], [ 643383.568632894195616, 1937331.823612490668893 ], [ 643539.824622064828873, 1937357.838602283969522 ], [ 644102.156613945029676, 1937449.322694946080446 ], [ 644234.890003541484475, 1937471.859201438724995 ], [ 644221.270111031830311, 1937562.678255099803209 ], [ 644159.887312244623899, 1937977.634201187640429 ], [ 644102.227034172043204, 1938365.169834062457085 ], [ 644116.090151959098876, 1938558.661082930862904 ], [ 644409.484715902246535, 1938786.165729975327849 ], [ 644665.435098011046648, 1938984.922411626204848 ], [ 644915.099155738949776, 1939190.978003729134798 ], [ 644812.069767534732819, 1939432.048656605184078 ], [ 644810.415596191771328, 1939437.417259771376848 ], [ 644579.067111451178789, 1939977.449142565950751 ], [ 644699.388812719844282, 1940378.324099974706769 ], [ 644825.074242963455617, 1940796.138019407168031 ], [ 644858.348319548182189, 1940903.070349333807826 ], [ 644874.851020822301507, 1940960.24050666205585 ], [ 644836.606095454655588, 1941003.818419251590967 ], [ 644302.318017062731087, 1941619.971773719415069 ], [ 644282.997220217250288, 1941746.366441771388054 ], [ 644241.399185772053897, 1942007.616364961490035 ], [ 644148.009333750233054, 1942612.078713482245803 ], [ 644298.244774368591607, 1943568.19726299867034 ], [ 644369.553584796376526, 1944016.634655641391873 ], [ 644409.012306435033679, 1944268.478431656956673 ], [ 643556.616115850396454, 1945336.293639248237014 ], [ 643612.751025189645588, 1945763.434087408706546 ], [ 643069.030843675136566, 1946281.886510141193867 ], [ 643005.495292901061475, 1946341.143055764958262 ], [ 642234.954094527289271, 1947077.800788816064596 ], [ 641982.26804802659899, 1947325.753587959334254 ], [ 641965.578880880028009, 1947384.965852253139019 ], [ 641848.51443547103554, 1947803.477212598547339 ], [ 642103.48640458099544, 1947809.926651500165462 ], [ 642518.919978534802794, 1947821.961482979357243 ], [ 642503.469149435870349, 1947946.360633039847016 ], [ 642486.102356269955635, 1948083.662558488547802 ], [ 642525.758040835149586, 1948100.121811013668776 ], [ 642617.8037925735116, 1948136.219780987128615 ], [ 643097.360127304680645, 1948332.612154792994261 ], [ 643135.165446633473039, 1948362.971759097650647 ], [ 643026.538129112683237, 1948591.654912803322077 ], [ 643382.903585525229573, 1948485.264973007142544 ], [ 643580.809534398838878, 1948427.151666603982449 ], [ 643781.749914334155619, 1948854.152621498331428 ], [ 643699.090885393321514, 1948877.575930232182145 ], [ 642515.491850908845663, 1949216.101751198992133 ], [ 642234.346983188763261, 1949796.767131879925728 ], [ 642519.443252923898399, 1949773.194334987550974 ], [ 642649.983205223456025, 1949761.688207380473614 ], [ 642774.496124063618481, 1950023.175308026373386 ], [ 642564.000545856542885, 1950115.053372897207737 ], [ 642398.372090414166451, 1950187.974197598174214 ], [ 642659.85398736782372, 1950174.958467327058315 ], [ 642699.513242233544588, 1950195.301881330087781 ], [ 642579.577164088375866, 1950419.714737843722105 ], [ 642853.092930467799306, 1950664.613045182079077 ], [ 642853.753035310655832, 1950705.535916673019528 ], [ 642731.209025167860091, 1950862.971430771052837 ], [ 642601.248936980031431, 1951029.659245416522026 ], [ 642348.849669054150581, 1950889.744439765810966 ], [ 642455.341190219856799, 1951274.682240186259151 ], [ 642507.070815538056195, 1951399.600066604092717 ], [ 642802.079266054555774, 1951370.37093348801136 ], [ 642571.85275150090456, 1951863.552093433216214 ], [ 642519.218120346777141, 1951870.987702038139105 ], [ 642340.903733648359776, 1951895.374642420560122 ], [ 642197.42220850288868, 1951915.990198438987136 ], [ 642280.44101276807487, 1952660.140001593157649 ], [ 641861.125701751559973, 1952896.90469210781157 ], [ 641994.89090833440423, 1953335.204568745568395 ], [ 642101.769316175021231, 1953652.981179492548108 ], [ 642057.21344146784395, 1953672.919796438887715 ], [ 642098.544196713715792, 1953784.362766036763787 ], [ 642235.403324253857136, 1953773.575352469459176 ], [ 642279.067560370080173, 1953770.733183657750487 ], [ 642286.533203051425517, 1953862.330708518624306 ], [ 642292.627918995916843, 1953921.318511314690113 ], [ 642359.240266714245081, 1954663.678839862346649 ], [ 641525.45784412138164, 1955243.015664776787162 ], [ 641526.567708538845181, 1955675.933320855721831 ], [ 640676.396166833117604, 1955606.966995164752007 ], [ 640226.24836715683341, 1954353.335690530017018 ], [ 640153.039586539380252, 1954318.007697302848101 ], [ 639855.332804450765252, 1954171.123921439051628 ], [ 639368.045380651019514, 1954873.212738454341888 ], [ 638826.79151201620698, 1955651.101645203307271 ], [ 638455.924666068516672, 1955789.478464733809233 ], [ 638197.984252126887441, 1955283.061181591823697 ], [ 638173.281322903931141, 1955234.553732790052891 ], [ 638105.32101789675653, 1955102.663619916886091 ], [ 637867.496858598664403, 1955202.317511301487684 ], [ 637783.304743838496506, 1955236.982531631365418 ], [ 637435.008932868950069, 1956443.318430416285992 ], [ 637363.207570109516382, 1956421.926420563831925 ], [ 636706.565279891714454, 1956226.941417852416635 ], [ 636197.593986880034208, 1956075.600732823833823 ], [ 636213.905948891304433, 1956187.798143837600946 ], [ 636315.319173225201666, 1956876.918743288144469 ], [ 636218.073494455777109, 1956888.124540492892265 ], [ 636063.25381688773632, 1956904.073828840628266 ], [ 635957.291186195798218, 1956916.096238596364856 ], [ 635968.930133663117886, 1957106.777566228061914 ], [ 635978.210777683183551, 1957280.448404368013144 ], [ 635831.765483856201172, 1956816.005765972658992 ], [ 635800.068826436065137, 1956713.82756794989109 ], [ 635703.913606745190918, 1956680.109475944191217 ], [ 635447.263491548597813, 1956694.530423248186707 ], [ 634756.399296911433339, 1956906.044335843995214 ], [ 634348.536484991200268, 1957030.51197288185358 ], [ 633622.59882892575115, 1957986.863176763057709 ], [ 633572.101769186556339, 1958054.28947944752872 ], [ 633597.855015478096902, 1958176.902057465165854 ], [ 633697.444733746349812, 1958641.642469571903348 ], [ 632704.540389558300376, 1957447.232558676972985 ], [ 632135.044708197936416, 1958015.418158790096641 ], [ 630728.399017435498536, 1958043.448865428566933 ], [ 629962.614510701969266, 1959093.300594560801983 ], [ 629895.701464864425361, 1958807.351920893415809 ], [ 629807.514736838638783, 1958432.954747559502721 ], [ 629310.81730941683054, 1958269.732765186578035 ], [ 628987.32125548273325, 1959644.814780550077558 ], [ 628844.647660991176963, 1959674.240158069878817 ], [ 625277.343121348880231, 1960414.556651255115867 ], [ 624968.39333622995764, 1960913.551772179082036 ], [ 623804.236118832603097, 1961575.323158297687769 ], [ 624025.488495287485421, 1961741.532805221155286 ], [ 625935.294487049803138, 1962957.781166899949312 ], [ 627079.935881183482707, 1962346.463155042380095 ], [ 627237.546856855042279, 1962365.689570909366012 ], [ 628114.742373541928828, 1962472.324593340978026 ], [ 628261.75256107840687, 1962490.356686295941472 ], [ 628149.220822117291391, 1963653.365774253383279 ], [ 628534.327322285622358, 1963652.577370345592499 ], [ 628583.5860082404688, 1963878.924799907952547 ], [ 628649.632602591998875, 1964190.263090612366796 ], [ 629160.860468115657568, 1966574.880303200334311 ], [ 628450.086528272368014, 1969291.435424389317632 ], [ 628060.039358071982861, 1970434.457610772922635 ], [ 628104.019657989963889, 1971163.285189786925912 ], [ 628150.871661197394133, 1971913.237803429365158 ], [ 628159.634005517698824, 1972060.035758914425969 ], [ 628299.635492548346519, 1972290.55754454806447 ], [ 628505.285661885514855, 1972629.104996873065829 ], [ 629350.138270319439471, 1974020.842111533507705 ], [ 626810.741379385814071, 1975873.790025385096669 ], [ 626542.116990389302373, 1977043.246124967932701 ], [ 626328.228578710928559, 1977978.331640714779496 ], [ 626020.690362160094082, 1979317.520037967711687 ], [ 625319.486753294244409, 1979354.025726774707437 ], [ 623469.238167044706643, 1977964.047028487548232 ], [ 621975.962912179529667, 1977573.311143238097429 ], [ 619779.777780863456428, 1978366.14523303322494 ], [ 617215.798895929940045, 1978052.551699306815863 ], [ 615614.608838799409568, 1979291.889660170301795 ], [ 614428.367093116976321, 1979350.461656827479601 ], [ 613881.045994960702956, 1978555.828310459852219 ], [ 614017.769855001941323, 1977412.893703442066908 ], [ 613943.98054719902575, 1977159.010343696922064 ], [ 613695.090517409145832, 1976301.024169575423002 ], [ 612607.462400193326175, 1975487.055940892547369 ], [ 611512.194837973453104, 1975350.246930759400129 ], [ 610721.80220415070653, 1975871.545643072575331 ], [ 610489.861399946734309, 1976592.13713957183063 ], [ 611324.442657267674804, 1977939.778377315029502 ], [ 611565.554898489266634, 1978328.232060737907887 ], [ 611736.233616741374135, 1978603.938088370487094 ], [ 612320.897365836426616, 1979546.554170103743672 ], [ 612351.170787068083882, 1980069.934075186029077 ], [ 611771.540989208966494, 1980502.474728774279356 ], [ 609063.06045878212899, 1980504.900327099487185 ], [ 608030.877083732746542, 1981001.428985290229321 ], [ 607412.830174909904599, 1981845.448730185627937 ], [ 606972.725041597150266, 1983257.237256469205022 ], [ 606018.93221240490675, 1984204.865234656259418 ], [ 606833.263805081136525, 1981571.891349583864212 ], [ 605572.690014382824302, 1978345.931260364130139 ], [ 604276.123630000278354, 1979110.9285146035254 ], [ 604243.56365080177784, 1979029.567605648189783 ], [ 604046.409459128044546, 1978544.652692463248968 ], [ 604018.550842860713601, 1978474.017069466412067 ], [ 603841.361548993736506, 1978038.320477820932865 ], [ 603728.040572725236416, 1978053.264661177992821 ], [ 602782.495929433964193, 1978178.579266484826803 ], [ 600696.128268441185355, 1977424.098543498665094 ], [ 599373.655462140217423, 1976945.585411874577403 ], [ 598830.446152838878334, 1976748.849712433293462 ], [ 598332.231764636933804, 1976811.231055308133364 ], [ 598299.914875098504126, 1976815.315226813778281 ], [ 598327.600252931937575, 1976778.197550596669316 ], [ 598764.637521075084805, 1976177.930067723616958 ], [ 598834.65509578678757, 1976082.07692582719028 ], [ 598884.77800106536597, 1976089.878377005457878 ], [ 598972.11073191370815, 1976103.430133547633886 ], [ 599564.852131126448512, 1976197.606236327439547 ], [ 599569.650328014977276, 1976198.17456173710525 ], [ 599648.385716451331973, 1976156.016546029597521 ], [ 600353.570325320586562, 1975777.813885005190969 ], [ 600706.011865021660924, 1974506.217667004093528 ], [ 600745.471272197552025, 1974360.080020288005471 ], [ 600313.896348340436816, 1973880.766812968999147 ], [ 600028.573893807828426, 1973563.327115846797824 ], [ 599903.078547898679972, 1973424.051902908831835 ], [ 599199.384211395867169, 1973649.779463620856404 ], [ 596415.493669818155468, 1974538.596292458474636 ], [ 596404.906212113797665, 1973894.730452099815011 ], [ 595139.411692528054118, 1973906.946096450090408 ], [ 594691.849118126556277, 1972523.361565427854657 ], [ 595444.671513549052179, 1972134.273323711007833 ], [ 594916.932832107879221, 1971452.395118633285165 ], [ 594788.449385373853147, 1969707.55525404587388 ], [ 593214.121394336223602, 1967822.059577794745564 ], [ 590389.815413749776781, 1969852.928217887878418 ], [ 592460.489464904181659, 1966728.018230061978102 ], [ 591543.89884125161916, 1965948.023712396621704 ], [ 592228.575999053195119, 1964608.983904803171754 ], [ 590267.929127134382725, 1964285.092955531552434 ], [ 589924.123776831664145, 1964261.076777560636401 ], [ 589818.436956569552422, 1965849.407124936580658 ], [ 587773.844548451714218, 1966735.406038420274854 ], [ 586001.058660668320954, 1964673.324420964345336 ], [ 585361.903392075560987, 1965657.565914552658796 ], [ 581899.134238636121154, 1962421.046796949580312 ], [ 580257.131819884292781, 1960381.559884067624807 ], [ 576941.63746599201113, 1956263.895356813445687 ], [ 575425.831063753925264, 1957423.164723485708237 ], [ 574918.487918422557414, 1957215.146110938861966 ], [ 574744.303870007395744, 1957280.534134637564421 ], [ 573304.489224515855312, 1957815.605650575831532 ], [ 572812.566749796271324, 1957617.480599058791995 ], [ 572701.414804157800972, 1957920.206127528101206 ], [ 572602.553772729821503, 1958187.950128693133593 ], [ 571241.813071324490011, 1958631.98789107427001 ], [ 571087.676330408081412, 1958298.004703860729933 ], [ 570260.961565098725259, 1958446.946600213646889 ], [ 569969.700441731140018, 1957523.742961565032601 ], [ 569770.595665637403727, 1957379.649561189115047 ], [ 569544.39004382956773, 1957215.243254631757736 ], [ 568933.723310213536024, 1957412.607778243720531 ], [ 568881.829715921543539, 1952016.026782611384988 ], [ 568417.394448196515441, 1952019.665264969691634 ], [ 568419.309241187758744, 1950736.897845363244414 ], [ 568200.221329488791525, 1950663.857698814943433 ], [ 568918.495180108584464, 1948695.086723893880844 ], [ 568863.256139871664345, 1948007.417614603415132 ], [ 568403.003770145587623, 1947692.059776647016406 ], [ 568402.271344060078263, 1947692.357078326866031 ], [ 563681.114972822368145, 1944461.391912199556828 ], [ 563467.352663083933294, 1943427.996526030823588 ], [ 562811.116608193144202, 1943866.749332182109356 ], [ 559765.482010616920888, 1942703.661864979192615 ], [ 558985.130729735828936, 1943207.137888984754682 ], [ 557719.236126819625497, 1943040.548955725505948 ], [ 556698.83885589055717, 1943456.115271210670471 ], [ 554807.3365548979491, 1943222.903651785105467 ], [ 553352.400234397500753, 1942923.012512857094407 ], [ 551174.244480873458087, 1943009.494236171245575 ], [ 550031.151713556610048, 1940352.555084468796849 ], [ 547148.11459887586534, 1939478.145029628649354 ], [ 546966.765161448158324, 1939422.43754817917943 ], [ 546961.899228769354522, 1939420.743551408872008 ], [ 546484.573258611373603, 1939968.115857699885964 ], [ 546381.477200792171061, 1940012.737360371276736 ], [ 545512.750415840186179, 1940387.399081192910671 ], [ 542775.424339562654495, 1937157.674673737958074 ], [ 543270.942399016581476, 1935970.387284327298403 ], [ 542470.580512088723481, 1934992.288332190364599 ], [ 543071.960129758343101, 1934044.718028858304024 ], [ 541912.735751135274768, 1932454.677646741271019 ], [ 539933.332522327080369, 1931113.928535364568233 ], [ 539124.977461646310985, 1931014.008191229775548 ], [ 536937.56042349152267, 1930260.426081728190184 ], [ 536194.224180355668068, 1928698.349984413012862 ], [ 535524.857212074100971, 1930074.732447391375899 ], [ 535284.186121752485633, 1930073.970302203670144 ], [ 535279.746454603970051, 1928487.815036613494158 ], [ 535273.262656587176025, 1926577.345595080405474 ], [ 534391.455242360010743, 1924926.865993484854698 ], [ 534330.853439819999039, 1923280.065683856606483 ], [ 534268.115403600968421, 1921587.756444720551372 ], [ 531491.886296207085252, 1919780.84020140953362 ], [ 530973.74732259567827, 1919789.884967289865017 ], [ 529255.011193973012269, 1918447.648607170209289 ], [ 529177.168676443397999, 1918392.496984142810106 ], [ 528738.255839229561388, 1918082.96068799123168 ], [ 526144.231616633012891, 1917540.080306487157941 ], [ 525522.836327301338315, 1919149.497457357123494 ], [ 524345.740518661215901, 1919355.253440523520112 ], [ 524451.110975668765604, 1919980.323104042559862 ], [ 524535.763554506003857, 1920479.660026093944907 ], [ 524773.07086639944464, 1921876.606063857674599 ], [ 524406.899803492240608, 1922325.359933454543352 ], [ 523772.402092970907688, 1923103.647750115022063 ], [ 522424.237701889127493, 1924065.998826058581471 ], [ 522745.70867570117116, 1925789.06925724260509 ], [ 520728.089189519174397, 1925017.394830478355289 ], [ 518141.77111669909209, 1924758.132356382906437 ], [ 518228.160786532796919, 1923354.690312292426825 ], [ 515508.716820923611522, 1925007.559682905673981 ], [ 515303.799107464961708, 1925882.605021262541413 ], [ 518462.838001699186862, 1926413.28525073453784 ], [ 519145.834524455480278, 1927269.602519931271672 ], [ 518894.018902846612036, 1929593.954998290166259 ], [ 518399.864934926852584, 1929738.203139523044229 ], [ 518225.379926889203489, 1931658.141464367508888 ], [ 517792.61728582251817, 1932791.056327857077122 ], [ 517437.287336746230721, 1932699.432873202487826 ], [ 517366.433018616400659, 1932056.898029232397676 ], [ 515907.933938453905284, 1931457.873347975313663 ], [ 515322.277659527957439, 1932541.318256627768278 ], [ 514923.088418150320649, 1934771.095792200416327 ], [ 514202.469020431861281, 1935343.263264192268252 ], [ 512105.353936521336436, 1935994.569064306095243 ], [ 510818.679005267098546, 1935194.122370302677155 ], [ 510304.487199364230037, 1935295.505462937057018 ], [ 509855.588009455241263, 1935384.007159696891904 ], [ 509449.219706597737968, 1935118.141276422888041 ], [ 509439.759013256058097, 1934657.880945838987827 ], [ 507839.943968569859862, 1935162.397322542965412 ], [ 506414.530519741587341, 1935040.669188566505909 ], [ 506201.002547084353864, 1933812.276903126388788 ], [ 505652.831354537047446, 1932868.250814018771052 ], [ 504717.918454775586724, 1933581.217978537082672 ], [ 503431.276229330338538, 1936799.99994545429945 ], [ 502665.947124914266169, 1936866.156952662393451 ], [ 502222.986913083121181, 1936213.040120020508766 ], [ 502222.168103746138513, 1936211.964797476306558 ], [ 501864.279733351431787, 1936123.287123134359717 ], [ 501582.401803581044078, 1936052.741058448329568 ], [ 501581.466861034743488, 1936053.801429450511932 ], [ 501473.0177396023646, 1936515.471479568630457 ], [ 501770.99413925409317, 1936953.599502112716436 ], [ 500845.197137477807701, 1938052.35272528976202 ], [ 502121.32560218218714, 1938857.708667421713471 ], [ 501180.435390466824174, 1939461.752711972221732 ], [ 501212.741832362487912, 1940378.120296385139227 ], [ 499365.85634768102318, 1940987.002337004989386 ], [ 499188.56696402002126, 1941593.013950215652585 ], [ 499574.681833735667169, 1943597.328887248411775 ], [ 498895.556216335855424, 1943777.35474787093699 ], [ 498378.248105156235397, 1945010.67356913536787 ], [ 496603.911899017170072, 1945832.331851951777935 ], [ 495383.799170233309269, 1947923.600983019918203 ], [ 495178.407030524685979, 1952448.689384581521153 ], [ 495192.135752348229289, 1952475.879754215478897 ], [ 495345.267862084321678, 1952784.735005611553788 ], [ 495517.699528936296701, 1953129.699690360575914 ], [ 495322.756495820358396, 1953252.140394574031234 ], [ 495237.694743886590004, 1953305.568668510764837 ], [ 495330.886154715903103, 1953333.783464092761278 ], [ 495514.587523615919054, 1953391.382866678759456 ], [ 495600.177185948006809, 1953418.195928627625108 ], [ 495680.378966909833252, 1953442.967626392841339 ], [ 495643.103136843070388, 1953499.533672716468573 ], [ 495458.68861795309931, 1953785.747540578246117 ], [ 495331.055400568991899, 1953982.988037548959255 ], [ 495313.847035397775471, 1954008.113197639584541 ], [ 495460.372477754950523, 1954052.016577376052737 ], [ 495695.973775213584304, 1954122.388896001502872 ], [ 495588.428547727875412, 1954775.356972249224782 ], [ 495587.55798496119678, 1954785.430546659976244 ], [ 495959.115246809087694, 1954747.205163588747382 ], [ 495936.345252874307334, 1954791.465416440740228 ], [ 495870.95741985924542, 1954918.928160358220339 ], [ 495815.162072507664561, 1955027.629570372402668 ], [ 495599.156084003858268, 1955449.086589282378554 ], [ 495572.458457974717021, 1955502.61083653755486 ], [ 495775.66189633961767, 1955922.680576903745532 ], [ 495828.967576772905886, 1956033.677859527990222 ], [ 495936.547275692224503, 1955740.378459142521024 ], [ 495980.239874274469912, 1955622.416392592713237 ], [ 496067.784748517908156, 1956203.039195347577333 ], [ 495956.079971499741077, 1956207.170703859999776 ], [ 495871.866718103177845, 1956210.327800402417779 ], [ 495759.405595107004046, 1956214.381198950111866 ], [ 495693.156035602092743, 1956216.410496398806572 ], [ 495710.020360252819955, 1956273.58835487626493 ], [ 495830.015892159193754, 1956684.859021665528417 ], [ 495878.589146706275642, 1956852.137291917577386 ], [ 495949.889869248494506, 1957102.151420803740621 ], [ 495995.896108316257596, 1957260.449233898892999 ], [ 496043.603188239969313, 1957421.896942690014839 ], [ 495931.322456693276763, 1957668.282840015366673 ], [ 495877.989845901727676, 1957636.687975445762277 ], [ 495698.309845265001059, 1957531.616364348679781 ], [ 495507.229581478051841, 1957420.496930049732327 ], [ 495464.308057069778442, 1957395.136712238192558 ], [ 495479.785547950305045, 1957426.227186234667897 ], [ 495611.787581356242299, 1957713.513487426564097 ], [ 495276.886946341022849, 1957948.948609439656138 ], [ 495335.102064068429172, 1957986.49984023720026 ], [ 495356.251379804685712, 1958000.201613238081336 ], [ 495520.447273267433047, 1958105.996383283287287 ], [ 495281.934397830627859, 1958408.525298090651631 ], [ 494798.120154210366309, 1958342.701205616816878 ], [ 494342.440234018489718, 1958282.121865982189775 ], [ 494275.507460867986083, 1958273.296325081959367 ], [ 494268.887274334207177, 1958271.582574725151062 ], [ 494271.454743159003556, 1958312.501324128359556 ], [ 494309.62681673001498, 1959032.639882644638419 ], [ 494032.059746136888862, 1959124.07535157725215 ], [ 493931.14786297082901, 1959156.582895888015628 ], [ 493939.957660750485957, 1959217.149802096188068 ], [ 493948.080606980249286, 1959274.753970954567194 ], [ 493982.195798308588564, 1959511.081107316538692 ], [ 494007.322237960062921, 1959687.980150314047933 ], [ 494161.266898926347494, 1960756.198639582842588 ], [ 494241.426603277213871, 1961019.701857412233949 ], [ 494489.099916256032884, 1961844.961556855589151 ], [ 494522.438060324639082, 1961953.090062385424972 ], [ 494632.311043054796755, 1962035.37395241111517 ], [ 494950.263803512789309, 1962271.935235902667046 ], [ 495050.716687149368227, 1962347.795969842001796 ], [ 494809.624711587093771, 1962605.538590649142861 ], [ 495105.788076110184193, 1963029.719422122463584 ], [ 495187.538506315089762, 1963146.835622297599912 ], [ 494952.962307740002871, 1963340.794673908501863 ], [ 494940.808146448805928, 1963350.700928423553705 ], [ 494953.035851768217981, 1963353.941665859892964 ], [ 495288.738626640290022, 1963450.110419198870659 ], [ 495152.700758241117001, 1963517.768051147460938 ], [ 494885.925803245976567, 1963649.743866436183453 ], [ 494947.434286995790899, 1963647.887880967929959 ], [ 495143.064102434553206, 1963643.626726554706693 ], [ 495190.100112976506352, 1963642.678797740489244 ], [ 495274.128481895662844, 1963640.411164557561278 ], [ 495588.972647831775248, 1964581.606062611564994 ], [ 495778.275283300317824, 1964468.517164420336485 ], [ 496023.330660586245358, 1964321.741525150835514 ], [ 496105.733156999573112, 1964273.606167625635862 ], [ 496112.894662159495056, 1964455.528627719730139 ], [ 496117.916945916600525, 1964599.38281187787652 ], [ 496180.866320797242224, 1964616.474126473069191 ], [ 496968.587302485480905, 1964833.689740089699626 ], [ 498285.348545639775693, 1966362.318667037412524 ], [ 498020.192703695967793, 1966887.152684278786182 ], [ 497979.089207917451859, 1966966.644247081130743 ], [ 498491.816281277686357, 1967455.778162410482764 ], [ 498612.961567559279501, 1967852.890722369775176 ], [ 498623.452311562374234, 1967884.298978926613927 ], [ 498598.487901368178427, 1967877.725027812644839 ], [ 498310.744413724169135, 1967795.713952844962478 ], [ 498307.405469117686152, 1967918.054647114127874 ], [ 498300.078710910864174, 1968208.248014407232404 ], [ 498002.661625576205552, 1968323.255401708185673 ], [ 497912.141022331081331, 1968357.876318411901593 ], [ 497968.571672764606774, 1968466.56841879338026 ], [ 498041.420664481818676, 1968609.303406164050102 ], [ 498177.255846162326634, 1968873.347040740773082 ], [ 498204.793491377495229, 1968928.863361643627286 ], [ 497886.161860213615, 1969304.502356687560678 ], [ 497216.098565459251404, 1970096.172743067145348 ], [ 497093.929278735071421, 1970241.261731004342437 ], [ 497106.227182652801275, 1970293.477500626817346 ], [ 497259.895877439528704, 1970925.324340207502246 ], [ 497010.21406261343509, 1971142.43405469506979 ], [ 495494.614395818673074, 1972458.085140816867352 ], [ 495352.237865011207759, 1972484.935209905728698 ], [ 493212.456386911682785, 1972881.89573703147471 ], [ 489987.703164096921682, 1972581.896066766232252 ], [ 489086.497695312835276, 1973101.506669037044048 ], [ 487638.826802116818726, 1970505.439552677795291 ], [ 486046.107447729445994, 1974156.977978199720383 ], [ 487042.628382883965969, 1976406.529262414202094 ], [ 488162.935791306197643, 1976479.664532097056508 ], [ 490255.992790467105806, 1977629.346700416877866 ], [ 490386.732001550495625, 1978771.61172803118825 ], [ 489342.182439227588475, 1979344.231697898358107 ], [ 489296.40767986420542, 1979761.289688087999821 ], [ 488237.926053939387202, 1980035.967590574175119 ], [ 487491.897927437908947, 1980006.659128163009882 ], [ 486358.048777037300169, 1979962.292515812441707 ], [ 486341.255889707244933, 1979962.216658541932702 ], [ 486316.994997984729707, 1979994.931935669854283 ], [ 486245.124572090804577, 1980091.642540771514177 ], [ 485481.356741085648537, 1981127.599380170926452 ], [ 484776.082927411422133, 1981285.141069212928414 ], [ 484530.484669013880193, 1981340.608021462336183 ], [ 484571.980957011692226, 1981887.396474296227098 ], [ 484633.207917284220457, 1982697.314937375485897 ], [ 480708.112993227317929, 1983518.254091072827578 ], [ 480603.161689512431622, 1983711.251280393451452 ], [ 479775.065928683616221, 1985235.352334206923842 ], [ 479592.428830524906516, 1985288.119549669325352 ], [ 478550.602165848016739, 1985590.687557216733694 ], [ 478089.565267071127892, 1985723.751708537340164 ], [ 477681.320297244936228, 1985606.932931419461966 ], [ 477510.833806307055056, 1985557.446499560028315 ], [ 477126.054400123655796, 1985447.176980910822749 ], [ 476947.448456791229546, 1985396.066628197208047 ], [ 475540.599573432467878, 1984520.831558901816607 ], [ 475095.673976585268974, 1984578.818365950137377 ], [ 474601.370890816673636, 1984644.647085279226303 ], [ 474600.317882124334574, 1984643.835798271000385 ], [ 474320.244279126636684, 1984681.247915117070079 ], [ 474273.995654358528554, 1984687.017757743597031 ], [ 474268.510707426816225, 1984711.54180103354156 ], [ 474147.233253280632198, 1985237.32858875580132 ], [ 474037.056745952926576, 1985716.192301230505109 ], [ 474022.591231972910464, 1985777.487700544297695 ], [ 473942.705245028249919, 1985798.388504333794117 ], [ 473639.861719843000174, 1985880.572185536846519 ], [ 472815.417705561965704, 1986105.327325984835625 ], [ 470694.102537729777396, 1988393.590611476451159 ], [ 470531.156093610450625, 1988569.403999999165535 ], [ 470207.436716279014945, 1988152.555922016501427 ], [ 470032.057703635655344, 1986602.662644114345312 ], [ 469317.415999266318977, 1985651.267752647399902 ], [ 468400.919698077253997, 1984432.187503337860107 ], [ 468432.217753233388066, 1984355.43641815520823 ], [ 468701.801926258020103, 1983699.764099910855293 ], [ 466917.590655055828393, 1982605.217975480481982 ], [ 465351.885053833015263, 1982249.753656955435872 ], [ 464398.649762256070971, 1983198.318682760000229 ], [ 463894.581354116089642, 1982499.909273501485586 ], [ 464406.719891074113548, 1979695.683808932080865 ], [ 463851.111288932152092, 1979492.881205666810274 ], [ 463526.489034892991185, 1977869.285038806498051 ], [ 462924.070901895873249, 1977220.271027395501733 ], [ 462858.090022697113454, 1976498.6459273211658 ], [ 462948.591283054091036, 1975602.17207277752459 ], [ 464578.895161476917565, 1973799.798474187031388 ], [ 464474.39734614174813, 1973192.10279231518507 ], [ 464171.774754894897342, 1973027.68145645968616 ], [ 463872.257300262339413, 1972864.819530772045255 ], [ 463932.952743364498019, 1972527.947315746918321 ], [ 463962.57700396887958, 1972368.012559030205011 ], [ 464024.294120963662863, 1972027.446415897458792 ], [ 463382.390845189802349, 1970651.026668002828956 ], [ 462980.528732095845044, 1969789.800125882029533 ], [ 463901.866879843175411, 1967873.287153864279389 ], [ 462681.898930913768709, 1967576.601217955350876 ], [ 461251.34337155148387, 1968352.074976498261094 ], [ 461144.707014116458595, 1968409.818034907802939 ], [ 461176.864197118207812, 1968306.605663307011127 ], [ 461206.773166107013822, 1968211.550059538334608 ], [ 461261.462465079501271, 1968039.670682448893785 ], [ 461262.032522393390536, 1968036.754209887236357 ], [ 461255.546216896735132, 1968029.141203377395868 ], [ 461252.310830226168036, 1968025.459477517753839 ], [ 461062.882171219214797, 1967807.520631488412619 ], [ 460732.090521903708577, 1967427.399226950481534 ], [ 460373.216885853558779, 1967538.03758255764842 ], [ 460150.974431042559445, 1967605.977502353489399 ], [ 460119.512889561243355, 1967615.701057031750679 ], [ 459902.696434325538576, 1966405.788928201422095 ], [ 459815.309454184025526, 1966350.099791534245014 ], [ 459664.791822148486972, 1966254.122079577296972 ], [ 459621.004786529578269, 1966226.784271858632565 ], [ 459693.554263181053102, 1966084.237892346456647 ], [ 459728.994280384853482, 1966013.643001371994615 ], [ 459766.704595312476158, 1965939.274493169039488 ], [ 459887.182765072211623, 1965926.894457234069705 ], [ 461372.548410860821605, 1965771.090659726411104 ], [ 462000.516005839221179, 1966800.325061710551381 ], [ 463632.948386769741774, 1966700.822573244571686 ], [ 462684.305435018613935, 1964074.158383736386895 ], [ 460202.97037292830646, 1964415.209858035668731 ], [ 460013.059511616826057, 1964869.797966029495001 ], [ 459974.229681923985481, 1964962.396951591596007 ], [ 459607.06853256188333, 1965293.991349158808589 ], [ 459568.262984263710678, 1965274.235113779082894 ], [ 459542.119801859371364, 1965260.705485541373491 ], [ 459268.609527738764882, 1965124.53175495006144 ], [ 459252.329437747597694, 1965116.526036197319627 ], [ 459245.963068496435881, 1965126.942428063601255 ], [ 459113.832368104718626, 1965358.741501284763217 ], [ 458997.663449302315712, 1965565.248722618445754 ], [ 458629.553921170532703, 1965072.09096347540617 ], [ 458608.530979476869106, 1965044.21402145922184 ], [ 458618.084383705630898, 1965016.56485034711659 ], [ 459023.442204674705863, 1963841.024946238845587 ], [ 459435.092820699326694, 1962646.074617944657803 ], [ 459478.71240773703903, 1962598.271373776718974 ], [ 460188.039097210392356, 1961811.668479446321726 ], [ 460702.909213843755424, 1961241.570100916549563 ], [ 460819.1763527225703, 1961113.347023347392678 ], [ 460743.895497392863035, 1961038.749683130532503 ], [ 460407.391202345490456, 1960703.108928402885795 ], [ 460836.07244015019387, 1960668.296191357076168 ], [ 460864.268928922712803, 1960666.541759124025702 ], [ 460946.332910563796759, 1960318.76272751018405 ], [ 460993.486235741525888, 1960114.434145050123334 ], [ 461142.437836980447173, 1960129.087527142837644 ], [ 461580.910041396506131, 1960175.19546633400023 ], [ 461562.65548328217119, 1959563.88494617305696 ], [ 461566.851840040646493, 1959558.864523915573955 ], [ 462441.747682649642229, 1958447.236467836424708 ], [ 462228.357597637921572, 1958181.981068229302764 ], [ 462576.931796988472342, 1957665.332675943151116 ], [ 462315.998449047096074, 1956970.212792051956058 ], [ 462570.070094021037221, 1956681.879154302179813 ], [ 462352.590103200636804, 1956334.730149948969483 ], [ 462192.783852935768664, 1955610.286609161645174 ], [ 462489.991888154298067, 1954924.532966708764434 ], [ 461781.666033641435206, 1953028.88133355602622 ], [ 462251.620717183686793, 1951259.572311038151383 ], [ 458915.637318387627602, 1950837.956796003505588 ], [ 458894.648995437659323, 1949956.669590219855309 ], [ 458891.751678635366261, 1949849.657203357666731 ], [ 456529.616788570769131, 1948102.239174272865057 ], [ 455996.273054054006934, 1946636.62221653945744 ], [ 455862.440886451862752, 1945417.683470655232668 ], [ 455410.214910031296313, 1944809.808482652530074 ], [ 452745.568103961646557, 1944280.087393691763282 ], [ 452346.648318926803768, 1943324.057759175077081 ], [ 452010.811911844648421, 1940075.58169206790626 ], [ 451383.030944720841944, 1939926.229634415358305 ], [ 449513.990889270789921, 1940895.578057296574116 ], [ 448715.633287696167827, 1940519.384405111894011 ], [ 448114.129007340408862, 1939085.271818775683641 ], [ 447407.71203139051795, 1937396.271122109144926 ], [ 447201.926886071451008, 1937401.012835966423154 ], [ 447110.453447023406625, 1937403.802516523748636 ], [ 447037.128572262823582, 1936895.404905499890447 ], [ 447012.464533980004489, 1936719.652069957926869 ], [ 446913.37242294754833, 1936033.824657429009676 ], [ 446838.252260111272335, 1935508.522685125470161 ], [ 446689.072023711167276, 1935420.489878568798304 ], [ 446140.768621277064085, 1935094.026093576103449 ], [ 446317.58322886750102, 1934318.758756939321756 ], [ 446326.473918220028281, 1934280.399420019239187 ], [ 446302.2088010488078, 1934296.926108924672008 ], [ 446069.343108900822699, 1934454.450404517352581 ], [ 446065.184154476970434, 1934419.653782300651073 ], [ 446040.230559062212706, 1934210.874448562040925 ], [ 446020.486888233572245, 1934053.853353165090084 ], [ 446003.920936801470816, 1933915.790281776338816 ], [ 445932.585445056669414, 1933904.059889363124967 ], [ 445798.035298765636981, 1933882.349239530041814 ], [ 445372.563651361502707, 1933812.557991743087769 ], [ 445936.525893400423229, 1932953.23407880589366 ], [ 446234.207542276009917, 1932500.255658691748977 ], [ 446240.635053618811071, 1932490.843760885298252 ], [ 446216.344732076860964, 1932454.416156440973282 ], [ 445920.082238503731787, 1932008.818618014454842 ], [ 445994.54594983253628, 1931897.294280586764216 ], [ 446197.732806292362511, 1931592.266215210780501 ], [ 446045.97513572871685, 1931219.970748161897063 ], [ 445816.892782717011869, 1930654.297219706699252 ], [ 445721.437819925136864, 1930418.851809086278081 ], [ 445725.555559282191098, 1929850.75715684145689 ], [ 445730.29421750549227, 1929175.472507698461413 ], [ 444237.168721739202738, 1927377.078329974785447 ], [ 444339.363948796875775, 1927151.436684103682637 ], [ 441843.24002684187144, 1923577.83652288839221 ], [ 440378.486794831231236, 1921509.518495790660381 ], [ 435401.367229889146984, 1914481.701635971665382 ], [ 434269.582945020869374, 1915241.553376147523522 ], [ 433907.477870357222855, 1915299.82554654031992 ], [ 433596.233504231087863, 1915375.106350801885128 ], [ 433631.827805629000068, 1915294.812713274732232 ], [ 433636.350405951030552, 1915250.479076493531466 ], [ 433612.756959304213524, 1915208.882093381136656 ], [ 433570.458498192951083, 1915172.444574015215039 ], [ 433515.133489855565131, 1915123.669823622331023 ], [ 433484.197926403023303, 1915084.778808923438191 ], [ 433420.721380586735904, 1915017.483691906556487 ], [ 433383.309071216732264, 1914950.707580657675862 ], [ 433361.87451396137476, 1914858.915854271501303 ], [ 433362.75195215921849, 1914852.854311862960458 ], [ 433368.054058597423136, 1914768.423693399876356 ], [ 433387.171522909775376, 1914623.942935610190034 ], [ 433381.854883329942822, 1914497.240440482273698 ], [ 433354.210690973326564, 1914454.89264027774334 ], [ 433317.645012686029077, 1914422.106470478698611 ], [ 433307.642197517678142, 1914369.533783402293921 ], [ 433280.769545335322618, 1914307.239122450351715 ], [ 432434.65919448249042, 1914415.519334007054567 ], [ 432087.601320401765406, 1914689.24140333943069 ], [ 431834.304339043796062, 1914863.938766796141863 ], [ 431840.037614766508341, 1914875.725018246099353 ], [ 431846.561896169558167, 1914892.218329712748528 ], [ 431863.163548924960196, 1914954.397010639309883 ], [ 431830.983536197803915, 1915049.497105525806546 ], [ 431786.502428584732115, 1915083.15437082760036 ], [ 431727.560835151933134, 1915133.973797407001257 ], [ 431668.608214091509581, 1915188.673690613359213 ], [ 431666.469714759849012, 1915279.793200720101595 ], [ 431706.447749306447804, 1915351.669055454432964 ], [ 431737.956805384717882, 1915383.642290394753218 ], [ 431727.897163623012602, 1915480.256974766030908 ], [ 431669.473274829797447, 1915507.014912039041519 ], [ 431620.36521271429956, 1915567.115271918475628 ], [ 431565.560578796081245, 1915656.603197252377868 ], [ 431522.821138151921332, 1915771.254226880148053 ], [ 431487.661999144591391, 1915935.750677520409226 ], [ 431464.099778871051967, 1916097.529679706320167 ], [ 431466.721694437786937, 1916160.321792177855968 ], [ 431483.814482026733458, 1916222.346451796591282 ], [ 431496.886300536803901, 1916255.707936098799109 ], [ 431501.100407873280346, 1916267.212737027555704 ], [ 431529.396476099267602, 1916283.614969801157713 ], [ 431598.402628499083221, 1916286.366823304444551 ], [ 431715.966990779154003, 1916293.131765827536583 ], [ 431783.337780213914812, 1916314.006917078047991 ], [ 431836.1549485726282, 1916370.823887942358851 ], [ 431889.78506466280669, 1916424.586931228637695 ], [ 431975.148186994716525, 1916465.253150921314955 ], [ 431999.541163454763591, 1916519.818737652152777 ], [ 431986.840181900188327, 1916577.674217376857996 ], [ 431993.811578289605677, 1916678.496740395203233 ], [ 432035.224447974003851, 1916741.14895461499691 ], [ 432096.236799818463624, 1916821.240500194951892 ], [ 432125.702605334110558, 1916856.59446488134563 ], [ 432168.053547381423414, 1916906.047258460894227 ], [ 432247.521064563654363, 1916924.17316004820168 ], [ 432279.99400157481432, 1916931.180915139615536 ], [ 432394.968211156316102, 1916904.061288705095649 ], [ 432489.06153273023665, 1916952.323667885735631 ], [ 432489.441692005842924, 1917023.390232311561704 ], [ 432461.098846250213683, 1917075.202599374577403 ], [ 431856.17377301864326, 1917527.054227145388722 ], [ 431151.882062406279147, 1918040.103735242038965 ], [ 430280.223740828223526, 1918676.743482206016779 ], [ 429154.685463579371572, 1919524.036594474688172 ], [ 429011.473555337637663, 1919612.971156207844615 ], [ 428892.750968581065536, 1919705.277166793122888 ], [ 428741.45200262684375, 1919772.68097853846848 ], [ 428498.644053117372096, 1919910.936449192464352 ], [ 428462.486183085478842, 1919974.120718279853463 ], [ 428436.035363257862628, 1920077.009868940338492 ], [ 428344.651776974089444, 1920137.715758228674531 ], [ 428309.007101168856025, 1920119.886492745950818 ], [ 428234.989142180420458, 1920076.510688656941056 ], [ 428148.427524558268487, 1920093.611834172159433 ], [ 428076.271000707522035, 1920133.230900604277849 ], [ 427975.095229242928326, 1920189.40807993337512 ], [ 427868.665789048187435, 1920355.303865948691964 ], [ 427785.718728835694492, 1920463.553025854751468 ], [ 427607.785757611505687, 1920614.705651454627514 ], [ 427499.623155083507299, 1920683.454297099262476 ], [ 427438.881258875131607, 1920697.085888769477606 ], [ 427366.856903159059584, 1920726.683065271005034 ], [ 427247.803904292173684, 1920781.207687251269817 ], [ 427174.984338431619108, 1920846.651440363377333 ], [ 427116.406847963109612, 1920960.408254714682698 ], [ 427143.11361566092819, 1920995.686845105141401 ], [ 427185.587717245332897, 1921055.277611836791039 ], [ 427209.989304440096021, 1921097.832828501239419 ], [ 427242.840874483808875, 1921245.008215758949518 ], [ 427311.050373950973153, 1921238.802040588110685 ], [ 427345.713094887323678, 1921167.57329292781651 ], [ 427366.505120784975588, 1921131.245002364739776 ], [ 427444.215542328543961, 1921096.415648302063346 ], [ 427463.876209184527397, 1921151.404216513037682 ], [ 427468.995551369152963, 1921206.037323312833905 ], [ 427472.441826034337282, 1921257.894729001447558 ], [ 427439.466939949430525, 1921324.012914128601551 ], [ 427396.577903964556754, 1921391.743496254086494 ], [ 427331.984939387068152, 1921468.822460325434804 ], [ 427273.641042238101363, 1921448.260542124509811 ], [ 427233.959466858766973, 1921429.928037056699395 ], [ 427164.188433085568249, 1921439.234420800581574 ], [ 427113.26965454313904, 1921474.164995461702347 ], [ 427040.471537485718727, 1921531.847618404775858 ], [ 426988.878446413204074, 1921580.212734587490559 ], [ 426982.801313059404492, 1921676.591576801612973 ], [ 426942.595231154933572, 1921812.248855698853731 ], [ 426906.319443562999368, 1921873.564037242904305 ], [ 426884.944613329134881, 1922014.194629546254873 ], [ 426827.125485967844725, 1922176.848094325512648 ], [ 426759.861475029028952, 1922169.9779437109828 ], [ 426652.40234562382102, 1922205.513630928471684 ], [ 426621.859208134934306, 1922278.617326272651553 ], [ 426574.143373599275947, 1922365.546583095565438 ], [ 426551.924798319116235, 1922472.183867203071713 ], [ 426570.981443926692009, 1922558.003189165145159 ], [ 426593.870001557283103, 1922628.816360156983137 ], [ 426653.013370236381888, 1922654.211703334003687 ], [ 426724.486672355793417, 1922705.007950592786074 ], [ 426805.858383050188422, 1922745.806375846266747 ], [ 426863.505568014457822, 1922771.293748591095209 ], [ 427051.219750217162073, 1922941.224371677264571 ], [ 427060.61451171617955, 1923097.735704468563199 ], [ 427106.498682893812656, 1923172.013853380456567 ], [ 427158.337622615508735, 1923200.737997611984611 ], [ 427214.435199317522347, 1923225.444496091455221 ], [ 427255.70166044216603, 1923232.915045043453574 ], [ 427302.842829396016896, 1923286.963019693270326 ], [ 427358.063195900060236, 1923325.867928251624107 ], [ 427434.681032501161098, 1923395.122614704072475 ], [ 427493.229826589114964, 1923451.471628045663238 ], [ 427551.998612579889596, 1923560.129208624362946 ], [ 427551.631842467933893, 1923696.339786674827337 ], [ 427547.651962337084115, 1923765.805746151134372 ], [ 427545.365173935890198, 1923805.876910444349051 ], [ 427540.712387007661164, 1923860.363679088652134 ], [ 427588.134192963130772, 1923951.445990558713675 ], [ 427597.463718176819384, 1924050.008397284895182 ], [ 427586.261647405102849, 1924107.903233887627721 ], [ 427544.306464864872396, 1924166.441883562132716 ], [ 427491.012889846228063, 1924223.801796223968267 ], [ 427431.169850785285234, 1924284.569570345804095 ], [ 427421.757613598369062, 1924363.383575959131122 ], [ 427433.355022182688117, 1924425.631488956511021 ], [ 427467.542297805659473, 1924464.45642239972949 ], [ 427590.172085230238736, 1924545.020921964198351 ], [ 427675.584844031371176, 1924639.14502159692347 ], [ 427697.783909540623426, 1924698.736880896613002 ], [ 427750.643210945650935, 1924784.603298615664244 ], [ 427772.153099456802011, 1924857.381155382841825 ], [ 427802.327240868471563, 1924932.629225829616189 ], [ 427852.183808280155063, 1925030.697827132418752 ], [ 427872.659612828865647, 1925082.635323576629162 ], [ 427943.322885415516794, 1925128.349725358188152 ], [ 427972.316936853341758, 1925107.285332854837179 ], [ 428044.22719297837466, 1925079.820083636790514 ], [ 428083.185444332659245, 1925090.436745569109917 ], [ 428136.842391004785895, 1925128.311809100210667 ], [ 428183.327300759963691, 1925159.493961645290256 ], [ 428273.351435892283916, 1925230.927299646660686 ], [ 428321.348290340043604, 1925262.266533832997084 ], [ 428415.554485832341015, 1925328.434892136603594 ], [ 428488.662012796849012, 1925369.116241928189993 ], [ 428547.200282083824277, 1925441.489186007529497 ], [ 428569.402434876188636, 1925517.354234194383025 ], [ 428591.579165042378008, 1925604.987551180645823 ], [ 428618.697001829743385, 1925683.428771708160639 ], [ 428644.984039621427655, 1925776.817380588501692 ], [ 428649.194619698449969, 1925820.745314517989755 ], [ 428646.78320175036788, 1925870.964906148612499 ], [ 428629.160381087101996, 1925909.980215834453702 ], [ 428574.94392813462764, 1925952.37836598791182 ], [ 428541.124958668835461, 1925992.642646744847298 ], [ 428546.950639020651579, 1926034.343147110193968 ], [ 428581.837343251332641, 1926068.243359180167317 ], [ 428618.362782672978938, 1926071.874684264883399 ], [ 428667.708420113660395, 1926047.927493603900075 ], [ 428683.86845990549773, 1926033.912624765187502 ], [ 428750.866159858182073, 1925991.727665171027184 ], [ 428778.423947080038488, 1925992.031319694593549 ], [ 428789.141735757701099, 1925999.381832640618086 ], [ 428844.415051642805338, 1926035.029100237414241 ], [ 428884.033945630304515, 1926076.648716408759356 ], [ 428981.676554479636252, 1926145.734558099880815 ], [ 429036.83940258435905, 1926155.226353703066707 ], [ 429088.539272472262383, 1926149.159229706972837 ], [ 429141.120378280058503, 1926133.023493343964219 ], [ 429177.487918616272509, 1926101.614434350281954 ], [ 429241.33111365698278, 1926028.579365737736225 ], [ 429274.19725236017257, 1925952.572685971856117 ], [ 429278.868369995616376, 1925874.048778034746647 ], [ 429272.297327030450106, 1925828.388773513957858 ], [ 429264.67712723556906, 1925769.77508432045579 ], [ 429282.204276478849351, 1925676.43881113640964 ], [ 429348.84250736515969, 1925709.632106779143214 ], [ 429365.952403608709574, 1925743.501341838389635 ], [ 429389.730234303511679, 1925800.242325596511364 ], [ 429401.309100826270878, 1925878.389902455732226 ], [ 429428.43354828003794, 1925969.09804885648191 ], [ 429489.249001278541982, 1926013.415693191811442 ], [ 429574.515211741439998, 1926036.071774294599891 ], [ 429627.132299390621483, 1926032.701547222211957 ], [ 429710.496693161316216, 1926036.69809141382575 ], [ 429749.402989757247269, 1926026.162001585587859 ], [ 429755.085499007254839, 1926024.935287620872259 ], [ 429830.259935685433447, 1925961.089876750484109 ], [ 429836.602616218850017, 1925905.620643962174654 ], [ 429841.212594564072788, 1925834.235651450231671 ], [ 429853.749700146727264, 1925761.485586356371641 ], [ 429884.525319276377559, 1925724.663070537149906 ], [ 429952.718430696055293, 1925734.351718321442604 ], [ 430012.563681426458061, 1925754.819690939038992 ], [ 430053.192658335901797, 1925772.216853236779571 ], [ 430109.112290915101767, 1925789.922623094171286 ], [ 430156.112575890496373, 1925792.906905407086015 ], [ 430213.938693463802338, 1925833.402395639568567 ], [ 430255.304126542061567, 1925874.913208846002817 ], [ 430299.561885084956884, 1925963.312286578118801 ], [ 430338.520715313032269, 1926051.036901028826833 ], [ 430341.955302961170673, 1926053.954477010294795 ], [ 430440.86338338535279, 1926082.652600321918726 ], [ 430453.840196295641363, 1926081.977277496829629 ], [ 430498.299270556308329, 1926076.230447854846716 ], [ 430551.876223024912179, 1926051.895547857508063 ], [ 430619.813865335658193, 1926069.610599858686328 ], [ 430663.056348895654082, 1926113.133504061028361 ], [ 430658.288561054505408, 1926149.478809697553515 ], [ 430619.650105585344136, 1926204.937814317643642 ], [ 430595.367023416794837, 1926241.485645262524486 ], [ 430599.448286178521812, 1926283.293673787266016 ], [ 430630.630765895359218, 1926350.46832756511867 ], [ 430672.981562066823244, 1926407.941214296966791 ], [ 430741.967167805880308, 1926450.75241063348949 ], [ 430765.558711277320981, 1926508.506375046446919 ], [ 430804.789284951984882, 1926560.038055725395679 ], [ 430834.182088011875749, 1926614.429903326556087 ], [ 430853.701165106147528, 1926687.331511732190847 ], [ 430863.566490601748228, 1926737.670680219307542 ], [ 430873.640767661854625, 1926848.208147445693612 ], [ 430890.146550420671701, 1926937.193703191354871 ], [ 430911.582874124869704, 1927049.283765345811844 ], [ 430928.093924678862095, 1927122.121089767664671 ], [ 430954.509645498357713, 1927225.64238403365016 ], [ 430979.019930836744606, 1927314.510145053267479 ], [ 431016.431036000140011, 1927381.176234740763903 ], [ 431089.761957125738263, 1927449.757087830454111 ], [ 431164.980178356170654, 1927419.078574353829026 ], [ 431227.303240494802594, 1927374.174015222117305 ], [ 431318.635297311469913, 1927308.452105168253183 ], [ 431372.6610172893852, 1927279.206240827217698 ], [ 431437.613630218431354, 1927289.093337209895253 ], [ 431456.294051982462406, 1927319.986749770119786 ], [ 431458.941143454052508, 1927362.885378420352936 ], [ 431449.469855518080294, 1927424.432594202458858 ], [ 431458.416508699767292, 1927484.217475092038512 ], [ 431518.595727236010134, 1927538.462592344731092 ], [ 431592.340966922231019, 1927556.945167137309909 ], [ 431733.705048027448356, 1927624.456666693091393 ], [ 431784.784420660696924, 1927665.117758307605982 ], [ 431856.154015820473433, 1927701.897868232801557 ], [ 431950.278610154986382, 1927742.280840903520584 ], [ 432068.658094516955316, 1927761.888894820585847 ], [ 432143.450446420349181, 1927797.330844081938267 ], [ 432199.410704005509615, 1927835.937912844121456 ], [ 432238.460111119784415, 1927892.613327123224735 ], [ 432265.533038020133972, 1927966.1763516664505 ], [ 432286.967966872267425, 1928053.857400823384523 ], [ 432326.839855307713151, 1928095.460391636937857 ], [ 432352.793810673989356, 1928154.947140606120229 ], [ 432320.648366054520011, 1928210.133480124175549 ], [ 432254.15793907083571, 1928232.138337383046746 ], [ 432184.620613790117204, 1928253.454909892752767 ], [ 432132.063556651584804, 1928257.825305353850126 ], [ 432065.462339928373694, 1928261.810604585334659 ], [ 431934.406233897432685, 1928255.878503177314997 ], [ 431822.582043539732695, 1928293.824790503829718 ], [ 431784.716933753341436, 1928317.192155377939343 ], [ 431745.797119772061706, 1928343.75414952263236 ], [ 431685.966319398954511, 1928380.369335643947124 ], [ 431628.507853693328798, 1928422.972025664523244 ], [ 431572.907109590247273, 1928491.623194510117173 ], [ 431530.841178176924586, 1928544.292077889665961 ], [ 431518.253781682811677, 1928604.02987708710134 ], [ 431531.321277181617916, 1928637.273212343454361 ], [ 431576.702343497425318, 1928650.49617263674736 ], [ 431623.720200629904866, 1928653.728648342192173 ], [ 431689.485534458421171, 1928672.703837376087904 ], [ 431728.475277001038194, 1928716.239829946309328 ], [ 431739.220889579504728, 1928768.654289627447724 ], [ 431711.786947621963918, 1928847.460130913183093 ], [ 431680.496581178158522, 1928904.346594763919711 ], [ 431665.883509484119713, 1928943.429330982267857 ], [ 431684.24290765542537, 1929066.478429833427072 ], [ 431724.935813366435468, 1929105.152608346194029 ], [ 431758.312417194247246, 1929151.038226388394833 ], [ 431808.589349043555558, 1929203.016350237652659 ], [ 431880.234286569990218, 1929288.852464329451323 ], [ 431937.978365615010262, 1929360.399228969588876 ], [ 431998.100071754306555, 1929401.504653548821807 ], [ 432081.693424480967224, 1929437.531042205169797 ], [ 432168.417113894596696, 1929447.200573079288006 ], [ 432260.063019434921443, 1929451.433607472106814 ], [ 432347.498094906099141, 1929448.290161645039916 ], [ 432390.376428411342204, 1929473.684847431257367 ], [ 432463.463631616905332, 1929530.138389671221375 ], [ 432529.377842137590051, 1929600.179054299369454 ], [ 432538.606258775107563, 1929680.729165712371469 ], [ 432502.304931321181357, 1929696.990650059655309 ], [ 432460.245314294472337, 1929741.64899349398911 ], [ 432467.857081114314497, 1929816.290206920355558 ], [ 432467.208814499899745, 1929858.517641060054302 ], [ 432455.219519579783082, 1929952.270420100539923 ], [ 432420.65159847587347, 1929984.448683300986886 ], [ 432343.614318429492414, 1930026.258762568235397 ], [ 432301.586930240504444, 1930018.712841646745801 ], [ 432252.118614878505468, 1929987.966097539290786 ], [ 432219.456891255453229, 1929973.958324542269111 ], [ 432160.345773622393608, 1929965.463791748508811 ], [ 432087.499329569749534, 1929989.989634452387691 ], [ 431978.22486268915236, 1930032.787465065717697 ], [ 431919.404295542277396, 1930061.454906484112144 ], [ 431861.775452816858888, 1930081.035381080582738 ], [ 431824.494757644832134, 1930073.321357000619173 ], [ 431791.212509823963046, 1930065.485729554668069 ], [ 431751.401103760115802, 1930024.878822974860668 ], [ 431727.747106135822833, 1929953.981352811679244 ], [ 431721.874163897708058, 1929899.387380661442876 ], [ 431753.340220703743398, 1929857.511338282376528 ], [ 431778.097213784232736, 1929763.721957970410585 ], [ 431738.061698013916612, 1929691.081705713644624 ], [ 431700.781253724358976, 1929683.367630105465651 ], [ 431646.72323730494827, 1929691.836304692551494 ], [ 431472.64263395126909, 1929743.389374142512679 ], [ 431429.668137938715518, 1929761.063527965918183 ], [ 431373.977701669558883, 1929783.65345011651516 ], [ 431357.02494556736201, 1929853.801842970773578 ], [ 431368.754215086810291, 1929914.04333907738328 ], [ 431386.634788351133466, 1929952.248199589550495 ], [ 431415.084820803254843, 1929999.440137019380927 ], [ 431459.990422450937331, 1930053.628508318215609 ], [ 431502.819573982618749, 1930082.281937504187226 ], [ 431557.343616991303861, 1930125.987054545432329 ], [ 431578.615911785513163, 1930182.635385852307081 ], [ 431599.948093159124255, 1930252.424608679488301 ], [ 431591.300609749741852, 1930307.038707045838237 ], [ 431583.284526847302914, 1930351.598979780450463 ], [ 431542.163038980215788, 1930391.191859010607004 ], [ 431482.168942471034825, 1930404.909110674634576 ], [ 431393.180160075426102, 1930419.41407698020339 ], [ 431353.403280117549002, 1930423.996856141835451 ], [ 431325.832739260978997, 1930427.576001185923815 ], [ 431215.437770090997219, 1930387.318103961646557 ], [ 431194.345872373320162, 1930329.531635819002986 ], [ 431157.717382089234889, 1930275.583194248378277 ], [ 431133.128678082488477, 1930234.16158976778388 ], [ 431094.35005344543606, 1930218.4024304933846 ], [ 431053.01968178153038, 1930226.210504323244095 ], [ 431048.0927908513695, 1930227.516001312062144 ], [ 431005.91994946077466, 1930246.016852281987667 ], [ 431000.42946904618293, 1930250.361589528620243 ], [ 430952.781247616745532, 1930342.434246396645904 ], [ 430959.551772432401776, 1930375.065700922161341 ], [ 430994.550966450944543, 1930439.129812695086002 ], [ 431062.889715943485498, 1930507.896860554814339 ], [ 431144.823356388136744, 1930594.102301348000765 ], [ 431174.222361053340137, 1930624.210861934348941 ], [ 431247.325459040701389, 1930680.916319869458675 ], [ 431318.569444911554456, 1930703.435188600793481 ], [ 431411.033092336729169, 1930720.888893146067858 ], [ 431453.119690956547856, 1930713.159020587801933 ], [ 431559.952279715798795, 1930675.394583463668823 ], [ 431597.946561590768397, 1930658.152581935748458 ], [ 431646.541478585451841, 1930630.116211807355285 ], [ 431715.170606325380504, 1930577.80902674049139 ], [ 431790.42027651425451, 1930511.07231024093926 ], [ 431816.14212806802243, 1930469.425128160044551 ], [ 431883.081965432502329, 1930414.092500187456608 ], [ 431966.474029777571559, 1930390.042521381750703 ], [ 432052.50928320735693, 1930404.762265469878912 ], [ 432132.09010440018028, 1930460.941437670961022 ], [ 432137.165954562835395, 1930518.839909745380282 ], [ 432135.736825275234878, 1930572.758401408791542 ], [ 432117.388104257173836, 1930685.182056270539761 ], [ 432111.341328695416451, 1930773.812170034274459 ], [ 432124.311018068343401, 1930833.852648345753551 ], [ 432133.496170752681792, 1930909.650016251951456 ], [ 432115.912923153489828, 1930969.573432391509414 ], [ 432095.92317146807909, 1931027.016497017815709 ], [ 432124.498957288451493, 1931084.34134703874588 ], [ 432163.563069798983634, 1931124.994807021692395 ], [ 432219.454220318235457, 1931166.4874481074512 ], [ 432253.73784154932946, 1931190.535589132457972 ], [ 432300.782213957048953, 1931222.559216586872935 ], [ 432379.557588963769376, 1931273.780961330980062 ], [ 432455.900421277619898, 1931346.434811824932694 ], [ 432511.103745218366385, 1931401.114564046263695 ], [ 432532.37130584474653, 1931465.7760593239218 ], [ 432528.606988676823676, 1931567.035688769072294 ], [ 432507.124007166363299, 1931620.565578151494265 ], [ 432492.632632633671165, 1931653.508492911234498 ], [ 432462.895407356321812, 1931727.453043173998594 ], [ 432418.560415256768465, 1931800.170558581128716 ], [ 432364.502226566895843, 1931897.90026855096221 ], [ 432363.127270584926009, 1931972.973679430782795 ], [ 432373.957414280623198, 1932079.467562111094594 ], [ 432414.739172263070941, 1932168.213605720549822 ], [ 432457.362560601904988, 1932274.62307339347899 ], [ 432517.532369325868785, 1932348.902306469157338 ], [ 432570.308656676672399, 1932408.865503877401352 ], [ 432610.413434380665421, 1932486.636890081688762 ], [ 432637.361546114087105, 1932554.078573893755674 ], [ 432682.119553981348872, 1932642.329252626746893 ], [ 432740.788924908265471, 1932732.850975420325994 ], [ 432814.624410727992654, 1932805.410443004220724 ], [ 432875.032469994388521, 1932895.699732679873705 ], [ 432925.492586131207645, 1932978.966575993224978 ], [ 432930.492624460719526, 1933035.620102884247899 ], [ 432934.91096275113523, 1933119.351046774536371 ], [ 432956.226394644007087, 1933225.324617560952902 ], [ 432954.952866253443062, 1933342.583208309486508 ], [ 432973.966360716149211, 1933431.547894025221467 ], [ 433016.238946166820824, 1933520.078199526295066 ], [ 433101.64880211930722, 1933625.976064199581742 ], [ 433177.337010246701539, 1933724.461877418681979 ], [ 433277.358987098559737, 1933803.417396446689963 ], [ 433373.295611396431923, 1933925.691672965884209 ], [ 433485.407056404277682, 1934026.059878697618842 ], [ 433588.541658070869744, 1934102.694745037704706 ], [ 433676.920724019408226, 1934159.333324804902077 ], [ 433736.637619495391846, 1934270.82417282089591 ], [ 433731.240843982435763, 1934390.217279266566038 ], [ 433692.616306693293154, 1934445.935378018766642 ], [ 433610.882120644673705, 1934509.073055801913142 ], [ 433559.386722525581717, 1934567.213528167456388 ], [ 433514.887466666288674, 1934608.897040992975235 ], [ 433486.71512124221772, 1934696.019725751131773 ], [ 433407.934739629738033, 1934811.05625825189054 ], [ 433313.224199787713587, 1934870.863779675215483 ], [ 433196.307433614507318, 1935033.325727522373199 ], [ 433157.646896060556173, 1935104.695825066417456 ], [ 433156.019693242385983, 1935122.949718821793795 ], [ 433177.153236193582416, 1935140.799791840836406 ], [ 433205.580501449294388, 1935151.063319964334369 ], [ 433219.289055856876075, 1935154.097933448851109 ], [ 433233.941467390395701, 1935156.197890536859632 ], [ 433265.676092341542244, 1935163.252464881166816 ], [ 433315.944671915844083, 1935162.276789298281074 ], [ 433378.115387444384396, 1935151.301608556881547 ], [ 433421.844122493639588, 1935129.571551101282239 ], [ 433441.118660599924624, 1935121.370358115062118 ], [ 433538.410762117244303, 1935091.199590155854821 ], [ 433592.736643253825605, 1935095.106175359338522 ], [ 433603.934149526059628, 1935110.189380237832665 ], [ 433596.906861012801528, 1935178.855176713317633 ], [ 433587.27209660410881, 1935221.516061574220657 ], [ 433562.729737573303282, 1935343.094899073243141 ], [ 433558.833837002515793, 1935393.539276471361518 ], [ 433508.002308660186827, 1935490.826146978884935 ], [ 433463.683009911328554, 1935551.654282758012414 ], [ 433442.020486044697464, 1935573.899863814935088 ], [ 433397.401967278681695, 1935617.719719890505075 ], [ 433294.036756803281605, 1935679.314451161772013 ], [ 433223.501243891194463, 1935680.54000580497086 ], [ 433177.495872270315886, 1935681.627978587523103 ], [ 433005.789801425300539, 1935707.003428041934967 ], [ 432874.522562136873603, 1935722.244591942057014 ], [ 432706.149711960926652, 1935740.777967132627964 ], [ 432591.200879746116698, 1935760.770116966217756 ], [ 432555.016289403662086, 1935783.035655835643411 ], [ 432482.887327965348959, 1935839.570828629657626 ], [ 432419.354987805709243, 1935917.73524666018784 ], [ 432385.576017949730158, 1936035.753785841166973 ], [ 432405.325621973723173, 1936079.856208678334951 ], [ 432497.712960111908615, 1936095.937014577910304 ], [ 432572.863682087510824, 1936084.286292638629675 ], [ 432627.133311646059155, 1936071.045112330466509 ], [ 432683.75572438724339, 1936059.411398354917765 ], [ 432738.896841778419912, 1936048.119487535208464 ], [ 432825.341758032329381, 1936036.897935418412089 ], [ 432917.227482443675399, 1936077.29747168533504 ], [ 432949.440028881654143, 1936092.085067523643374 ], [ 433019.389782760292292, 1936113.807210287079215 ], [ 433045.203190405853093, 1936138.504936585202813 ], [ 433062.392165655270219, 1936157.350083794444799 ], [ 433088.41861024312675, 1936209.828658105805516 ], [ 433126.843760665506124, 1936276.565479366108775 ], [ 433166.571840327233076, 1936352.236185923218727 ], [ 433243.895805519074202, 1936436.602915570139885 ], [ 433310.445393733680248, 1936492.463656652718782 ], [ 433370.551761612296104, 1936512.915374444797635 ], [ 433532.60649523511529, 1936533.957278467714787 ], [ 433625.037255656905472, 1936587.217871941626072 ], [ 433636.53540666308254, 1936659.874431198462844 ], [ 433622.481512183323503, 1936764.782911470159888 ], [ 433595.118039258755744, 1936832.578065857291222 ], [ 433556.681535301730037, 1936948.132183581590652 ], [ 433538.229293171316385, 1937034.532780976966023 ], [ 433533.494386045262218, 1937091.665966607630253 ], [ 433531.291927547194064, 1937128.986395541578531 ], [ 433482.132360031828284, 1937492.599593782797456 ], [ 433486.730066377669573, 1937599.487666707485914 ], [ 433545.213419084437191, 1937686.897188540548086 ], [ 433583.4297776510939, 1937721.847035666927695 ], [ 433616.698628940619528, 1937753.721988720819354 ], [ 433658.514722628518939, 1937875.339360726997256 ], [ 433642.213277471251786, 1937899.258014142513275 ], [ 433626.925033747218549, 1937923.364502713084221 ], [ 433594.085075220093131, 1937975.473339596763253 ], [ 433482.410387166775763, 1938032.325586840510368 ], [ 433408.119072207249701, 1938070.092016918584704 ], [ 433393.538638767786324, 1938138.100749120116234 ], [ 433400.334674465470016, 1938223.820202020928264 ], [ 433417.780771190300584, 1938327.912856083363295 ], [ 433437.553230775520205, 1938416.962886704131961 ], [ 433457.223225839436054, 1938528.681094573810697 ], [ 433495.960897715762258, 1938681.54061446338892 ], [ 433522.967837528325617, 1938770.144336627796292 ], [ 433555.424938910640776, 1938825.357833135873079 ], [ 433584.806854197755456, 1938875.377524267882109 ], [ 433620.626138028688729, 1938948.537977114319801 ], [ 433661.482819573022425, 1939082.987745605409145 ], [ 433684.387449646368623, 1939153.815914534032345 ], [ 433758.41430972982198, 1939233.381147719919682 ], [ 433794.835046426393092, 1939231.131697891280055 ], [ 433828.012836702167988, 1939229.082523228600621 ], [ 433913.91408150177449, 1939188.719682797789574 ], [ 434001.128128967247903, 1939133.125963831320405 ], [ 434059.350083907134831, 1939090.591307962313294 ], [ 434138.454013577662408, 1939049.646476399153471 ], [ 434185.48273747228086, 1939048.870033897459507 ], [ 434275.370469264686108, 1939089.267534002661705 ], [ 434291.794869318604469, 1939132.199612021446228 ], [ 434300.205561110749841, 1939239.981724454089999 ], [ 434310.275717987678945, 1939370.573951952159405 ], [ 434354.479342695325613, 1939482.15529428049922 ], [ 434381.590002096258104, 1939580.519318284466863 ], [ 434385.661106030456722, 1939642.369551964104176 ], [ 434355.063280651345849, 1939698.348323747515678 ], [ 434256.577124441973865, 1939721.459950326010585 ], [ 434160.327268520370126, 1939756.453011054545641 ], [ 434090.864558398723602, 1939819.715452404692769 ], [ 434068.471220274455845, 1939923.391661547124386 ], [ 434085.718266360461712, 1939971.53220378421247 ], [ 434143.344976695254445, 1940040.9676657859236 ], [ 434228.594461862929165, 1940115.708392826840281 ], [ 434310.580046981573105, 1940165.985077943652868 ], [ 434397.438362386077642, 1940258.656045135110617 ], [ 434458.323140974156559, 1940307.857206540182233 ], [ 434488.554150508716702, 1940339.169386403635144 ], [ 434536.633760691620409, 1940428.35127622820437 ], [ 434624.520610865205526, 1940566.033256266266108 ], [ 434709.660638207569718, 1940643.034399177879095 ], [ 434781.682965312153101, 1940641.464566871523857 ], [ 434900.145966862328351, 1940678.218568317592144 ], [ 434893.862767425365746, 1940754.858002664521337 ], [ 434837.468574308790267, 1940867.523127805441618 ], [ 434775.650511465966702, 1940977.518523091450334 ], [ 434736.242425243370235, 1941057.081285767257214 ], [ 434653.714306687936187, 1941087.221530888229609 ], [ 434480.222172508947551, 1941083.916330154985189 ], [ 434352.11811030190438, 1941000.553481394425035 ], [ 434254.643459402956069, 1940926.567092346027493 ], [ 434219.728270248509943, 1940904.558815339580178 ], [ 434014.601776459254324, 1940774.242603983730078 ], [ 433958.355904096737504, 1940670.414125267416239 ], [ 433886.715830223634839, 1940564.656853193417192 ], [ 433811.889864723198116, 1940455.966277310624719 ], [ 433752.679340901784599, 1940409.540692385286093 ], [ 433713.740581065416336, 1940379.141547536477447 ], [ 433609.096919040195644, 1940367.449668625369668 ], [ 433559.942961203865707, 1940394.650389216840267 ], [ 433408.388599340803921, 1940401.881873676553369 ], [ 433289.441986987367272, 1940430.262501554563642 ], [ 433178.724530561827123, 1940462.141345394775271 ], [ 433069.503718053922057, 1940493.927588369697332 ], [ 433032.139981232583523, 1940505.249820051714778 ], [ 432993.54875400941819, 1940573.742259604856372 ], [ 433024.721679567359388, 1940668.978059226647019 ], [ 433082.250349001958966, 1940712.50343225710094 ], [ 433137.475275632925332, 1940751.162747357040644 ], [ 433193.683274361304939, 1940809.794536838307977 ], [ 433246.454576594755054, 1940877.653522869572043 ], [ 433250.735687079839408, 1940991.578692046925426 ], [ 433190.512053022161126, 1941123.385797586292028 ], [ 433164.05270467326045, 1941157.198353109881282 ], [ 433118.67302181571722, 1941213.089155236259103 ], [ 433023.472418594174087, 1941269.176840486004949 ], [ 432780.563294335268438, 1941273.15861245803535 ], [ 432681.709759392775595, 1941261.983961127698421 ], [ 432578.727104055695236, 1941216.381355859339237 ], [ 432504.731826471164823, 1941165.733357809484005 ], [ 432400.19405226316303, 1941115.218204682692885 ], [ 432318.26730044465512, 1941090.226623144000769 ], [ 432282.778565080836415, 1941095.422766380012035 ], [ 432188.037196479737759, 1941110.28718495182693 ], [ 432132.494765383191407, 1941171.938247542828321 ], [ 432050.033174879848957, 1941255.91068622097373 ], [ 431938.53616323042661, 1941336.041296787559986 ], [ 431840.831766003742814, 1941392.156686322763562 ], [ 431782.470184267498553, 1941367.587619254365563 ], [ 431757.132043297402561, 1941310.053293963894248 ], [ 431744.772430788725615, 1941263.98824910633266 ], [ 431709.880716433748603, 1941201.785012181848288 ], [ 431669.845754369162023, 1941137.395150326192379 ], [ 431614.843029970303178, 1941114.496790532022715 ], [ 431481.138441946357489, 1941110.730356849730015 ], [ 431334.584788794629276, 1941109.760094914585352 ], [ 431181.483389284461737, 1941108.191971130669117 ], [ 431142.917494324035943, 1941160.90618409961462 ], [ 431134.13036457169801, 1941233.568678898736835 ], [ 431118.931071077473462, 1941291.601988099515438 ], [ 431061.755058611743152, 1941347.092704441398382 ], [ 430883.950265806168318, 1941444.335978789255023 ], [ 430814.420546513050795, 1941506.599126085639 ], [ 430747.350218263454735, 1941543.793823529034853 ], [ 430658.391288774088025, 1941579.334336074069142 ], [ 430546.654457167722285, 1941554.176623055711389 ], [ 430515.415342014282942, 1941457.81527634523809 ], [ 430520.202308448962867, 1941397.419503029435873 ], [ 430522.333239736035466, 1941314.274481339380145 ], [ 430558.933146706782281, 1941164.770350808277726 ], [ 430526.649306492879987, 1941128.574114982038736 ], [ 430437.253024331294, 1941096.152842216193676 ], [ 430394.535778985358775, 1941093.780653778463602 ], [ 430349.012820561416447, 1941090.57991049066186 ], [ 430289.311135102063417, 1941125.441002471372485 ], [ 430256.268024140037596, 1941182.446616457775235 ], [ 430215.926943300291896, 1941251.046191887930036 ], [ 430146.57961068302393, 1941328.447431119158864 ], [ 430052.474558653309941, 1941483.503564644604921 ], [ 430005.106736502610147, 1941604.624066160991788 ], [ 430006.164365783333778, 1941686.696269845589995 ], [ 430031.703108829446137, 1941804.320054491981864 ], [ 430053.992527195252478, 1941930.158002214506269 ], [ 430101.457860277034342, 1942090.62844973616302 ], [ 430087.16393187828362, 1942175.526767233386636 ], [ 429897.132797069847584, 1942261.377683762460947 ], [ 429777.496763067319989, 1942286.790089480578899 ], [ 429599.527866812422872, 1942348.982377242296934 ], [ 429488.194745258428156, 1942431.854730116203427 ], [ 429236.10831540543586, 1942595.657946867868304 ], [ 429076.933580314740539, 1942686.489978842437267 ], [ 429020.236210556700826, 1942705.138386933133006 ], [ 428952.3857117369771, 1942701.310611655935645 ], [ 428888.967422932386398, 1942692.200869699940085 ], [ 428795.23196318000555, 1942682.832679089158773 ], [ 428728.114878255873919, 1942707.132066082209349 ], [ 428703.063687672838569, 1942759.763837806880474 ], [ 428698.294453987851739, 1942796.119080202654004 ], [ 428688.817533690482378, 1942869.827529249712825 ], [ 428689.883364183828235, 1942939.880622619763017 ], [ 428694.406168217770755, 1943053.795335125178099 ], [ 428729.644962626509368, 1943137.893025349825621 ], [ 428761.332465541549027, 1943188.778056979179382 ], [ 428836.147534199990332, 1943305.494080854579806 ], [ 428829.11690996773541, 1943362.023254327476025 ], [ 428787.848373256623745, 1943407.517209080979228 ], [ 428707.989778881892562, 1943444.498169399797916 ], [ 428652.842324974946678, 1943463.92738706804812 ], [ 428583.355947637930512, 1943486.369704211130738 ], [ 428528.299236573278904, 1943470.733475076034665 ], [ 428431.90062222070992, 1943446.628554787486792 ], [ 428379.86170675419271, 1943410.89713941514492 ], [ 428309.507932383567095, 1943407.097843810915947 ], [ 428214.658062317408621, 1943395.919249935075641 ], [ 428162.103958488442004, 1943380.253562867641449 ], [ 428102.037046803161502, 1943380.828075289726257 ], [ 428065.288365757092834, 1943475.251667123287916 ], [ 428085.055725069716573, 1943564.311401922255754 ], [ 428091.802092308178544, 1943693.992368062958121 ], [ 428033.273905670270324, 1943804.785443862900138 ], [ 427934.086923595517874, 1943910.072654280811548 ], [ 427870.442292073741555, 1944023.184981854632497 ], [ 427830.375006454996765, 1944132.83989504352212 ], [ 427807.933888687752187, 1944195.328791463747621 ], [ 427780.493224237114191, 1944270.146733803674579 ], [ 427752.701918732374907, 1944392.06732041016221 ], [ 427780.393338339403272, 1944467.492140201851726 ], [ 427835.588208854198456, 1944477.235604973509908 ], [ 428044.854600663296878, 1944362.027679268270731 ], [ 428099.269190363585949, 1944391.603032268583775 ], [ 428117.895834716036916, 1944417.5006456784904 ], [ 428050.984641656279564, 1944502.016003182157874 ], [ 427907.325048969127238, 1944592.767664551734924 ], [ 427777.82832723017782, 1944628.928055476397276 ], [ 427632.19201313238591, 1944638.911741748452187 ], [ 427510.009239517152309, 1944635.302760105580091 ], [ 427342.261298961937428, 1944619.728003319352865 ], [ 427270.322092381305993, 1944655.217843795195222 ], [ 427223.560632064938545, 1944713.196480829268694 ], [ 427185.039736024104059, 1944770.792196679860353 ], [ 427161.044260168448091, 1944901.495072597637773 ], [ 427205.476298337802291, 1945085.953899038955569 ], [ 427249.694489032030106, 1945246.635167360305786 ], [ 427222.504568628035486, 1945309.292650137096643 ], [ 427178.076160890981555, 1945336.074125971645117 ], [ 427067.223938351497054, 1945374.089027607813478 ], [ 426984.684548269025981, 1945396.083107991144061 ], [ 426887.638765851967037, 1945406.199406564235687 ], [ 426801.934206589125097, 1945409.355376439169049 ], [ 426639.967051998712122, 1945414.45870229229331 ], [ 426508.07379531674087, 1945395.543884417042136 ], [ 426433.373573370277882, 1945365.96519885212183 ], [ 426429.931380486115813, 1945306.073104409500957 ], [ 426482.181767944246531, 1945239.616919249296188 ], [ 426549.880949594080448, 1945139.40140912681818 ], [ 426591.038364369422197, 1945071.751020355150104 ], [ 426594.823439309373498, 1945011.288399036973715 ], [ 426513.435728522948921, 1944934.164355490356684 ], [ 426464.062331711873412, 1944917.299041785299778 ], [ 426404.193710015155375, 1944921.115397244691849 ], [ 426325.813984890468419, 1944965.891815790906549 ], [ 426266.95056230481714, 1945034.758745096623898 ], [ 426226.659996528178453, 1945100.226765416562557 ], [ 426021.108559428714216, 1945304.230633441358805 ], [ 425921.145954415202141, 1945425.467889305204153 ], [ 425823.63425213471055, 1945533.656719231978059 ], [ 425778.51896414346993, 1945642.747854551300406 ], [ 425739.33571373205632, 1945734.318583574146032 ], [ 425743.662529490888119, 1945853.259707188233733 ], [ 425751.918761820532382, 1945889.69020713865757 ], [ 425760.128866780549288, 1945925.372258862480521 ], [ 425765.610130385495722, 1946071.164631990715861 ], [ 425733.023740303702652, 1946261.628137884661555 ], [ 425623.305966205894947, 1946565.913363652303815 ], [ 425592.304011199623346, 1946717.086738463491201 ], [ 425566.367832095362246, 1946934.189884200692177 ], [ 425590.407215884886682, 1947039.771739695221186 ], [ 425600.161416510120034, 1947084.249970676377416 ], [ 425627.154692785814404, 1947172.745116252452135 ], [ 425700.677253494039178, 1947333.504840502515435 ], [ 425743.184009120799601, 1947442.081154081970453 ], [ 425737.063126650638878, 1947525.60571850836277 ], [ 425688.750868487171829, 1947578.797998335212469 ], [ 425653.787217599339783, 1947547.894802896305919 ], [ 425629.185319475829601, 1947498.195685785263777 ], [ 425555.283356941305101, 1947416.598849002271891 ], [ 425523.519723038189113, 1947372.600571677088737 ], [ 425481.210718156769872, 1947315.97888446226716 ], [ 425384.028357344679534, 1947262.990148512646556 ], [ 425340.206259405240417, 1947234.636502856388688 ], [ 425254.293734066188335, 1947258.840557817369699 ], [ 425153.493157772347331, 1947334.050747910514474 ], [ 425093.663657543249428, 1947371.047403300181031 ], [ 425052.308952323161066, 1947374.598136570304632 ], [ 424961.795962284319103, 1947381.053499961271882 ], [ 424948.940987769514322, 1947379.717044822871685 ], [ 424898.622484627179801, 1947371.924104379490018 ], [ 424828.159068454056978, 1947354.227990414947271 ], [ 424744.701116322539747, 1947361.375209394842386 ], [ 424710.777418876066804, 1947363.591182028874755 ], [ 424661.577435900457203, 1947414.583285249769688 ], [ 424613.409058380872011, 1947498.570383869111538 ], [ 424620.084387612529099, 1947586.565690502524376 ], [ 424676.16618924960494, 1947862.605573374778032 ], [ 424699.264694170095026, 1947973.256304439157248 ], [ 424719.168234366923571, 1948109.273967530578375 ], [ 424734.246481945738196, 1948199.507132755592465 ], [ 424776.19459380581975, 1948376.241711625829339 ], [ 424798.453221063129604, 1948530.14730273000896 ], [ 424779.441331177949905, 1948652.410740638151765 ], [ 424759.778520984575152, 1948751.923694657161832 ], [ 424735.822232602164149, 1948830.538478013128042 ], [ 424716.616800841875374, 1948896.838972555473447 ], [ 424694.153973537497222, 1948979.369075141847134 ], [ 424662.740168456919491, 1949026.386166546493769 ], [ 424647.384436158463359, 1949049.497401978820562 ], [ 424598.127891842275858, 1949083.338555553928018 ], [ 424503.029295376501977, 1949133.278846517205238 ], [ 424397.202645836398005, 1949192.01984422840178 ], [ 424383.380223129875958, 1949235.94922243244946 ], [ 424357.803299061022699, 1949312.660773664712906 ], [ 424322.786531874909997, 1949423.138992238789797 ], [ 424269.550914982333779, 1949522.468033427372575 ], [ 424171.986438849940896, 1949609.627117142081261 ], [ 424112.370909449644387, 1949666.396885020658374 ], [ 424001.027992988936603, 1949737.249004477635026 ], [ 423858.65250557847321, 1949792.23112890869379 ], [ 423819.852616310119629, 1949796.625650357455015 ], [ 423762.270600869320333, 1949801.050466576591134 ], [ 423704.637874720618129, 1949747.748920680955052 ], [ 423680.35089441947639, 1949695.02240982092917 ], [ 423685.006562957540154, 1949640.512536527588964 ], [ 423722.571864381432533, 1949559.180088652297854 ], [ 423793.519061740487814, 1949454.62757071852684 ], [ 423877.953281699679792, 1949333.215194063261151 ], [ 423931.912045338191092, 1949245.613393165171146 ], [ 423954.322147477418184, 1949162.209827687591314 ], [ 424066.222671926952899, 1949023.201700719073415 ], [ 424098.418291102163494, 1949001.056468915194273 ], [ 424236.466343811713159, 1948908.398174047470093 ], [ 424274.43945293687284, 1948849.957378456369042 ], [ 424274.112281683832407, 1948795.880527839064598 ], [ 424264.920396822504699, 1948679.2369533944875 ], [ 424264.067043472081423, 1948665.389648579061031 ], [ 424286.713613389991224, 1948658.985058704391122 ], [ 424334.480117586441338, 1948661.926907105371356 ], [ 424388.665902626700699, 1948679.625246779993176 ], [ 424428.281997533515096, 1948668.167629422619939 ], [ 424448.349512720480561, 1948623.978995837271214 ], [ 424437.781529798172414, 1948574.415422283113003 ], [ 424413.180773451924324, 1948532.854465633630753 ], [ 424349.975995637476444, 1948486.660049170255661 ], [ 424212.181265952065587, 1948433.040741138160229 ], [ 424148.019230721518397, 1948411.949917683377862 ], [ 424072.004230317659676, 1948393.593021631240845 ], [ 423937.008929574862123, 1948491.07098713517189 ], [ 423890.372319652698934, 1948551.172106347978115 ], [ 423848.260497089475393, 1948554.64358121715486 ], [ 423349.121253103017807, 1948599.423223771154881 ], [ 423285.173209545202553, 1948618.390016691759229 ], [ 423224.80220056604594, 1948902.737690381705761 ], [ 423218.340500927530229, 1948936.069935468956828 ], [ 423143.09939778316766, 1948958.737866474315524 ], [ 423038.800594200380147, 1948981.317505773156881 ], [ 422948.259773370809853, 1949015.82237490452826 ], [ 422906.386840277351439, 1949039.43978800997138 ], [ 422861.082306464202702, 1949064.270386591553688 ], [ 422812.741276498883963, 1949145.51418886706233 ], [ 422759.01504701282829, 1949232.850185671821237 ], [ 422630.256470883265138, 1949256.810838853940368 ], [ 422547.778574893251061, 1949271.784326545894146 ], [ 422499.830381588079035, 1949192.71514480188489 ], [ 422471.260065019130707, 1949127.354199012741446 ], [ 422440.946890354156494, 1949058.093453468754888 ], [ 422397.85484707262367, 1948980.60369748622179 ], [ 422236.603221409022808, 1948932.431632259860635 ], [ 422228.500235329382122, 1948935.059552639722824 ], [ 422192.997916718944907, 1949009.250697864219546 ], [ 422189.1536347810179, 1949044.425311429426074 ], [ 422183.140160595998168, 1949141.97056152485311 ], [ 422195.066604507155716, 1949282.740863006561995 ], [ 422213.746553066186607, 1949516.889836059883237 ], [ 422269.849349316209555, 1949622.63148495927453 ], [ 422310.873432764783502, 1949711.269425982609391 ], [ 422358.772167232818902, 1949793.598341584205627 ], [ 422388.250507586635649, 1949889.960358677431941 ], [ 422411.29866136983037, 1949975.448159595951438 ], [ 422414.91242871247232, 1950066.641388483345509 ], [ 422388.960021353326738, 1950072.247298451140523 ], [ 422315.376349804922938, 1950044.59650195389986 ], [ 422225.459159259684384, 1949808.697434930130839 ], [ 422178.262107968330383, 1949778.419457245618105 ], [ 422128.564170602709055, 1949711.604096636176109 ], [ 422097.63266165368259, 1949636.36974766664207 ], [ 422078.561386804096401, 1949542.247158788144588 ], [ 422046.010067332535982, 1949465.109130861237645 ], [ 421985.80706175416708, 1949410.712238393723965 ], [ 421940.46579128690064, 1949406.492177898064256 ], [ 421827.399745278060436, 1949457.535411396995187 ], [ 421745.011810218915343, 1949518.710835745558143 ], [ 421704.132277861237526, 1949623.538409119471908 ], [ 421690.80595616530627, 1949728.422403687611222 ], [ 421702.433990204706788, 1949827.762450033798814 ], [ 421771.118952079676092, 1950158.139320684596896 ], [ 421786.59623696655035, 1950234.576739009469748 ], [ 421876.003409571945667, 1950275.153939738869667 ], [ 421983.736483400687575, 1950320.488002233207226 ], [ 422104.570732805877924, 1950363.011296465992928 ], [ 422188.062795486301184, 1950401.072208790108562 ], [ 422287.765850442461669, 1950446.149063410237432 ], [ 422364.115536512807012, 1950502.432126069441438 ], [ 422401.498829040676355, 1950548.216961046680808 ], [ 422448.508558228611946, 1950579.508470375090837 ], [ 422489.063342876732349, 1950636.118035132065415 ], [ 422496.85244532302022, 1950705.640925206243992 ], [ 422500.233896207995713, 1950760.53319969587028 ], [ 422488.391622044146061, 1950820.370649367570877 ], [ 422471.50121970102191, 1950875.509972270578146 ], [ 422429.103226750157773, 1950996.337911326438189 ], [ 422379.93193322326988, 1951088.530095990747213 ], [ 422333.603442743420601, 1951218.742278248071671 ], [ 422282.120190440677106, 1951297.802794037386775 ], [ 422211.353486938402057, 1951413.491277171298862 ], [ 422189.031317456625402, 1951473.974860157817602 ], [ 422147.17115153837949, 1951550.689619785174727 ], [ 422106.728282873518765, 1951577.225003380328417 ], [ 422044.57404606230557, 1951609.105083217844367 ], [ 421969.610900320112705, 1951656.676512032747269 ], [ 421882.237893535755575, 1951718.286707481369376 ], [ 421795.757504430599511, 1951749.661268033087254 ], [ 421754.568993618711829, 1951764.095068085938692 ], [ 421697.029239957220852, 1951736.707026176154613 ], [ 421641.80753615219146, 1951698.155877785757184 ], [ 421602.036798248998821, 1951662.410008324310184 ], [ 421544.446243348531425, 1951613.861040510237217 ], [ 421486.041726312600076, 1951560.227737223729491 ], [ 421426.733378670178354, 1951548.85269195958972 ], [ 421384.739284483715892, 1951574.606547020375729 ], [ 421349.387326562777162, 1951626.875883162021637 ], [ 421327.12205496430397, 1951692.365137171000242 ], [ 421307.105662196874619, 1951745.568575026467443 ], [ 421279.723794664256275, 1951821.5167465955019 ], [ 421272.671551045961678, 1951894.084092551842332 ], [ 421266.645930236205459, 1952003.656741606071591 ], [ 421271.708016129210591, 1952061.452328260987997 ], [ 421268.926131206564605, 1952170.825506212189794 ], [ 421237.055391888134181, 1952304.031107051298022 ], [ 421201.887360937893391, 1952359.295239029452205 ], [ 421142.964589305222034, 1952402.998163586482406 ], [ 421027.990617946721613, 1952410.955144993960857 ], [ 420952.831923387944698, 1952414.706849686801434 ], [ 420916.524209438823164, 1952488.074563382193446 ], [ 420848.125687656924129, 1952593.474257837980986 ], [ 420827.298986826092005, 1952653.86650319956243 ], [ 420807.362126661464572, 1952696.170496009290218 ], [ 420815.016294849105179, 1952783.863044168800116 ], [ 420856.345675268210471, 1952812.375779539346695 ], [ 420929.132929109968245, 1952818.91403990611434 ], [ 421017.335916779004037, 1952807.345977267250419 ], [ 421120.261233866214752, 1952811.151416912674904 ], [ 421197.889981538057327, 1952835.299513811245561 ], [ 421253.236239977180958, 1952892.128060596063733 ], [ 421290.782948428764939, 1952964.955566113814712 ], [ 421305.793237543664873, 1953058.206550374627113 ], [ 421325.457508740015328, 1953178.2214918974787 ], [ 421345.544488054700196, 1953305.098479939624667 ], [ 421290.837783394381404, 1953384.735206928104162 ], [ 421230.193089765496552, 1953400.492593189701438 ], [ 421174.897627269849181, 1953372.965212687849998 ], [ 421127.10575186368078, 1953316.798053521662951 ], [ 421094.335363313555717, 1953264.589939549565315 ], [ 421065.998969822190702, 1953215.239630566909909 ], [ 421009.637666166760027, 1953125.661948136985302 ], [ 420969.822760826908052, 1953060.738224959000945 ], [ 420901.516868242993951, 1953004.957797819748521 ], [ 420890.215634474530816, 1953008.534098230302334 ], [ 420844.386381435208023, 1953057.442140420898795 ], [ 420837.410156534984708, 1953123.118377290666103 ], [ 420833.492645596154034, 1953169.320344820618629 ], [ 420823.970758644863963, 1953222.129149120301008 ], [ 420805.747004598379135, 1953292.255192849785089 ], [ 420791.226969429291785, 1953345.246647754684091 ], [ 420753.66802064422518, 1953438.98038200289011 ], [ 420760.605484204366803, 1953551.639749731868505 ], [ 420761.480982386507094, 1953557.722323521971703 ], [ 420754.185347857885063, 1953606.01115102507174 ], [ 420760.242023626342416, 1953675.894788287580013 ], [ 420792.056742281652987, 1953732.921193132176995 ], [ 420834.31607623770833, 1953768.390221778303385 ], [ 420904.844071938656271, 1953791.097734171897173 ], [ 420950.1160948285833, 1953806.343597726896405 ], [ 421008.522518333978951, 1953859.979108432307839 ], [ 421097.995208425447345, 1953962.5468530356884 ], [ 421126.085589552298188, 1954077.035245943814516 ], [ 421152.914795696735382, 1954146.641922187060118 ], [ 421177.602667552419007, 1954230.281701911240816 ], [ 421217.56180421076715, 1954317.865254353731871 ], [ 421252.744480435736477, 1954384.828655583783984 ], [ 421281.913509129546583, 1954411.085038963705301 ], [ 421393.423046884126961, 1954375.287644034251571 ], [ 421424.005801091901958, 1954347.22970605455339 ], [ 421436.819313250482082, 1954335.670216161757708 ], [ 421486.376234898343682, 1954355.410847257822752 ], [ 421513.29642325732857, 1954393.953508511185646 ], [ 421529.714407827705145, 1954449.048028264194727 ], [ 421556.619745405390859, 1954495.48151920735836 ], [ 421583.517440410330892, 1954541.790265090763569 ], [ 421638.616152822971344, 1954598.635157078504562 ], [ 421678.431451135315001, 1954639.138808948919177 ], [ 421694.871780935674906, 1954678.327068652957678 ], [ 421701.540447846055031, 1954754.060168651863933 ], [ 421652.383800879120827, 1954826.218725534155965 ], [ 421579.764672343619168, 1954846.847276033833623 ], [ 421498.639008448459208, 1954806.63362642750144 ], [ 421444.412610956467688, 1954768.019262563437223 ], [ 421338.90991245675832, 1954722.418863359838724 ], [ 421239.308647094294429, 1954695.365577060729265 ], [ 421050.316741541959345, 1954619.965695217251778 ], [ 420761.742362930439413, 1954489.331990441307425 ], [ 420671.14326486736536, 1954449.826065106317401 ], [ 420626.60132500808686, 1954462.713057653978467 ], [ 420592.878481662832201, 1954504.865275926887989 ], [ 420570.304108394309878, 1954557.226574555039406 ], [ 420556.022512995637953, 1954630.367473481222987 ], [ 420526.521644908003509, 1954753.287971220910549 ], [ 420416.127208835445344, 1954872.298051379621029 ], [ 420360.154303626157343, 1954825.64981647580862 ], [ 420336.428320552222431, 1954782.025444887578487 ], [ 420312.732226807624102, 1954714.479023268446326 ], [ 420293.082114414311945, 1954639.419810278341174 ], [ 420258.192698726430535, 1954593.477229006588459 ], [ 420212.080538969486952, 1954609.341093424707651 ], [ 420191.368004702031612, 1954671.606661081314087 ], [ 420200.422066864557564, 1954729.159037509933114 ], [ 420193.361520566977561, 1954817.885794501751661 ], [ 420166.194796409457922, 1954852.621095135807991 ], [ 420074.779803092591465, 1954877.160468870773911 ], [ 420032.592866738326848, 1954838.80541349388659 ], [ 419977.245663722977042, 1954781.974126 ], [ 419922.033107105642557, 1954731.396387789398432 ], [ 419833.406054750084877, 1954650.690025463700294 ], [ 419777.549169787205756, 1954614.053186908364296 ], [ 419720.913893974386156, 1954609.524808874353766 ], [ 419677.447326828725636, 1954656.158884970471263 ], [ 419670.926188576035202, 1954700.768937472254038 ], [ 419672.11053061299026, 1954776.965297242626548 ], [ 419688.692575188353658, 1954846.953835586085916 ], [ 419709.838827178813517, 1954905.640571653842926 ], [ 419740.130580186843872, 1955007.096438119187951 ], [ 419750.549219365231693, 1955139.707764770835638 ], [ 419777.330797198228538, 1955184.14639999344945 ], [ 419789.61175375431776, 1955192.407419411465526 ], [ 419809.133033861406147, 1955204.35551768168807 ], [ 419858.398414635099471, 1955219.356604097411036 ], [ 419936.930897136218846, 1955205.253855712711811 ], [ 419982.118295488879085, 1955186.566481878980994 ], [ 420009.700588227249682, 1955174.849212946370244 ], [ 420045.314431109465659, 1955179.669753903523088 ], [ 420150.589940268546343, 1955201.240994801744819 ], [ 420184.550410684198141, 1955240.227942897006869 ], [ 420211.39747669082135, 1955281.656701294705272 ], [ 420238.544773570261896, 1955344.23221174441278 ], [ 420236.3010467402637, 1955401.353701289743185 ], [ 420187.844107861630619, 1955456.43649267219007 ], [ 420136.23424931243062, 1955480.654323872178793 ], [ 420068.343392925336957, 1955504.872674008831382 ], [ 419977.933241204358637, 1955529.475588027387857 ], [ 419900.202495519071817, 1955536.265290075913072 ], [ 419824.927899647504091, 1955517.855985697358847 ], [ 419768.770383591763675, 1955468.212401140481234 ], [ 419733.769061788916588, 1955408.249136194586754 ], [ 419706.814457319676876, 1955356.93288348801434 ], [ 419652.485516134649515, 1955345.123865628615022 ], [ 419589.592425609007478, 1955352.878240332007408 ], [ 419542.650979251600802, 1955395.969592094421387 ], [ 419498.377499130554497, 1955437.644311364740133 ], [ 419466.169490317814052, 1955467.805750207975507 ], [ 419414.659503453411162, 1955509.925961637869477 ], [ 419369.826541802845895, 1955432.658604862168431 ], [ 419332.315100917592645, 1955380.739658741280437 ], [ 419292.388977735303342, 1955326.214137250557542 ], [ 419223.340427258983254, 1955254.319951688870788 ], [ 419193.177347084507346, 1955224.11581296287477 ], [ 419170.438911858946085, 1955200.593190964311361 ], [ 419134.199207189492881, 1955189.674020821228623 ], [ 419007.740081872791052, 1955133.211291491985321 ], [ 418947.633681525476277, 1955112.990674704313278 ], [ 418894.916699576191604, 1955054.117680158466101 ], [ 418846.007875761017203, 1954983.864154411479831 ], [ 418835.292512545362115, 1954911.510287571698427 ], [ 418849.391962611116469, 1954843.515265434980392 ], [ 418864.539475789293647, 1954780.340051498264074 ], [ 418878.780790791846812, 1954702.442718397825956 ], [ 418893.835780282504857, 1954613.349326239898801 ], [ 418941.152607478201389, 1954511.249460371211171 ], [ 418981.114032883197069, 1954411.731497075408697 ], [ 418974.567641972564161, 1954333.861784318462014 ], [ 418896.699963313527405, 1954346.544566348195076 ], [ 418824.087671053595841, 1954359.154259352013469 ], [ 418807.193379806354642, 1954414.296187311410904 ], [ 418795.331991910934448, 1954482.027744110673666 ], [ 418793.351874933578074, 1954547.523105224594474 ], [ 418787.264499676413834, 1954643.954350074753165 ], [ 418760.105317994952202, 1954735.796574328094721 ], [ 418627.296440524049103, 1954938.338987346738577 ], [ 418555.885884951800108, 1955055.948885060846806 ], [ 418533.35968747548759, 1955129.472247645258904 ], [ 418503.98901832383126, 1955250.506439605727792 ], [ 418509.722302679903805, 1955453.540510155260563 ], [ 418518.75605468545109, 1955531.133354619145393 ], [ 418551.449249972589314, 1955598.378146935254335 ], [ 418539.780052655376494, 1955726.213823011144996 ], [ 418445.364794957451522, 1955763.084139309823513 ], [ 418384.613043397665024, 1955756.804064974188805 ], [ 418313.296140717342496, 1955700.953312104567885 ], [ 418166.870347573421896, 1955731.130271155387163 ], [ 418108.590991127304733, 1955748.74367562122643 ], [ 418064.151097080670297, 1955767.383929083123803 ], [ 418043.343956556171179, 1955811.871936114504933 ], [ 418021.98790233489126, 1955900.35276803933084 ], [ 418036.065627608448267, 1955978.512532597407699 ], [ 418057.879432648420334, 1956210.867540158331394 ], [ 418048.627683920785785, 1956288.459570525214076 ], [ 418009.055284437723458, 1956312.9371866453439 ], [ 417966.142872659489512, 1956315.70328894816339 ], [ 417902.852973436005414, 1956288.538567626848817 ], [ 417852.681000180542469, 1956234.391349220648408 ], [ 417796.577844817191362, 1956193.759323189035058 ], [ 417768.848784950561821, 1956162.402334989979863 ], [ 417666.90427516028285, 1956121.710634157061577 ], [ 417606.336221776902676, 1956167.26782314106822 ], [ 417581.562795704230666, 1956249.071128254756331 ], [ 417580.860185355879366, 1956266.147026827558875 ], [ 417590.879606473259628, 1956363.844115052372217 ], [ 417617.955982454121113, 1956417.158526238054037 ], [ 417650.341768848709762, 1956471.273415012285113 ], [ 417642.513898213393986, 1956510.955426329746842 ], [ 417609.313995031639934, 1956525.021503087133169 ], [ 417560.097766537219286, 1956514.899740532040596 ], [ 417524.840466104447842, 1956454.824671106413007 ], [ 417481.740180441178381, 1956385.33824148774147 ], [ 417470.277300481684506, 1956313.028447391465306 ], [ 417455.96996601857245, 1956206.703203957527876 ], [ 417470.213252627290785, 1956112.522986268624663 ], [ 417435.113824255764484, 1956034.654468689113855 ], [ 417413.707995815202594, 1955979.864210929721594 ], [ 417274.375963385216892, 1955946.231543341651559 ], [ 417199.147125313058496, 1955944.848734632134438 ], [ 417145.819606180302799, 1955953.38988889567554 ], [ 417086.291265703737736, 1956028.063362911343575 ], [ 417070.919478722847998, 1956063.199595935642719 ], [ 417055.025577017106116, 1956097.992249542847276 ], [ 417080.461713645607233, 1956185.723396997898817 ], [ 417100.285319863818586, 1956271.796127898618579 ], [ 417102.93695995118469, 1956367.817577954381704 ], [ 417070.942092117853463, 1956409.612594615668058 ], [ 417020.555070728994906, 1956400.814858470112085 ], [ 416911.866281056776643, 1956295.286473790183663 ], [ 416830.656965103931725, 1956221.130866296589375 ], [ 416777.905513202771544, 1956198.326276130974293 ], [ 416734.862531210295856, 1956198.970484159886837 ], [ 416702.610994723625481, 1956199.952692948281765 ], [ 416663.966932903043926, 1956231.385802092030644 ], [ 416628.485661940649152, 1956289.801486078649759 ], [ 416588.549455890432, 1956430.523840440437198 ], [ 416524.813172518275678, 1956469.386948563158512 ], [ 416465.13473027292639, 1956504.994615348055959 ], [ 416393.897540399804711, 1956511.505974562838674 ], [ 416293.775383297353983, 1956520.796030357480049 ], [ 416184.718148857355118, 1956592.504585606977344 ], [ 416124.864572232589126, 1956560.116913422942162 ], [ 416069.502952922135592, 1956519.312234543263912 ], [ 416028.715265143662691, 1956446.676612684503198 ], [ 415994.5916837612167, 1956392.792953373864293 ], [ 415936.239320195280015, 1956364.445786828175187 ], [ 415851.036764616146684, 1956339.378184895962477 ], [ 415730.460850255563855, 1956333.76932131499052 ], [ 415518.454831785522401, 1956324.014642313122749 ], [ 415483.009177904576063, 1956321.936423635110259 ], [ 415415.509202618151903, 1956279.247754571959376 ], [ 415419.403289528563619, 1956244.817621149122715 ], [ 415459.646581302396953, 1956174.211892118677497 ], [ 415492.481345094740391, 1956080.892432417720556 ], [ 415493.776591846719384, 1956040.861196080222726 ], [ 415443.307709619402885, 1955973.705437004566193 ], [ 415390.538763515651226, 1955922.09564602188766 ], [ 415319.158809853717685, 1955861.110250381752849 ], [ 415259.138182800263166, 1955809.695909837260842 ], [ 415195.730530016124249, 1955784.664894165471196 ], [ 415130.160430872812867, 1955785.566143158823252 ], [ 415026.885593716055155, 1955829.113066362217069 ], [ 414988.191091204062104, 1955855.663756249472499 ], [ 414903.308612077496946, 1955900.960059814155102 ], [ 414807.332113476470113, 1955928.778673835098743 ], [ 414721.459719969891012, 1955957.979714035987854 ], [ 414643.223552954383194, 1955976.942405024543405 ], [ 414579.449825194664299, 1956051.874774504452944 ], [ 414549.080055537633598, 1956111.978799501433969 ], [ 414529.093418955802917, 1956198.371148765087128 ], [ 414497.018331325612962, 1956271.479930758476257 ], [ 414464.346265978179872, 1956379.692913051694632 ], [ 414425.206370218656957, 1956468.265181381255388 ], [ 414399.537431185133755, 1956560.017020495608449 ], [ 414385.5390315502882, 1956654.182465203106403 ], [ 414389.933890044689178, 1956741.957000911235809 ], [ 414388.023982563056052, 1956849.406535666435957 ], [ 414448.553591009229422, 1957015.011920548975468 ], [ 414462.459088135510683, 1957082.288652604445815 ], [ 414479.028815301135182, 1957152.156967433169484 ], [ 414477.662700529210269, 1957215.488387927412987 ], [ 414488.467632844112813, 1957256.780266938731074 ], [ 414504.761680569499731, 1957314.01620245911181 ], [ 414524.377753080800176, 1957347.878007307648659 ], [ 414558.558146718889475, 1957406.769546756520867 ], [ 414562.056198285892606, 1957471.806014159694314 ], [ 414544.47436419967562, 1957523.986259954050183 ], [ 414506.630273355171084, 1957564.387151403352618 ], [ 414472.92582096811384, 1957582.490702763199806 ], [ 414441.492224530316889, 1957637.526626808568835 ], [ 414438.379733739420772, 1957692.825093062594533 ], [ 414456.498655433766544, 1957726.77917261980474 ], [ 414464.788067272864282, 1957788.265035087242723 ], [ 414431.643541250377893, 1957815.4769965428859 ], [ 414370.378487112931907, 1957821.247912844642997 ], [ 414324.838735686615109, 1957822.044087897986174 ], [ 414260.173829698003829, 1957796.963505843654275 ], [ 414204.120259782299399, 1957769.34950720705092 ], [ 414148.881245464086533, 1957730.538709370419383 ], [ 414080.705298393964767, 1957676.867837604135275 ], [ 414038.630869218148291, 1957636.245658675208688 ], [ 413967.138411179184914, 1957577.518415793776512 ], [ 413911.702187451533973, 1957502.900085914880037 ], [ 413854.08728223759681, 1957462.106100331991911 ], [ 413796.954291706904769, 1957514.713791791349649 ], [ 413809.996102415956557, 1957572.024873806163669 ], [ 413832.045508708804846, 1957612.876327896490693 ], [ 413867.109084690921009, 1957661.694749927148223 ], [ 413898.780269209295511, 1957687.92742682248354 ], [ 413923.1298483973369, 1957721.373377680778503 ], [ 413948.534450951963663, 1957767.905054172500968 ], [ 413971.374141506850719, 1957821.60809388011694 ], [ 413984.485243394970894, 1957880.04233761690557 ], [ 413946.751094112172723, 1957934.463725626468658 ], [ 413897.631776531226933, 1957958.52457120269537 ], [ 413840.065074875950813, 1957938.893576437607408 ], [ 413765.925022670999169, 1957853.401173379272223 ], [ 413738.974127406254411, 1957793.939065359532833 ], [ 413712.158279923722148, 1957724.449207520112395 ], [ 413674.616205584257841, 1957651.611020157113671 ], [ 413617.781108498573303, 1957603.128936881199479 ], [ 413555.404434770345688, 1957582.666264513507485 ], [ 413542.370903833769262, 1957578.45774519816041 ], [ 413471.676038952544332, 1957540.84703665971756 ], [ 413442.352857550606132, 1957483.534786919131875 ], [ 413399.370329091325402, 1957424.056388659402728 ], [ 413338.285734424367547, 1957375.710175210610032 ], [ 413285.677450801245868, 1957334.858450604602695 ], [ 413188.147921129129827, 1957239.657193843275309 ], [ 413145.693784069269896, 1957152.09201043099165 ], [ 413076.668513549491763, 1957129.407539127394557 ], [ 413038.026605086401105, 1957148.690390530973673 ], [ 413021.126661323942244, 1957203.833938159048557 ], [ 412975.488497609272599, 1957292.680808857083321 ], [ 412934.157613792456686, 1957280.442487582564354 ], [ 412896.735871976241469, 1957205.46774685755372 ], [ 412859.341781699098647, 1957171.69617541693151 ], [ 412834.089075153693557, 1957160.223009636625648 ], [ 412765.284338571131229, 1957165.578974112868309 ], [ 412750.307957326062024, 1957215.344064131379128 ], [ 412715.880933029577136, 1957335.814428528770804 ], [ 412706.466977032832801, 1957390.497991323471069 ], [ 412702.759288582019508, 1957476.893159089609981 ], [ 412716.114540458656847, 1957539.320216745138168 ], [ 412707.498738194815814, 1957598.839399147778749 ], [ 412670.565206318162382, 1957662.228182129561901 ], [ 412619.69865963421762, 1957686.395334200933576 ], [ 412579.300477549433708, 1957721.942489311099052 ], [ 412563.197937137447298, 1957737.084667950868607 ], [ 412505.814623661339283, 1957781.566045720130205 ], [ 412483.38292130921036, 1957824.149884421378374 ], [ 412457.855633117258549, 1957881.577546592801809 ], [ 412456.327875983901322, 1957926.007858701050282 ], [ 412498.84378519654274, 1958006.431885683909059 ], [ 412528.064583570696414, 1958041.708366502076387 ], [ 412578.61059011425823, 1958093.83467585965991 ], [ 412585.327865599654615, 1958158.298514429479837 ], [ 412559.517492640763521, 1958202.968961223959923 ], [ 412507.844659563153982, 1958222.176027467474341 ], [ 412482.057866499759257, 1958259.079864572733641 ], [ 412488.749875134788454, 1958302.754781490191817 ], [ 412493.650355745106936, 1958329.506513822823763 ], [ 412489.035413360223174, 1958380.764861881732941 ], [ 412471.247868791222572, 1958388.871775588020682 ], [ 412422.644374337978661, 1958335.749051604419947 ], [ 412373.778245880268514, 1958302.806900011375546 ], [ 412256.647139732725918, 1958324.784143501892686 ], [ 412218.161153752356768, 1958395.533075746148825 ], [ 412142.749685054644942, 1958558.352199662476778 ], [ 412151.097772462293506, 1958628.978647360578179 ], [ 412175.801791535690427, 1958688.580377414822578 ], [ 412217.827836327254772, 1958708.040944373235106 ], [ 412292.55615155864507, 1958774.588112318888307 ], [ 412303.350447364151478, 1958840.179838245734572 ], [ 412303.595336740836501, 1958897.151745457202196 ], [ 412304.894948885776103, 1958967.2097396440804 ], [ 412303.518535988405347, 1959038.55948849581182 ], [ 412317.566728913225234, 1959079.653686162084341 ], [ 412359.690149874426425, 1959133.300578750669956 ], [ 412381.87544786836952, 1959200.82276557199657 ], [ 412398.401323214173317, 1959274.078448545187712 ], [ 412375.110928062349558, 1959294.547367056831717 ], [ 412312.886352258734405, 1959321.416995255276561 ], [ 412247.970152400434017, 1959304.490307755768299 ], [ 412189.687203388661146, 1959252.838264163583517 ], [ 412152.190266034565866, 1959197.028132604435086 ], [ 412144.667438297532499, 1959172.441103575751185 ], [ 412122.585568933747709, 1959110.673830552026629 ], [ 412108.448909195140004, 1959027.376946030184627 ], [ 412107.333530712872744, 1958960.31345422565937 ], [ 412098.17122669890523, 1958892.742574024945498 ], [ 412063.117135372012854, 1958827.764851834625006 ], [ 412020.703507519327104, 1958761.235494025051594 ], [ 411968.716439981944859, 1958722.347557928413153 ], [ 411915.44742754753679, 1958723.742271948605776 ], [ 411845.061918038874865, 1958740.09102308191359 ], [ 411796.730732005089521, 1958777.002546472474933 ], [ 411716.878057978115976, 1958830.880494957789779 ], [ 411666.262164316140115, 1958912.144277188926935 ], [ 411588.788196385838091, 1958980.279368694871664 ], [ 411580.913369435817003, 1958986.649820275604725 ], [ 411508.081387606449425, 1959008.033227726817131 ], [ 411422.277355569414794, 1958981.367484834045172 ], [ 411388.011923315934837, 1958945.523184861987829 ], [ 411345.811139450408518, 1958906.910040225833654 ], [ 411305.092112963087857, 1958831.258228095248342 ], [ 411236.047153658233583, 1958759.350742159411311 ], [ 411181.691063908860087, 1958726.744727050885558 ], [ 411113.79308804217726, 1958742.814603371545672 ], [ 411067.035361085087061, 1958780.881393657997251 ], [ 410989.444896589964628, 1958818.587981071323156 ], [ 410976.19726625457406, 1958729.349935198202729 ], [ 410992.841228088364005, 1958682.236907217651606 ], [ 411016.219594836235046, 1958630.577069025486708 ], [ 411042.120494002476335, 1958501.73625423759222 ], [ 411037.290408869273961, 1958467.966222573071718 ], [ 410981.566890465095639, 1958482.411208245903254 ], [ 410899.035962669178843, 1958480.467674685642123 ], [ 410851.209410514682531, 1958460.360638124868274 ], [ 410804.928705966100097, 1958453.184131080284715 ], [ 410643.225977758876979, 1958450.968823423609138 ], [ 410554.319041488692164, 1958475.71806806512177 ], [ 410546.186935238540173, 1958481.978901736438274 ], [ 410487.434368125163019, 1958528.672411013394594 ], [ 410437.686429135501385, 1958628.167497018352151 ], [ 410409.814485982991755, 1958724.941248083487153 ], [ 410383.602289866656065, 1958844.658502940088511 ], [ 410380.475559454411268, 1958859.003398401662707 ], [ 410340.419610585086048, 1958973.559432480484247 ], [ 410294.563751956447959, 1959042.631613170728087 ], [ 410291.37660154607147, 1959047.837252382189035 ], [ 410280.198578211478889, 1959065.682664375752211 ], [ 410251.011440318077803, 1959043.177611853927374 ], [ 410228.86820559669286, 1958996.693519432097673 ], [ 410238.301572050899267, 1958925.976019263267517 ], [ 410245.206903262995183, 1958871.194920236244798 ], [ 410242.749131292104721, 1958843.415953151881695 ], [ 410239.411489109508693, 1958821.702863531187177 ], [ 410237.088888320140541, 1958820.593063816428185 ], [ 410184.405778140760958, 1958798.905032761394978 ], [ 410143.147040166892111, 1958820.476682223379612 ], [ 410101.936666745692492, 1958855.070963067933917 ], [ 410029.50646373257041, 1958915.630109962075949 ], [ 409998.111345974728465, 1958930.584049357101321 ], [ 409944.808342822827399, 1958955.901304660364985 ], [ 409867.208192122168839, 1959001.623068312183022 ], [ 409849.686740118078887, 1959058.93499043956399 ], [ 409871.714790865778923, 1959103.547651769593358 ], [ 409897.882293241098523, 1959142.144733039662242 ], [ 409952.889208948239684, 1959156.801793973892927 ], [ 409990.356580715626478, 1959187.690989861264825 ], [ 410029.313640023581684, 1959218.363430181518197 ], [ 410058.627309091389179, 1959275.554338000714779 ], [ 410054.766744703054428, 1959326.89233672618866 ], [ 410037.510823071934283, 1959412.995200715959072 ], [ 410005.966068567708135, 1959458.143125995993614 ], [ 410002.03021554928273, 1959463.394774608314037 ], [ 409936.520213974639773, 1959469.422422869130969 ], [ 409873.344337736256421, 1959444.119995757937431 ], [ 409829.402807348407805, 1959422.019830103963614 ], [ 409731.255125373601913, 1959365.674608748406172 ], [ 409702.998597534373403, 1959362.400136727839708 ], [ 409661.846249082125723, 1959357.162218542769551 ], [ 409648.92310843244195, 1959358.832635307684541 ], [ 409565.436599457636476, 1959373.97975847683847 ], [ 409484.818751219660044, 1959382.813477419316769 ], [ 409411.864511038176715, 1959357.35963854752481 ], [ 409356.788511897437274, 1959341.579080481082201 ], [ 409270.788598853163421, 1959315.799008157104254 ], [ 409197.084774951450527, 1959298.53204626776278 ], [ 409125.691452366299927, 1959257.701869642361999 ], [ 409083.54638993460685, 1959240.375548897311091 ], [ 409025.708931238390505, 1959175.542140310630202 ], [ 408899.338609550148249, 1959100.13777156919241 ], [ 408818.430860484950244, 1959096.087940158322453 ], [ 408787.766410747542977, 1959127.02811149507761 ], [ 408794.42980732396245, 1959194.753420539200306 ], [ 408807.554295966401696, 1959237.157856272533536 ], [ 408821.615728165954351, 1959278.502806572243571 ], [ 408842.776338293217123, 1959317.15741509757936 ], [ 408863.99279564153403, 1959368.959601122885942 ], [ 408893.26617069914937, 1959405.112129321321845 ], [ 408913.001790517941117, 1959449.114688633009791 ], [ 408913.261230752803385, 1959490.054771764203906 ], [ 408898.663383714854717, 1959497.088284498080611 ], [ 408874.374493689276278, 1959509.476280327886343 ], [ 408838.114624658599496, 1959522.724576633423567 ], [ 408783.036343457177281, 1959523.225840218365192 ], [ 408707.745220180600882, 1959516.827040793374181 ], [ 408656.831627834588289, 1959523.961110938340425 ], [ 408645.670607037842274, 1959525.7736328355968 ], [ 408549.260228295810521, 1959542.589755898341537 ], [ 408473.364652297459543, 1959575.305160412564874 ], [ 408421.977903481572866, 1959615.533597959205508 ], [ 408420.292302805930376, 1959616.639073640108109 ], [ 408386.514582610689104, 1959641.758572686463594 ], [ 408366.277385307475924, 1959671.18190779350698 ], [ 408359.180054019205272, 1959714.703063683584332 ], [ 408346.339673658832908, 1959754.443653158843517 ], [ 408311.003229770809412, 1959778.656886614859104 ], [ 408299.383892090059817, 1959736.284807430580258 ], [ 408293.580043171532452, 1959674.392725847661495 ], [ 408293.372280556708574, 1959650.608318563550711 ], [ 408289.853678318671882, 1959609.617697702720761 ], [ 408276.904436101205647, 1959578.223953561857343 ], [ 408254.649735851213336, 1959513.584570957347751 ], [ 408227.873349038884044, 1959469.13725109025836 ], [ 408188.005238977260888, 1959423.614971425384283 ], [ 408160.109341312199831, 1959369.091347496956587 ], [ 408078.968841378577054, 1959300.051358290016651 ], [ 408031.140210722573102, 1959267.667781548574567 ], [ 408013.193248571828008, 1959256.871033631265163 ], [ 407980.952751161530614, 1959245.824525548145175 ], [ 407929.81628448702395, 1959228.924141960218549 ], [ 407888.551558460108936, 1959205.531089436262846 ], [ 407897.260209050029516, 1959171.931184697896242 ], [ 407926.283089883625507, 1959159.12776680290699 ], [ 407965.095407230779529, 1959150.733268937096 ], [ 408020.104532689787447, 1959149.109764764085412 ], [ 408074.256544939242303, 1959153.926441244781017 ], [ 408157.677691630087793, 1959141.791277810931206 ], [ 408199.388564118184149, 1959107.167283557355404 ], [ 408213.875943755730987, 1959094.254143562167883 ], [ 408215.438412417657673, 1959042.180688828229904 ], [ 408176.399972951039672, 1959022.408623805269599 ], [ 408129.44359384663403, 1959012.39090459048748 ], [ 408082.261029090732336, 1958974.206478482112288 ], [ 408080.773774910718203, 1958958.140933636575937 ], [ 408075.691173255443573, 1958928.393714293837547 ], [ 408070.551730768755078, 1958893.640127845108509 ], [ 408095.576725693419576, 1958836.11857770383358 ], [ 408110.589766366407275, 1958799.125908112153411 ], [ 408087.040291240438819, 1958770.512447074055672 ], [ 408073.260472988709807, 1958750.066485578194261 ], [ 408069.152735082432628, 1958748.439960941672325 ], [ 408034.294419168494642, 1958735.550312761217356 ], [ 407979.346148854121566, 1958717.756858844310045 ], [ 407908.861922351643443, 1958716.197126107290387 ], [ 407896.638298997655511, 1958712.939610285684466 ], [ 407837.443231179378927, 1958699.414615919813514 ], [ 407768.656711518764496, 1958692.865901127457619 ], [ 407762.356625960208476, 1958692.250658303499222 ], [ 407709.015058969147503, 1958737.357297118753195 ], [ 407670.411093682050705, 1958789.950809443369508 ], [ 407648.08289432246238, 1958834.280983941629529 ], [ 407578.029375330545008, 1958900.953936900943518 ], [ 407521.450964691117406, 1958946.384522194042802 ], [ 407479.564879455603659, 1958969.997021785005927 ], [ 407384.374394269660115, 1959018.924798035994172 ], [ 407331.161175526678562, 1959074.293786963447928 ], [ 407285.826102543622255, 1959225.369263457134366 ], [ 407253.859211606904864, 1959304.483851118013263 ], [ 407212.1640689894557, 1959380.187692945823073 ], [ 407183.489075710996985, 1959472.126196257770061 ], [ 407153.132875110954046, 1959561.162057084962726 ], [ 407135.453007250092924, 1959632.260977635160089 ], [ 407130.967126728966832, 1959689.774827471002936 ], [ 407129.695407609455287, 1959767.005981056019664 ], [ 407138.979826423339546, 1959832.567432131618261 ], [ 407153.167268552817404, 1959920.873808369040489 ], [ 407151.820900379680097, 1960009.131743021309376 ], [ 407173.959901585243642, 1960071.900457115843892 ], [ 407171.683825513347983, 1960091.954786565154791 ], [ 407169.466422704979777, 1960129.289925508201122 ], [ 407086.157213820144534, 1960151.437173968181014 ], [ 407055.379333671182394, 1960115.250422952696681 ], [ 407043.814312828704715, 1960073.751237697899342 ], [ 407034.752551027573645, 1960032.223685219883919 ], [ 407021.369353697635233, 1959957.018899362534285 ], [ 407008.366995299234986, 1959924.751197008416057 ], [ 407007.495788126252592, 1959922.800684629008174 ], [ 407004.992551754228771, 1959922.82907285168767 ], [ 406960.46537125390023, 1959915.667263947427273 ], [ 406890.090058268047869, 1959919.986487478017807 ], [ 406825.575740494765341, 1959934.091097425669432 ], [ 406756.119322762824595, 1959953.383664067834616 ], [ 406736.635760785080492, 1959970.611277684569359 ], [ 406690.783669892698526, 1960011.250500183552504 ], [ 406652.974561581388116, 1960076.821725089102983 ], [ 406648.214900952763855, 1960093.145739210769534 ], [ 406638.687916302122176, 1960125.669000502675772 ], [ 406630.731709573417902, 1960155.215141477063298 ], [ 406634.406059207394719, 1960223.25063887052238 ], [ 406640.326462655328214, 1960291.148367054760456 ], [ 406654.353537436574697, 1960348.27816585637629 ], [ 406669.859100369736552, 1960380.517789361998439 ], [ 406675.458422127179801, 1960394.20214244350791 ], [ 406717.729542246088386, 1960417.659883541986346 ], [ 406772.852123050019145, 1960434.191622627899051 ], [ 406815.178729264065623, 1960470.797157583758235 ], [ 406897.17432978656143, 1960549.682313965633512 ], [ 406992.279338543303311, 1960642.166624642908573 ], [ 407032.877035052515566, 1960711.819100027903914 ], [ 407061.537511442787945, 1960737.990847645327449 ], [ 407088.357173168100417, 1960799.471003724262118 ], [ 407094.327328780665994, 1960872.250990312546492 ], [ 407036.926897767931223, 1960883.915444673970342 ], [ 406979.712864020839334, 1960882.291819846257567 ], [ 406893.828027289360762, 1960870.65426361747086 ], [ 406842.10301976557821, 1960876.834925236180425 ], [ 406774.966437576338649, 1960884.963423945009708 ], [ 406712.616109322756529, 1960901.690922448411584 ], [ 406621.385476184077561, 1960921.318062707781792 ], [ 406531.064688793383539, 1960963.935438457876444 ], [ 406445.322874220088124, 1960991.366829486563802 ], [ 406406.74828982539475, 1961015.903559748083353 ], [ 406380.89509205147624, 1961031.393010552972555 ], [ 406351.905137710273266, 1961069.24442926608026 ], [ 406350.598550010472536, 1961121.429178353399038 ], [ 406354.679298177361488, 1961147.105799371376634 ], [ 406357.90553754940629, 1961162.940000941976905 ], [ 406362.872820349410176, 1961190.816760672256351 ], [ 406401.974912973120809, 1961203.447311569005251 ], [ 406466.595098746009171, 1961207.372463757172227 ], [ 406507.903207417577505, 1961206.966655554249883 ], [ 406575.902401152066886, 1961208.805551176890731 ], [ 406662.40801839157939, 1961230.550845336169004 ], [ 406722.285176466219127, 1961242.908181911334395 ], [ 406785.590473726391792, 1961258.061099495738745 ], [ 406861.696927774697542, 1961269.547483064234257 ], [ 406876.172903241589665, 1961260.517646903172135 ], [ 406902.079647918231785, 1961245.901415184140205 ], [ 406974.445408069528639, 1961192.361211294308305 ], [ 407018.969149028882384, 1961154.558034839108586 ], [ 407106.127806136384606, 1961101.237071825191379 ], [ 407113.369585425592959, 1961096.784533903002739 ], [ 407193.300982314161956, 1961076.722921930253506 ], [ 407194.057327834889293, 1961076.801747933030128 ], [ 407267.023293541744351, 1961086.100617628544569 ], [ 407335.116801213473082, 1961122.126500321552157 ], [ 407352.396732970140874, 1961179.182407941669226 ], [ 407353.50624119117856, 1961254.390419034287333 ], [ 407352.239484963007271, 1961327.615105314180255 ], [ 407314.503350738435984, 1961418.86023723334074 ], [ 407301.798714062198997, 1961468.989340417087078 ], [ 407315.236418725922704, 1961545.069225940853357 ], [ 407324.197183796204627, 1961572.700906040146947 ], [ 407356.81879857275635, 1961634.827577874064445 ], [ 407395.786616749130189, 1961649.344593832269311 ], [ 407469.408034714870155, 1961644.825273601338267 ], [ 407546.040741497650743, 1961632.230122126638889 ], [ 407615.582017766311765, 1961593.892513928934932 ], [ 407671.135548131540418, 1961560.296375444158912 ], [ 407772.366071288473904, 1961581.136252708733082 ], [ 407778.527514661662281, 1961665.177961446344852 ], [ 407774.783876806497574, 1961771.496541932225227 ], [ 407755.899025122635067, 1961867.847862398251891 ], [ 407721.654812688007951, 1961975.162488523870707 ], [ 407678.388207581825554, 1962053.847213404253125 ], [ 407626.739464252255857, 1962110.250516002997756 ], [ 407541.439527026377618, 1962181.620739549398422 ], [ 407396.25260872580111, 1962297.625140827149153 ], [ 407336.040307443588972, 1962361.443102741613984 ], [ 407330.378342926502228, 1962403.875926036387682 ], [ 407338.112705151550472, 1962468.658398494124413 ], [ 407425.101891948841512, 1962555.3800701610744 ], [ 407485.100507229566574, 1962586.01647599413991 ], [ 407543.224383066408336, 1962598.355564828962088 ], [ 407598.36112211085856, 1962611.003237722441554 ], [ 407682.035773675888777, 1962655.968010514974594 ], [ 407724.204462124966085, 1962710.369866121560335 ], [ 407769.063673709519207, 1962771.871310628950596 ], [ 407769.145319509319961, 1962818.085203602910042 ], [ 407700.247904452495277, 1962936.296785296872258 ], [ 407638.40865277312696, 1963018.502801083028316 ], [ 407564.264924901537597, 1963092.070130474865437 ], [ 407518.29095318634063, 1963142.990494906902313 ], [ 407484.50551325455308, 1963180.261321460828185 ], [ 407428.294602559879422, 1963235.818322351202369 ], [ 407345.191260036081076, 1963294.028258921578526 ], [ 407297.50351794064045, 1963300.713374566286802 ], [ 407251.223723514005542, 1963289.525737309828401 ], [ 407201.799603723920882, 1963251.601151902228594 ], [ 407100.379231356084347, 1963174.657254386693239 ], [ 407020.071118209511042, 1963131.488809134811163 ], [ 407004.798256169073284, 1963176.516169123351574 ], [ 407013.001588637009263, 1963212.211434304714203 ], [ 407031.986887352541089, 1963243.988243794068694 ], [ 407061.124243503436446, 1963298.314170945435762 ], [ 407084.829166317358613, 1963349.842201227322221 ], [ 407085.851840040646493, 1963390.98855908960104 ], [ 407068.293847455643117, 1963415.113409861922264 ], [ 407047.250756987370551, 1963431.435819977894425 ], [ 407032.778822566382587, 1963436.45760546810925 ], [ 407023.916810617782176, 1963439.005681680515409 ], [ 406985.164309235289693, 1963440.257133144885302 ], [ 406979.252454898320138, 1963433.730946779251099 ], [ 406901.972704534418881, 1963297.060808578506112 ], [ 406683.378459375351667, 1962955.88022050820291 ], [ 406642.761393846012652, 1962902.258957929909229 ], [ 406582.883967694826424, 1962881.759800605475903 ], [ 406548.993461691774428, 1962900.999752769246697 ], [ 406512.762241313233972, 1962935.163438150659204 ], [ 406399.80852013733238, 1963025.390435013920069 ], [ 406316.759260579012334, 1963076.330765629187226 ], [ 406247.401110614649951, 1963129.937958603724837 ], [ 406230.005434425547719, 1963168.957936801016331 ], [ 406246.3333346741274, 1963247.242640051990747 ], [ 406357.708858895115554, 1963347.626193158328533 ], [ 406391.051027487963438, 1963372.509878076612949 ], [ 406402.601226406171918, 1963413.76172050088644 ], [ 406402.717931091785431, 1963427.908478552475572 ], [ 406375.163274803198874, 1963464.67128468491137 ], [ 406338.135190184228122, 1963485.857480444014072 ], [ 406300.321417439728975, 1963498.323955435305834 ], [ 406269.561421370133758, 1963507.35136105120182 ], [ 406203.290074141696095, 1963513.297368992120028 ], [ 406166.051555316895247, 1963506.564276725053787 ], [ 406109.477340728975832, 1963384.780193882063031 ], [ 406080.109178123064339, 1963314.435117209330201 ], [ 406058.998909754678607, 1963272.517389010637999 ], [ 406002.844606856815517, 1963235.130097556859255 ], [ 405961.554644383490086, 1963211.360250923782587 ], [ 405921.574901690706611, 1963159.953765327110887 ], [ 405918.181208899244666, 1963112.815459903329611 ], [ 405919.44028821401298, 1963047.605417396873236 ], [ 405929.059443808160722, 1962996.161511370912194 ], [ 405966.033504875376821, 1962953.685675574466586 ], [ 405998.84732463862747, 1962900.567965732887387 ], [ 406001.808789485134184, 1962826.360583713278174 ], [ 405906.811631418764591, 1962739.752110766246915 ], [ 405855.707436102442443, 1962698.923693900927901 ], [ 405801.221074245870113, 1962656.048214118927717 ], [ 405742.686642520129681, 1962620.685865629464388 ], [ 405701.28998351842165, 1962595.169023768976331 ], [ 405632.511112071573734, 1962564.318091217428446 ], [ 405578.201289290562272, 1962544.728960627689958 ], [ 405515.802821170538664, 1962540.290846653282642 ], [ 405473.760361513122916, 1962540.991656746715307 ], [ 405418.901220279745758, 1962565.525633938610554 ], [ 405380.192048787139356, 1962583.807994984090328 ], [ 405321.379591427743435, 1962621.485686270520091 ], [ 405287.689489052630961, 1962676.660687226802111 ], [ 405247.605557599104941, 1962758.281008711084723 ], [ 405240.723560396581888, 1962829.848026476800442 ], [ 405268.326554259285331, 1962867.359270572662354 ], [ 405288.524969641119242, 1962874.01106427051127 ], [ 405342.744508280418813, 1962863.544857282191515 ], [ 405391.073724082671106, 1962834.651773704215884 ], [ 405528.646736943162978, 1962835.354214228689671 ], [ 405581.35260128416121, 1962894.121433701366186 ], [ 405617.984842443838716, 1962939.971623636782169 ], [ 405629.669163972139359, 1962979.336316082626581 ], [ 405603.233522044494748, 1963026.175563929602504 ], [ 405522.449489874765277, 1963073.218254053965211 ], [ 405432.940915396437049, 1963104.638249425217509 ], [ 405343.848494987003505, 1963106.096539307385683 ], [ 405307.489108372479677, 1963101.438363458961248 ], [ 405265.192003750242293, 1963085.746229492127895 ], [ 405223.810475398786366, 1963060.478482259437442 ], [ 405184.335256962105632, 1963045.865719037130475 ], [ 405126.685779824852943, 1963041.261113272979856 ], [ 405037.81085099093616, 1963070.762841664254665 ], [ 404967.48066879529506, 1963079.962642762809992 ], [ 404879.449234375730157, 1963094.632274057716131 ], [ 404809.074589618481696, 1963094.941490486264229 ], [ 404741.183392626233399, 1963098.981199558824301 ], [ 404721.712180373258889, 1963104.183877944946289 ], [ 404678.949541584588587, 1963133.987686613574624 ], [ 404653.41335968952626, 1963191.418278813362122 ], [ 404615.649562938138843, 1963261.874105218797922 ], [ 404577.328348620794713, 1963335.495590692386031 ], [ 404515.167796791531146, 1963347.199939513579011 ], [ 404502.206887098960578, 1963340.103880181908607 ], [ 404497.171076320111752, 1963331.519614696502686 ], [ 404485.606763673946261, 1963290.0177295897156 ], [ 404482.284440403804183, 1963256.277167543768883 ], [ 404475.776687251403928, 1963097.100522581487894 ], [ 404466.610248218290508, 1963045.681758671998978 ], [ 404445.621952587738633, 1963013.901785116642714 ], [ 404424.388731868006289, 1962978.128670347854495 ], [ 404376.368957932107151, 1962914.062670864164829 ], [ 404316.232085338793695, 1962848.485361410304904 ], [ 404255.265224016271532, 1962806.131147976964712 ], [ 404203.256780676543713, 1962779.13479451648891 ], [ 404166.093899147585034, 1962761.373475523665547 ], [ 404132.914882130920887, 1962751.384099617600441 ], [ 404095.678224942646921, 1962756.924696616828442 ], [ 404088.481939046643674, 1962762.125779885798693 ], [ 404025.41638778988272, 1962808.079652983695269 ], [ 403994.821307514794171, 1962836.134530294686556 ], [ 403950.817588387057185, 1962906.972338439896703 ], [ 403929.934113050810993, 1962946.33084174618125 ], [ 403898.406525136902928, 1962971.436806300655007 ], [ 403849.219187256880105, 1962986.352897923439741 ], [ 403792.611859857104719, 1963010.992951430380344 ], [ 403767.074866219423711, 1963068.423190800473094 ], [ 403770.65234611928463, 1963110.414954083040357 ], [ 403778.036328345537186, 1963145.033701015636325 ], [ 403784.613365529105067, 1963182.833354480564594 ], [ 403748.418214968405664, 1963238.036550015211105 ], [ 403700.858176541514695, 1963254.982157589867711 ], [ 403653.295125243254006, 1963267.794470064342022 ], [ 403595.900886734947562, 1963271.439718138426542 ], [ 403526.766912456601858, 1963230.712707985192537 ], [ 403478.831440036185086, 1963188.435079632326961 ], [ 403432.688492206856608, 1963167.215756325051188 ], [ 403374.500149301253259, 1963149.741241002455354 ], [ 403333.262311276979744, 1963155.40157219953835 ], [ 403294.255316778086126, 1963160.674560274928808 ], [ 403252.322304021567106, 1963167.254264283925295 ], [ 403228.884152604267001, 1963156.792265687137842 ], [ 403210.226162268780172, 1963146.663404086604714 ], [ 403196.978108714334667, 1963118.541703989729285 ], [ 403190.382618397474289, 1963096.775873184204102 ], [ 403174.747092890553176, 1963029.720804452896118 ], [ 403178.419888679869473, 1962930.293142149224877 ], [ 403171.35933883022517, 1962839.665422428399324 ], [ 403080.601605211384594, 1962764.942170770838857 ], [ 403022.135905568487942, 1962718.425217822194099 ], [ 402971.858974372036755, 1962711.487737955525517 ], [ 402933.921122267842293, 1962709.680602334439754 ], [ 402863.420556235127151, 1962724.274436514824629 ], [ 402808.733000343665481, 1962747.543259356170893 ], [ 402725.192275296896696, 1962749.659470498561859 ], [ 402691.060621650889516, 1962707.787663633003831 ], [ 402680.420469983480871, 1962677.251529088243842 ], [ 402646.502376710064709, 1962659.290358267724514 ], [ 402597.030671093612909, 1962657.313412319868803 ], [ 402452.928969378583133, 1962644.10360162332654 ], [ 402410.784573280252516, 1962618.630341397598386 ], [ 402368.593273747712374, 1962580.133419454097748 ], [ 402328.505527867004275, 1962510.569574244320393 ], [ 402312.266892148181796, 1962466.348153525963426 ], [ 402298.338514218106866, 1962427.12056278437376 ], [ 402273.751206020824611, 1962373.390654304996133 ], [ 402245.226361689157784, 1962345.328835044056177 ], [ 402212.13386073242873, 1962361.260860124602914 ], [ 402175.841914055868983, 1962398.557045590132475 ], [ 402157.453097640536726, 1962437.761796984821558 ], [ 402135.183971440419555, 1962487.224835624918342 ], [ 402102.192772712558508, 1962529.328906560316682 ], [ 402052.863631648942828, 1962558.280760308727622 ], [ 402003.487570296041667, 1962541.517398979514837 ], [ 401946.031514428555965, 1962531.887833494693041 ], [ 401891.078837648034096, 1962522.230010818690062 ], [ 401777.022474518977106, 1962537.363275963813066 ], [ 401719.763226609677076, 1962571.81120185367763 ], [ 401746.865910027176142, 1962654.321283167228103 ], [ 401784.24908459186554, 1962696.119556158781052 ], [ 401858.234386977739632, 1962754.712902309373021 ], [ 401939.968060042709112, 1962796.673253150656819 ], [ 401960.42635499406606, 1962807.568882562220097 ], [ 401970.123377536423504, 1962830.898224992677569 ], [ 401857.36499060317874, 1962908.078976649791002 ], [ 401772.537647604010999, 1962942.338304698467255 ], [ 401703.120647004805505, 1962982.792488027364016 ], [ 401616.905592274852097, 1963023.02376076951623 ], [ 401557.845279064960778, 1963056.705460347235203 ], [ 401523.201224125921726, 1963071.855666821822524 ], [ 401422.123568339273334, 1963078.051320312544703 ], [ 401253.171205597929657, 1963080.390673806890845 ], [ 401194.564581052400172, 1963047.909035477787256 ], [ 401183.348203292116523, 1963036.571920845657587 ], [ 401145.786405232734978, 1962987.769666768610477 ], [ 401133.512575236149132, 1962967.353680433705449 ], [ 401102.628975193016231, 1962929.415164509788156 ], [ 401065.481448649428785, 1962944.593276474624872 ], [ 401010.729623023420572, 1962975.004238273948431 ], [ 400970.485212943516672, 1963029.577255988493562 ], [ 400918.053111027926207, 1963056.965126374736428 ], [ 400860.66262623667717, 1963044.324363412335515 ], [ 400789.379346379078925, 1963021.637691531330347 ], [ 400627.448983394540846, 1962995.487657256424427 ], [ 400502.044889410026371, 1962997.160328082740307 ], [ 400443.06939622759819, 1963011.796895623207092 ], [ 400362.425138415768743, 1963093.896550247445703 ], [ 400308.844685575924814, 1963180.224871935322881 ], [ 400268.587630758062005, 1963250.956568263471127 ], [ 400252.802983094938099, 1963295.888910947367549 ], [ 400244.741366423666477, 1963319.680663539096713 ], [ 400243.850114428438246, 1963321.488872146233916 ], [ 400247.158546212129295, 1963326.42166861332953 ], [ 400288.688951671123505, 1963350.055452611297369 ], [ 400390.574543628841639, 1963340.680593593046069 ], [ 400538.473202674649656, 1963362.680922096595168 ], [ 400596.801088229753077, 1963374.262517236173153 ], [ 400635.92835100274533, 1963411.821606831625104 ], [ 400674.184568369761109, 1963447.429960455745459 ], [ 400709.965208055451512, 1963479.432312404736876 ], [ 400789.588242814876139, 1963564.612405573949218 ], [ 400845.705347642302513, 1963650.481575017794967 ], [ 400849.21704132668674, 1963687.342531654983759 ], [ 400851.799264615401626, 1963725.387791570276022 ], [ 400839.775975582189858, 1963762.198835741728544 ], [ 400810.85913423448801, 1963780.880849234759808 ], [ 400740.542189314961433, 1963790.32591007836163 ], [ 400691.932893809862435, 1963790.173531908541918 ], [ 400633.660942882299423, 1963783.598861461505294 ], [ 400552.783032909035683, 1963755.612623469904065 ], [ 400499.953152449801564, 1963743.819276694208384 ], [ 400419.038475461304188, 1963739.759323013946414 ], [ 400348.779852635227144, 1963746.068932183086872 ], [ 400296.510229166597128, 1963780.210634510964155 ], [ 400265.763351384550333, 1963822.177247747778893 ], [ 400262.903176741674542, 1963865.441203914582729 ], [ 400263.596278825774789, 1963872.663687376305461 ], [ 400262.196113348938525, 1963882.519602732732892 ], [ 400270.521100878715515, 1963924.346635259687901 ], [ 400308.52791883982718, 1963959.970768673345447 ], [ 400333.647072904743254, 1963973.337171340361238 ], [ 400367.536922693252563, 1964072.594220537692308 ], [ 400377.327517477795482, 1964134.247617848217487 ], [ 400365.526368789374828, 1964186.953051256015897 ], [ 400324.760024838149548, 1964265.733715426176786 ], [ 400271.677942183800042, 1964352.033148255199194 ], [ 400214.690754390321672, 1964423.666152024641633 ], [ 400124.347923156805336, 1964482.437349509447813 ], [ 400028.278557678684592, 1964517.259107727557421 ], [ 399929.033330010250211, 1964553.402685575187206 ], [ 399831.620969841256738, 1964627.637947980314493 ], [ 399717.730463720858097, 1964694.615694690495729 ], [ 399661.410152087919414, 1964723.995296448469162 ], [ 399603.130221929401159, 1964729.570332158356905 ], [ 399533.67313751578331, 1964748.982407378032804 ], [ 399477.348300591111183, 1964794.645936274901032 ], [ 399419.956237646751106, 1964839.247503278777003 ], [ 399399.991724679246545, 1964889.572599893435836 ], [ 399364.08988023083657, 1964949.642385689541698 ], [ 399357.101451264694333, 1965007.314464036375284 ], [ 399385.575795179232955, 1965038.638619316741824 ], [ 399405.9411511272192, 1965068.455434676259756 ], [ 399423.97725270781666, 1965121.588150268420577 ], [ 399424.23119804635644, 1965162.532779959961772 ], [ 399418.573767977766693, 1965196.950285609811544 ], [ 399384.233218484558165, 1965262.060418205335736 ], [ 399358.760784374549985, 1965332.890315566211939 ], [ 399317.568826500326395, 1965388.399456731975079 ], [ 399261.317052928730845, 1965431.177837297320366 ], [ 399206.586164021864533, 1965486.514408038929105 ], [ 399153.626732957549393, 1965578.945090750232339 ], [ 399096.073995326645672, 1965702.722175374627113 ], [ 399042.443428922444582, 1965833.273846847936511 ], [ 399028.341250321827829, 1965885.244705269113183 ], [ 399017.933793502859771, 1965919.828337436541915 ], [ 398968.098834116011858, 1966014.197591740638018 ], [ 398907.827722115442157, 1966064.988664198666811 ], [ 398822.296817387454212, 1966108.308296151459217 ], [ 398752.286590787582099, 1966163.704357910901308 ], [ 398711.064867010340095, 1966198.296875702217221 ], [ 398693.651609400287271, 1966253.47713633812964 ], [ 398695.491348629817367, 1966279.419107109308243 ], [ 398697.020341989584267, 1966304.378021221607924 ], [ 398702.894878237508237, 1966347.108605563640594 ], [ 398778.036645663902164, 1966481.797923069447279 ], [ 398829.392857511527836, 1966526.75281516648829 ], [ 398883.678120518103242, 1966574.534567572176456 ], [ 398926.156760602258146, 1966634.062823250889778 ], [ 398982.270009740255773, 1966723.946417523548007 ], [ 398989.039872393943369, 1966793.55409961938858 ], [ 398979.121482347138226, 1966893.370795764029026 ], [ 398973.194344217889011, 1967001.085294594988227 ], [ 398971.367728444747627, 1967110.302453147247434 ], [ 398999.289661772549152, 1967185.754709165543318 ], [ 399022.870866085402668, 1967239.426392141729593 ], [ 399040.104719537310302, 1967279.457342445850372 ], [ 399036.445952211506665, 1967362.857373302802444 ], [ 398999.735498246736825, 1967426.110609738156199 ], [ 398957.228607947006822, 1967496.984409274533391 ], [ 398918.687791481614113, 1967583.523981427773833 ], [ 398862.753285015001893, 1967709.210053104907274 ], [ 398828.491892390884459, 1967816.532357286661863 ], [ 398811.491735207848251, 1967947.975792078301311 ], [ 398790.086836270056665, 1968052.506560746580362 ], [ 398767.064192006364465, 1968146.990023244172335 ], [ 398762.519463061355054, 1968183.219962609931827 ], [ 398779.653599510900676, 1968209.353074699640274 ], [ 398808.019591926597059, 1968234.798051711171865 ], [ 398862.184214876964688, 1968223.337198704481125 ], [ 399002.310914240777493, 1968130.572701605036855 ], [ 399056.60538221988827, 1968121.233288070186973 ], [ 399071.886989265680313, 1968125.307631863281131 ], [ 399131.126458034850657, 1968147.608111685141921 ], [ 399182.954550234600902, 1968171.615319842472672 ], [ 399243.153287565335631, 1968225.925166081637144 ], [ 399262.810476308688521, 1968280.965415980666876 ], [ 399258.134497247636318, 1968335.492432845756412 ], [ 399244.44063332863152, 1968353.242531273514032 ], [ 399237.192539721727371, 1968361.70372823253274 ], [ 399207.414673718623817, 1968374.551810601726174 ], [ 399171.037478173151612, 1968381.916698295623064 ], [ 399128.970328499563038, 1968386.373263385146856 ], [ 399042.66118388902396, 1968400.680780494585633 ], [ 398967.461507583037019, 1968412.303242385387421 ], [ 398863.229869520291686, 1968432.594051364809275 ], [ 398830.963545631617308, 1968445.719713848084211 ], [ 398738.949991236440837, 1968481.421228419989347 ], [ 398681.709064846858382, 1968508.102585036307573 ], [ 398624.274228021502495, 1968527.530282814055681 ], [ 398553.327294752933085, 1968530.87465157173574 ], [ 398468.177976038306952, 1968515.046245351433754 ], [ 398410.851418734528124, 1968503.52610089816153 ], [ 398352.487817106768489, 1968479.166907412931323 ], [ 398313.32798726670444, 1968453.380716063082218 ], [ 398274.991318836808205, 1968367.415873158723116 ], [ 398258.389963527210057, 1968276.36163817346096 ], [ 398256.160118519328535, 1968162.254952231422067 ], [ 398234.869009584188461, 1968117.335824605077505 ], [ 398210.455898638814688, 1968086.888343973085284 ], [ 398156.359596503898501, 1968087.195715976879001 ], [ 398104.673247805796564, 1968106.395934289321303 ], [ 398008.584979639388621, 1968157.377803767099977 ], [ 397957.138157172128558, 1968184.580332988873124 ], [ 397938.671702953055501, 1968226.67370724119246 ], [ 397937.259268618188798, 1968264.966618629172444 ], [ 397945.629670421592891, 1968307.545731380581856 ], [ 397985.273563288152218, 1968345.328096406534314 ], [ 398030.082607770338655, 1968381.541391417384148 ], [ 398115.309354673139751, 1968435.446849850937724 ], [ 398197.979093794710934, 1968488.506725603714585 ], [ 398291.498074649833143, 1968591.885749518871307 ], [ 398359.942819471471012, 1968694.921839045360684 ], [ 398446.295517276972532, 1968804.001181706786156 ], [ 398515.626405951566994, 1968954.209185559302568 ], [ 398563.986060447059572, 1969040.186890035867691 ], [ 398585.099212598986924, 1969078.102376723662019 ], [ 398626.304101346060634, 1969210.867897845804691 ], [ 398624.345749265514314, 1969338.38619676604867 ], [ 398613.634020141325891, 1969417.085025886073709 ], [ 398595.441882355138659, 1969496.367521418258548 ], [ 398593.873253518715501, 1969503.478700907900929 ], [ 398565.506529895588756, 1969535.28124631382525 ], [ 398497.988811206072569, 1969590.527661886066198 ], [ 398468.210219010710716, 1969603.375759890303016 ], [ 398408.349871076643467, 1969628.213612284511328 ], [ 398262.182834017090499, 1969651.073157522827387 ], [ 398098.800712700933218, 1969675.112246248871088 ], [ 397980.85107072815299, 1969692.35923957079649 ], [ 397934.267890446819365, 1969721.268900727853179 ], [ 397898.679809075780213, 1969745.621660783886909 ], [ 397843.890605789609253, 1969787.811488006263971 ], [ 397818.369136972352862, 1969845.621030867099762 ], [ 397777.469282573089004, 1969914.143696237355471 ], [ 397708.144703809171915, 1969972.632147524505854 ], [ 397664.637508873827755, 1969986.320914089679718 ], [ 397566.133946290239692, 1970026.553337868303061 ], [ 397504.38923470582813, 1970098.357178850099444 ], [ 397450.594488241709769, 1970205.877360919490457 ], [ 397452.933237173594534, 1970325.868904627859592 ], [ 397471.777609593234956, 1970388.101827964186668 ], [ 397529.455175871029496, 1970413.506601331755519 ], [ 397628.15187484677881, 1970425.500161774456501 ], [ 397717.652938845567405, 1970405.987436709925532 ], [ 397820.329111377708614, 1970372.514073515310884 ], [ 397896.167834927327931, 1970350.831534618511796 ], [ 397972.052789621986449, 1970342.1742641068995 ], [ 398089.401375671848655, 1970364.17362105846405 ], [ 398204.424868414178491, 1970393.205110494047403 ], [ 398354.199793008156121, 1970425.118195125833154 ], [ 398435.328448752872646, 1970465.245363313704729 ], [ 398454.978321460075676, 1970520.162956966087222 ], [ 398449.560097506269813, 1970562.586055053398013 ], [ 398440.133404946886003, 1970617.280821390450001 ], [ 398430.381280496716499, 1970625.770402859896421 ], [ 398357.941846871748567, 1970686.580672407522798 ], [ 398287.931248401291668, 1970725.695403078570962 ], [ 398186.346034909598529, 1970785.15941483527422 ], [ 398100.032983751967549, 1970856.716012610122561 ], [ 398013.84386804420501, 1970909.850006517022848 ], [ 397973.01750732306391, 1970975.488212451338768 ], [ 397955.637107465416193, 1971059.859004691243172 ], [ 397953.076202559284866, 1971169.378743531182408 ], [ 397951.92931647785008, 1971289.710777658969164 ], [ 397936.004704591818154, 1971344.678936211392283 ], [ 397913.720207208767533, 1971402.166393637657166 ], [ 397842.113244079053402, 1971488.857498105615377 ], [ 397793.355112366378307, 1971559.993066996335983 ], [ 397786.220205955207348, 1971615.299899753183126 ], [ 397810.650023981928825, 1971645.998626708984375 ], [ 397840.115691100247204, 1971685.283283416181803 ], [ 397947.663148269057274, 1971706.756082931533456 ], [ 398108.468432360328734, 1971701.915564967319369 ], [ 398304.16771384421736, 1971685.917095927521586 ], [ 398380.063904169946909, 1971669.240828521549702 ], [ 398434.136387045495212, 1971639.870988538488746 ], [ 398458.630325486883521, 1971561.201897921040654 ], [ 398444.449550244025886, 1971472.876264054328203 ], [ 398406.707855431362987, 1971363.946260645985603 ], [ 398382.158378323540092, 1971278.135232592001557 ], [ 398376.055894862860441, 1971223.51442664116621 ], [ 398387.107563113793731, 1971166.715223019942641 ], [ 398444.909069509245455, 1971091.89385194145143 ], [ 398488.492643831297755, 1971067.175626486539841 ], [ 398543.577806241810322, 1971082.9672562032938 ], [ 398560.717725443653762, 1971105.092471901327372 ], [ 398577.983864527195692, 1971157.901692939922214 ], [ 398604.980978730134666, 1971238.676865566521883 ], [ 398620.29418857768178, 1971357.749843908473849 ], [ 398631.81789044290781, 1971431.330582330003381 ], [ 398641.330049111507833, 1971517.060869686305523 ], [ 398660.023088334128261, 1971576.798260066658258 ], [ 398682.495439170859754, 1971677.769614219665527 ], [ 398717.582678948529065, 1971763.812231278046966 ], [ 398733.232552498579025, 1971933.350855829194188 ], [ 398716.467044621706009, 1972019.564470058307052 ], [ 398698.066492854617536, 1972058.650012850761414 ], [ 398643.198526297695935, 1972075.040511650964618 ], [ 398598.81910140812397, 1972086.779531233012676 ], [ 398513.525319810956717, 1972134.097846895456314 ], [ 398470.748950585722923, 1972167.912139566615224 ], [ 398439.439387789927423, 1972200.773296939209104 ], [ 398410.48448471352458, 1972259.797848092392087 ], [ 398391.654972879216075, 1972336.867994580417871 ], [ 398372.596022254787385, 1972410.194042736664414 ], [ 398345.926805938594043, 1972437.008329994976521 ], [ 398283.702192096970975, 1972447.836200712248683 ], [ 398242.425946737639606, 1972428.442023083567619 ], [ 398214.645244721323252, 1972375.774783436208963 ], [ 398171.16971277166158, 1972267.319702876731753 ], [ 398149.196843763813376, 1972223.567044923081994 ], [ 398125.535176403820515, 1972176.786009812727571 ], [ 398064.640428060665727, 1972127.525660874322057 ], [ 397979.026235171593726, 1972136.904806025326252 ], [ 397888.736866256222129, 1972180.394370662048459 ], [ 397805.686572317965329, 1972235.717292508110404 ], [ 397666.124656021595001, 1972305.150407273322344 ], [ 397544.31512812897563, 1972361.720012677833438 ], [ 397513.658967030234635, 1972376.626521978527308 ], [ 397461.164488486014307, 1972403.143312336876988 ], [ 397406.722738707438111, 1972471.495983829721808 ], [ 397392.302844507619739, 1972526.498191967606544 ], [ 397400.773663797415793, 1972582.979596113786101 ], [ 397435.887508322484791, 1972653.112609723582864 ], [ 397510.682521491311491, 1972720.689627373591065 ], [ 397612.705518076196313, 1972770.563348593190312 ], [ 397643.441838492639363, 1972785.592675132676959 ], [ 397686.578390503302217, 1972827.172469539567828 ], [ 397691.484777525998652, 1972845.913829810917377 ], [ 397696.072281391359866, 1972920.798360532149673 ], [ 397667.011202580295503, 1972957.655966106802225 ], [ 397616.668397818692029, 1973047.93221789598465 ], [ 397564.170566449873149, 1973209.372379893437028 ], [ 397523.866643813438714, 1973254.936548830941319 ], [ 397478.89598289038986, 1973289.762252200394869 ], [ 397435.200841963291168, 1973308.599654069170356 ], [ 397393.086667227558792, 1973304.163973167538643 ], [ 397350.93615766428411, 1973278.683988634496927 ], [ 397311.181686401367188, 1973226.874379688873887 ], [ 397255.795105645433068, 1973157.105565646663308 ], [ 397165.678382593207061, 1973072.551799269393086 ], [ 397091.670610870234668, 1973017.82925770804286 ], [ 397004.36015996709466, 1972991.356964509934187 ], [ 396882.219069221056998, 1973005.728275675326586 ], [ 396812.903042341582477, 1973048.057789811864495 ], [ 396802.613754224963486, 1973092.785305997356772 ], [ 396814.299249005503953, 1973173.123550252988935 ], [ 396821.32850072812289, 1973246.982129245996475 ], [ 396821.766296098008752, 1973340.036055378615856 ], [ 396818.166709991171956, 1973424.442721849307418 ], [ 396796.063051748089492, 1973542.179135436192155 ], [ 396758.93958774022758, 1973688.772624745965004 ], [ 396708.516213572584093, 1973785.94458937831223 ], [ 396652.220937202684581, 1973856.792089559137821 ], [ 396608.854363293386996, 1973905.550502529367805 ], [ 396504.802345769479871, 1973973.936002930626273 ], [ 396401.429446599446237, 1974004.320482945069671 ], [ 396270.633326645940542, 1974008.321913631632924 ], [ 396187.346340820193291, 1973994.380199981853366 ], [ 396116.033518839627504, 1973979.579809470102191 ], [ 396027.795145279727876, 1973982.978969076648355 ], [ 395847.727123673073947, 1974017.056993119418621 ], [ 395795.235467882826924, 1974027.286920068785548 ], [ 395720.109639182686806, 1974023.869356701150537 ], [ 395678.657044718973339, 1974001.602484321221709 ], [ 395630.685971749015152, 1973934.258663000538945 ], [ 395574.309083996340632, 1973815.564383544027805 ], [ 395519.435160153545439, 1973680.492095928639174 ], [ 395504.943852527067065, 1973550.213549578562379 ], [ 395511.989033653400838, 1973505.684459742158651 ], [ 395545.942331202328205, 1973499.596642075106502 ], [ 395621.869928686879575, 1973503.842292504385114 ], [ 395691.557132076472044, 1973520.747163942083716 ], [ 395823.379194416105747, 1973537.605559021234512 ], [ 395925.333515108563006, 1973549.527666248381138 ], [ 395995.718453153967857, 1973545.092295151203871 ], [ 396047.251545563340187, 1973502.849986275658011 ], [ 396052.732448101043701, 1973461.423357227817178 ], [ 396040.283769979141653, 1973393.157877309247851 ], [ 396004.826708848588169, 1973305.129582365974784 ], [ 395964.812905604951084, 1973212.244058029726148 ], [ 395941.561570283025503, 1973094.404337035492063 ], [ 395940.946600914001465, 1972982.068901857361197 ], [ 395943.190206580795348, 1972940.966123269870877 ], [ 395944.547516450285912, 1972909.939748324453831 ], [ 395943.351996367797256, 1972812.673319136723876 ], [ 395887.854958344250917, 1972732.888280402868986 ], [ 395874.879984530620277, 1972729.673941990360618 ], [ 395845.7588747208938, 1972720.55808706022799 ], [ 395806.238048031926155, 1972725.734093686565757 ], [ 395765.099893664009869, 1972745.415851486846805 ], [ 395744.208781010471284, 1972784.778963336721063 ], [ 395715.658745751716197, 1972866.829151168465614 ], [ 395684.510707139037549, 1972967.829985808581114 ], [ 395661.520843112841249, 1973038.390324149280787 ], [ 395611.085895160213113, 1973143.578995259478688 ], [ 395581.404468541033566, 1973182.603609098121524 ], [ 395545.276274324394763, 1973230.917633384466171 ], [ 395490.441883874125779, 1973268.350422855466604 ], [ 395407.474351500160992, 1973292.347165118902922 ], [ 395352.446166086010635, 1973285.694171110168099 ], [ 395312.496960908174515, 1973247.049184881150723 ], [ 395293.66602136194706, 1973193.205482384189963 ], [ 395282.889124125242233, 1973135.862065646797419 ], [ 395287.165741601027548, 1973054.29557641595602 ], [ 395326.271628086455166, 1972915.475117713212967 ], [ 395363.553672772832215, 1972800.067990150302649 ], [ 395414.854897817596793, 1972700.84026925265789 ], [ 395451.291037000715733, 1972551.159734722226858 ], [ 395494.04638996720314, 1972394.202495865523815 ], [ 395505.750173857435584, 1972323.45700116828084 ], [ 395502.212173330597579, 1972253.394225269556046 ], [ 395451.581134520471096, 1972175.315876012668014 ], [ 395412.666775749064982, 1972157.654387209564447 ], [ 395354.356391945853829, 1972138.299042584374547 ], [ 395284.138364256359637, 1972141.345224432647228 ], [ 395213.859148576855659, 1972155.669826483353972 ], [ 395171.040020640939474, 1972172.447322867810726 ], [ 395143.57983516715467, 1972182.271320421248674 ], [ 395096.145162489265203, 1972234.157833451405168 ], [ 395087.319417408667505, 1972249.60588887706399 ], [ 395048.801964242942631, 1972312.096027737483382 ], [ 395037.280976650305092, 1972398.113898037001491 ], [ 395020.056946678087115, 1972497.38441513851285 ], [ 394985.85869555734098, 1972646.802403056994081 ], [ 394948.751650357618928, 1972777.356811536476016 ], [ 394897.289243415929377, 1972861.686327373608947 ], [ 394844.652251856401563, 1972980.037803068757057 ], [ 394806.997595513239503, 1973056.632036074995995 ], [ 394757.567267093807459, 1973161.883990013971925 ], [ 394730.982422946952283, 1973218.758624576032162 ], [ 394635.802320438437164, 1973374.79266320541501 ], [ 394618.756802727468312, 1973382.851646106690168 ], [ 394610.763842201791704, 1973387.349814964458346 ], [ 394581.550579600036144, 1973401.290015632286668 ], [ 394558.083820930682123, 1973398.592356745153666 ], [ 394539.622234617359936, 1973391.704699967056513 ], [ 394516.708606434985995, 1973353.018522458150983 ], [ 394491.118526662699878, 1973266.514963429421186 ], [ 394466.239493354223669, 1973154.787277031689882 ], [ 394451.27141032833606, 1973045.334470162168145 ], [ 394432.225151334889233, 1972959.307659214362502 ], [ 394399.121998156420887, 1972831.923191487789154 ], [ 394380.441889843903482, 1972800.995828483253717 ], [ 394324.324901766143739, 1972731.519865723326802 ], [ 394303.026459664106369, 1972698.748366607353091 ], [ 394305.222414799965918, 1972677.316997807472944 ], [ 394310.862014885991812, 1972658.932036554440856 ], [ 394322.996618956327438, 1972648.417755909264088 ], [ 394351.256823764182627, 1972647.564916435629129 ], [ 394407.15042735543102, 1972660.179046705365181 ], [ 394477.49360207747668, 1972687.818731732666492 ], [ 394579.739336176775396, 1972720.896809777244925 ], [ 394616.170656457543373, 1972722.550303388386965 ], [ 394671.048341974616051, 1972706.287590056657791 ], [ 394689.403017777018249, 1972686.873703543096781 ], [ 394702.121074221096933, 1972653.14755891636014 ], [ 394700.478585220873356, 1972614.036702707409859 ], [ 394694.333116577006876, 1972546.388059183955193 ], [ 394688.627895604819059, 1972518.675509072840214 ], [ 394680.416244696825743, 1972499.134047191590071 ], [ 394654.321552568115294, 1972465.779458232223988 ], [ 394601.579241895116866, 1972422.781231308355927 ], [ 394546.322745736688375, 1972400.106250401586294 ], [ 394489.871507222764194, 1972390.658294469118118 ], [ 394483.373852514661849, 1972390.930743044242263 ], [ 394413.040582838468254, 1972404.380952827632427 ], [ 394330.689777328632772, 1972434.351402748376131 ], [ 394325.888433517888188, 1972437.777177093550563 ], [ 394206.829993796534836, 1972535.263023998588324 ], [ 394122.332945710048079, 1972632.512642366811633 ], [ 394018.612379502505064, 1972739.081847600638866 ], [ 393962.370709417387843, 1972802.656743112951517 ], [ 393959.120496929623187, 1972806.864515699446201 ], [ 393880.399972976185381, 1972887.975891748443246 ], [ 393781.186012418940663, 1972929.000161055475473 ], [ 393744.040818271227181, 1972948.436395883560181 ], [ 393664.030519122257829, 1972947.069166978821158 ], [ 393616.03316165227443, 1972920.190659815445542 ], [ 393586.05177428945899, 1972888.827115645632148 ], [ 393563.263857365585864, 1972843.994573038071394 ], [ 393533.087057391181588, 1972788.965716822072864 ], [ 393507.033356032334268, 1972760.368464248254895 ], [ 393458.226593183353543, 1972720.260123107582331 ], [ 393405.506491935811937, 1972714.466425443068147 ], [ 393348.962948564440012, 1972715.796860411763191 ], [ 393294.123314806260169, 1972720.405444094911218 ], [ 393178.561675985343754, 1972760.424628669396043 ], [ 392944.102245790883899, 1972880.12883061543107 ], [ 392697.217186209745705, 1972993.326675809919834 ], [ 392555.402340445667505, 1973067.022272869944572 ], [ 392405.521836970932782, 1973164.512753469869494 ], [ 392350.525453431531787, 1973187.044897243380547 ], [ 392280.430156546644866, 1973196.219087367877364 ], [ 392277.872861376032233, 1973195.373317884281278 ], [ 392190.138370771892369, 1973100.518682118505239 ], [ 392188.791573587805033, 1973033.452395014464855 ], [ 392239.930765885859728, 1972919.20297365449369 ], [ 392281.369267783127725, 1972773.351052802056074 ], [ 392268.131769884377718, 1972720.792991621419787 ], [ 392244.287550828419626, 1972679.156534543260932 ], [ 392211.117004735395312, 1972665.275657625868917 ], [ 392118.125970783643425, 1972676.977697243914008 ], [ 392060.07097973395139, 1972694.560154827311635 ], [ 391884.970698961056769, 1972752.500827280804515 ], [ 391792.346188692376018, 1972811.158859997987747 ], [ 391708.208311007358134, 1972828.332114053890109 ], [ 391635.470312788151205, 1972818.875616041943431 ], [ 391528.651898492127657, 1972805.239753928035498 ], [ 391473.62398321647197, 1972798.583402758464217 ], [ 391321.554849365726113, 1972757.899016350507736 ], [ 391282.595784939825535, 1972768.174293592572212 ], [ 391278.670564383268356, 1972769.541860988363624 ], [ 391239.30536063015461, 1972797.756573157384992 ], [ 391235.114478038623929, 1972811.166986547410488 ], [ 391240.432804817333817, 1972894.025749547407031 ], [ 391278.634707788005471, 1972936.914342161267996 ], [ 391323.266486282460392, 1972966.130260827019811 ], [ 391364.734904219396412, 1972992.783537905663252 ], [ 391508.962681126780808, 1973065.016353704035282 ], [ 391547.35641372948885, 1973098.747873179614544 ], [ 391596.837397595867515, 1973141.698134923353791 ], [ 391634.590454735793173, 1973246.877157503738999 ], [ 391617.966944357380271, 1973306.89989179559052 ], [ 391590.973110944032669, 1973381.713443651795387 ], [ 391552.368879405781627, 1973418.275731135159731 ], [ 391507.052108751609921, 1973422.926820382475853 ], [ 391439.879868424497545, 1973397.970979306846857 ], [ 391314.346418251283467, 1973385.6047397647053 ], [ 391228.582346878014505, 1973363.915559768676758 ], [ 391145.979437047615647, 1973340.654866322875023 ], [ 391053.759568964131176, 1973340.407028440386057 ], [ 390984.350692947395146, 1973360.812927257269621 ], [ 390928.106001227162778, 1973412.109073292464018 ], [ 390937.415012048557401, 1973502.867706913501024 ], [ 390987.325676123611629, 1973597.908340778201818 ], [ 391041.12896397151053, 1973686.948157934471965 ], [ 391047.018366022966802, 1973721.791317474097013 ], [ 391056.177304200828075, 1973773.221908954903483 ], [ 391052.408457362093031, 1973838.597525889053941 ], [ 391035.966762720607221, 1973913.893683817237616 ], [ 391010.554544737562537, 1974018.678129807114601 ], [ 390954.518506589345634, 1974106.167930826544762 ], [ 390879.945868352428079, 1974201.932463303208351 ], [ 390775.092047818005085, 1974257.329656399786472 ], [ 390696.742800192907453, 1974295.445797415450215 ], [ 390625.920415650121868, 1974333.727964069694281 ], [ 390556.770410284399986, 1974387.06672347150743 ], [ 390531.798930548131466, 1974441.712720206007361 ], [ 390529.787765513174236, 1974498.963600125163794 ], [ 390527.845021421089768, 1974598.304649202153087 ], [ 390587.065272045321763, 1974784.107663935050368 ], [ 390628.265568958595395, 1974912.882638504728675 ], [ 390641.749736865982413, 1975002.260566409677267 ], [ 390633.84312881808728, 1975040.954976309090853 ], [ 390605.368939885869622, 1975136.657623834908009 ], [ 390566.80816744081676, 1975186.247140232473612 ], [ 390523.855711588636041, 1975200.901044812053442 ], [ 390422.200554832816124, 1975202.106591686606407 ], [ 390323.485244353301823, 1975198.120920542627573 ], [ 390268.566584485583007, 1975201.479376420378685 ], [ 390212.649389628320932, 1975204.89884896017611 ], [ 390135.359140967950225, 1975231.674887973815203 ], [ 390123.463058211840689, 1975307.571596087887883 ], [ 390142.115825424902141, 1975456.895002648234367 ], [ 390139.82929665595293, 1975620.278061296790838 ], [ 390111.859424166381359, 1975810.288748105987906 ], [ 390064.832439347170293, 1975942.707436308264732 ], [ 390048.945286648347974, 1976010.705617995932698 ], [ 390055.697989705950022, 1976047.376615557819605 ], [ 390091.586030916310847, 1976089.281826488673687 ], [ 390127.883537764661014, 1976105.102984147146344 ], [ 390227.539993302896619, 1976112.163395520299673 ], [ 390313.079808874987066, 1976076.864111201837659 ], [ 390418.569554363377392, 1976044.103166844695807 ], [ 390476.111903056502342, 1976050.857250621542335 ], [ 390542.514244900085032, 1976087.763882176950574 ], [ 390571.808304234407842, 1976120.174692643806338 ], [ 390591.678101051598787, 1976182.854137267917395 ], [ 390556.518528966233134, 1976255.288731662556529 ], [ 390516.369276783429086, 1976319.885100880637765 ], [ 390460.904519907198846, 1976363.493473457172513 ], [ 390423.812760699540377, 1976375.659401077777147 ], [ 390340.519584127701819, 1976369.853696811944246 ], [ 390260.276294095441699, 1976352.460507540032268 ], [ 390166.344406503252685, 1976328.387288816273212 ], [ 390122.666839946992695, 1976318.905783522874117 ], [ 390093.539040411822498, 1976313.796419553458691 ], [ 389968.227796526625752, 1976317.450380461290479 ], [ 389850.410423338413239, 1976357.604698641225696 ], [ 389714.299864592030644, 1976410.027738314121962 ], [ 389553.319693678990006, 1976399.950865235179663 ], [ 389490.657488251104951, 1976354.545564008876681 ], [ 389491.271976760588586, 1976315.419295717030764 ], [ 389669.477886531502008, 1975918.773992978036404 ], [ 389633.437278169207275, 1975845.682395957410336 ], [ 389576.596709609031677, 1975793.030972758308053 ], [ 389488.27535741776228, 1975762.34965324960649 ], [ 389421.203575765714049, 1975759.559971954673529 ], [ 389334.038130280561745, 1975796.961837764829397 ], [ 389259.885191403329372, 1975850.481304092332721 ], [ 389217.469491404481232, 1975923.108012832701206 ], [ 389166.132303869351745, 1976005.551223177462816 ], [ 389153.366120430640876, 1976026.251836577430367 ], [ 389139.866288240067661, 1976047.247876258566976 ], [ 389088.198550816625357, 1976091.499813586473465 ], [ 389042.294128830544651, 1976119.363049739971757 ], [ 388956.092685926705599, 1976135.658039992675185 ], [ 388643.177729261107743, 1976152.782877614721656 ], [ 388601.085386697202921, 1976136.438088586553931 ], [ 388560.319871481508017, 1976096.709333714097738 ], [ 388531.03429348859936, 1976064.422278925776482 ], [ 388498.541852397844195, 1976004.267662469297647 ], [ 388478.841886086389422, 1975944.333379253745079 ], [ 388475.49100686237216, 1975930.506431495770812 ], [ 388451.730420967563987, 1975873.827224012464285 ], [ 388423.073978918604553, 1975843.631577568128705 ], [ 388386.554687973111868, 1975807.777659695595503 ], [ 388267.487401473335922, 1975757.801060125231743 ], [ 388168.670762956142426, 1975735.777530604973435 ], [ 387975.974781182594597, 1975686.416922193020582 ], [ 387924.152636645361781, 1975666.657365897670388 ], [ 387859.286409386433661, 1975642.558373060077429 ], [ 387722.347876320593059, 1975570.746224978938699 ], [ 387624.74977201782167, 1975474.354529298841953 ], [ 387591.35635818913579, 1975440.439072627574205 ], [ 387477.719008299522102, 1975339.890901340171695 ], [ 387418.436008650809526, 1975300.541692011058331 ], [ 387321.4472022857517, 1975316.616454401984811 ], [ 387216.894899025559425, 1975381.136605789884925 ], [ 387200.083882204256952, 1975438.165365250781178 ], [ 387196.540767976082861, 1975523.699685420840979 ], [ 387210.340179244056344, 1975647.012229032814503 ], [ 387219.5375612154603, 1975719.615777011960745 ], [ 387202.953898479230702, 1975792.66726784966886 ], [ 387176.444548605941236, 1975834.503274934366345 ], [ 387131.391422489657998, 1975872.210527215152979 ], [ 387087.141381281428039, 1975882.055663928389549 ], [ 387028.915232598781586, 1975884.611328383907676 ], [ 386990.108746320009232, 1975872.825501952320337 ], [ 386961.789023279212415, 1975864.533240618184209 ], [ 386794.626898977905512, 1975773.768481740728021 ], [ 386728.68087821919471, 1975707.388362169265747 ], [ 386615.89662768971175, 1975633.095581846311688 ], [ 386464.681349797174335, 1975602.368902649730444 ], [ 386339.246021955274045, 1975599.884362433105707 ], [ 386297.414435051381588, 1975620.606114573776722 ], [ 386254.903319924138486, 1975675.321242276579142 ], [ 386206.681392876431346, 1975747.298601837828755 ], [ 386148.879683902487159, 1975814.223479814827442 ], [ 386079.913194423541427, 1975899.370236279442906 ], [ 385982.374844641424716, 1975955.693110851570964 ], [ 385859.001361076720059, 1975995.177301710471511 ], [ 385607.71584038157016, 1976028.568175388500094 ], [ 385368.398850725032389, 1976032.286333687603474 ], [ 385284.373876924626529, 1976047.316011842340231 ], [ 385257.173219060525298, 1976086.061660071834922 ], [ 385237.515518492087722, 1976174.460559692233801 ], [ 385229.860732680186629, 1976385.532386871054769 ], [ 385243.691558588296175, 1976534.027885692194104 ], [ 385295.932526901364326, 1976654.995151760056615 ], [ 385362.864182941615582, 1976758.026344232261181 ], [ 385398.809405787847936, 1976813.211744962260127 ], [ 385461.802492704242468, 1976921.495079191401601 ], [ 385466.064612079411745, 1976991.269813852384686 ], [ 385451.935172500088811, 1977059.411751970648766 ], [ 385381.423027873039246, 1977143.902357324957848 ], [ 385334.660702136345208, 1977202.887232441455126 ], [ 385279.777074238285422, 1977317.619796004146338 ], [ 385282.201588159427047, 1977628.059190005064011 ], [ 385300.703497973270714, 1977734.050108144059777 ], [ 385366.659061206504703, 1977960.551389098167419 ], [ 385406.962347734719515, 1978062.454691208899021 ], [ 385493.869637147523463, 1978168.402072979137301 ], [ 385566.318293719552457, 1978255.061237150803208 ], [ 385653.320891580544412, 1978337.949657520279288 ], [ 385664.969842852093279, 1978397.376756457611918 ], [ 385654.089615560136735, 1978457.177925983443856 ], [ 385625.148558601737022, 1978496.156871389597654 ], [ 385554.400030985474586, 1978531.675960887223482 ], [ 385424.118678358383477, 1978548.40494473464787 ], [ 385248.940495570190251, 1978556.224300028756261 ], [ 385214.988437553867698, 1978558.29825702868402 ], [ 385115.562051340937614, 1978567.378553960472345 ], [ 385070.530504086054862, 1978593.182491544634104 ], [ 385029.657973878085613, 1978678.871443836018443 ], [ 385039.073399452492595, 1978767.377429446205497 ], [ 385056.393527632579207, 1978837.6094930768013 ], [ 385096.523502160795033, 1978924.36481911316514 ], [ 385179.700291322544217, 1979026.657818306237459 ], [ 385311.885120360180736, 1979237.966954266652465 ], [ 385348.957935129292309, 1979369.011778192594647 ], [ 385368.120043861679733, 1979461.183075034990907 ], [ 385354.670753730461001, 1979528.158483132719994 ], [ 385298.412717387080193, 1979587.600496700033545 ], [ 385219.8540068725124, 1979667.574448266997933 ], [ 385132.947856660932302, 1979742.169628320261836 ], [ 385050.673922701738775, 1979790.045238744467497 ], [ 384969.421341815963387, 1979838.234282249584794 ], [ 384794.736598466522992, 1979969.059797024354339 ], [ 384747.322071757167578, 1980013.302445769309998 ], [ 384710.381393667310476, 1980048.510746760293841 ], [ 384688.329201329499483, 1980146.959478884935379 ], [ 384689.632063102908432, 1980246.237079724669456 ], [ 384704.003044509328902, 1980366.642899349331856 ], [ 384721.447297459468246, 1980426.595140997320414 ], [ 384776.33492178004235, 1980537.509959684684873 ], [ 384845.643757002428174, 1980650.67632419988513 ], [ 384896.805071302689612, 1980704.685036832466722 ], [ 384912.383142906241119, 1980721.775734450668097 ], [ 384997.628033329732716, 1980808.659357856959105 ], [ 385056.419184445403516, 1980901.418984955176711 ], [ 385106.297825277782977, 1981024.66846052184701 ], [ 385111.026146759279072, 1981118.475680561736226 ], [ 385099.190879154019058, 1981191.368348836898804 ], [ 385076.324903395958245, 1981264.183197554200888 ], [ 385054.385944022797048, 1981376.785282270982862 ], [ 385024.213841064833105, 1981485.881078273057938 ], [ 385004.030715766362846, 1981631.328983480110765 ], [ 384989.457403052598238, 1981737.342250861227512 ], [ 384962.427590209059417, 1981836.348314937204123 ], [ 384934.486263238824904, 1981912.230443332344294 ], [ 384877.331940909847617, 1981952.934889528900385 ], [ 384805.187247556634247, 1982035.401628579944372 ], [ 384720.113669500686228, 1982135.94911583699286 ], [ 384663.291728592477739, 1982239.532168727368116 ], [ 384659.232467837631702, 1982246.922047317028046 ], [ 384630.006507557816803, 1982342.805265894159675 ], [ 384595.83891711756587, 1982452.146684322506189 ], [ 384539.920009809546173, 1982673.078742507845163 ], [ 384504.933120802976191, 1982920.799655441194773 ], [ 384491.568434443324804, 1982976.872514374554157 ], [ 384456.088018367066979, 1983126.265377350151539 ], [ 384434.534276137128472, 1983319.0383326318115 ], [ 384449.202447480522096, 1983362.247513268142939 ], [ 384469.847677553072572, 1983421.255169417709112 ], [ 384474.763481165282428, 1983559.159838603809476 ], [ 384527.61389082763344, 1983612.065426563844085 ], [ 384617.077313019894063, 1983731.022570928558707 ], [ 384685.692631963640451, 1983840.978827100247145 ], [ 384707.392230123281479, 1983982.870953386649489 ], [ 384715.458949785679579, 1984110.810800576582551 ], [ 384696.4278878076002, 1984152.069554092362523 ], [ 384669.973370091058314, 1984190.774633888155222 ], [ 384630.574527749791741, 1984247.311391895636916 ], [ 384573.834753361530602, 1984335.856832016259432 ], [ 384556.640576123259962, 1984452.309325503185391 ], [ 384554.914695096202195, 1984575.836329435929656 ], [ 384577.215143678709865, 1984645.519779184833169 ], [ 384605.237597472034395, 1984735.027256261557341 ], [ 384674.994597570970654, 1984793.917565032839775 ], [ 384743.685677199624479, 1984900.988825093954802 ], [ 384786.863360390067101, 1984959.623461522161961 ], [ 384814.324570718221366, 1984998.919415406882763 ], [ 384834.954064637422562, 1985069.958285946398973 ], [ 384810.331430711783469, 1985126.344984451308846 ], [ 384796.359679107554257, 1985209.396903220564127 ], [ 384808.255681570619345, 1985322.068821165710688 ], [ 384828.023686749860644, 1985518.463483069092035 ], [ 384848.097453687340021, 1985797.790869973599911 ], [ 384826.180387010797858, 1985894.36068562977016 ], [ 384757.696555647067726, 1985950.671294333413243 ], [ 384573.757164245471358, 1986000.001772232353687 ], [ 384479.565557264722884, 1986045.728358810767531 ], [ 384392.566650250926614, 1986086.128574246540666 ], [ 384354.80005072709173, 1986140.687681682407856 ], [ 384364.8304403424263, 1986198.216085566207767 ], [ 384402.587461138144135, 1986295.275793731212616 ], [ 384435.380731175653636, 1986360.31026534922421 ], [ 384474.381474172696471, 1986416.194199156016111 ], [ 384513.970915796235204, 1986530.93547573313117 ], [ 384549.915732145309448, 1986758.298399152234197 ], [ 384552.128602335229516, 1986827.33179347962141 ], [ 384553.888975068926811, 1986868.449758298695087 ], [ 384540.962832902558148, 1987001.437025427818298 ], [ 384842.889579790644348, 1987250.642854265868664 ], [ 384926.643655606545508, 1987210.439449515193701 ], [ 385526.094322955235839, 1986919.061393262818456 ], [ 385393.217780392616987, 1987689.168729390949011 ], [ 385340.988205479457974, 1987990.967731209471822 ], [ 386335.407313136383891, 1989085.280546156689525 ], [ 386758.315260819159448, 1988316.472447868436575 ], [ 386825.584472945891321, 1988195.197248047217727 ], [ 387330.391104322858155, 1988749.647231936454773 ], [ 387603.564257885329425, 1989048.846905514597893 ], [ 387021.940634262748063, 1989619.608139406889677 ], [ 387284.061164429411292, 1990799.551702605560422 ], [ 386990.498951844871044, 1991589.306351048871875 ], [ 385951.635585443116724, 1991298.058029145002365 ], [ 385314.893658488988876, 1991119.309763157740235 ], [ 385306.234494213014841, 1991158.059630570933223 ], [ 385446.56778683885932, 1991834.323868248611689 ], [ 385667.516693139448762, 1992890.387540582567453 ], [ 385703.307153800502419, 1993061.763471895828843 ], [ 385675.598803501576185, 1993137.394419275224209 ], [ 385291.818075563758612, 1994214.78134610503912 ], [ 385374.491339616477489, 1994423.271913003176451 ], [ 386216.198099843226373, 1996527.08971262536943 ], [ 386365.460709338076413, 1996898.069094309583306 ], [ 386203.453395765274763, 1997097.46636232174933 ], [ 385375.127916731871665, 1998123.523526903241873 ], [ 384899.086331743746996, 1998311.291384678333998 ], [ 384265.00304442178458, 1998562.608184304088354 ], [ 384196.284567882306874, 1998684.992735704407096 ], [ 383946.216782198287547, 1999133.412655182182789 ], [ 383879.946621858514845, 1999250.760588614270091 ], [ 383946.388373078778386, 1999554.50826427154243 ], [ 383959.669010018929839, 1999611.849450787529349 ], [ 383999.778817935846746, 1999730.842325139790773 ], [ 384275.328604796901345, 1999908.385560385882854 ], [ 385040.438961278647184, 2000401.909699026495218 ], [ 385528.450550202280283, 2000717.106196064502001 ], [ 385600.346851898357272, 2001568.978940013796091 ], [ 384064.767687069252133, 2002926.241655893623829 ], [ 383906.561952418647707, 2003065.134803837165236 ], [ 383898.060891781933606, 2003118.797036796808243 ], [ 383532.681607962585986, 2005219.993457980453968 ], [ 383815.985702903941274, 2006938.530629638582468 ], [ 384149.198155782185495, 2008964.539842717349529 ], [ 383358.723003972321749, 2009595.366382962092757 ], [ 382938.778253371827304, 2009931.154701648280025 ], [ 381639.217961861751974, 2008849.242502199485898 ], [ 381165.302937095053494, 2008827.063068827614188 ], [ 381049.929502863436937, 2008822.080016708001494 ], [ 381017.954201370477676, 2008873.170160941779613 ], [ 380668.657613324932754, 2009429.875825066119432 ], [ 380650.336579049006104, 2009741.359264936298132 ], [ 380727.047266012057662, 2009741.309773653745651 ], [ 380851.863675273954868, 2009691.565374728292227 ], [ 380888.462515756487846, 2009728.437827605754137 ], [ 380876.016239604912698, 2009828.349633129313588 ], [ 380877.207656458951533, 2010016.050366967916489 ], [ 381251.290251471102238, 2010353.069150110706687 ], [ 381487.729142063297331, 2010353.535455536097288 ], [ 381651.533193938434124, 2010465.865601243451238 ], [ 381788.800049906596541, 2010591.099059894680977 ], [ 381863.93802575673908, 2010753.974755058065057 ], [ 381938.545142694376409, 2010928.666156945750117 ], [ 381976.497889573685825, 2011077.895825292915106 ], [ 382337.749983802437782, 2011176.149703055620193 ], [ 382501.292163716629148, 2011116.011147741228342 ], [ 382601.171215367503464, 2010941.307728400453925 ], [ 382727.215663552284241, 2010866.5390410348773 ], [ 382851.806336795911193, 2010891.011520694941282 ], [ 383014.299871793948114, 2010953.153232114389539 ], [ 383227.276643696241081, 2011053.698937835171819 ], [ 383401.633161270990968, 2011203.236263260245323 ], [ 383526.912610848434269, 2011366.053310845047235 ], [ 383650.910023076459765, 2011466.899746524170041 ], [ 383851.042222863994539, 2011591.043448593467474 ], [ 384126.979780608788133, 2011716.692695513367653 ], [ 384314.072614133358002, 2011828.470811264589429 ], [ 384526.788382296450436, 2011928.778419177979231 ], [ 384588.194540517404675, 2011953.101283669471741 ], [ 384576.311837662942708, 2012103.122889671474695 ], [ 384426.137229797430336, 2012353.111455846577883 ], [ 384301.965268884785473, 2012528.178492438048124 ], [ 384176.302465953864157, 2012691.177703578025103 ], [ 384113.252083675004542, 2012828.535984082147479 ], [ 383976.528783489018679, 2013003.368712201714516 ], [ 383751.615976608358324, 2012916.840954558923841 ], [ 383801.55674156639725, 2012778.278828881680965 ], [ 383826.903018656186759, 2012553.222870098426938 ], [ 383826.806630685925484, 2012391.773535391315818 ], [ 383763.245756587944925, 2012303.526139052584767 ], [ 383588.695758430287242, 2012277.973781453445554 ], [ 383463.655530304647982, 2012266.692083144560456 ], [ 383301.876349930651486, 2012216.290217420086265 ], [ 383139.289760828018188, 2012128.080738168209791 ], [ 383001.611301890574396, 2012078.210142670199275 ], [ 382776.477012856863439, 2012065.902245273813605 ], [ 382638.920330728404224, 2012116.43121013045311 ], [ 382351.609828538261354, 2012141.0165846478194 ], [ 382113.712585140950978, 2012141.395346194505692 ], [ 382001.63533631619066, 2012153.511663531884551 ], [ 381814.391699304804206, 2012141.767430044710636 ], [ 381688.23898377455771, 2012116.385527864098549 ], [ 381426.711237559095025, 2012103.414643321186304 ], [ 381251.742045836523175, 2012116.114637389779091 ], [ 380951.129614181816578, 2012316.877049263566732 ], [ 380838.551540835760534, 2012402.855663122609258 ], [ 380814.096037525683641, 2012478.559890871867537 ], [ 380826.953623983077705, 2012578.182872697710991 ], [ 380779.266172271221876, 2012843.96592291072011 ], [ 380695.811067134141922, 2012910.114114571362734 ], [ 380670.542981944046915, 2013025.856859771534801 ], [ 380678.516115751117468, 2013135.807620842009783 ], [ 380703.385312742553651, 2013218.651984881609678 ], [ 380686.174642086029053, 2013326.757555954158306 ], [ 380628.592687333934009, 2013426.549982102587819 ], [ 380636.316529170610011, 2013626.773120015859604 ], [ 380826.798179996199906, 2014278.018547236919403 ], [ 380901.92831352725625, 2014403.798401204869151 ], [ 380989.092872007749975, 2014541.880005044862628 ], [ 381301.295724580064416, 2014678.240313343703747 ], [ 382389.082719243131578, 2014853.427625019103289 ], [ 383301.439064706675708, 2015103.510109378024936 ], [ 385227.108293855562806, 2015716.803492030128837 ], [ 387739.058186104521155, 2016478.680958222597837 ], [ 388914.053804824128747, 2016840.977777341380715 ], [ 392714.060819962993264, 2018053.303163886070251 ], [ 394267.231498858891428, 2018583.880437197163701 ], [ 395601.501320802606642, 2019003.493221802636981 ], [ 398751.89768479205668, 2020053.762134350836277 ], [ 401814.073067839257419, 2021103.296792194247246 ], [ 405210.656164678744972, 2022138.159319680184126 ], [ 407585.086867501027882, 2022875.701850634068251 ], [ 407711.249078176915646, 2022913.071937516331673 ], [ 409966.680435569956899, 2023606.708332104608417 ], [ 410023.410479802638292, 2023640.325039671733975 ], [ 410084.894086346030235, 2023665.625497886911035 ], [ 410148.571823270060122, 2023681.764304831624031 ], [ 410525.727293143980205, 2024159.016706002876163 ], [ 410539.076397857628763, 2024241.440011193975806 ], [ 410597.93971838708967, 2024264.895591845735908 ], [ 410662.440093291923404, 2024269.95085478015244 ], [ 410730.195178242400289, 2024266.782019097357988 ], [ 410798.076995509676635, 2024261.599405981600285 ], [ 410863.326728857122362, 2024266.608342930674553 ], [ 410993.188789954409003, 2024290.706649579107761 ], [ 411057.120674151927233, 2024302.817237261682749 ], [ 411122.363056175410748, 2024315.850024480372667 ], [ 411188.54309244826436, 2024327.822056649252772 ], [ 411252.286754514090717, 2024340.947012910619378 ], [ 411317.029598240740597, 2024354.010381493717432 ], [ 411381.52266566734761, 2024367.089072331786156 ], [ 411444.328738456591964, 2024381.274549186229706 ], [ 411509.133161101490259, 2024395.336905376985669 ], [ 411637.366376349702477, 2024425.552070628851652 ], [ 411702.044130670838058, 2024441.627963988110423 ], [ 416813.646206543780863, 2026166.661290859803557 ], [ 419739.17730120010674, 2027216.860771892592311 ], [ 423951.756489500403404, 2028666.897031869739294 ], [ 426689.226473648101091, 2029653.221350187435746 ], [ 430438.501136869192123, 2030991.11426005512476 ], [ 433477.064138524234295, 2032078.936290172860026 ], [ 436002.69309595413506, 2032928.593767300248146 ], [ 437126.882510499097407, 2033191.96284911967814 ], [ 437191.443054672330618, 2033214.042146667838097 ], [ 437256.817114443518221, 2033233.061815824359655 ], [ 437324.629489129409194, 2033246.915063479915261 ], [ 437393.257504993118346, 2033253.696313355118036 ], [ 437459.329845981672406, 2033251.608349615707994 ], [ 437526.905283141881227, 2033241.40273605287075 ], [ 437618.669043655507267, 2033192.585146402940154 ], [ 437780.559410291723907, 2033150.455485753715038 ], [ 437924.980724601075053, 2033194.667702598497272 ], [ 438054.618670717813075, 2033206.694973668083549 ], [ 438136.1042022369802, 2033226.721472196280956 ], [ 438207.085377860814333, 2033271.472227359190583 ], [ 438260.697870906442404, 2033331.342163192108274 ], [ 438287.329426272772253, 2033396.896505359560251 ], [ 438299.720046423375607, 2033467.345728849992156 ], [ 438309.486694319173694, 2033539.963762233033776 ], [ 438329.935176806524396, 2033606.904539175331593 ], [ 438386.774636533111334, 2033706.697123046964407 ], [ 438842.587698675692081, 2033838.935497676953673 ], [ 440649.256418943405151, 2034338.797968056052923 ], [ 441586.544704738073051, 2034644.785351512953639 ], [ 443880.433437366038561, 2035256.786780344322324 ], [ 445080.469948256388307, 2035569.496712759137154 ], [ 447167.242231230251491, 2036063.853437522426248 ], [ 448517.741434346884489, 2036388.2292640209198 ], [ 449711.203835646621883, 2036663.156368723139167 ], [ 450212.648003631271422, 2036770.42300527356565 ], [ 450410.915333306416869, 2036813.271682241931558 ], [ 451179.95626148302108, 2036945.027568396180868 ], [ 452355.403973944485188, 2037163.855387054383755 ], [ 453430.227271373383701, 2037450.112144343554974 ], [ 453501.044297519139946, 2037459.751413678750396 ], [ 453571.923483212478459, 2037470.389856552705169 ], [ 453642.115399261005223, 2037482.074083391577005 ], [ 453724.297029911540449, 2037497.024971984326839 ], [ 453805.853553950786591, 2037514.02086603268981 ], [ 453885.661433780565858, 2037531.125432949513197 ], [ 453950.044431459158659, 2037546.179996283724904 ], [ 454076.562196522951126, 2037576.428799575194716 ], [ 454140.257982884533703, 2037592.529055688530207 ], [ 454391.981479967944324, 2037656.11676387488842 ], [ 454458.11333656962961, 2037671.062108898535371 ], [ 454524.120896495878696, 2037684.008906600996852 ], [ 454589.379042432643473, 2037697.002265185117722 ], [ 454721.644068129360676, 2037722.880023449659348 ], [ 454787.589540580287576, 2037734.827339148148894 ], [ 454852.285974998958409, 2037746.852300560101867 ], [ 454918.231481700204313, 2037758.799498101696372 ], [ 454984.364650456234813, 2037769.731850197538733 ], [ 455049.560757379978895, 2037781.725553460419178 ], [ 455115.693957687355578, 2037792.657786186784506 ], [ 455181.76500441506505, 2037802.59071440435946 ], [ 455249.646911986172199, 2037813.414029523730278 ], [ 455311.658838690258563, 2037822.596274495124817 ], [ 455371.984271108172834, 2037832.886511111631989 ], [ 455434.246033064089715, 2037842.05310845002532 ], [ 455495.508562358096242, 2037851.281825644895434 ], [ 455620.281955686397851, 2037869.599211011081934 ], [ 455682.356129173189402, 2037879.780383558943868 ], [ 456054.865806333720684, 2037933.840504221618176 ], [ 456116.066270497627556, 2037942.069452935829759 ], [ 456240.028279112651944, 2037959.433164101094007 ], [ 456303.726885088719428, 2037967.506494928151369 ], [ 456364.989575577899814, 2037976.734477814286947 ], [ 456427.189335860311985, 2037984.900978246703744 ], [ 456489.950915544293821, 2037994.035576086491346 ], [ 456551.33907537907362, 2038001.249365866184235 ], [ 456613.351243548095226, 2038010.430497910827398 ], [ 456860.839260909706354, 2038042.173822294920683 ], [ 456924.28815686982125, 2038050.262155370786786 ], [ 460299.947771453298628, 2038238.318227499723434 ], [ 460986.409223772585392, 2038275.806655954569578 ], [ 462330.606308749876916, 2038344.529133694246411 ], [ 463792.330021374858916, 2038464.08166884072125 ], [ 464885.904865616001189, 2038575.463411573320627 ], [ 467191.922508765012026, 2038669.384645326063037 ], [ 468542.433263421989977, 2038738.601448761299253 ], [ 470655.669488738290966, 2038781.245389839634299 ], [ 471967.339514684863389, 2038806.679570691660047 ], [ 474117.611048145219684, 2038731.550368012860417 ], [ 476011.763141905888915, 2038819.825985308736563 ], [ 477073.1276416759938, 2038933.0379350297153 ], [ 477346.166586636565626, 2038972.142450407147408 ], [ 477599.971689886413515, 2039048.561289489269257 ], [ 479251.069456789642572, 2039107.812158627435565 ], [ 481098.942979032173753, 2039025.30853814072907 ], [ 482830.476541016250849, 2039071.419673856347799 ], [ 482974.677386300638318, 2039075.433458661660552 ], [ 483165.530323066748679, 2039087.560857778415084 ], [ 483228.481834758073092, 2039091.644916463643312 ], [ 483292.932177624665201, 2039095.635086456313729 ], [ 483483.847323892638087, 2039104.748360088095069 ], [ 483930.315345485694706, 2039125.948151396587491 ], [ 483996.264564556069672, 2039129.84385084733367 ], [ 484062.276355812326074, 2039134.738707287237048 ], [ 484187.116798078641295, 2039133.943553172051907 ], [ 484251.629776315763593, 2039138.932090373709798 ], [ 484315.205161789432168, 2039136.957340041175485 ], [ 485302.192380421794951, 2039167.434569668024778 ], [ 485334.483399658463895, 2039194.50301530584693 ], [ 485441.712424172088504, 2039192.802496921271086 ], [ 485508.597834611311555, 2039191.622514139860868 ], [ 485642.244567601941526, 2039195.288952277973294 ], [ 485775.953340733423829, 2039195.941850701346993 ], [ 485840.527915168553591, 2039193.903175663203001 ], [ 485906.414095737971365, 2039192.785418605431914 ], [ 486037.062043519690633, 2039188.613889483734965 ], [ 486166.835368111729622, 2039182.490643480792642 ], [ 486232.908733226358891, 2039180.357727652415633 ], [ 486363.43142905831337, 2039174.187185071408749 ], [ 486429.442177328281105, 2039171.054876929149032 ], [ 486544.479412341490388, 2039181.904327483847737 ], [ 488386.359361382201314, 2039175.828896783292294 ], [ 489656.057023848406971, 2039163.449064405634999 ], [ 489718.761354484595358, 2039179.580674093216658 ], [ 489784.212763270363212, 2039191.527453588321805 ], [ 489850.912423881702125, 2039199.383362971246243 ], [ 489917.049059427343309, 2039202.258819403126836 ], [ 489983.184909651055932, 2039201.12171072140336 ], [ 490049.257314673624933, 2039194.972826769575477 ], [ 490128.252007208764553, 2039162.935204153880477 ], [ 490187.006231681443751, 2039100.066191736608744 ], [ 490199.734127490781248, 2039039.079932622611523 ], [ 490190.165386454202235, 2038970.463511031121016 ], [ 490181.970973375253379, 2038903.767252394929528 ], [ 490199.570369350723922, 2038844.481980124488473 ], [ 490237.593191869556904, 2038794.950649257749319 ], [ 490281.049739213660359, 2038748.088024750351906 ], [ 490325.256441083736718, 2038705.190893393009901 ], [ 490375.146664943546057, 2038664.946779748424888 ], [ 490423.600683399476111, 2038625.795837596058846 ], [ 490916.642819846980274, 2038885.787226755172014 ], [ 491053.615256316959858, 2038966.476562267169356 ], [ 491114.875042938627303, 2038943.575215399265289 ], [ 491176.134790299460292, 2038920.67382475361228 ], [ 491237.394498415291309, 2038897.772390326485038 ], [ 491300.21564017329365, 2038875.776118285953999 ], [ 491421.860991360619664, 2038832.034102773293853 ], [ 491483.057876531966031, 2038808.1332878600806 ], [ 491544.317389846779406, 2038785.23163322545588 ], [ 491605.389733029529452, 2038763.344805188477039 ], [ 491666.836298761889338, 2038739.428192500025034 ], [ 492032.331008055247366, 2038601.142968876287341 ], [ 492095.401444385759532, 2038579.130437949672341 ], [ 492155.661366070620716, 2038556.291022200137377 ], [ 492214.547806534916162, 2038535.543979503214359 ], [ 492274.183611911721528, 2038514.749886400997639 ], [ 492334.631460976786911, 2038494.907939627766609 ], [ 492393.26799938455224, 2038474.176440890878439 ], [ 492452.966382695361972, 2038454.381417889147997 ], [ 492514.163529082201421, 2038434.492328749969602 ], [ 492634.185094781219959, 2038396.869116138666868 ], [ 492694.50831366609782, 2038379.040968853980303 ], [ 492755.01861622557044, 2038360.197908712550998 ], [ 492815.591572830453515, 2038342.3539993558079 ], [ 492937.236992700956762, 2038306.634699642658234 ], [ 492997.622747903689742, 2038289.80551977455616 ], [ 493179.716345485299826, 2038238.255819451063871 ], [ 493304.484370786696672, 2038204.346274856477976 ], [ 493431.001843746751547, 2038174.339263532310724 ], [ 493556.645409400574863, 2038146.393126314505935 ], [ 493682.414271434769034, 2038120.445167545229197 ], [ 493746.860153982415795, 2038108.376254253089428 ], [ 493808.870735258795321, 2038097.463226106017828 ], [ 493873.129477689042687, 2038086.409071242436767 ], [ 493936.139211166650057, 2038075.433237856253982 ], [ 494737.04454261995852, 2037994.073590142652392 ], [ 496949.377306300215423, 2037881.268477167934179 ], [ 498324.77561660297215, 2037863.101829271763563 ], [ 500117.301260675303638, 2037913.996253214776516 ], [ 501267.092393685132265, 2037969.134722141548991 ], [ 503130.786534138955176, 2038106.767044447362423 ], [ 504342.551516293548048, 2038206.110984342172742 ], [ 506036.639840138144791, 2038338.287119191139936 ], [ 507124.397085250355303, 2038463.444494914263487 ], [ 508361.055026973597705, 2038619.338614657521248 ], [ 509500.062886745668948, 2038813.462043484672904 ], [ 510512.006510611623526, 2039044.662840191274881 ], [ 511542.919994712807238, 2039326.06773404404521 ], [ 512480.582263769581914, 2039631.893950674682856 ], [ 513211.950679854489863, 2039863.685587644577026 ], [ 513999.488393071107566, 2040162.905295733362436 ], [ 514750.332582405768335, 2040444.869439527392387 ], [ 515562.127675434574485, 2040738.784692425280809 ], [ 516242.53496384806931, 2041044.990767838433385 ], [ 517505.03973600640893, 2041613.430504314601421 ], [ 519055.86191523540765, 2042406.439917471259832 ], [ 520156.189793717116117, 2043031.229694690555334 ], [ 520905.749106020666659, 2043494.561148485168815 ], [ 522556.212189053185284, 2044688.552015082910657 ], [ 523680.269908973947167, 2045588.715956697240472 ], [ 525067.185771211981773, 2046869.568355469033122 ], [ 526124.76696655061096, 2047919.405960757285357 ], [ 527000.365937290713191, 2048875.400832900777459 ], [ 527043.752084695734084, 2048930.850746504962444 ], [ 527133.832712185569108, 2049038.531607400625944 ], [ 527177.155891763977706, 2049092.982253091409802 ], [ 527267.236906916834414, 2049200.663206377997994 ], [ 527313.808078547939658, 2049254.908622462302446 ], [ 527358.75400416366756, 2049307.25014959461987 ], [ 527404.575815187767148, 2049361.542966006323695 ], [ 527497.092632004059851, 2049468.066824700683355 ], [ 527587.174560619518161, 2049575.747979074716568 ], [ 527630.435213732533157, 2049629.19945758394897 ], [ 527673.25943208578974, 2049683.681865690276027 ], [ 527759.22105725761503, 2049793.630275456234813 ], [ 527844.433435162529349, 2049903.626139050349593 ], [ 527931.145062955096364, 2050013.527323016896844 ], [ 527972.094539420679212, 2050066.121744476258755 ], [ 528058.92716933041811, 2050169.995437694713473 ], [ 528101.499311433173716, 2050220.48068119212985 ], [ 528186.646634018979967, 2050325.464351465925574 ], [ 528265.608631459064782, 2050427.829124711453915 ], [ 528302.498032187111676, 2050479.677045756950974 ], [ 528340.949671518988907, 2050532.429561961442232 ], [ 528377.089669144712389, 2050584.32490723207593 ], [ 528414.042401008307934, 2050637.17223197966814 ], [ 528449.372692394070327, 2050692.128826789557934 ], [ 528485.576019763015211, 2050745.023582052439451 ], [ 528590.12862888071686, 2050906.974538363516331 ], [ 528624.709663290530443, 2050961.978648066520691 ], [ 528659.227566015906632, 2051015.983437974005938 ], [ 528693.808699826709926, 2051070.98760143853724 ], [ 528761.90858499519527, 2051180.059843888506293 ], [ 528796.426683853380382, 2051234.064738858491182 ], [ 528831.008015643805265, 2051289.069010302424431 ], [ 528870.278932290151715, 2051350.800235085189342 ], [ 528909.862935715354979, 2051413.515049826353788 ], [ 528950.696195683442056, 2051476.150917809456587 ], [ 528990.78000738658011, 2051538.834209328517318 ], [ 529030.301020896062255, 2051600.549774086102843 ], [ 529100.211009924300015, 2051706.498091507703066 ], [ 529137.164791302755475, 2051759.345909690484405 ], [ 529172.306559642776847, 2051811.304972320795059 ], [ 529208.574112658388913, 2051865.199584778398275 ], [ 529244.029008153825998, 2051918.142254482954741 ], [ 529278.531985834240913, 2051971.897657591849566 ], [ 529311.254536021500826, 2052025.263989387080073 ], [ 529341.839153400622308, 2052080.521409478038549 ], [ 529368.489558199420571, 2052137.0309879463166 ], [ 529394.140638953074813, 2052193.603793624788523 ], [ 529415.67084604036063, 2052252.443928766995668 ], [ 529457.295500846579671, 2052371.218479288741946 ], [ 529477.389946737326682, 2052431.152897112071514 ], [ 529519.95096065569669, 2052548.865147547796369 ], [ 529542.417531431652606, 2052606.642975505441427 ], [ 529569.510618293657899, 2052670.148483196273446 ], [ 529596.040869490243495, 2052732.686264833435416 ], [ 529622.571162921376526, 2052795.224091861397028 ], [ 529650.663751293905079, 2052858.666543094441295 ], [ 529678.693189533427358, 2052921.109667718410492 ], [ 529737.187439135275781, 2053044.838684489950538 ], [ 529765.27432290930301, 2053100.254716817289591 ], [ 529795.922883086837828, 2053156.512164562940598 ], [ 529826.508290246129036, 2053211.770268179476261 ], [ 529859.279141576960683, 2053265.886829733848572 ], [ 529893.735751728527248, 2053318.893443336710334 ], [ 529963.648494605906308, 2053424.843544095754623 ], [ 530000.790343574248254, 2053476.677050305530429 ], [ 530036.932862580753863, 2053528.573777332901955 ], [ 530074.51130174472928, 2053579.376342745497823 ], [ 530112.402838261798024, 2053631.162508219480515 ], [ 530149.231841718778014, 2053682.012512581422925 ], [ 530755.458262458443642, 2054700.238310631364584 ], [ 530788.420035478658974, 2054757.353806221857667 ], [ 530822.880953875370324, 2054814.374516859650612 ], [ 530858.09147216938436, 2054871.34784921631217 ], [ 530891.240031859837472, 2054927.448236357420683 ], [ 530927.20020245295018, 2054984.374219007790089 ], [ 530994.623396372422576, 2055098.510732647031546 ], [ 531027.648730340413749, 2055156.625849144533277 ], [ 531060.424263102933764, 2055214.75680267997086 ], [ 531090.951186282560229, 2055273.030023317784071 ], [ 531119.979048138484359, 2055331.398102438077331 ], [ 531147.884127794764936, 2055391.844048909842968 ], [ 531173.727221790701151, 2055451.417062006890774 ], [ 531195.949010814540088, 2055513.225991325452924 ], [ 531218.483902595937252, 2055576.018570950254798 ], [ 531237.021194485016167, 2055639.064066084101796 ], [ 531256.9402433084324, 2055712.056295925751328 ], [ 531276.109769187867641, 2055785.096006812527776 ], [ 531293.780211132019758, 2055858.230612544342875 ], [ 531312.200243286788464, 2055931.317874001339078 ], [ 531341.659152673557401, 2056063.91171819716692 ], [ 531357.637910880148411, 2056130.129702957347035 ], [ 531375.239235065877438, 2056194.238279048353434 ], [ 531449.136137284338474, 2056275.85760311409831 ], [ 532511.761797671206295, 2058076.014485351741314 ], [ 532530.300690160132945, 2058139.061858214437962 ], [ 532567.019287554547191, 2058203.969385512173176 ], [ 532609.79476357344538, 2058265.483402198180556 ], [ 532655.505405679345131, 2058325.808296408504248 ], [ 532702.958978742361069, 2058377.995370332151651 ], [ 532758.215384534560144, 2058422.664624953642488 ], [ 532817.839798219501972, 2058461.036809593439102 ], [ 532882.021929760463536, 2058496.110244313254952 ], [ 532946.45088745187968, 2058527.154235107824206 ], [ 533070.99496981408447, 2058584.497825291007757 ], [ 533133.108979807235301, 2058610.670942828059196 ], [ 533197.278954516164958, 2058629.689772069454193 ], [ 533261.815972490236163, 2058638.650821274146438 ], [ 533324.59150352049619, 2058631.668070888146758 ], [ 533401.147715062834322, 2058592.706247497349977 ], [ 533455.880745808593929, 2058526.025323053821921 ], [ 533468.077089098282158, 2058465.046565486118197 ], [ 533468.213690214790404, 2058399.81377749145031 ], [ 533480.409997005015612, 2058338.83511826954782 ], [ 533520.843699467368424, 2058280.08335536904633 ], [ 533573.153554613701999, 2058230.614503417164087 ], [ 533632.902182419784367, 2058187.698999335989356 ], [ 533694.839377200230956, 2058147.655294962227345 ], [ 533755.963676038198173, 2058106.659553281962872 ], [ 533807.596365164965391, 2058070.278245927765965 ], [ 533859.918481886386871, 2058036.863613722845912 ], [ 533913.926321064122021, 2058002.338824549689889 ], [ 533967.874012577347457, 2057970.828142177313566 ], [ 534022.757845615968108, 2057938.254737948998809 ], [ 534077.58153781760484, 2057908.695435490459204 ], [ 534133.904346501454711, 2057879.041218515485525 ], [ 534247.489186236634851, 2057822.683555452153087 ], [ 534304.751221254467964, 2057795.980105936527252 ], [ 534361.013780659064651, 2057769.339878523722291 ], [ 534426.397751844488084, 2057744.129153747111559 ], [ 534492.534442293457687, 2057722.884493492543697 ], [ 534560.17343932762742, 2057705.558447008952498 ], [ 534627.75233658682555, 2057691.246465479955077 ], [ 534696.896822526119649, 2057681.852524923160672 ], [ 534766.854136078618467, 2057673.410508623346686 ], [ 534835.502079573459923, 2057668.061632035300136 ], [ 534905.462577772326767, 2057663.633045772090554 ], [ 534968.926740396767855, 2057659.615628836676478 ], [ 535032.517434967681766, 2057657.597029365599155 ], [ 535096.294719887897372, 2057654.563123226165771 ], [ 535223.352788863703609, 2057652.540342874825001 ], [ 535349.787831875495613, 2057652.563672488555312 ], [ 535412.568913493305445, 2057653.606329517439008 ], [ 535476.912427131086588, 2057655.553459443151951 ], [ 535539.570209794677794, 2057658.610700529068708 ], [ 535603.977013267576694, 2057661.557158092036843 ], [ 535666.94794796127826, 2057665.597910894080997 ], [ 535729.482451910153031, 2057670.66968591324985 ], [ 535798.703134189359844, 2057678.328411407768726 ], [ 536018.488350061699748, 2057706.557284414768219 ], [ 536086.209957324899733, 2057714.310674222186208 ], [ 536152.995428636670113, 2057723.1267239023 ], [ 536421.630092822015285, 2057750.268282257020473 ], [ 536490.038095080293715, 2057756.974416548386216 ], [ 536556.946958077140152, 2057763.775422064587474 ], [ 536625.291703800670803, 2057769.481998942792416 ], [ 536691.13787102792412, 2057775.346739392727613 ], [ 536824.016252782195807, 2057785.997498948127031 ], [ 536890.735313911922276, 2057789.799901345744729 ], [ 536956.768100994639099, 2057794.649152722209692 ], [ 537023.487184346653521, 2057798.451438782736659 ], [ 537089.70655960496515, 2057802.285313865169883 ], [ 537156.302396945655346, 2057808.102182632312179 ], [ 537223.271373559720814, 2057811.888469630852342 ], [ 537289.304220953024924, 2057816.737433245405555 ], [ 537356.772938808426261, 2057820.491953885182738 ], [ 537422.869109809398651, 2057826.340239895507693 ], [ 537489.465013968758285, 2057832.156818751245737 ], [ 537555.624514697119594, 2057839.004428571090102 ], [ 537623.033329101279378, 2057845.772853868082166 ], [ 537691.44159796833992, 2057852.477917043492198 ], [ 537759.163608519360423, 2057860.229835897684097 ], [ 537826.012808533385396, 2057870.043877564370632 ], [ 537893.548303101211786, 2057878.810944240540266 ], [ 537960.334238445386291, 2057887.625432452186942 ], [ 538029.618790604174137, 2057896.281594349071383 ], [ 538096.281522898934782, 2057907.110671224072576 ], [ 538163.817098619416356, 2057915.877504033967853 ], [ 538358.491740868426859, 2057943.683587787672877 ], [ 538485.630866462364793, 2057962.722691666334867 ], [ 538613.706195629201829, 2057980.698834449052811 ], [ 538677.307484966702759, 2057990.717925693839788 ], [ 538868.671100540086627, 2058017.729080934077501 ], [ 538931.522889376617968, 2058027.795455919578671 ], [ 538996.560119962319732, 2058036.719868868589401 ], [ 539060.161529839970171, 2058046.738650854676962 ], [ 539123.699638110585511, 2058055.757940487936139 ], [ 539186.551507488824427, 2058065.824112206697464 ], [ 539250.839235438965261, 2058074.795806679874659 ], [ 539314.440726209431887, 2058084.814383517950773 ], [ 539377.978912012651563, 2058093.833467457443476 ], [ 539505.93157662358135, 2058113.822869284078479 ], [ 539573.590793313458562, 2058120.573769377544522 ], [ 539641.126824205741286, 2058129.339326743036509 ], [ 539710.411899043247104, 2058137.993998054414988 ], [ 539777.947970162145793, 2058146.759436929598451 ], [ 539981.559220435097814, 2058177.005673930048943 ], [ 540050.03496131580323, 2058188.721706906333566 ], [ 540112.700594453141093, 2058199.802416685968637 ], [ 540176.365692988969386, 2058210.819741006940603 ], [ 540240.530535670928657, 2058221.805345878005028 ], [ 540304.195679156109691, 2058232.822568014264107 ], [ 540366.861401342786849, 2058243.90307810343802 ], [ 540431.339512153528631, 2058255.872138543054461 ], [ 540494.005279735662043, 2058266.952548943459988 ], [ 540557.733855034224689, 2058278.969013098627329 ], [ 540621.212593394331634, 2058291.00126226991415 ], [ 540684.628012808039784, 2058302.034016724675894 ], [ 540811.085885829292238, 2058326.129936546087265 ], [ 540874.628065195865929, 2058339.161430666223168 ], [ 540936.544409680180252, 2058350.289004053920507 ], [ 541000.023291450925171, 2058362.320954134687781 ], [ 541062.003028963692486, 2058374.447876239195466 ], [ 541124.732374392449856, 2058386.527239082381129 ], [ 541186.775508985854685, 2058399.653511375188828 ], [ 541249.504902875050902, 2058411.732777377590537 ], [ 541311.548087324947119, 2058424.858954442664981 ], [ 541375.027114542201161, 2058436.890609443187714 ], [ 541437.070349010638893, 2058450.016690662130713 ], [ 541499.613332182168961, 2058463.111047713086009 ], [ 541561.656617333181202, 2058476.237034099176526 ], [ 543030.154114643111825, 2058657.081214096397161 ], [ 543155.603250892832875, 2058669.195855299010873 ], [ 543218.452771448530257, 2058675.245177362114191 ], [ 543353.46379913110286, 2058691.770512674003839 ], [ 543557.887978513725102, 2058718.945786898955703 ], [ 543626.23824387229979, 2058728.659829964861274 ], [ 543693.089355304837227, 2058738.468888314440846 ], [ 543759.190900454297662, 2058748.325427973642945 ], [ 543823.543427814729512, 2058758.292835742235184 ], [ 543888.58585914876312, 2058771.226852608844638 ], [ 543954.627768652513623, 2058784.09743076376617 ], [ 544018.98405200149864, 2058798.078334836289287 ], [ 544084.089952385053039, 2058812.011647233739495 ], [ 544149.259270271286368, 2058826.94436009414494 ], [ 544212.67957657109946, 2058841.987954098731279 ], [ 544277.162755666300654, 2058857.967561608180404 ], [ 544341.396103051491082, 2058873.962967436760664 ], [ 544406.628934898413718, 2058889.894931545481086 ], [ 544535.345650479197502, 2058921.869647150859237 ], [ 544599.64251886960119, 2058938.864309107884765 ], [ 546586.565588856115937, 2059413.893004020676017 ], [ 547712.278564280830324, 2059738.829779591411352 ], [ 550074.255033445544541, 2060394.687390934675932 ], [ 550136.242493314668536, 2060410.821209289133549 ], [ 550198.293453180231154, 2060427.954457964748144 ], [ 550259.281499944627285, 2060444.151656623929739 ], [ 550320.45597512088716, 2060459.333468429744244 ], [ 550383.256636376492679, 2060476.418980564922094 ], [ 550444.244774575345218, 2060492.6160475499928 ], [ 550568.097174391150475, 2060526.897925343364477 ], [ 550690.387012215331197, 2060560.275362400338054 ], [ 550751.502258048392832, 2060578.471166824921966 ], [ 550813.303668423555791, 2060595.619843162596226 ], [ 550874.668850295245647, 2060613.799692569300532 ], [ 550934.848197003826499, 2060633.058326255530119 ], [ 550997.462794953025877, 2060651.158741813153028 ], [ 551057.828599989414215, 2060669.401943922042847 ], [ 551118.257919576950371, 2060688.644584057852626 ], [ 551243.677804511040449, 2060727.843549013137817 ], [ 551369.910931807942688, 2060767.994205160066485 ], [ 551558.073003858327866, 2060827.291799619793892 ], [ 551935.960868189111352, 2060946.790051411837339 ], [ 552061.381719668395817, 2060985.987874042242765 ], [ 552969.206033764407039, 2061272.518891604617238 ], [ 553392.156178352423012, 2061406.208062335848808 ], [ 553692.683566590771079, 2061500.509326787665486 ], [ 553753.05507567897439, 2061522.764554021880031 ], [ 553811.677514028735459, 2061545.130897536873817 ], [ 553871.29948272369802, 2061567.433688102290034 ], [ 553988.544552212581038, 2061612.166196713224053 ], [ 554048.789217382669449, 2061632.422252295538783 ], [ 554167.034009066410363, 2061677.091023281216621 ], [ 554226.529165531508625, 2061697.394605742767453 ], [ 554286.087880972772837, 2061718.697644205763936 ], [ 554345.396760336123407, 2061740.01652611233294 ], [ 554405.141899893991649, 2061760.304113801568747 ], [ 554524.759339666925371, 2061802.878164444118738 ], [ 554584.254715281538665, 2061823.181518936529756 ], [ 554704.181542228907347, 2061862.725088842213154 ], [ 554764.363118454813957, 2061881.981184424832463 ], [ 554824.79460375290364, 2061901.221357623115182 ], [ 554896.284122975543141, 2061920.762147383764386 ], [ 554966.3337177708745, 2061937.38380111195147 ], [ 555038.695751905441284, 2061954.861945511773229 ], [ 555111.05782594718039, 2061972.340028170496225 ], [ 555180.988993744365871, 2061994.990260912105441 ], [ 555246.862947148270905, 2062020.90896244905889 ], [ 555312.800486954860389, 2062047.827119164168835 ], [ 555378.551740908995271, 2062075.760616540908813 ], [ 555444.48938478436321, 2062102.678687702864408 ], [ 555512.171924311667681, 2062125.471636900678277 ], [ 555581.976305955089629, 2062146.12257069721818 ], [ 555652.835196122527122, 2062159.681633215397596 ], [ 555725.252618923783302, 2062170.130933579057455 ], [ 555804.721525330096483, 2062173.107089625671506 ], [ 555881.996511946432292, 2062169.197858305647969 ], [ 556058.878843536600471, 2062232.465187547728419 ] ] ] ] } }
]
}
